Copyright 1986-2022 Xilinx, Inc. All Rights Reserved. Copyright 2022-2025 Advanced Micro Devices, Inc. All Rights Reserved.
-----------------------------------------------------------------------------------------------------------------------------------------------
| Tool Version : Vivado v.2024.2.2 (win64) Build 6060944 Thu Mar 06 19:10:01 MST 2025
| Date         : Sun Jul 26 15:20:54 2026
| Host         : ECE-MCU2-10 running 64-bit major release  (build 9200)
| Command      : report_methodology -file mvm_methodology_drc_routed.rpt -pb mvm_methodology_drc_routed.pb -rpx mvm_methodology_drc_routed.rpx
| Design       : mvm
| Device       : xck26-sfvc784-2LV-c
| Speed File   : -2LV
| Design State : Fully Routed
-----------------------------------------------------------------------------------------------------------------------------------------------

Report Methodology

Table of Contents
-----------------
1. REPORT SUMMARY
2. REPORT DETAILS

1. REPORT SUMMARY
-----------------
            Netlist: netlist
          Floorplan: design_1
      Design limits: <entire design considered>
             Max checks: <unlimited>
             Checks found: 1556
+-----------+----------+-------------------------------+--------+
| Rule      | Severity | Description                   | Checks |
+-----------+----------+-------------------------------+--------+
| TIMING-16 | Warning  | Large setup violation         | 556    |
| TIMING-18 | Warning  | Missing input or output delay | 1000   |
+-----------+----------+-------------------------------+--------+

2. REPORT DETAILS
-----------------
TIMING-16#1 Warning
Large setup violation  
There is a large setup violation of -1.000 ns between gen_olanes[0].vec_lane_reg[0][15]_replica_17/C (clocked by clk) and gen_olanes[84].u_dot8/gen_dsp_mult[1].u_mult/dsp_i/DSP_A_B_DATA_INST/A[25] (clocked by clk). Large setup violations at the end of those stages might be difficult to fix during the post-placement implementation flow and could be the result of non-optimal XDC constraints or non-optimal design architecture
Related violations: <none>

TIMING-16#2 Warning
Large setup violation  
There is a large setup violation of -1.000 ns between gen_olanes[0].vec_lane_reg[0][63]_replica/C (clocked by clk) and gen_olanes[105].u_dot8/gen_dsp_mult[7].u_mult/dsp_i/DSP_A_B_DATA_INST/A[7] (clocked by clk). Large setup violations at the end of those stages might be difficult to fix during the post-placement implementation flow and could be the result of non-optimal XDC constraints or non-optimal design architecture
Related violations: <none>

TIMING-16#3 Warning
Large setup violation  
There is a large setup violation of -1.000 ns between gen_olanes[68].mat_lane_reg[68][40]/C (clocked by clk) and gen_olanes[68].u_dot8/gen_dsp_mult[5].u_mult/dsp_i/DSP_A_B_DATA_INST/B[0] (clocked by clk). Large setup violations at the end of those stages might be difficult to fix during the post-placement implementation flow and could be the result of non-optimal XDC constraints or non-optimal design architecture
Related violations: <none>

TIMING-16#4 Warning
Large setup violation  
There is a large setup violation of -1.000 ns between gen_olanes[84].mat_lane_reg[84][23]/C (clocked by clk) and gen_olanes[84].u_dot8/gen_dsp_mult[2].u_mult/dsp_i/DSP_A_B_DATA_INST/B[14] (clocked by clk). Large setup violations at the end of those stages might be difficult to fix during the post-placement implementation flow and could be the result of non-optimal XDC constraints or non-optimal design architecture
Related violations: <none>

TIMING-16#5 Warning
Large setup violation  
There is a large setup violation of -1.000 ns between gen_olanes[85].u_dot8/sum_stage2_reg[0][0]/C (clocked by clk) and gen_olanes[85].u_dot8/sum_stage3_reg[12]/D (clocked by clk). Large setup violations at the end of those stages might be difficult to fix during the post-placement implementation flow and could be the result of non-optimal XDC constraints or non-optimal design architecture
Related violations: <none>

TIMING-16#6 Warning
Large setup violation  
There is a large setup violation of -1.000 ns between gen_olanes[97].u_mat_mem/mem_array_reg/CLKARDCLK (clocked by clk) and gen_olanes[97].mat_lane_reg[97][39]/D (clocked by clk). Large setup violations at the end of those stages might be difficult to fix during the post-placement implementation flow and could be the result of non-optimal XDC constraints or non-optimal design architecture
Related violations: <none>

TIMING-16#7 Warning
Large setup violation  
There is a large setup violation of -1.000 ns between u_vec_mem/mem_array_reg/CLKARDCLK (clocked by clk) and gen_olanes[0].vec_lane_reg[0][61]_replica_2/D (clocked by clk). Large setup violations at the end of those stages might be difficult to fix during the post-placement implementation flow and could be the result of non-optimal XDC constraints or non-optimal design architecture
Related violations: <none>

TIMING-16#8 Warning
Large setup violation  
There is a large setup violation of -1.001 ns between gen_olanes[0].vec_lane_reg[0][39]/C (clocked by clk) and gen_olanes[15].u_dot8/gen_dsp_mult[4].u_mult/dsp_i/DSP_A_B_DATA_INST/A[11] (clocked by clk). Large setup violations at the end of those stages might be difficult to fix during the post-placement implementation flow and could be the result of non-optimal XDC constraints or non-optimal design architecture
Related violations: <none>

TIMING-16#9 Warning
Large setup violation  
There is a large setup violation of -1.001 ns between gen_olanes[0].vec_lane_reg[0][47]_replica_9/C (clocked by clk) and gen_olanes[89].u_dot8/gen_dsp_mult[5].u_mult/dsp_i/DSP_A_B_DATA_INST/A[15] (clocked by clk). Large setup violations at the end of those stages might be difficult to fix during the post-placement implementation flow and could be the result of non-optimal XDC constraints or non-optimal design architecture
Related violations: <none>

TIMING-16#10 Warning
Large setup violation  
There is a large setup violation of -1.001 ns between gen_olanes[0].vec_lane_reg[0][48]_replica_2/C (clocked by clk) and gen_olanes[90].u_dot8/gen_dsp_mult[6].u_mult/dsp_i/DSP_A_B_DATA_INST/A[0] (clocked by clk). Large setup violations at the end of those stages might be difficult to fix during the post-placement implementation flow and could be the result of non-optimal XDC constraints or non-optimal design architecture
Related violations: <none>

TIMING-16#11 Warning
Large setup violation  
There is a large setup violation of -1.001 ns between gen_olanes[0].vec_lane_reg[0][55]_replica_10/C (clocked by clk) and gen_olanes[99].u_dot8/gen_dsp_mult[6].u_mult/dsp_i/DSP_A_B_DATA_INST/A[15] (clocked by clk). Large setup violations at the end of those stages might be difficult to fix during the post-placement implementation flow and could be the result of non-optimal XDC constraints or non-optimal design architecture
Related violations: <none>

TIMING-16#12 Warning
Large setup violation  
There is a large setup violation of -1.001 ns between gen_olanes[0].vec_lane_reg[0][55]_replica_2/C (clocked by clk) and gen_olanes[74].u_dot8/gen_dsp_mult[6].u_mult/dsp_i/DSP_A_B_DATA_INST/A[9] (clocked by clk). Large setup violations at the end of those stages might be difficult to fix during the post-placement implementation flow and could be the result of non-optimal XDC constraints or non-optimal design architecture
Related violations: <none>

TIMING-16#13 Warning
Large setup violation  
There is a large setup violation of -1.001 ns between gen_olanes[0].vec_lane_reg[0][63]_replica/C (clocked by clk) and gen_olanes[105].u_dot8/gen_dsp_mult[7].u_mult/dsp_i/DSP_A_B_DATA_INST/A[8] (clocked by clk). Large setup violations at the end of those stages might be difficult to fix during the post-placement implementation flow and could be the result of non-optimal XDC constraints or non-optimal design architecture
Related violations: <none>

TIMING-16#14 Warning
Large setup violation  
There is a large setup violation of -1.001 ns between gen_olanes[0].vec_lane_reg[0][63]_replica/C (clocked by clk) and gen_olanes[86].u_dot8/gen_dsp_mult[7].u_mult/dsp_i/DSP_A_B_DATA_INST/A[26] (clocked by clk). Large setup violations at the end of those stages might be difficult to fix during the post-placement implementation flow and could be the result of non-optimal XDC constraints or non-optimal design architecture
Related violations: <none>

TIMING-16#15 Warning
Large setup violation  
There is a large setup violation of -1.001 ns between gen_olanes[108].mat_lane_reg[108][23]/C (clocked by clk) and gen_olanes[108].u_dot8/gen_dsp_mult[2].u_mult/dsp_i/DSP_A_B_DATA_INST/B[12] (clocked by clk). Large setup violations at the end of those stages might be difficult to fix during the post-placement implementation flow and could be the result of non-optimal XDC constraints or non-optimal design architecture
Related violations: <none>

TIMING-16#16 Warning
Large setup violation  
There is a large setup violation of -1.001 ns between gen_olanes[33].u_dot8/sum_stage2_reg[0][5]/C (clocked by clk) and gen_olanes[33].u_dot8/sum_stage3_reg[13]/D (clocked by clk). Large setup violations at the end of those stages might be difficult to fix during the post-placement implementation flow and could be the result of non-optimal XDC constraints or non-optimal design architecture
Related violations: <none>

TIMING-16#17 Warning
Large setup violation  
There is a large setup violation of -1.001 ns between gen_olanes[52].u_dot8/sum_stage3_reg[18]/C (clocked by clk) and gen_olanes[52].u_accum/dsp_accum_i/DSP_C_DATA_INST/C[22] (clocked by clk). Large setup violations at the end of those stages might be difficult to fix during the post-placement implementation flow and could be the result of non-optimal XDC constraints or non-optimal design architecture
Related violations: <none>

TIMING-16#18 Warning
Large setup violation  
There is a large setup violation of -1.001 ns between gen_olanes[66].u_mat_mem/mem_array_reg/CLKARDCLK (clocked by clk) and gen_olanes[66].mat_lane_reg[66][21]/D (clocked by clk). Large setup violations at the end of those stages might be difficult to fix during the post-placement implementation flow and could be the result of non-optimal XDC constraints or non-optimal design architecture
Related violations: <none>

TIMING-16#19 Warning
Large setup violation  
There is a large setup violation of -1.001 ns between u_vec_mem/mem_array_reg/CLKARDCLK (clocked by clk) and gen_olanes[0].vec_lane_reg[0][41]_replica_5/D (clocked by clk). Large setup violations at the end of those stages might be difficult to fix during the post-placement implementation flow and could be the result of non-optimal XDC constraints or non-optimal design architecture
Related violations: <none>

TIMING-16#20 Warning
Large setup violation  
There is a large setup violation of -1.002 ns between gen_olanes[0].vec_lane_reg[0][23]_replica/C (clocked by clk) and gen_olanes[12].u_dot8/gen_dsp_mult[2].u_mult/dsp_i/DSP_A_B_DATA_INST/A[10] (clocked by clk). Large setup violations at the end of those stages might be difficult to fix during the post-placement implementation flow and could be the result of non-optimal XDC constraints or non-optimal design architecture
Related violations: <none>

TIMING-16#21 Warning
Large setup violation  
There is a large setup violation of -1.002 ns between gen_olanes[0].vec_lane_reg[0][55]_replica_4/C (clocked by clk) and gen_olanes[63].u_dot8/gen_dsp_mult[6].u_mult/dsp_i/DSP_A_B_DATA_INST/A[15] (clocked by clk). Large setup violations at the end of those stages might be difficult to fix during the post-placement implementation flow and could be the result of non-optimal XDC constraints or non-optimal design architecture
Related violations: <none>

TIMING-16#22 Warning
Large setup violation  
There is a large setup violation of -1.002 ns between gen_olanes[0].vec_lane_reg[0][55]_replica_4/C (clocked by clk) and gen_olanes[7].u_dot8/gen_dsp_mult[6].u_mult/dsp_i/DSP_A_B_DATA_INST/A[25] (clocked by clk). Large setup violations at the end of those stages might be difficult to fix during the post-placement implementation flow and could be the result of non-optimal XDC constraints or non-optimal design architecture
Related violations: <none>

TIMING-16#23 Warning
Large setup violation  
There is a large setup violation of -1.002 ns between gen_olanes[66].u_dot8/sum_stage2_reg[0][0]/C (clocked by clk) and gen_olanes[66].u_dot8/sum_stage3_reg[14]/D (clocked by clk). Large setup violations at the end of those stages might be difficult to fix during the post-placement implementation flow and could be the result of non-optimal XDC constraints or non-optimal design architecture
Related violations: <none>

TIMING-16#24 Warning
Large setup violation  
There is a large setup violation of -1.002 ns between gen_olanes[68].mat_lane_reg[68][42]/C (clocked by clk) and gen_olanes[68].u_dot8/gen_dsp_mult[5].u_mult/dsp_i/DSP_A_B_DATA_INST/B[2] (clocked by clk). Large setup violations at the end of those stages might be difficult to fix during the post-placement implementation flow and could be the result of non-optimal XDC constraints or non-optimal design architecture
Related violations: <none>

TIMING-16#25 Warning
Large setup violation  
There is a large setup violation of -1.002 ns between u_vec_mem/mem_array_reg/CLKARDCLK (clocked by clk) and gen_olanes[0].vec_lane_reg[0][42]_replica_7/D (clocked by clk). Large setup violations at the end of those stages might be difficult to fix during the post-placement implementation flow and could be the result of non-optimal XDC constraints or non-optimal design architecture
Related violations: <none>

TIMING-16#26 Warning
Large setup violation  
There is a large setup violation of -1.002 ns between u_vec_mem/mem_array_reg/CLKARDCLK (clocked by clk) and gen_olanes[0].vec_lane_reg[0][7]_replica_8/D (clocked by clk). Large setup violations at the end of those stages might be difficult to fix during the post-placement implementation flow and could be the result of non-optimal XDC constraints or non-optimal design architecture
Related violations: <none>

TIMING-16#27 Warning
Large setup violation  
There is a large setup violation of -1.003 ns between gen_olanes[0].vec_lane_reg[0][19]_replica_4/C (clocked by clk) and gen_olanes[77].u_dot8/gen_dsp_mult[2].u_mult/dsp_i/DSP_A_B_DATA_INST/A[3] (clocked by clk). Large setup violations at the end of those stages might be difficult to fix during the post-placement implementation flow and could be the result of non-optimal XDC constraints or non-optimal design architecture
Related violations: <none>

TIMING-16#28 Warning
Large setup violation  
There is a large setup violation of -1.003 ns between gen_olanes[0].vec_lane_reg[0][32]_replica_3/C (clocked by clk) and gen_olanes[3].u_dot8/gen_dsp_mult[4].u_mult/dsp_i/DSP_A_B_DATA_INST/A[0] (clocked by clk). Large setup violations at the end of those stages might be difficult to fix during the post-placement implementation flow and could be the result of non-optimal XDC constraints or non-optimal design architecture
Related violations: <none>

TIMING-16#29 Warning
Large setup violation  
There is a large setup violation of -1.003 ns between gen_olanes[0].vec_lane_reg[0][39]/C (clocked by clk) and gen_olanes[18].u_dot8/gen_dsp_mult[4].u_mult/dsp_i/DSP_A_B_DATA_INST/A[13] (clocked by clk). Large setup violations at the end of those stages might be difficult to fix during the post-placement implementation flow and could be the result of non-optimal XDC constraints or non-optimal design architecture
Related violations: <none>

TIMING-16#30 Warning
Large setup violation  
There is a large setup violation of -1.003 ns between gen_olanes[0].vec_lane_reg[0][39]/C (clocked by clk) and gen_olanes[96].u_dot8/gen_dsp_mult[4].u_mult/dsp_i/DSP_A_B_DATA_INST/A[16] (clocked by clk). Large setup violations at the end of those stages might be difficult to fix during the post-placement implementation flow and could be the result of non-optimal XDC constraints or non-optimal design architecture
Related violations: <none>

TIMING-16#31 Warning
Large setup violation  
There is a large setup violation of -1.003 ns between gen_olanes[0].vec_lane_reg[0][47]_replica_9/C (clocked by clk) and gen_olanes[89].u_dot8/gen_dsp_mult[5].u_mult/dsp_i/DSP_A_B_DATA_INST/A[21] (clocked by clk). Large setup violations at the end of those stages might be difficult to fix during the post-placement implementation flow and could be the result of non-optimal XDC constraints or non-optimal design architecture
Related violations: <none>

TIMING-16#32 Warning
Large setup violation  
There is a large setup violation of -1.003 ns between gen_olanes[0].vec_lane_reg[0][55]_replica_4/C (clocked by clk) and gen_olanes[7].u_dot8/gen_dsp_mult[6].u_mult/dsp_i/DSP_A_B_DATA_INST/A[24] (clocked by clk). Large setup violations at the end of those stages might be difficult to fix during the post-placement implementation flow and could be the result of non-optimal XDC constraints or non-optimal design architecture
Related violations: <none>

TIMING-16#33 Warning
Large setup violation  
There is a large setup violation of -1.003 ns between gen_olanes[0].vec_lane_reg[0][63]/C (clocked by clk) and gen_olanes[101].u_dot8/gen_dsp_mult[7].u_mult/dsp_i/DSP_A_B_DATA_INST/A[19] (clocked by clk). Large setup violations at the end of those stages might be difficult to fix during the post-placement implementation flow and could be the result of non-optimal XDC constraints or non-optimal design architecture
Related violations: <none>

TIMING-16#34 Warning
Large setup violation  
There is a large setup violation of -1.003 ns between gen_olanes[3].u_mat_mem/mem_array_reg/CLKARDCLK (clocked by clk) and gen_olanes[3].mat_lane_reg[3][21]/D (clocked by clk). Large setup violations at the end of those stages might be difficult to fix during the post-placement implementation flow and could be the result of non-optimal XDC constraints or non-optimal design architecture
Related violations: <none>

TIMING-16#35 Warning
Large setup violation  
There is a large setup violation of -1.003 ns between u_vec_mem/mem_array_reg/CLKARDCLK (clocked by clk) and gen_olanes[0].vec_lane_reg[0][34]_replica_6/D (clocked by clk). Large setup violations at the end of those stages might be difficult to fix during the post-placement implementation flow and could be the result of non-optimal XDC constraints or non-optimal design architecture
Related violations: <none>

TIMING-16#36 Warning
Large setup violation  
There is a large setup violation of -1.003 ns between u_vec_mem/mem_array_reg/CLKARDCLK (clocked by clk) and gen_olanes[0].vec_lane_reg[0][38]_replica_4/D (clocked by clk). Large setup violations at the end of those stages might be difficult to fix during the post-placement implementation flow and could be the result of non-optimal XDC constraints or non-optimal design architecture
Related violations: <none>

TIMING-16#37 Warning
Large setup violation  
There is a large setup violation of -1.003 ns between u_vec_mem/mem_array_reg/CLKARDCLK (clocked by clk) and gen_olanes[0].vec_lane_reg[0][41]_replica_1/D (clocked by clk). Large setup violations at the end of those stages might be difficult to fix during the post-placement implementation flow and could be the result of non-optimal XDC constraints or non-optimal design architecture
Related violations: <none>

TIMING-16#38 Warning
Large setup violation  
There is a large setup violation of -1.004 ns between gen_olanes[0].vec_lane_reg[0][39]/C (clocked by clk) and gen_olanes[46].u_dot8/gen_dsp_mult[4].u_mult/dsp_i/DSP_A_B_DATA_INST/A[12] (clocked by clk). Large setup violations at the end of those stages might be difficult to fix during the post-placement implementation flow and could be the result of non-optimal XDC constraints or non-optimal design architecture
Related violations: <none>

TIMING-16#39 Warning
Large setup violation  
There is a large setup violation of -1.004 ns between gen_olanes[0].vec_lane_reg[0][55]_replica_1/C (clocked by clk) and gen_olanes[71].u_dot8/gen_dsp_mult[6].u_mult/dsp_i/DSP_A_B_DATA_INST/A[18] (clocked by clk). Large setup violations at the end of those stages might be difficult to fix during the post-placement implementation flow and could be the result of non-optimal XDC constraints or non-optimal design architecture
Related violations: <none>

TIMING-16#40 Warning
Large setup violation  
There is a large setup violation of -1.004 ns between gen_olanes[0].vec_lane_reg[0][63]/C (clocked by clk) and gen_olanes[103].u_dot8/gen_dsp_mult[7].u_mult/dsp_i/DSP_A_B_DATA_INST/A[8] (clocked by clk). Large setup violations at the end of those stages might be difficult to fix during the post-placement implementation flow and could be the result of non-optimal XDC constraints or non-optimal design architecture
Related violations: <none>

TIMING-16#41 Warning
Large setup violation  
There is a large setup violation of -1.004 ns between gen_olanes[106].u_mat_mem/mem_array_reg/CLKARDCLK (clocked by clk) and gen_olanes[106].mat_lane_reg[106][55]/D (clocked by clk). Large setup violations at the end of those stages might be difficult to fix during the post-placement implementation flow and could be the result of non-optimal XDC constraints or non-optimal design architecture
Related violations: <none>

TIMING-16#42 Warning
Large setup violation  
There is a large setup violation of -1.004 ns between gen_olanes[34].u_dot8/sum_stage2_reg[1][4]/C (clocked by clk) and gen_olanes[34].u_dot8/sum_stage3_reg[10]/D (clocked by clk). Large setup violations at the end of those stages might be difficult to fix during the post-placement implementation flow and could be the result of non-optimal XDC constraints or non-optimal design architecture
Related violations: <none>

TIMING-16#43 Warning
Large setup violation  
There is a large setup violation of -1.004 ns between gen_olanes[65].u_dot8/sum_stage2_reg[0][1]/C (clocked by clk) and gen_olanes[65].u_dot8/sum_stage3_reg[17]/D (clocked by clk). Large setup violations at the end of those stages might be difficult to fix during the post-placement implementation flow and could be the result of non-optimal XDC constraints or non-optimal design architecture
Related violations: <none>

TIMING-16#44 Warning
Large setup violation  
There is a large setup violation of -1.004 ns between gen_olanes[82].u_mat_mem/mem_array_reg/CLKARDCLK (clocked by clk) and gen_olanes[82].mat_lane_reg[82][15]/D (clocked by clk). Large setup violations at the end of those stages might be difficult to fix during the post-placement implementation flow and could be the result of non-optimal XDC constraints or non-optimal design architecture
Related violations: <none>

TIMING-16#45 Warning
Large setup violation  
There is a large setup violation of -1.004 ns between gen_olanes[84].u_mat_mem/mem_array_reg/CLKARDCLK (clocked by clk) and gen_olanes[84].mat_lane_reg[84][55]/D (clocked by clk). Large setup violations at the end of those stages might be difficult to fix during the post-placement implementation flow and could be the result of non-optimal XDC constraints or non-optimal design architecture
Related violations: <none>

TIMING-16#46 Warning
Large setup violation  
There is a large setup violation of -1.004 ns between gen_olanes[87].u_mat_mem/mem_array_reg/CLKARDCLK (clocked by clk) and gen_olanes[87].mat_lane_reg[87][23]/D (clocked by clk). Large setup violations at the end of those stages might be difficult to fix during the post-placement implementation flow and could be the result of non-optimal XDC constraints or non-optimal design architecture
Related violations: <none>

TIMING-16#47 Warning
Large setup violation  
There is a large setup violation of -1.004 ns between gen_olanes[98].u_dot8/sum_stage3_reg[18]/C (clocked by clk) and gen_olanes[98].u_accum/dsp_accum_i/DSP_C_DATA_INST/C[36] (clocked by clk). Large setup violations at the end of those stages might be difficult to fix during the post-placement implementation flow and could be the result of non-optimal XDC constraints or non-optimal design architecture
Related violations: <none>

TIMING-16#48 Warning
Large setup violation  
There is a large setup violation of -1.004 ns between u_ctrl/state_reg/C (clocked by clk) and mat_raddr_q_reg[0][0]_rep__56/R (clocked by clk). Large setup violations at the end of those stages might be difficult to fix during the post-placement implementation flow and could be the result of non-optimal XDC constraints or non-optimal design architecture
Related violations: <none>

TIMING-16#49 Warning
Large setup violation  
There is a large setup violation of -1.004 ns between u_ctrl/state_reg/C (clocked by clk) and mat_raddr_q_reg[0][7]_rep__56/R (clocked by clk). Large setup violations at the end of those stages might be difficult to fix during the post-placement implementation flow and could be the result of non-optimal XDC constraints or non-optimal design architecture
Related violations: <none>

TIMING-16#50 Warning
Large setup violation  
There is a large setup violation of -1.004 ns between u_vec_mem/mem_array_reg/CLKARDCLK (clocked by clk) and gen_olanes[0].vec_lane_reg[0][31]_replica_4/D (clocked by clk). Large setup violations at the end of those stages might be difficult to fix during the post-placement implementation flow and could be the result of non-optimal XDC constraints or non-optimal design architecture
Related violations: <none>

TIMING-16#51 Warning
Large setup violation  
There is a large setup violation of -1.004 ns between u_vec_mem/mem_array_reg/CLKARDCLK (clocked by clk) and gen_olanes[0].vec_lane_reg[0][35]_replica/D (clocked by clk). Large setup violations at the end of those stages might be difficult to fix during the post-placement implementation flow and could be the result of non-optimal XDC constraints or non-optimal design architecture
Related violations: <none>

TIMING-16#52 Warning
Large setup violation  
There is a large setup violation of -1.004 ns between u_vec_mem/mem_array_reg/CLKARDCLK (clocked by clk) and gen_olanes[0].vec_lane_reg[0][63]_replica_2/D (clocked by clk). Large setup violations at the end of those stages might be difficult to fix during the post-placement implementation flow and could be the result of non-optimal XDC constraints or non-optimal design architecture
Related violations: <none>

TIMING-16#53 Warning
Large setup violation  
There is a large setup violation of -1.004 ns between u_vec_mem/mem_array_reg/CLKARDCLK (clocked by clk) and gen_olanes[0].vec_lane_reg[0][6]_replica/D (clocked by clk). Large setup violations at the end of those stages might be difficult to fix during the post-placement implementation flow and could be the result of non-optimal XDC constraints or non-optimal design architecture
Related violations: <none>

TIMING-16#54 Warning
Large setup violation  
There is a large setup violation of -1.005 ns between gen_olanes[0].vec_lane_reg[0][39]/C (clocked by clk) and gen_olanes[19].u_dot8/gen_dsp_mult[4].u_mult/dsp_i/DSP_A_B_DATA_INST/A[11] (clocked by clk). Large setup violations at the end of those stages might be difficult to fix during the post-placement implementation flow and could be the result of non-optimal XDC constraints or non-optimal design architecture
Related violations: <none>

TIMING-16#55 Warning
Large setup violation  
There is a large setup violation of -1.005 ns between gen_olanes[0].vec_lane_reg[0][55]_replica_4/C (clocked by clk) and gen_olanes[7].u_dot8/gen_dsp_mult[6].u_mult/dsp_i/DSP_A_B_DATA_INST/A[15] (clocked by clk). Large setup violations at the end of those stages might be difficult to fix during the post-placement implementation flow and could be the result of non-optimal XDC constraints or non-optimal design architecture
Related violations: <none>

TIMING-16#56 Warning
Large setup violation  
There is a large setup violation of -1.005 ns between gen_olanes[0].vec_lane_reg[0][63]/C (clocked by clk) and gen_olanes[103].u_dot8/gen_dsp_mult[7].u_mult/dsp_i/DSP_A_B_DATA_INST/A[25] (clocked by clk). Large setup violations at the end of those stages might be difficult to fix during the post-placement implementation flow and could be the result of non-optimal XDC constraints or non-optimal design architecture
Related violations: <none>

TIMING-16#57 Warning
Large setup violation  
There is a large setup violation of -1.005 ns between gen_olanes[126].u_mat_mem/mem_array_reg/CLKARDCLK (clocked by clk) and gen_olanes[126].mat_lane_reg[126][54]/D (clocked by clk). Large setup violations at the end of those stages might be difficult to fix during the post-placement implementation flow and could be the result of non-optimal XDC constraints or non-optimal design architecture
Related violations: <none>

TIMING-16#58 Warning
Large setup violation  
There is a large setup violation of -1.005 ns between gen_olanes[30].u_dot8/sum_stage3_reg[18]/C (clocked by clk) and gen_olanes[30].u_accum/dsp_accum_i/DSP_C_DATA_INST/C[36] (clocked by clk). Large setup violations at the end of those stages might be difficult to fix during the post-placement implementation flow and could be the result of non-optimal XDC constraints or non-optimal design architecture
Related violations: <none>

TIMING-16#59 Warning
Large setup violation  
There is a large setup violation of -1.005 ns between gen_olanes[66].u_dot8/sum_stage2_reg[0][0]/C (clocked by clk) and gen_olanes[66].u_dot8/sum_stage3_reg[13]/D (clocked by clk). Large setup violations at the end of those stages might be difficult to fix during the post-placement implementation flow and could be the result of non-optimal XDC constraints or non-optimal design architecture
Related violations: <none>

TIMING-16#60 Warning
Large setup violation  
There is a large setup violation of -1.005 ns between gen_olanes[78].u_dot8/sum_stage3_reg[11]/C (clocked by clk) and gen_olanes[78].u_dot8/sum_stage3_reg[11]_psdsp/D (clocked by clk). Large setup violations at the end of those stages might be difficult to fix during the post-placement implementation flow and could be the result of non-optimal XDC constraints or non-optimal design architecture
Related violations: <none>

TIMING-16#61 Warning
Large setup violation  
There is a large setup violation of -1.005 ns between u_vec_mem/mem_array_reg/CLKARDCLK (clocked by clk) and gen_olanes[0].vec_lane_reg[0][6]_replica_2/D (clocked by clk). Large setup violations at the end of those stages might be difficult to fix during the post-placement implementation flow and could be the result of non-optimal XDC constraints or non-optimal design architecture
Related violations: <none>

TIMING-16#62 Warning
Large setup violation  
There is a large setup violation of -1.006 ns between gen_olanes[0].vec_lane_reg[0][10]_replica_5/C (clocked by clk) and gen_olanes[79].u_dot8/gen_dsp_mult[1].u_mult/dsp_i/DSP_A_B_DATA_INST/A[2] (clocked by clk). Large setup violations at the end of those stages might be difficult to fix during the post-placement implementation flow and could be the result of non-optimal XDC constraints or non-optimal design architecture
Related violations: <none>

TIMING-16#63 Warning
Large setup violation  
There is a large setup violation of -1.006 ns between gen_olanes[0].vec_lane_reg[0][25]_replica_8/C (clocked by clk) and gen_olanes[61].u_dot8/gen_dsp_mult[3].u_mult/dsp_i/DSP_A_B_DATA_INST/A[1] (clocked by clk). Large setup violations at the end of those stages might be difficult to fix during the post-placement implementation flow and could be the result of non-optimal XDC constraints or non-optimal design architecture
Related violations: <none>

TIMING-16#64 Warning
Large setup violation  
There is a large setup violation of -1.006 ns between gen_olanes[0].vec_lane_reg[0][39]_replica_2/C (clocked by clk) and gen_olanes[66].u_dot8/gen_dsp_mult[4].u_mult/dsp_i/DSP_A_B_DATA_INST/A[24] (clocked by clk). Large setup violations at the end of those stages might be difficult to fix during the post-placement implementation flow and could be the result of non-optimal XDC constraints or non-optimal design architecture
Related violations: <none>

TIMING-16#65 Warning
Large setup violation  
There is a large setup violation of -1.006 ns between gen_olanes[0].vec_lane_reg[0][39]_replica_2/C (clocked by clk) and gen_olanes[66].u_dot8/gen_dsp_mult[4].u_mult/dsp_i/DSP_A_B_DATA_INST/A[27] (clocked by clk). Large setup violations at the end of those stages might be difficult to fix during the post-placement implementation flow and could be the result of non-optimal XDC constraints or non-optimal design architecture
Related violations: <none>

TIMING-16#66 Warning
Large setup violation  
There is a large setup violation of -1.006 ns between gen_olanes[0].vec_lane_reg[0][39]_replica_3/C (clocked by clk) and gen_olanes[76].u_dot8/gen_dsp_mult[4].u_mult/dsp_i/DSP_A_B_DATA_INST/A[7] (clocked by clk). Large setup violations at the end of those stages might be difficult to fix during the post-placement implementation flow and could be the result of non-optimal XDC constraints or non-optimal design architecture
Related violations: <none>

TIMING-16#67 Warning
Large setup violation  
There is a large setup violation of -1.006 ns between gen_olanes[0].vec_lane_reg[0][63]/C (clocked by clk) and gen_olanes[103].u_dot8/gen_dsp_mult[7].u_mult/dsp_i/DSP_A_B_DATA_INST/A[21] (clocked by clk). Large setup violations at the end of those stages might be difficult to fix during the post-placement implementation flow and could be the result of non-optimal XDC constraints or non-optimal design architecture
Related violations: <none>

TIMING-16#68 Warning
Large setup violation  
There is a large setup violation of -1.006 ns between gen_olanes[0].vec_lane_reg[0][63]/C (clocked by clk) and gen_olanes[114].u_dot8/gen_dsp_mult[7].u_mult/dsp_i/DSP_A_B_DATA_INST/A[21] (clocked by clk). Large setup violations at the end of those stages might be difficult to fix during the post-placement implementation flow and could be the result of non-optimal XDC constraints or non-optimal design architecture
Related violations: <none>

TIMING-16#69 Warning
Large setup violation  
There is a large setup violation of -1.006 ns between gen_olanes[48].u_dot8/sum_stage3_reg[18]/C (clocked by clk) and gen_olanes[48].u_accum/dsp_accum_i/DSP_C_DATA_INST/C[20] (clocked by clk). Large setup violations at the end of those stages might be difficult to fix during the post-placement implementation flow and could be the result of non-optimal XDC constraints or non-optimal design architecture
Related violations: <none>

TIMING-16#70 Warning
Large setup violation  
There is a large setup violation of -1.006 ns between gen_olanes[52].u_dot8/sum_stage3_reg[18]/C (clocked by clk) and gen_olanes[52].u_accum/dsp_accum_i/DSP_C_DATA_INST/C[29] (clocked by clk). Large setup violations at the end of those stages might be difficult to fix during the post-placement implementation flow and could be the result of non-optimal XDC constraints or non-optimal design architecture
Related violations: <none>

TIMING-16#71 Warning
Large setup violation  
There is a large setup violation of -1.006 ns between gen_olanes[94].u_mat_mem/mem_array_reg/CLKARDCLK (clocked by clk) and gen_olanes[94].mat_lane_reg[94][7]/D (clocked by clk). Large setup violations at the end of those stages might be difficult to fix during the post-placement implementation flow and could be the result of non-optimal XDC constraints or non-optimal design architecture
Related violations: <none>

TIMING-16#72 Warning
Large setup violation  
There is a large setup violation of -1.006 ns between u_vec_mem/mem_array_reg/CLKARDCLK (clocked by clk) and gen_olanes[0].vec_lane_reg[0][48]_replica_4/D (clocked by clk). Large setup violations at the end of those stages might be difficult to fix during the post-placement implementation flow and could be the result of non-optimal XDC constraints or non-optimal design architecture
Related violations: <none>

TIMING-16#73 Warning
Large setup violation  
There is a large setup violation of -1.007 ns between gen_olanes[0].vec_lane_reg[0][19]_replica_4/C (clocked by clk) and gen_olanes[21].u_dot8/gen_dsp_mult[2].u_mult/dsp_i/DSP_A_B_DATA_INST/A[3] (clocked by clk). Large setup violations at the end of those stages might be difficult to fix during the post-placement implementation flow and could be the result of non-optimal XDC constraints or non-optimal design architecture
Related violations: <none>

TIMING-16#74 Warning
Large setup violation  
There is a large setup violation of -1.007 ns between gen_olanes[0].vec_lane_reg[0][39]/C (clocked by clk) and gen_olanes[44].u_dot8/gen_dsp_mult[4].u_mult/dsp_i/DSP_A_B_DATA_INST/A[27] (clocked by clk). Large setup violations at the end of those stages might be difficult to fix during the post-placement implementation flow and could be the result of non-optimal XDC constraints or non-optimal design architecture
Related violations: <none>

TIMING-16#75 Warning
Large setup violation  
There is a large setup violation of -1.007 ns between gen_olanes[0].vec_lane_reg[0][50]_replica_4/C (clocked by clk) and gen_olanes[7].u_dot8/gen_dsp_mult[6].u_mult/dsp_i/DSP_A_B_DATA_INST/A[2] (clocked by clk). Large setup violations at the end of those stages might be difficult to fix during the post-placement implementation flow and could be the result of non-optimal XDC constraints or non-optimal design architecture
Related violations: <none>

TIMING-16#76 Warning
Large setup violation  
There is a large setup violation of -1.007 ns between gen_olanes[0].vec_lane_reg[0][55]_replica_4/C (clocked by clk) and gen_olanes[82].u_dot8/gen_dsp_mult[6].u_mult/dsp_i/DSP_A_B_DATA_INST/A[25] (clocked by clk). Large setup violations at the end of those stages might be difficult to fix during the post-placement implementation flow and could be the result of non-optimal XDC constraints or non-optimal design architecture
Related violations: <none>

TIMING-16#77 Warning
Large setup violation  
There is a large setup violation of -1.007 ns between gen_olanes[0].vec_lane_reg[0][62]_replica_4/C (clocked by clk) and gen_olanes[92].u_dot8/gen_dsp_mult[7].u_mult/dsp_i/DSP_A_B_DATA_INST/A[6] (clocked by clk). Large setup violations at the end of those stages might be difficult to fix during the post-placement implementation flow and could be the result of non-optimal XDC constraints or non-optimal design architecture
Related violations: <none>

TIMING-16#78 Warning
Large setup violation  
There is a large setup violation of -1.007 ns between gen_olanes[0].vec_lane_reg[0][63]/C (clocked by clk) and gen_olanes[100].u_dot8/gen_dsp_mult[7].u_mult/dsp_i/DSP_A_B_DATA_INST/A[21] (clocked by clk). Large setup violations at the end of those stages might be difficult to fix during the post-placement implementation flow and could be the result of non-optimal XDC constraints or non-optimal design architecture
Related violations: <none>

TIMING-16#79 Warning
Large setup violation  
There is a large setup violation of -1.007 ns between gen_olanes[0].vec_lane_reg[0][63]/C (clocked by clk) and gen_olanes[100].u_dot8/gen_dsp_mult[7].u_mult/dsp_i/DSP_A_B_DATA_INST/A[7] (clocked by clk). Large setup violations at the end of those stages might be difficult to fix during the post-placement implementation flow and could be the result of non-optimal XDC constraints or non-optimal design architecture
Related violations: <none>

TIMING-16#80 Warning
Large setup violation  
There is a large setup violation of -1.007 ns between gen_olanes[108].mat_lane_reg[108][23]/C (clocked by clk) and gen_olanes[108].u_dot8/gen_dsp_mult[2].u_mult/dsp_i/DSP_A_B_DATA_INST/B[11] (clocked by clk). Large setup violations at the end of those stages might be difficult to fix during the post-placement implementation flow and could be the result of non-optimal XDC constraints or non-optimal design architecture
Related violations: <none>

TIMING-16#81 Warning
Large setup violation  
There is a large setup violation of -1.007 ns between gen_olanes[58].u_dot8/sum_stage2_reg[1][4]/C (clocked by clk) and gen_olanes[58].u_dot8/sum_stage3_reg[15]/D (clocked by clk). Large setup violations at the end of those stages might be difficult to fix during the post-placement implementation flow and could be the result of non-optimal XDC constraints or non-optimal design architecture
Related violations: <none>

TIMING-16#82 Warning
Large setup violation  
There is a large setup violation of -1.007 ns between gen_olanes[64].u_dot8/sum_stage2_reg[1][4]/C (clocked by clk) and gen_olanes[64].u_dot8/sum_stage3_reg[15]/D (clocked by clk). Large setup violations at the end of those stages might be difficult to fix during the post-placement implementation flow and could be the result of non-optimal XDC constraints or non-optimal design architecture
Related violations: <none>

TIMING-16#83 Warning
Large setup violation  
There is a large setup violation of -1.007 ns between gen_olanes[64].u_dot8/sum_stage2_reg[1][4]/C (clocked by clk) and gen_olanes[64].u_dot8/sum_stage3_reg[16]/D (clocked by clk). Large setup violations at the end of those stages might be difficult to fix during the post-placement implementation flow and could be the result of non-optimal XDC constraints or non-optimal design architecture
Related violations: <none>

TIMING-16#84 Warning
Large setup violation  
There is a large setup violation of -1.007 ns between gen_olanes[84].u_mat_mem/mem_array_reg/CLKARDCLK (clocked by clk) and gen_olanes[84].mat_lane_reg[84][47]/D (clocked by clk). Large setup violations at the end of those stages might be difficult to fix during the post-placement implementation flow and could be the result of non-optimal XDC constraints or non-optimal design architecture
Related violations: <none>

TIMING-16#85 Warning
Large setup violation  
There is a large setup violation of -1.008 ns between gen_olanes[0].vec_lane_reg[0][39]/C (clocked by clk) and gen_olanes[0].u_dot8/gen_dsp_mult[4].u_mult/dsp_i/DSP_A_B_DATA_INST/A[20] (clocked by clk). Large setup violations at the end of those stages might be difficult to fix during the post-placement implementation flow and could be the result of non-optimal XDC constraints or non-optimal design architecture
Related violations: <none>

TIMING-16#86 Warning
Large setup violation  
There is a large setup violation of -1.008 ns between gen_olanes[0].vec_lane_reg[0][39]/C (clocked by clk) and gen_olanes[27].u_dot8/gen_dsp_mult[4].u_mult/dsp_i/DSP_A_B_DATA_INST/A[27] (clocked by clk). Large setup violations at the end of those stages might be difficult to fix during the post-placement implementation flow and could be the result of non-optimal XDC constraints or non-optimal design architecture
Related violations: <none>

TIMING-16#87 Warning
Large setup violation  
There is a large setup violation of -1.008 ns between gen_olanes[0].vec_lane_reg[0][39]_replica_3/C (clocked by clk) and gen_olanes[76].u_dot8/gen_dsp_mult[4].u_mult/dsp_i/DSP_A_B_DATA_INST/A[8] (clocked by clk). Large setup violations at the end of those stages might be difficult to fix during the post-placement implementation flow and could be the result of non-optimal XDC constraints or non-optimal design architecture
Related violations: <none>

TIMING-16#88 Warning
Large setup violation  
There is a large setup violation of -1.008 ns between gen_olanes[0].vec_lane_reg[0][47]_replica_9/C (clocked by clk) and gen_olanes[89].u_dot8/gen_dsp_mult[5].u_mult/dsp_i/DSP_A_B_DATA_INST/A[20] (clocked by clk). Large setup violations at the end of those stages might be difficult to fix during the post-placement implementation flow and could be the result of non-optimal XDC constraints or non-optimal design architecture
Related violations: <none>

TIMING-16#89 Warning
Large setup violation  
There is a large setup violation of -1.008 ns between gen_olanes[0].vec_lane_reg[0][55]_replica_4/C (clocked by clk) and gen_olanes[49].u_dot8/gen_dsp_mult[6].u_mult/dsp_i/DSP_A_B_DATA_INST/A[7] (clocked by clk). Large setup violations at the end of those stages might be difficult to fix during the post-placement implementation flow and could be the result of non-optimal XDC constraints or non-optimal design architecture
Related violations: <none>

TIMING-16#90 Warning
Large setup violation  
There is a large setup violation of -1.008 ns between gen_olanes[0].vec_lane_reg[0][63]/C (clocked by clk) and gen_olanes[100].u_dot8/gen_dsp_mult[7].u_mult/dsp_i/DSP_A_B_DATA_INST/A[18] (clocked by clk). Large setup violations at the end of those stages might be difficult to fix during the post-placement implementation flow and could be the result of non-optimal XDC constraints or non-optimal design architecture
Related violations: <none>

TIMING-16#91 Warning
Large setup violation  
There is a large setup violation of -1.008 ns between gen_olanes[0].vec_lane_reg[0][63]/C (clocked by clk) and gen_olanes[114].u_dot8/gen_dsp_mult[7].u_mult/dsp_i/DSP_A_B_DATA_INST/A[13] (clocked by clk). Large setup violations at the end of those stages might be difficult to fix during the post-placement implementation flow and could be the result of non-optimal XDC constraints or non-optimal design architecture
Related violations: <none>

TIMING-16#92 Warning
Large setup violation  
There is a large setup violation of -1.008 ns between gen_olanes[0].vec_lane_reg[0][63]_replica/C (clocked by clk) and gen_olanes[86].u_dot8/gen_dsp_mult[7].u_mult/dsp_i/DSP_A_B_DATA_INST/A[23] (clocked by clk). Large setup violations at the end of those stages might be difficult to fix during the post-placement implementation flow and could be the result of non-optimal XDC constraints or non-optimal design architecture
Related violations: <none>

TIMING-16#93 Warning
Large setup violation  
There is a large setup violation of -1.008 ns between gen_olanes[113].u_mat_mem/mem_array_reg/CLKARDCLK (clocked by clk) and gen_olanes[113].mat_lane_reg[113][39]/D (clocked by clk). Large setup violations at the end of those stages might be difficult to fix during the post-placement implementation flow and could be the result of non-optimal XDC constraints or non-optimal design architecture
Related violations: <none>

TIMING-16#94 Warning
Large setup violation  
There is a large setup violation of -1.008 ns between gen_olanes[58].u_dot8/sum_stage2_reg[1][4]/C (clocked by clk) and gen_olanes[58].u_dot8/sum_stage3_reg[16]/D (clocked by clk). Large setup violations at the end of those stages might be difficult to fix during the post-placement implementation flow and could be the result of non-optimal XDC constraints or non-optimal design architecture
Related violations: <none>

TIMING-16#95 Warning
Large setup violation  
There is a large setup violation of -1.008 ns between u_vec_mem/mem_array_reg/CLKARDCLK (clocked by clk) and gen_olanes[0].vec_lane_reg[0][41]_replica_8/D (clocked by clk). Large setup violations at the end of those stages might be difficult to fix during the post-placement implementation flow and could be the result of non-optimal XDC constraints or non-optimal design architecture
Related violations: <none>

TIMING-16#96 Warning
Large setup violation  
There is a large setup violation of -1.009 ns between gen_olanes[0].vec_lane_reg[0][33]_replica_5/C (clocked by clk) and gen_olanes[4].u_dot8/gen_dsp_mult[4].u_mult/dsp_i/DSP_A_B_DATA_INST/A[1] (clocked by clk). Large setup violations at the end of those stages might be difficult to fix during the post-placement implementation flow and could be the result of non-optimal XDC constraints or non-optimal design architecture
Related violations: <none>

TIMING-16#97 Warning
Large setup violation  
There is a large setup violation of -1.009 ns between gen_olanes[0].vec_lane_reg[0][39]/C (clocked by clk) and gen_olanes[107].u_dot8/gen_dsp_mult[4].u_mult/dsp_i/DSP_A_B_DATA_INST/A[21] (clocked by clk). Large setup violations at the end of those stages might be difficult to fix during the post-placement implementation flow and could be the result of non-optimal XDC constraints or non-optimal design architecture
Related violations: <none>

TIMING-16#98 Warning
Large setup violation  
There is a large setup violation of -1.009 ns between gen_olanes[0].vec_lane_reg[0][39]/C (clocked by clk) and gen_olanes[18].u_dot8/gen_dsp_mult[4].u_mult/dsp_i/DSP_A_B_DATA_INST/A[29] (clocked by clk). Large setup violations at the end of those stages might be difficult to fix during the post-placement implementation flow and could be the result of non-optimal XDC constraints or non-optimal design architecture
Related violations: <none>

TIMING-16#99 Warning
Large setup violation  
There is a large setup violation of -1.009 ns between gen_olanes[0].vec_lane_reg[0][39]/C (clocked by clk) and gen_olanes[29].u_dot8/gen_dsp_mult[4].u_mult/dsp_i/DSP_A_B_DATA_INST/A[22] (clocked by clk). Large setup violations at the end of those stages might be difficult to fix during the post-placement implementation flow and could be the result of non-optimal XDC constraints or non-optimal design architecture
Related violations: <none>

TIMING-16#100 Warning
Large setup violation  
There is a large setup violation of -1.009 ns between gen_olanes[0].vec_lane_reg[0][39]/C (clocked by clk) and gen_olanes[75].u_dot8/gen_dsp_mult[4].u_mult/dsp_i/DSP_A_B_DATA_INST/A[13] (clocked by clk). Large setup violations at the end of those stages might be difficult to fix during the post-placement implementation flow and could be the result of non-optimal XDC constraints or non-optimal design architecture
Related violations: <none>

TIMING-16#101 Warning
Large setup violation  
There is a large setup violation of -1.009 ns between gen_olanes[0].vec_lane_reg[0][63]/C (clocked by clk) and gen_olanes[114].u_dot8/gen_dsp_mult[7].u_mult/dsp_i/DSP_A_B_DATA_INST/A[20] (clocked by clk). Large setup violations at the end of those stages might be difficult to fix during the post-placement implementation flow and could be the result of non-optimal XDC constraints or non-optimal design architecture
Related violations: <none>

TIMING-16#102 Warning
Large setup violation  
There is a large setup violation of -1.009 ns between gen_olanes[22].u_mat_mem/mem_array_reg/CLKARDCLK (clocked by clk) and gen_olanes[22].mat_lane_reg[22][63]/D (clocked by clk). Large setup violations at the end of those stages might be difficult to fix during the post-placement implementation flow and could be the result of non-optimal XDC constraints or non-optimal design architecture
Related violations: <none>

TIMING-16#103 Warning
Large setup violation  
There is a large setup violation of -1.009 ns between gen_olanes[40].u_dot8/sum_stage1_reg[1][1]/C (clocked by clk) and gen_olanes[40].u_dot8/sum_stage2_reg[0][17]/D (clocked by clk). Large setup violations at the end of those stages might be difficult to fix during the post-placement implementation flow and could be the result of non-optimal XDC constraints or non-optimal design architecture
Related violations: <none>

TIMING-16#104 Warning
Large setup violation  
There is a large setup violation of -1.009 ns between gen_olanes[52].u_dot8/sum_stage3_reg[18]/C (clocked by clk) and gen_olanes[52].u_accum/dsp_accum_i/DSP_C_DATA_INST/C[47] (clocked by clk). Large setup violations at the end of those stages might be difficult to fix during the post-placement implementation flow and could be the result of non-optimal XDC constraints or non-optimal design architecture
Related violations: <none>

TIMING-16#105 Warning
Large setup violation  
There is a large setup violation of -1.009 ns between u_vec_mem/mem_array_reg/CLKARDCLK (clocked by clk) and gen_olanes[0].vec_lane_reg[0][47]_replica_15/D (clocked by clk). Large setup violations at the end of those stages might be difficult to fix during the post-placement implementation flow and could be the result of non-optimal XDC constraints or non-optimal design architecture
Related violations: <none>

TIMING-16#106 Warning
Large setup violation  
There is a large setup violation of -1.010 ns between gen_olanes[0].vec_lane_reg[0][47]_replica_2/C (clocked by clk) and gen_olanes[72].u_dot8/gen_dsp_mult[5].u_mult/dsp_i/DSP_A_B_DATA_INST/A[25] (clocked by clk). Large setup violations at the end of those stages might be difficult to fix during the post-placement implementation flow and could be the result of non-optimal XDC constraints or non-optimal design architecture
Related violations: <none>

TIMING-16#107 Warning
Large setup violation  
There is a large setup violation of -1.010 ns between gen_olanes[0].vec_lane_reg[0][62]_replica_4/C (clocked by clk) and gen_olanes[0].vec_lane_reg[0][62]_replica_4_psdsp/D (clocked by clk). Large setup violations at the end of those stages might be difficult to fix during the post-placement implementation flow and could be the result of non-optimal XDC constraints or non-optimal design architecture
Related violations: <none>

TIMING-16#108 Warning
Large setup violation  
There is a large setup violation of -1.010 ns between gen_olanes[0].vec_lane_reg[0][63]/C (clocked by clk) and gen_olanes[103].u_dot8/gen_dsp_mult[7].u_mult/dsp_i/DSP_A_B_DATA_INST/A[20] (clocked by clk). Large setup violations at the end of those stages might be difficult to fix during the post-placement implementation flow and could be the result of non-optimal XDC constraints or non-optimal design architecture
Related violations: <none>

TIMING-16#109 Warning
Large setup violation  
There is a large setup violation of -1.010 ns between gen_olanes[0].vec_lane_reg[0][63]/C (clocked by clk) and gen_olanes[39].u_dot8/gen_dsp_mult[7].u_mult/dsp_i/DSP_A_B_DATA_INST/A[11] (clocked by clk). Large setup violations at the end of those stages might be difficult to fix during the post-placement implementation flow and could be the result of non-optimal XDC constraints or non-optimal design architecture
Related violations: <none>

TIMING-16#110 Warning
Large setup violation  
There is a large setup violation of -1.010 ns between gen_olanes[45].u_dot8/sum_stage2_reg[1][0]/C (clocked by clk) and gen_olanes[45].u_dot8/sum_stage3_reg[14]/D (clocked by clk). Large setup violations at the end of those stages might be difficult to fix during the post-placement implementation flow and could be the result of non-optimal XDC constraints or non-optimal design architecture
Related violations: <none>

TIMING-16#111 Warning
Large setup violation  
There is a large setup violation of -1.010 ns between gen_olanes[52].u_dot8/sum_stage3_reg[18]/C (clocked by clk) and gen_olanes[52].u_accum/dsp_accum_i/DSP_C_DATA_INST/C[31] (clocked by clk). Large setup violations at the end of those stages might be difficult to fix during the post-placement implementation flow and could be the result of non-optimal XDC constraints or non-optimal design architecture
Related violations: <none>

TIMING-16#112 Warning
Large setup violation  
There is a large setup violation of -1.011 ns between gen_olanes[0].vec_lane_reg[0][7]/C (clocked by clk) and gen_olanes[122].u_dot8/gen_dsp_mult[0].u_mult/dsp_i/DSP_A_B_DATA_INST/A[26] (clocked by clk). Large setup violations at the end of those stages might be difficult to fix during the post-placement implementation flow and could be the result of non-optimal XDC constraints or non-optimal design architecture
Related violations: <none>

TIMING-16#113 Warning
Large setup violation  
There is a large setup violation of -1.011 ns between gen_olanes[113].mat_lane_reg[113][55]/C (clocked by clk) and gen_olanes[113].u_dot8/gen_dsp_mult[6].u_mult/dsp_i/DSP_A_B_DATA_INST/B[14] (clocked by clk). Large setup violations at the end of those stages might be difficult to fix during the post-placement implementation flow and could be the result of non-optimal XDC constraints or non-optimal design architecture
Related violations: <none>

TIMING-16#114 Warning
Large setup violation  
There is a large setup violation of -1.011 ns between gen_olanes[113].mat_lane_reg[113][55]/C (clocked by clk) and gen_olanes[113].u_dot8/gen_dsp_mult[6].u_mult/dsp_i/DSP_A_B_DATA_INST/B[15] (clocked by clk). Large setup violations at the end of those stages might be difficult to fix during the post-placement implementation flow and could be the result of non-optimal XDC constraints or non-optimal design architecture
Related violations: <none>

TIMING-16#115 Warning
Large setup violation  
There is a large setup violation of -1.011 ns between gen_olanes[126].mat_lane_reg[126][51]/C (clocked by clk) and gen_olanes[126].u_dot8/gen_dsp_mult[6].u_mult/dsp_i/DSP_A_B_DATA_INST/B[3] (clocked by clk). Large setup violations at the end of those stages might be difficult to fix during the post-placement implementation flow and could be the result of non-optimal XDC constraints or non-optimal design architecture
Related violations: <none>

TIMING-16#116 Warning
Large setup violation  
There is a large setup violation of -1.011 ns between gen_olanes[28].u_dot8/sum_stage3_reg[18]/C (clocked by clk) and gen_olanes[28].u_accum/dsp_accum_i/DSP_C_DATA_INST/C[36] (clocked by clk). Large setup violations at the end of those stages might be difficult to fix during the post-placement implementation flow and could be the result of non-optimal XDC constraints or non-optimal design architecture
Related violations: <none>

TIMING-16#117 Warning
Large setup violation  
There is a large setup violation of -1.011 ns between gen_olanes[33].u_dot8/sum_stage2_reg[0][5]/C (clocked by clk) and gen_olanes[33].u_dot8/sum_stage3_reg[15]/D (clocked by clk). Large setup violations at the end of those stages might be difficult to fix during the post-placement implementation flow and could be the result of non-optimal XDC constraints or non-optimal design architecture
Related violations: <none>

TIMING-16#118 Warning
Large setup violation  
There is a large setup violation of -1.011 ns between gen_olanes[66].u_mat_mem/mem_array_reg/CLKARDCLK (clocked by clk) and gen_olanes[66].mat_lane_reg[66][16]/D (clocked by clk). Large setup violations at the end of those stages might be difficult to fix during the post-placement implementation flow and could be the result of non-optimal XDC constraints or non-optimal design architecture
Related violations: <none>

TIMING-16#119 Warning
Large setup violation  
There is a large setup violation of -1.011 ns between gen_olanes[98].u_mat_mem/mem_array_reg/CLKARDCLK (clocked by clk) and gen_olanes[98].mat_lane_reg[98][47]/D (clocked by clk). Large setup violations at the end of those stages might be difficult to fix during the post-placement implementation flow and could be the result of non-optimal XDC constraints or non-optimal design architecture
Related violations: <none>

TIMING-16#120 Warning
Large setup violation  
There is a large setup violation of -1.012 ns between gen_olanes[0].vec_lane_reg[0][39]/C (clocked by clk) and gen_olanes[103].u_dot8/gen_dsp_mult[4].u_mult/dsp_i/DSP_A_B_DATA_INST/A[8] (clocked by clk). Large setup violations at the end of those stages might be difficult to fix during the post-placement implementation flow and could be the result of non-optimal XDC constraints or non-optimal design architecture
Related violations: <none>

TIMING-16#121 Warning
Large setup violation  
There is a large setup violation of -1.012 ns between gen_olanes[0].vec_lane_reg[0][55]_replica_2/C (clocked by clk) and gen_olanes[70].u_dot8/gen_dsp_mult[6].u_mult/dsp_i/DSP_A_B_DATA_INST/A[16] (clocked by clk). Large setup violations at the end of those stages might be difficult to fix during the post-placement implementation flow and could be the result of non-optimal XDC constraints or non-optimal design architecture
Related violations: <none>

TIMING-16#122 Warning
Large setup violation  
There is a large setup violation of -1.012 ns between gen_olanes[0].vec_lane_reg[0][58]_replica_7/C (clocked by clk) and gen_olanes[3].u_dot8/gen_dsp_mult[7].u_mult/dsp_i/DSP_A_B_DATA_INST/A[2] (clocked by clk). Large setup violations at the end of those stages might be difficult to fix during the post-placement implementation flow and could be the result of non-optimal XDC constraints or non-optimal design architecture
Related violations: <none>

TIMING-16#123 Warning
Large setup violation  
There is a large setup violation of -1.012 ns between gen_olanes[105].u_mat_mem/mem_array_reg/CLKARDCLK (clocked by clk) and gen_olanes[105].mat_lane_reg[105][23]/D (clocked by clk). Large setup violations at the end of those stages might be difficult to fix during the post-placement implementation flow and could be the result of non-optimal XDC constraints or non-optimal design architecture
Related violations: <none>

TIMING-16#124 Warning
Large setup violation  
There is a large setup violation of -1.012 ns between gen_olanes[32].u_dot8/sum_stage2_reg[0][0]/C (clocked by clk) and gen_olanes[32].u_dot8/sum_stage3_reg[18]/D (clocked by clk). Large setup violations at the end of those stages might be difficult to fix during the post-placement implementation flow and could be the result of non-optimal XDC constraints or non-optimal design architecture
Related violations: <none>

TIMING-16#125 Warning
Large setup violation  
There is a large setup violation of -1.012 ns between gen_olanes[33].u_dot8/sum_stage2_reg[0][5]/C (clocked by clk) and gen_olanes[33].u_dot8/sum_stage3_reg[16]/D (clocked by clk). Large setup violations at the end of those stages might be difficult to fix during the post-placement implementation flow and could be the result of non-optimal XDC constraints or non-optimal design architecture
Related violations: <none>

TIMING-16#126 Warning
Large setup violation  
There is a large setup violation of -1.012 ns between gen_olanes[43].u_dot8/sum_stage3_reg[18]/C (clocked by clk) and gen_olanes[43].u_accum/dsp_accum_i/DSP_C_DATA_INST/C[28] (clocked by clk). Large setup violations at the end of those stages might be difficult to fix during the post-placement implementation flow and could be the result of non-optimal XDC constraints or non-optimal design architecture
Related violations: <none>

TIMING-16#127 Warning
Large setup violation  
There is a large setup violation of -1.012 ns between gen_olanes[43].u_dot8/sum_stage3_reg[18]/C (clocked by clk) and gen_olanes[43].u_accum/dsp_accum_i/DSP_C_DATA_INST/C[37] (clocked by clk). Large setup violations at the end of those stages might be difficult to fix during the post-placement implementation flow and could be the result of non-optimal XDC constraints or non-optimal design architecture
Related violations: <none>

TIMING-16#128 Warning
Large setup violation  
There is a large setup violation of -1.012 ns between gen_olanes[47].u_dot8/sum_stage3_reg[7]/C (clocked by clk) and gen_olanes[47].u_accum/dsp_accum_i/DSP_C_DATA_INST/C[7] (clocked by clk). Large setup violations at the end of those stages might be difficult to fix during the post-placement implementation flow and could be the result of non-optimal XDC constraints or non-optimal design architecture
Related violations: <none>

TIMING-16#129 Warning
Large setup violation  
There is a large setup violation of -1.012 ns between gen_olanes[61].u_dot8/sum_stage2_reg[0][0]/C (clocked by clk) and gen_olanes[61].u_dot8/sum_stage3_reg[10]/D (clocked by clk). Large setup violations at the end of those stages might be difficult to fix during the post-placement implementation flow and could be the result of non-optimal XDC constraints or non-optimal design architecture
Related violations: <none>

TIMING-16#130 Warning
Large setup violation  
There is a large setup violation of -1.012 ns between gen_olanes[66].mat_lane_reg[66][23]/C (clocked by clk) and gen_olanes[66].u_dot8/gen_dsp_mult[2].u_mult/dsp_i/DSP_A_B_DATA_INST/B[9] (clocked by clk). Large setup violations at the end of those stages might be difficult to fix during the post-placement implementation flow and could be the result of non-optimal XDC constraints or non-optimal design architecture
Related violations: <none>

TIMING-16#131 Warning
Large setup violation  
There is a large setup violation of -1.012 ns between gen_olanes[95].u_mat_mem/mem_array_reg/CLKARDCLK (clocked by clk) and gen_olanes[95].mat_lane_reg[95][31]/D (clocked by clk). Large setup violations at the end of those stages might be difficult to fix during the post-placement implementation flow and could be the result of non-optimal XDC constraints or non-optimal design architecture
Related violations: <none>

TIMING-16#132 Warning
Large setup violation  
There is a large setup violation of -1.012 ns between u_vec_mem/mem_array_reg/CLKARDCLK (clocked by clk) and gen_olanes[0].vec_lane_reg[0][45]_replica_5/D (clocked by clk). Large setup violations at the end of those stages might be difficult to fix during the post-placement implementation flow and could be the result of non-optimal XDC constraints or non-optimal design architecture
Related violations: <none>

TIMING-16#133 Warning
Large setup violation  
There is a large setup violation of -1.013 ns between gen_olanes[0].vec_lane_reg[0][63]_replica/C (clocked by clk) and gen_olanes[92].u_dot8/gen_dsp_mult[7].u_mult/dsp_i/DSP_A_B_DATA_INST/A[28] (clocked by clk). Large setup violations at the end of those stages might be difficult to fix during the post-placement implementation flow and could be the result of non-optimal XDC constraints or non-optimal design architecture
Related violations: <none>

TIMING-16#134 Warning
Large setup violation  
There is a large setup violation of -1.013 ns between gen_olanes[45].u_dot8/sum_stage2_reg[1][0]/C (clocked by clk) and gen_olanes[45].u_dot8/sum_stage3_reg[13]/D (clocked by clk). Large setup violations at the end of those stages might be difficult to fix during the post-placement implementation flow and could be the result of non-optimal XDC constraints or non-optimal design architecture
Related violations: <none>

TIMING-16#135 Warning
Large setup violation  
There is a large setup violation of -1.013 ns between gen_olanes[52].u_dot8/sum_stage3_reg[18]/C (clocked by clk) and gen_olanes[52].u_accum/dsp_accum_i/DSP_C_DATA_INST/C[25] (clocked by clk). Large setup violations at the end of those stages might be difficult to fix during the post-placement implementation flow and could be the result of non-optimal XDC constraints or non-optimal design architecture
Related violations: <none>

TIMING-16#136 Warning
Large setup violation  
There is a large setup violation of -1.013 ns between gen_olanes[53].u_mat_mem/mem_array_reg/CLKARDCLK (clocked by clk) and gen_olanes[53].mat_lane_reg[53][63]/D (clocked by clk). Large setup violations at the end of those stages might be difficult to fix during the post-placement implementation flow and could be the result of non-optimal XDC constraints or non-optimal design architecture
Related violations: <none>

TIMING-16#137 Warning
Large setup violation  
There is a large setup violation of -1.013 ns between u_vec_mem/mem_array_reg/CLKARDCLK (clocked by clk) and gen_olanes[0].vec_lane_reg[0][42]/D (clocked by clk). Large setup violations at the end of those stages might be difficult to fix during the post-placement implementation flow and could be the result of non-optimal XDC constraints or non-optimal design architecture
Related violations: <none>

TIMING-16#138 Warning
Large setup violation  
There is a large setup violation of -1.014 ns between first_pipe_reg[8][6]_replica_1/C (clocked by clk) and gen_olanes[35].u_accum/dsp_accum_i/DSP_ALU_INST/OPMODE[3] (clocked by clk). Large setup violations at the end of those stages might be difficult to fix during the post-placement implementation flow and could be the result of non-optimal XDC constraints or non-optimal design architecture
Related violations: <none>

TIMING-16#139 Warning
Large setup violation  
There is a large setup violation of -1.014 ns between gen_olanes[0].vec_lane_reg[0][0]_replica/C (clocked by clk) and gen_olanes[2].u_dot8/gen_dsp_mult[0].u_mult/dsp_i/DSP_A_B_DATA_INST/A[0] (clocked by clk). Large setup violations at the end of those stages might be difficult to fix during the post-placement implementation flow and could be the result of non-optimal XDC constraints or non-optimal design architecture
Related violations: <none>

TIMING-16#140 Warning
Large setup violation  
There is a large setup violation of -1.014 ns between gen_olanes[0].vec_lane_reg[0][39]/C (clocked by clk) and gen_olanes[103].u_dot8/gen_dsp_mult[4].u_mult/dsp_i/DSP_A_B_DATA_INST/A[9] (clocked by clk). Large setup violations at the end of those stages might be difficult to fix during the post-placement implementation flow and could be the result of non-optimal XDC constraints or non-optimal design architecture
Related violations: <none>

TIMING-16#141 Warning
Large setup violation  
There is a large setup violation of -1.014 ns between gen_olanes[0].vec_lane_reg[0][63]/C (clocked by clk) and gen_olanes[39].u_dot8/gen_dsp_mult[7].u_mult/dsp_i/DSP_A_B_DATA_INST/A[13] (clocked by clk). Large setup violations at the end of those stages might be difficult to fix during the post-placement implementation flow and could be the result of non-optimal XDC constraints or non-optimal design architecture
Related violations: <none>

TIMING-16#142 Warning
Large setup violation  
There is a large setup violation of -1.014 ns between gen_olanes[29].u_dot8/sum_stage3_reg[18]/C (clocked by clk) and gen_olanes[29].u_accum/dsp_accum_i/DSP_C_DATA_INST/C[37] (clocked by clk). Large setup violations at the end of those stages might be difficult to fix during the post-placement implementation flow and could be the result of non-optimal XDC constraints or non-optimal design architecture
Related violations: <none>

TIMING-16#143 Warning
Large setup violation  
There is a large setup violation of -1.014 ns between gen_olanes[3].mat_lane_reg[3][22]/C (clocked by clk) and gen_olanes[3].u_dot8/gen_dsp_mult[2].u_mult/dsp_i/DSP_A_B_DATA_INST/B[6] (clocked by clk). Large setup violations at the end of those stages might be difficult to fix during the post-placement implementation flow and could be the result of non-optimal XDC constraints or non-optimal design architecture
Related violations: <none>

TIMING-16#144 Warning
Large setup violation  
There is a large setup violation of -1.014 ns between gen_olanes[47].u_dot8/sum_stage3_reg[10]/C (clocked by clk) and gen_olanes[47].u_accum/dsp_accum_i/DSP_C_DATA_INST/C[10] (clocked by clk). Large setup violations at the end of those stages might be difficult to fix during the post-placement implementation flow and could be the result of non-optimal XDC constraints or non-optimal design architecture
Related violations: <none>

TIMING-16#145 Warning
Large setup violation  
There is a large setup violation of -1.014 ns between gen_olanes[48].u_dot8/sum_stage3_reg[18]/C (clocked by clk) and gen_olanes[48].u_accum/dsp_accum_i/DSP_C_DATA_INST/C[36] (clocked by clk). Large setup violations at the end of those stages might be difficult to fix during the post-placement implementation flow and could be the result of non-optimal XDC constraints or non-optimal design architecture
Related violations: <none>

TIMING-16#146 Warning
Large setup violation  
There is a large setup violation of -1.014 ns between gen_olanes[85].u_mat_mem/mem_array_reg/CLKARDCLK (clocked by clk) and gen_olanes[85].mat_lane_reg[85][31]/D (clocked by clk). Large setup violations at the end of those stages might be difficult to fix during the post-placement implementation flow and could be the result of non-optimal XDC constraints or non-optimal design architecture
Related violations: <none>

TIMING-16#147 Warning
Large setup violation  
There is a large setup violation of -1.014 ns between u_vec_mem/mem_array_reg/CLKARDCLK (clocked by clk) and gen_olanes[0].vec_lane_reg[0][32]_replica_6/D (clocked by clk). Large setup violations at the end of those stages might be difficult to fix during the post-placement implementation flow and could be the result of non-optimal XDC constraints or non-optimal design architecture
Related violations: <none>

TIMING-16#148 Warning
Large setup violation  
There is a large setup violation of -1.015 ns between gen_olanes[0].vec_lane_reg[0][15]_replica_17/C (clocked by clk) and gen_olanes[85].u_dot8/gen_dsp_mult[1].u_mult/dsp_i/DSP_A_B_DATA_INST/A[15] (clocked by clk). Large setup violations at the end of those stages might be difficult to fix during the post-placement implementation flow and could be the result of non-optimal XDC constraints or non-optimal design architecture
Related violations: <none>

TIMING-16#149 Warning
Large setup violation  
There is a large setup violation of -1.015 ns between gen_olanes[0].vec_lane_reg[0][38]_replica_4/C (clocked by clk) and gen_olanes[7].u_dot8/gen_dsp_mult[4].u_mult/dsp_i/DSP_A_B_DATA_INST/A[6] (clocked by clk). Large setup violations at the end of those stages might be difficult to fix during the post-placement implementation flow and could be the result of non-optimal XDC constraints or non-optimal design architecture
Related violations: <none>

TIMING-16#150 Warning
Large setup violation  
There is a large setup violation of -1.015 ns between gen_olanes[0].vec_lane_reg[0][39]/C (clocked by clk) and gen_olanes[103].u_dot8/gen_dsp_mult[4].u_mult/dsp_i/DSP_A_B_DATA_INST/A[7] (clocked by clk). Large setup violations at the end of those stages might be difficult to fix during the post-placement implementation flow and could be the result of non-optimal XDC constraints or non-optimal design architecture
Related violations: <none>

TIMING-16#151 Warning
Large setup violation  
There is a large setup violation of -1.015 ns between gen_olanes[0].vec_lane_reg[0][39]/C (clocked by clk) and gen_olanes[46].u_dot8/gen_dsp_mult[4].u_mult/dsp_i/DSP_A_B_DATA_INST/A[22] (clocked by clk). Large setup violations at the end of those stages might be difficult to fix during the post-placement implementation flow and could be the result of non-optimal XDC constraints or non-optimal design architecture
Related violations: <none>

TIMING-16#152 Warning
Large setup violation  
There is a large setup violation of -1.015 ns between gen_olanes[0].vec_lane_reg[0][62]_replica_7/C (clocked by clk) and gen_olanes[65].u_dot8/gen_dsp_mult[7].u_mult/dsp_i/DSP_A_B_DATA_INST/A[6] (clocked by clk). Large setup violations at the end of those stages might be difficult to fix during the post-placement implementation flow and could be the result of non-optimal XDC constraints or non-optimal design architecture
Related violations: <none>

TIMING-16#153 Warning
Large setup violation  
There is a large setup violation of -1.015 ns between gen_olanes[113].mat_lane_reg[113][55]/C (clocked by clk) and gen_olanes[113].u_dot8/gen_dsp_mult[6].u_mult/dsp_i/DSP_A_B_DATA_INST/B[12] (clocked by clk). Large setup violations at the end of those stages might be difficult to fix during the post-placement implementation flow and could be the result of non-optimal XDC constraints or non-optimal design architecture
Related violations: <none>

TIMING-16#154 Warning
Large setup violation  
There is a large setup violation of -1.015 ns between gen_olanes[117].u_mat_mem/mem_array_reg/CLKARDCLK (clocked by clk) and gen_olanes[117].mat_lane_reg[117][39]/D (clocked by clk). Large setup violations at the end of those stages might be difficult to fix during the post-placement implementation flow and could be the result of non-optimal XDC constraints or non-optimal design architecture
Related violations: <none>

TIMING-16#155 Warning
Large setup violation  
There is a large setup violation of -1.015 ns between gen_olanes[93].u_mat_mem/mem_array_reg/CLKARDCLK (clocked by clk) and gen_olanes[93].mat_lane_reg[93][3]/D (clocked by clk). Large setup violations at the end of those stages might be difficult to fix during the post-placement implementation flow and could be the result of non-optimal XDC constraints or non-optimal design architecture
Related violations: <none>

TIMING-16#156 Warning
Large setup violation  
There is a large setup violation of -1.015 ns between u_vec_mem/mem_array_reg/CLKARDCLK (clocked by clk) and gen_olanes[0].vec_lane_reg[0][59]_replica_8/D (clocked by clk). Large setup violations at the end of those stages might be difficult to fix during the post-placement implementation flow and could be the result of non-optimal XDC constraints or non-optimal design architecture
Related violations: <none>

TIMING-16#157 Warning
Large setup violation  
There is a large setup violation of -1.016 ns between gen_olanes[0].vec_lane_reg[0][47]_replica_9/C (clocked by clk) and gen_olanes[89].u_dot8/gen_dsp_mult[5].u_mult/dsp_i/DSP_A_B_DATA_INST/A[7] (clocked by clk). Large setup violations at the end of those stages might be difficult to fix during the post-placement implementation flow and could be the result of non-optimal XDC constraints or non-optimal design architecture
Related violations: <none>

TIMING-16#158 Warning
Large setup violation  
There is a large setup violation of -1.016 ns between gen_olanes[0].vec_lane_reg[0][62]_replica_4/C (clocked by clk) and gen_olanes[49].u_dot8/gen_dsp_mult[7].u_mult/dsp_i/DSP_A_B_DATA_INST/A[6] (clocked by clk). Large setup violations at the end of those stages might be difficult to fix during the post-placement implementation flow and could be the result of non-optimal XDC constraints or non-optimal design architecture
Related violations: <none>

TIMING-16#159 Warning
Large setup violation  
There is a large setup violation of -1.016 ns between gen_olanes[34].u_dot8/sum_stage2_reg[1][4]/C (clocked by clk) and gen_olanes[34].u_dot8/sum_stage3_reg[9]/D (clocked by clk). Large setup violations at the end of those stages might be difficult to fix during the post-placement implementation flow and could be the result of non-optimal XDC constraints or non-optimal design architecture
Related violations: <none>

TIMING-16#160 Warning
Large setup violation  
There is a large setup violation of -1.016 ns between gen_olanes[42].u_dot8/sum_stage1_reg[2][1]/C (clocked by clk) and gen_olanes[42].u_dot8/sum_stage2_reg[1][17]/D (clocked by clk). Large setup violations at the end of those stages might be difficult to fix during the post-placement implementation flow and could be the result of non-optimal XDC constraints or non-optimal design architecture
Related violations: <none>

TIMING-16#161 Warning
Large setup violation  
There is a large setup violation of -1.016 ns between gen_olanes[43].u_dot8/gen_dsp_mult[7].u_mult/dsp_i/DSP_OUTPUT_INST/CLK (clocked by clk) and gen_olanes[43].u_dot8/sum_stage1_reg[3][14]/D (clocked by clk). Large setup violations at the end of those stages might be difficult to fix during the post-placement implementation flow and could be the result of non-optimal XDC constraints or non-optimal design architecture
Related violations: <none>

TIMING-16#162 Warning
Large setup violation  
There is a large setup violation of -1.016 ns between gen_olanes[66].u_dot8/sum_stage2_reg[0][0]/C (clocked by clk) and gen_olanes[66].u_dot8/sum_stage3_reg[15]/D (clocked by clk). Large setup violations at the end of those stages might be difficult to fix during the post-placement implementation flow and could be the result of non-optimal XDC constraints or non-optimal design architecture
Related violations: <none>

TIMING-16#163 Warning
Large setup violation  
There is a large setup violation of -1.016 ns between gen_olanes[66].u_dot8/sum_stage2_reg[0][0]/C (clocked by clk) and gen_olanes[66].u_dot8/sum_stage3_reg[16]/D (clocked by clk). Large setup violations at the end of those stages might be difficult to fix during the post-placement implementation flow and could be the result of non-optimal XDC constraints or non-optimal design architecture
Related violations: <none>

TIMING-16#164 Warning
Large setup violation  
There is a large setup violation of -1.016 ns between gen_olanes[78].u_dot8/sum_stage3_reg[12]/C (clocked by clk) and gen_olanes[78].u_dot8/sum_stage3_reg[12]_psdsp/D (clocked by clk). Large setup violations at the end of those stages might be difficult to fix during the post-placement implementation flow and could be the result of non-optimal XDC constraints or non-optimal design architecture
Related violations: <none>

TIMING-16#165 Warning
Large setup violation  
There is a large setup violation of -1.016 ns between u_vec_mem/mem_array_reg/CLKARDCLK (clocked by clk) and gen_olanes[0].vec_lane_reg[0][15]_replica_1/D (clocked by clk). Large setup violations at the end of those stages might be difficult to fix during the post-placement implementation flow and could be the result of non-optimal XDC constraints or non-optimal design architecture
Related violations: <none>

TIMING-16#166 Warning
Large setup violation  
There is a large setup violation of -1.016 ns between u_vec_mem/mem_array_reg/CLKARDCLK (clocked by clk) and gen_olanes[0].vec_lane_reg[0][36]_replica_2/D (clocked by clk). Large setup violations at the end of those stages might be difficult to fix during the post-placement implementation flow and could be the result of non-optimal XDC constraints or non-optimal design architecture
Related violations: <none>

TIMING-16#167 Warning
Large setup violation  
There is a large setup violation of -1.016 ns between u_vec_mem/mem_array_reg/CLKARDCLK (clocked by clk) and gen_olanes[0].vec_lane_reg[0][55]_replica_12/D (clocked by clk). Large setup violations at the end of those stages might be difficult to fix during the post-placement implementation flow and could be the result of non-optimal XDC constraints or non-optimal design architecture
Related violations: <none>

TIMING-16#168 Warning
Large setup violation  
There is a large setup violation of -1.017 ns between gen_olanes[0].vec_lane_reg[0][55]_replica_4/C (clocked by clk) and gen_olanes[7].u_dot8/gen_dsp_mult[6].u_mult/dsp_i/DSP_A_B_DATA_INST/A[22] (clocked by clk). Large setup violations at the end of those stages might be difficult to fix during the post-placement implementation flow and could be the result of non-optimal XDC constraints or non-optimal design architecture
Related violations: <none>

TIMING-16#169 Warning
Large setup violation  
There is a large setup violation of -1.017 ns between gen_olanes[0].vec_lane_reg[0][62]_replica_4/C (clocked by clk) and gen_olanes[91].u_dot8/gen_dsp_mult[7].u_mult/dsp_i/DSP_A_B_DATA_INST/A[6] (clocked by clk). Large setup violations at the end of those stages might be difficult to fix during the post-placement implementation flow and could be the result of non-optimal XDC constraints or non-optimal design architecture
Related violations: <none>

TIMING-16#170 Warning
Large setup violation  
There is a large setup violation of -1.017 ns between gen_olanes[33].mat_lane_reg[33][58]/C (clocked by clk) and gen_olanes[33].u_dot8/gen_dsp_mult[7].u_mult/dsp_i/DSP_A_B_DATA_INST/B[2] (clocked by clk). Large setup violations at the end of those stages might be difficult to fix during the post-placement implementation flow and could be the result of non-optimal XDC constraints or non-optimal design architecture
Related violations: <none>

TIMING-16#171 Warning
Large setup violation  
There is a large setup violation of -1.017 ns between gen_olanes[66].u_mat_mem/mem_array_reg/CLKARDCLK (clocked by clk) and gen_olanes[66].mat_lane_reg[66][27]/D (clocked by clk). Large setup violations at the end of those stages might be difficult to fix during the post-placement implementation flow and could be the result of non-optimal XDC constraints or non-optimal design architecture
Related violations: <none>

TIMING-16#172 Warning
Large setup violation  
There is a large setup violation of -1.017 ns between u_vec_mem/mem_array_reg/CLKARDCLK (clocked by clk) and gen_olanes[0].vec_lane_reg[0][53]/D (clocked by clk). Large setup violations at the end of those stages might be difficult to fix during the post-placement implementation flow and could be the result of non-optimal XDC constraints or non-optimal design architecture
Related violations: <none>

TIMING-16#173 Warning
Large setup violation  
There is a large setup violation of -1.017 ns between u_vec_mem/mem_array_reg/CLKARDCLK (clocked by clk) and gen_olanes[0].vec_lane_reg[0][9]_replica_4/D (clocked by clk). Large setup violations at the end of those stages might be difficult to fix during the post-placement implementation flow and could be the result of non-optimal XDC constraints or non-optimal design architecture
Related violations: <none>

TIMING-16#174 Warning
Large setup violation  
There is a large setup violation of -1.018 ns between first_pipe_reg[8][6]_replica_1/C (clocked by clk) and gen_olanes[4].u_accum/dsp_accum_i/DSP_ALU_INST/OPMODE[3] (clocked by clk). Large setup violations at the end of those stages might be difficult to fix during the post-placement implementation flow and could be the result of non-optimal XDC constraints or non-optimal design architecture
Related violations: <none>

TIMING-16#175 Warning
Large setup violation  
There is a large setup violation of -1.018 ns between gen_olanes[0].vec_lane_reg[0][39]/C (clocked by clk) and gen_olanes[17].u_dot8/gen_dsp_mult[4].u_mult/dsp_i/DSP_A_B_DATA_INST/A[14] (clocked by clk). Large setup violations at the end of those stages might be difficult to fix during the post-placement implementation flow and could be the result of non-optimal XDC constraints or non-optimal design architecture
Related violations: <none>

TIMING-16#176 Warning
Large setup violation  
There is a large setup violation of -1.018 ns between gen_olanes[0].vec_lane_reg[0][55]_replica_4/C (clocked by clk) and gen_olanes[82].u_dot8/gen_dsp_mult[6].u_mult/dsp_i/DSP_A_B_DATA_INST/A[28] (clocked by clk). Large setup violations at the end of those stages might be difficult to fix during the post-placement implementation flow and could be the result of non-optimal XDC constraints or non-optimal design architecture
Related violations: <none>

TIMING-16#177 Warning
Large setup violation  
There is a large setup violation of -1.018 ns between gen_olanes[0].vec_lane_reg[0][63]/C (clocked by clk) and gen_olanes[96].u_dot8/gen_dsp_mult[7].u_mult/dsp_i/DSP_A_B_DATA_INST/A[16] (clocked by clk). Large setup violations at the end of those stages might be difficult to fix during the post-placement implementation flow and could be the result of non-optimal XDC constraints or non-optimal design architecture
Related violations: <none>

TIMING-16#178 Warning
Large setup violation  
There is a large setup violation of -1.018 ns between gen_olanes[0].vec_lane_reg[0][63]_replica_6/C (clocked by clk) and gen_olanes[85].u_dot8/gen_dsp_mult[7].u_mult/dsp_i/DSP_A_B_DATA_INST/A[26] (clocked by clk). Large setup violations at the end of those stages might be difficult to fix during the post-placement implementation flow and could be the result of non-optimal XDC constraints or non-optimal design architecture
Related violations: <none>

TIMING-16#179 Warning
Large setup violation  
There is a large setup violation of -1.018 ns between gen_olanes[3].u_dot8/sum_stage2_reg[0][2]/C (clocked by clk) and gen_olanes[3].u_dot8/sum_stage3_reg[14]/D (clocked by clk). Large setup violations at the end of those stages might be difficult to fix during the post-placement implementation flow and could be the result of non-optimal XDC constraints or non-optimal design architecture
Related violations: <none>

TIMING-16#180 Warning
Large setup violation  
There is a large setup violation of -1.018 ns between gen_olanes[44].u_dot8/gen_dsp_mult[4].u_mult/dsp_i/DSP_OUTPUT_INST/CLK (clocked by clk) and gen_olanes[44].u_dot8/sum_stage1_reg[2][14]/D (clocked by clk). Large setup violations at the end of those stages might be difficult to fix during the post-placement implementation flow and could be the result of non-optimal XDC constraints or non-optimal design architecture
Related violations: <none>

TIMING-16#181 Warning
Large setup violation  
There is a large setup violation of -1.018 ns between gen_olanes[52].u_dot8/sum_stage3_reg[13]/C (clocked by clk) and gen_olanes[52].u_accum/dsp_accum_i/DSP_C_DATA_INST/C[13] (clocked by clk). Large setup violations at the end of those stages might be difficult to fix during the post-placement implementation flow and could be the result of non-optimal XDC constraints or non-optimal design architecture
Related violations: <none>

TIMING-16#182 Warning
Large setup violation  
There is a large setup violation of -1.018 ns between valid_pipe_reg[8][5]/C (clocked by clk) and valid_pipe_reg[8][6]_rep__8_replica_1/D (clocked by clk). Large setup violations at the end of those stages might be difficult to fix during the post-placement implementation flow and could be the result of non-optimal XDC constraints or non-optimal design architecture
Related violations: <none>

TIMING-16#183 Warning
Large setup violation  
There is a large setup violation of -1.019 ns between first_pipe_reg[8][6]_replica_1/C (clocked by clk) and gen_olanes[56].u_accum/dsp_accum_i/DSP_ALU_INST/OPMODE[2] (clocked by clk). Large setup violations at the end of those stages might be difficult to fix during the post-placement implementation flow and could be the result of non-optimal XDC constraints or non-optimal design architecture
Related violations: <none>

TIMING-16#184 Warning
Large setup violation  
There is a large setup violation of -1.019 ns between gen_olanes[0].vec_lane_reg[0][39]/C (clocked by clk) and gen_olanes[96].u_dot8/gen_dsp_mult[4].u_mult/dsp_i/DSP_A_B_DATA_INST/A[28] (clocked by clk). Large setup violations at the end of those stages might be difficult to fix during the post-placement implementation flow and could be the result of non-optimal XDC constraints or non-optimal design architecture
Related violations: <none>

TIMING-16#185 Warning
Large setup violation  
There is a large setup violation of -1.019 ns between gen_olanes[0].vec_lane_reg[0][54]_replica_3/C (clocked by clk) and gen_olanes[110].u_dot8/gen_dsp_mult[6].u_mult/dsp_i/DSP_A_B_DATA_INST/A[6] (clocked by clk). Large setup violations at the end of those stages might be difficult to fix during the post-placement implementation flow and could be the result of non-optimal XDC constraints or non-optimal design architecture
Related violations: <none>

TIMING-16#186 Warning
Large setup violation  
There is a large setup violation of -1.019 ns between gen_olanes[43].u_dot8/gen_dsp_mult[7].u_mult/dsp_i/DSP_OUTPUT_INST/CLK (clocked by clk) and gen_olanes[43].u_dot8/sum_stage1_reg[3][13]/D (clocked by clk). Large setup violations at the end of those stages might be difficult to fix during the post-placement implementation flow and could be the result of non-optimal XDC constraints or non-optimal design architecture
Related violations: <none>

TIMING-16#187 Warning
Large setup violation  
There is a large setup violation of -1.019 ns between gen_olanes[52].u_dot8/sum_stage3_reg[18]/C (clocked by clk) and gen_olanes[52].u_accum/dsp_accum_i/DSP_C_DATA_INST/C[34] (clocked by clk). Large setup violations at the end of those stages might be difficult to fix during the post-placement implementation flow and could be the result of non-optimal XDC constraints or non-optimal design architecture
Related violations: <none>

TIMING-16#188 Warning
Large setup violation  
There is a large setup violation of -1.019 ns between u_vec_mem/mem_array_reg/CLKARDCLK (clocked by clk) and gen_olanes[0].vec_lane_reg[0][56]_replica_2/D (clocked by clk). Large setup violations at the end of those stages might be difficult to fix during the post-placement implementation flow and could be the result of non-optimal XDC constraints or non-optimal design architecture
Related violations: <none>

TIMING-16#189 Warning
Large setup violation  
There is a large setup violation of -1.020 ns between gen_olanes[0].vec_lane_reg[0][15]_replica_17/C (clocked by clk) and gen_olanes[85].u_dot8/gen_dsp_mult[1].u_mult/dsp_i/DSP_A_B_DATA_INST/A[13] (clocked by clk). Large setup violations at the end of those stages might be difficult to fix during the post-placement implementation flow and could be the result of non-optimal XDC constraints or non-optimal design architecture
Related violations: <none>

TIMING-16#190 Warning
Large setup violation  
There is a large setup violation of -1.020 ns between gen_olanes[0].vec_lane_reg[0][63]/C (clocked by clk) and gen_olanes[96].u_dot8/gen_dsp_mult[7].u_mult/dsp_i/DSP_A_B_DATA_INST/A[10] (clocked by clk). Large setup violations at the end of those stages might be difficult to fix during the post-placement implementation flow and could be the result of non-optimal XDC constraints or non-optimal design architecture
Related violations: <none>

TIMING-16#191 Warning
Large setup violation  
There is a large setup violation of -1.020 ns between gen_olanes[0].vec_lane_reg[0][63]_replica_1/C (clocked by clk) and gen_olanes[65].u_dot8/gen_dsp_mult[7].u_mult/dsp_i/DSP_A_B_DATA_INST/A[28] (clocked by clk). Large setup violations at the end of those stages might be difficult to fix during the post-placement implementation flow and could be the result of non-optimal XDC constraints or non-optimal design architecture
Related violations: <none>

TIMING-16#192 Warning
Large setup violation  
There is a large setup violation of -1.020 ns between gen_olanes[101].u_dot8/sum_stage1_reg[1][0]/C (clocked by clk) and gen_olanes[101].u_dot8/sum_stage2_reg[0][17]/D (clocked by clk). Large setup violations at the end of those stages might be difficult to fix during the post-placement implementation flow and could be the result of non-optimal XDC constraints or non-optimal design architecture
Related violations: <none>

TIMING-16#193 Warning
Large setup violation  
There is a large setup violation of -1.020 ns between gen_olanes[3].u_mat_mem/mem_array_reg/CLKARDCLK (clocked by clk) and gen_olanes[3].mat_lane_reg[3][15]/D (clocked by clk). Large setup violations at the end of those stages might be difficult to fix during the post-placement implementation flow and could be the result of non-optimal XDC constraints or non-optimal design architecture
Related violations: <none>

TIMING-16#194 Warning
Large setup violation  
There is a large setup violation of -1.020 ns between gen_olanes[52].u_dot8/sum_stage3_reg[18]/C (clocked by clk) and gen_olanes[52].u_accum/dsp_accum_i/DSP_C_DATA_INST/C[32] (clocked by clk). Large setup violations at the end of those stages might be difficult to fix during the post-placement implementation flow and could be the result of non-optimal XDC constraints or non-optimal design architecture
Related violations: <none>

TIMING-16#195 Warning
Large setup violation  
There is a large setup violation of -1.021 ns between gen_olanes[0].vec_lane_reg[0][39]/C (clocked by clk) and gen_olanes[19].u_dot8/gen_dsp_mult[4].u_mult/dsp_i/DSP_A_B_DATA_INST/A[7] (clocked by clk). Large setup violations at the end of those stages might be difficult to fix during the post-placement implementation flow and could be the result of non-optimal XDC constraints or non-optimal design architecture
Related violations: <none>

TIMING-16#196 Warning
Large setup violation  
There is a large setup violation of -1.021 ns between gen_olanes[0].vec_lane_reg[0][39]/C (clocked by clk) and gen_olanes[19].u_dot8/gen_dsp_mult[4].u_mult/dsp_i/DSP_A_B_DATA_INST/A[9] (clocked by clk). Large setup violations at the end of those stages might be difficult to fix during the post-placement implementation flow and could be the result of non-optimal XDC constraints or non-optimal design architecture
Related violations: <none>

TIMING-16#197 Warning
Large setup violation  
There is a large setup violation of -1.021 ns between gen_olanes[0].vec_lane_reg[0][39]_replica_2/C (clocked by clk) and gen_olanes[66].u_dot8/gen_dsp_mult[4].u_mult/dsp_i/DSP_A_B_DATA_INST/A[25] (clocked by clk). Large setup violations at the end of those stages might be difficult to fix during the post-placement implementation flow and could be the result of non-optimal XDC constraints or non-optimal design architecture
Related violations: <none>

TIMING-16#198 Warning
Large setup violation  
There is a large setup violation of -1.021 ns between gen_olanes[0].vec_lane_reg[0][47]_replica_2/C (clocked by clk) and gen_olanes[72].u_dot8/gen_dsp_mult[5].u_mult/dsp_i/DSP_A_B_DATA_INST/A[23] (clocked by clk). Large setup violations at the end of those stages might be difficult to fix during the post-placement implementation flow and could be the result of non-optimal XDC constraints or non-optimal design architecture
Related violations: <none>

TIMING-16#199 Warning
Large setup violation  
There is a large setup violation of -1.021 ns between gen_olanes[0].vec_lane_reg[0][55]_replica_4/C (clocked by clk) and gen_olanes[7].u_dot8/gen_dsp_mult[6].u_mult/dsp_i/DSP_A_B_DATA_INST/A[23] (clocked by clk). Large setup violations at the end of those stages might be difficult to fix during the post-placement implementation flow and could be the result of non-optimal XDC constraints or non-optimal design architecture
Related violations: <none>

TIMING-16#200 Warning
Large setup violation  
There is a large setup violation of -1.021 ns between gen_olanes[113].u_dot8/gen_dsp_mult[7].u_mult/dsp_i/DSP_OUTPUT_INST/CLK (clocked by clk) and gen_olanes[113].u_dot8/sum_stage1_reg[3][14]/D (clocked by clk). Large setup violations at the end of those stages might be difficult to fix during the post-placement implementation flow and could be the result of non-optimal XDC constraints or non-optimal design architecture
Related violations: <none>

TIMING-16#201 Warning
Large setup violation  
There is a large setup violation of -1.021 ns between gen_olanes[3].u_dot8/sum_stage2_reg[0][2]/C (clocked by clk) and gen_olanes[3].u_dot8/sum_stage3_reg[13]/D (clocked by clk). Large setup violations at the end of those stages might be difficult to fix during the post-placement implementation flow and could be the result of non-optimal XDC constraints or non-optimal design architecture
Related violations: <none>

TIMING-16#202 Warning
Large setup violation  
There is a large setup violation of -1.021 ns between gen_olanes[41].u_mat_mem/mem_array_reg/CLKARDCLK (clocked by clk) and gen_olanes[41].mat_lane_reg[41][56]/D (clocked by clk). Large setup violations at the end of those stages might be difficult to fix during the post-placement implementation flow and could be the result of non-optimal XDC constraints or non-optimal design architecture
Related violations: <none>

TIMING-16#203 Warning
Large setup violation  
There is a large setup violation of -1.021 ns between gen_olanes[44].u_dot8/gen_dsp_mult[4].u_mult/dsp_i/DSP_OUTPUT_INST/CLK (clocked by clk) and gen_olanes[44].u_dot8/sum_stage1_reg[2][13]/D (clocked by clk). Large setup violations at the end of those stages might be difficult to fix during the post-placement implementation flow and could be the result of non-optimal XDC constraints or non-optimal design architecture
Related violations: <none>

TIMING-16#204 Warning
Large setup violation  
There is a large setup violation of -1.021 ns between gen_olanes[81].u_dot8/sum_stage2_reg[0][14]/C (clocked by clk) and gen_olanes[81].u_dot8/sum_stage3_reg[16]/D (clocked by clk). Large setup violations at the end of those stages might be difficult to fix during the post-placement implementation flow and could be the result of non-optimal XDC constraints or non-optimal design architecture
Related violations: <none>

TIMING-16#205 Warning
Large setup violation  
There is a large setup violation of -1.022 ns between gen_olanes[0].vec_lane_reg[0][39]/C (clocked by clk) and gen_olanes[18].u_dot8/gen_dsp_mult[4].u_mult/dsp_i/DSP_A_B_DATA_INST/A[21] (clocked by clk). Large setup violations at the end of those stages might be difficult to fix during the post-placement implementation flow and could be the result of non-optimal XDC constraints or non-optimal design architecture
Related violations: <none>

TIMING-16#206 Warning
Large setup violation  
There is a large setup violation of -1.022 ns between gen_olanes[0].vec_lane_reg[0][3]_replica_4/C (clocked by clk) and gen_olanes[8].u_dot8/gen_dsp_mult[0].u_mult/dsp_i/DSP_A_B_DATA_INST/A[3] (clocked by clk). Large setup violations at the end of those stages might be difficult to fix during the post-placement implementation flow and could be the result of non-optimal XDC constraints or non-optimal design architecture
Related violations: <none>

TIMING-16#207 Warning
Large setup violation  
There is a large setup violation of -1.022 ns between gen_olanes[45].u_dot8/gen_dsp_mult[4].u_mult/dsp_i/DSP_OUTPUT_INST/CLK (clocked by clk) and gen_olanes[45].u_dot8/sum_stage1_reg[2][14]/D (clocked by clk). Large setup violations at the end of those stages might be difficult to fix during the post-placement implementation flow and could be the result of non-optimal XDC constraints or non-optimal design architecture
Related violations: <none>

TIMING-16#208 Warning
Large setup violation  
There is a large setup violation of -1.022 ns between gen_olanes[89].u_mat_mem/mem_array_reg/CLKARDCLK (clocked by clk) and gen_olanes[89].mat_lane_reg[89][31]/D (clocked by clk). Large setup violations at the end of those stages might be difficult to fix during the post-placement implementation flow and could be the result of non-optimal XDC constraints or non-optimal design architecture
Related violations: <none>

TIMING-16#209 Warning
Large setup violation  
There is a large setup violation of -1.022 ns between u_vec_mem/mem_array_reg/CLKARDCLK (clocked by clk) and gen_olanes[0].vec_lane_reg[0][23]_replica_2/D (clocked by clk). Large setup violations at the end of those stages might be difficult to fix during the post-placement implementation flow and could be the result of non-optimal XDC constraints or non-optimal design architecture
Related violations: <none>

TIMING-16#210 Warning
Large setup violation  
There is a large setup violation of -1.022 ns between u_vec_mem/mem_array_reg/CLKARDCLK (clocked by clk) and gen_olanes[0].vec_lane_reg[0][38]_replica_6/D (clocked by clk). Large setup violations at the end of those stages might be difficult to fix during the post-placement implementation flow and could be the result of non-optimal XDC constraints or non-optimal design architecture
Related violations: <none>

TIMING-16#211 Warning
Large setup violation  
There is a large setup violation of -1.022 ns between valid_pipe_reg[8][5]/C (clocked by clk) and valid_pipe_reg[8][6]_rep__24/D (clocked by clk). Large setup violations at the end of those stages might be difficult to fix during the post-placement implementation flow and could be the result of non-optimal XDC constraints or non-optimal design architecture
Related violations: <none>

TIMING-16#212 Warning
Large setup violation  
There is a large setup violation of -1.023 ns between gen_olanes[0].vec_lane_reg[0][55]_replica_4/C (clocked by clk) and gen_olanes[82].u_dot8/gen_dsp_mult[6].u_mult/dsp_i/DSP_A_B_DATA_INST/A[19] (clocked by clk). Large setup violations at the end of those stages might be difficult to fix during the post-placement implementation flow and could be the result of non-optimal XDC constraints or non-optimal design architecture
Related violations: <none>

TIMING-16#213 Warning
Large setup violation  
There is a large setup violation of -1.023 ns between gen_olanes[0].vec_lane_reg[0][63]/C (clocked by clk) and gen_olanes[0].vec_lane_reg[0][63]_psdsp_1/D (clocked by clk). Large setup violations at the end of those stages might be difficult to fix during the post-placement implementation flow and could be the result of non-optimal XDC constraints or non-optimal design architecture
Related violations: <none>

TIMING-16#214 Warning
Large setup violation  
There is a large setup violation of -1.023 ns between gen_olanes[0].vec_lane_reg[0][63]_replica/C (clocked by clk) and gen_olanes[86].u_dot8/gen_dsp_mult[7].u_mult/dsp_i/DSP_A_B_DATA_INST/A[28] (clocked by clk). Large setup violations at the end of those stages might be difficult to fix during the post-placement implementation flow and could be the result of non-optimal XDC constraints or non-optimal design architecture
Related violations: <none>

TIMING-16#215 Warning
Large setup violation  
There is a large setup violation of -1.023 ns between gen_olanes[0].vec_lane_reg[0][7]_replica_14/C (clocked by clk) and gen_olanes[21].u_dot8/gen_dsp_mult[0].u_mult/dsp_i/DSP_A_B_DATA_INST/A[20] (clocked by clk). Large setup violations at the end of those stages might be difficult to fix during the post-placement implementation flow and could be the result of non-optimal XDC constraints or non-optimal design architecture
Related violations: <none>

TIMING-16#216 Warning
Large setup violation  
There is a large setup violation of -1.023 ns between gen_olanes[45].u_dot8/sum_stage2_reg[1][0]/C (clocked by clk) and gen_olanes[45].u_dot8/sum_stage3_reg[15]/D (clocked by clk). Large setup violations at the end of those stages might be difficult to fix during the post-placement implementation flow and could be the result of non-optimal XDC constraints or non-optimal design architecture
Related violations: <none>

TIMING-16#217 Warning
Large setup violation  
There is a large setup violation of -1.023 ns between u_vec_mem/mem_array_reg/CLKARDCLK (clocked by clk) and gen_olanes[0].vec_lane_reg[0][46]_replica_8/D (clocked by clk). Large setup violations at the end of those stages might be difficult to fix during the post-placement implementation flow and could be the result of non-optimal XDC constraints or non-optimal design architecture
Related violations: <none>

TIMING-16#218 Warning
Large setup violation  
There is a large setup violation of -1.023 ns between u_vec_mem/mem_array_reg/CLKARDCLK (clocked by clk) and gen_olanes[0].vec_lane_reg[0][47]_replica_9/D (clocked by clk). Large setup violations at the end of those stages might be difficult to fix during the post-placement implementation flow and could be the result of non-optimal XDC constraints or non-optimal design architecture
Related violations: <none>

TIMING-16#219 Warning
Large setup violation  
There is a large setup violation of -1.023 ns between u_vec_mem/mem_array_reg/CLKARDCLK (clocked by clk) and gen_olanes[0].vec_lane_reg[0][53]_replica_6/D (clocked by clk). Large setup violations at the end of those stages might be difficult to fix during the post-placement implementation flow and could be the result of non-optimal XDC constraints or non-optimal design architecture
Related violations: <none>

TIMING-16#220 Warning
Large setup violation  
There is a large setup violation of -1.024 ns between gen_olanes[0].vec_lane_reg[0][15]_replica_17/C (clocked by clk) and gen_olanes[85].u_dot8/gen_dsp_mult[1].u_mult/dsp_i/DSP_A_B_DATA_INST/A[29] (clocked by clk). Large setup violations at the end of those stages might be difficult to fix during the post-placement implementation flow and could be the result of non-optimal XDC constraints or non-optimal design architecture
Related violations: <none>

TIMING-16#221 Warning
Large setup violation  
There is a large setup violation of -1.024 ns between gen_olanes[0].vec_lane_reg[0][39]/C (clocked by clk) and gen_olanes[19].u_dot8/gen_dsp_mult[4].u_mult/dsp_i/DSP_A_B_DATA_INST/A[10] (clocked by clk). Large setup violations at the end of those stages might be difficult to fix during the post-placement implementation flow and could be the result of non-optimal XDC constraints or non-optimal design architecture
Related violations: <none>

TIMING-16#222 Warning
Large setup violation  
There is a large setup violation of -1.024 ns between gen_olanes[0].vec_lane_reg[0][39]/C (clocked by clk) and gen_olanes[19].u_dot8/gen_dsp_mult[4].u_mult/dsp_i/DSP_A_B_DATA_INST/A[24] (clocked by clk). Large setup violations at the end of those stages might be difficult to fix during the post-placement implementation flow and could be the result of non-optimal XDC constraints or non-optimal design architecture
Related violations: <none>

TIMING-16#223 Warning
Large setup violation  
There is a large setup violation of -1.024 ns between gen_olanes[0].vec_lane_reg[0][39]/C (clocked by clk) and gen_olanes[93].u_dot8/gen_dsp_mult[4].u_mult/dsp_i/DSP_A_B_DATA_INST/A[11] (clocked by clk). Large setup violations at the end of those stages might be difficult to fix during the post-placement implementation flow and could be the result of non-optimal XDC constraints or non-optimal design architecture
Related violations: <none>

TIMING-16#224 Warning
Large setup violation  
There is a large setup violation of -1.024 ns between gen_olanes[101].u_dot8/sum_stage2_reg[1][2]/C (clocked by clk) and gen_olanes[101].u_dot8/sum_stage3_reg[16]/D (clocked by clk). Large setup violations at the end of those stages might be difficult to fix during the post-placement implementation flow and could be the result of non-optimal XDC constraints or non-optimal design architecture
Related violations: <none>

TIMING-16#225 Warning
Large setup violation  
There is a large setup violation of -1.024 ns between gen_olanes[113].u_dot8/gen_dsp_mult[7].u_mult/dsp_i/DSP_OUTPUT_INST/CLK (clocked by clk) and gen_olanes[113].u_dot8/sum_stage1_reg[3][13]/D (clocked by clk). Large setup violations at the end of those stages might be difficult to fix during the post-placement implementation flow and could be the result of non-optimal XDC constraints or non-optimal design architecture
Related violations: <none>

TIMING-16#226 Warning
Large setup violation  
There is a large setup violation of -1.024 ns between gen_olanes[32].u_dot8/sum_stage2_reg[0][0]/C (clocked by clk) and gen_olanes[32].u_dot8/sum_stage3_reg[17]/D (clocked by clk). Large setup violations at the end of those stages might be difficult to fix during the post-placement implementation flow and could be the result of non-optimal XDC constraints or non-optimal design architecture
Related violations: <none>

TIMING-16#227 Warning
Large setup violation  
There is a large setup violation of -1.024 ns between gen_olanes[45].u_dot8/sum_stage2_reg[1][0]/C (clocked by clk) and gen_olanes[45].u_dot8/sum_stage3_reg[16]/D (clocked by clk). Large setup violations at the end of those stages might be difficult to fix during the post-placement implementation flow and could be the result of non-optimal XDC constraints or non-optimal design architecture
Related violations: <none>

TIMING-16#228 Warning
Large setup violation  
There is a large setup violation of -1.024 ns between gen_olanes[52].u_dot8/sum_stage3_reg[2]/C (clocked by clk) and gen_olanes[52].u_accum/dsp_accum_i/DSP_C_DATA_INST/C[2] (clocked by clk). Large setup violations at the end of those stages might be difficult to fix during the post-placement implementation flow and could be the result of non-optimal XDC constraints or non-optimal design architecture
Related violations: <none>

TIMING-16#229 Warning
Large setup violation  
There is a large setup violation of -1.024 ns between gen_olanes[61].u_dot8/sum_stage2_reg[0][0]/C (clocked by clk) and gen_olanes[61].u_dot8/sum_stage3_reg[9]/D (clocked by clk). Large setup violations at the end of those stages might be difficult to fix during the post-placement implementation flow and could be the result of non-optimal XDC constraints or non-optimal design architecture
Related violations: <none>

TIMING-16#230 Warning
Large setup violation  
There is a large setup violation of -1.024 ns between gen_olanes[64].u_dot8/sum_stage2_reg[1][4]/C (clocked by clk) and gen_olanes[64].u_dot8/sum_stage3_reg[18]/D (clocked by clk). Large setup violations at the end of those stages might be difficult to fix during the post-placement implementation flow and could be the result of non-optimal XDC constraints or non-optimal design architecture
Related violations: <none>

TIMING-16#231 Warning
Large setup violation  
There is a large setup violation of -1.024 ns between gen_olanes[93].u_mat_mem/mem_array_reg/CLKARDCLK (clocked by clk) and gen_olanes[93].mat_lane_reg[93][8]/D (clocked by clk). Large setup violations at the end of those stages might be difficult to fix during the post-placement implementation flow and could be the result of non-optimal XDC constraints or non-optimal design architecture
Related violations: <none>

TIMING-16#232 Warning
Large setup violation  
There is a large setup violation of -1.024 ns between u_vec_mem/mem_array_reg/CLKARDCLK (clocked by clk) and gen_olanes[0].vec_lane_reg[0][31]_replica_11/D (clocked by clk). Large setup violations at the end of those stages might be difficult to fix during the post-placement implementation flow and could be the result of non-optimal XDC constraints or non-optimal design architecture
Related violations: <none>

TIMING-16#233 Warning
Large setup violation  
There is a large setup violation of -1.024 ns between u_vec_mem/mem_array_reg/CLKARDCLK (clocked by clk) and gen_olanes[0].vec_lane_reg[0][52]_replica_6/D (clocked by clk). Large setup violations at the end of those stages might be difficult to fix during the post-placement implementation flow and could be the result of non-optimal XDC constraints or non-optimal design architecture
Related violations: <none>

TIMING-16#234 Warning
Large setup violation  
There is a large setup violation of -1.024 ns between u_vec_mem/mem_array_reg/CLKARDCLK (clocked by clk) and gen_olanes[0].vec_lane_reg[0][9]_replica_1/D (clocked by clk). Large setup violations at the end of those stages might be difficult to fix during the post-placement implementation flow and could be the result of non-optimal XDC constraints or non-optimal design architecture
Related violations: <none>

TIMING-16#235 Warning
Large setup violation  
There is a large setup violation of -1.025 ns between gen_olanes[0].vec_lane_reg[0][39]/C (clocked by clk) and gen_olanes[27].u_dot8/gen_dsp_mult[4].u_mult/dsp_i/DSP_A_B_DATA_INST/A[18] (clocked by clk). Large setup violations at the end of those stages might be difficult to fix during the post-placement implementation flow and could be the result of non-optimal XDC constraints or non-optimal design architecture
Related violations: <none>

TIMING-16#236 Warning
Large setup violation  
There is a large setup violation of -1.025 ns between gen_olanes[0].vec_lane_reg[0][39]/C (clocked by clk) and gen_olanes[88].u_dot8/gen_dsp_mult[4].u_mult/dsp_i/DSP_A_B_DATA_INST/A[10] (clocked by clk). Large setup violations at the end of those stages might be difficult to fix during the post-placement implementation flow and could be the result of non-optimal XDC constraints or non-optimal design architecture
Related violations: <none>

TIMING-16#237 Warning
Large setup violation  
There is a large setup violation of -1.025 ns between gen_olanes[0].vec_lane_reg[0][44]_replica_4/C (clocked by clk) and gen_olanes[99].u_dot8/gen_dsp_mult[5].u_mult/dsp_i/DSP_A_B_DATA_INST/A[4] (clocked by clk). Large setup violations at the end of those stages might be difficult to fix during the post-placement implementation flow and could be the result of non-optimal XDC constraints or non-optimal design architecture
Related violations: <none>

TIMING-16#238 Warning
Large setup violation  
There is a large setup violation of -1.025 ns between gen_olanes[34].u_dot8/sum_stage2_reg[1][4]/C (clocked by clk) and gen_olanes[34].u_dot8/sum_stage3_reg[11]/D (clocked by clk). Large setup violations at the end of those stages might be difficult to fix during the post-placement implementation flow and could be the result of non-optimal XDC constraints or non-optimal design architecture
Related violations: <none>

TIMING-16#239 Warning
Large setup violation  
There is a large setup violation of -1.025 ns between gen_olanes[45].u_dot8/gen_dsp_mult[4].u_mult/dsp_i/DSP_OUTPUT_INST/CLK (clocked by clk) and gen_olanes[45].u_dot8/sum_stage1_reg[2][13]/D (clocked by clk). Large setup violations at the end of those stages might be difficult to fix during the post-placement implementation flow and could be the result of non-optimal XDC constraints or non-optimal design architecture
Related violations: <none>

TIMING-16#240 Warning
Large setup violation  
There is a large setup violation of -1.025 ns between u_vec_mem/mem_array_reg/CLKARDCLK (clocked by clk) and gen_olanes[0].vec_lane_reg[0][63]_replica/D (clocked by clk). Large setup violations at the end of those stages might be difficult to fix during the post-placement implementation flow and could be the result of non-optimal XDC constraints or non-optimal design architecture
Related violations: <none>

TIMING-16#241 Warning
Large setup violation  
There is a large setup violation of -1.026 ns between gen_olanes[0].vec_lane_reg[0][33]_replica_1/C (clocked by clk) and gen_olanes[75].u_dot8/gen_dsp_mult[4].u_mult/dsp_i/DSP_A_B_DATA_INST/A[1] (clocked by clk). Large setup violations at the end of those stages might be difficult to fix during the post-placement implementation flow and could be the result of non-optimal XDC constraints or non-optimal design architecture
Related violations: <none>

TIMING-16#242 Warning
Large setup violation  
There is a large setup violation of -1.026 ns between gen_olanes[0].vec_lane_reg[0][39]/C (clocked by clk) and gen_olanes[88].u_dot8/gen_dsp_mult[4].u_mult/dsp_i/DSP_A_B_DATA_INST/A[7] (clocked by clk). Large setup violations at the end of those stages might be difficult to fix during the post-placement implementation flow and could be the result of non-optimal XDC constraints or non-optimal design architecture
Related violations: <none>

TIMING-16#243 Warning
Large setup violation  
There is a large setup violation of -1.026 ns between gen_olanes[0].vec_lane_reg[0][3]_replica_4/C (clocked by clk) and gen_olanes[57].u_dot8/gen_dsp_mult[0].u_mult/dsp_i/DSP_A_B_DATA_INST/A[3] (clocked by clk). Large setup violations at the end of those stages might be difficult to fix during the post-placement implementation flow and could be the result of non-optimal XDC constraints or non-optimal design architecture
Related violations: <none>

TIMING-16#244 Warning
Large setup violation  
There is a large setup violation of -1.026 ns between gen_olanes[0].vec_lane_reg[0][55]_replica_4/C (clocked by clk) and gen_olanes[49].u_dot8/gen_dsp_mult[6].u_mult/dsp_i/DSP_A_B_DATA_INST/A[28] (clocked by clk). Large setup violations at the end of those stages might be difficult to fix during the post-placement implementation flow and could be the result of non-optimal XDC constraints or non-optimal design architecture
Related violations: <none>

TIMING-16#245 Warning
Large setup violation  
There is a large setup violation of -1.026 ns between gen_olanes[0].vec_lane_reg[0][63]_replica/C (clocked by clk) and gen_olanes[89].u_dot8/gen_dsp_mult[7].u_mult/dsp_i/DSP_A_B_DATA_INST/A[21] (clocked by clk). Large setup violations at the end of those stages might be difficult to fix during the post-placement implementation flow and could be the result of non-optimal XDC constraints or non-optimal design architecture
Related violations: <none>

TIMING-16#246 Warning
Large setup violation  
There is a large setup violation of -1.026 ns between gen_olanes[43].u_dot8/sum_stage3_reg[18]/C (clocked by clk) and gen_olanes[43].u_accum/dsp_accum_i/DSP_C_DATA_INST/C[35] (clocked by clk). Large setup violations at the end of those stages might be difficult to fix during the post-placement implementation flow and could be the result of non-optimal XDC constraints or non-optimal design architecture
Related violations: <none>

TIMING-16#247 Warning
Large setup violation  
There is a large setup violation of -1.026 ns between gen_olanes[58].u_dot8/sum_stage2_reg[1][4]/C (clocked by clk) and gen_olanes[58].u_dot8/sum_stage3_reg[18]/D (clocked by clk). Large setup violations at the end of those stages might be difficult to fix during the post-placement implementation flow and could be the result of non-optimal XDC constraints or non-optimal design architecture
Related violations: <none>

TIMING-16#248 Warning
Large setup violation  
There is a large setup violation of -1.026 ns between gen_olanes[92].u_mat_mem/mem_array_reg/CLKARDCLK (clocked by clk) and gen_olanes[92].mat_lane_reg[92][15]/D (clocked by clk). Large setup violations at the end of those stages might be difficult to fix during the post-placement implementation flow and could be the result of non-optimal XDC constraints or non-optimal design architecture
Related violations: <none>

TIMING-16#249 Warning
Large setup violation  
There is a large setup violation of -1.026 ns between u_vec_mem/mem_array_reg/CLKARDCLK (clocked by clk) and gen_olanes[0].vec_lane_reg[0][39]_replica_2/D (clocked by clk). Large setup violations at the end of those stages might be difficult to fix during the post-placement implementation flow and could be the result of non-optimal XDC constraints or non-optimal design architecture
Related violations: <none>

TIMING-16#250 Warning
Large setup violation  
There is a large setup violation of -1.026 ns between u_vec_mem/mem_array_reg/CLKARDCLK (clocked by clk) and gen_olanes[0].vec_lane_reg[0][57]_replica_3/D (clocked by clk). Large setup violations at the end of those stages might be difficult to fix during the post-placement implementation flow and could be the result of non-optimal XDC constraints or non-optimal design architecture
Related violations: <none>

TIMING-16#251 Warning
Large setup violation  
There is a large setup violation of -1.027 ns between gen_olanes[0].vec_lane_reg[0][39]/C (clocked by clk) and gen_olanes[78].u_dot8/gen_dsp_mult[4].u_mult/dsp_i/DSP_A_B_DATA_INST/A[21] (clocked by clk). Large setup violations at the end of those stages might be difficult to fix during the post-placement implementation flow and could be the result of non-optimal XDC constraints or non-optimal design architecture
Related violations: <none>

TIMING-16#252 Warning
Large setup violation  
There is a large setup violation of -1.027 ns between gen_olanes[0].vec_lane_reg[0][63]/C (clocked by clk) and gen_olanes[96].u_dot8/gen_dsp_mult[7].u_mult/dsp_i/DSP_A_B_DATA_INST/A[9] (clocked by clk). Large setup violations at the end of those stages might be difficult to fix during the post-placement implementation flow and could be the result of non-optimal XDC constraints or non-optimal design architecture
Related violations: <none>

TIMING-16#253 Warning
Large setup violation  
There is a large setup violation of -1.027 ns between gen_olanes[106].mat_lane_reg[106][23]/C (clocked by clk) and gen_olanes[106].u_dot8/gen_dsp_mult[2].u_mult/dsp_i/DSP_A_B_DATA_INST/B[17] (clocked by clk). Large setup violations at the end of those stages might be difficult to fix during the post-placement implementation flow and could be the result of non-optimal XDC constraints or non-optimal design architecture
Related violations: <none>

TIMING-16#254 Warning
Large setup violation  
There is a large setup violation of -1.027 ns between u_vec_mem/mem_array_reg/CLKARDCLK (clocked by clk) and gen_olanes[0].vec_lane_reg[0][23]_replica_6/D (clocked by clk). Large setup violations at the end of those stages might be difficult to fix during the post-placement implementation flow and could be the result of non-optimal XDC constraints or non-optimal design architecture
Related violations: <none>

TIMING-16#255 Warning
Large setup violation  
There is a large setup violation of -1.027 ns between u_vec_mem/mem_array_reg/CLKARDCLK (clocked by clk) and gen_olanes[0].vec_lane_reg[0][31]_replica_13/D (clocked by clk). Large setup violations at the end of those stages might be difficult to fix during the post-placement implementation flow and could be the result of non-optimal XDC constraints or non-optimal design architecture
Related violations: <none>

TIMING-16#256 Warning
Large setup violation  
There is a large setup violation of -1.028 ns between gen_olanes[0].vec_lane_reg[0][39]/C (clocked by clk) and gen_olanes[44].u_dot8/gen_dsp_mult[4].u_mult/dsp_i/DSP_A_B_DATA_INST/A[29] (clocked by clk). Large setup violations at the end of those stages might be difficult to fix during the post-placement implementation flow and could be the result of non-optimal XDC constraints or non-optimal design architecture
Related violations: <none>

TIMING-16#257 Warning
Large setup violation  
There is a large setup violation of -1.028 ns between gen_olanes[0].vec_lane_reg[0][63]/C (clocked by clk) and gen_olanes[96].u_dot8/gen_dsp_mult[7].u_mult/dsp_i/DSP_A_B_DATA_INST/A[28] (clocked by clk). Large setup violations at the end of those stages might be difficult to fix during the post-placement implementation flow and could be the result of non-optimal XDC constraints or non-optimal design architecture
Related violations: <none>

TIMING-16#258 Warning
Large setup violation  
There is a large setup violation of -1.028 ns between gen_olanes[0].vec_lane_reg[0][63]_replica/C (clocked by clk) and gen_olanes[105].u_dot8/gen_dsp_mult[7].u_mult/dsp_i/DSP_A_B_DATA_INST/A[19] (clocked by clk). Large setup violations at the end of those stages might be difficult to fix during the post-placement implementation flow and could be the result of non-optimal XDC constraints or non-optimal design architecture
Related violations: <none>

TIMING-16#259 Warning
Large setup violation  
There is a large setup violation of -1.028 ns between gen_olanes[114].mat_lane_reg[114][37]/C (clocked by clk) and gen_olanes[114].u_dot8/gen_dsp_mult[4].u_mult/dsp_i/DSP_A_B_DATA_INST/B[5] (clocked by clk). Large setup violations at the end of those stages might be difficult to fix during the post-placement implementation flow and could be the result of non-optimal XDC constraints or non-optimal design architecture
Related violations: <none>

TIMING-16#260 Warning
Large setup violation  
There is a large setup violation of -1.028 ns between gen_olanes[127].u_dot8/sum_stage3_reg[1]/C (clocked by clk) and gen_olanes[127].u_dot8/sum_stage3_reg[1]_psdsp/D (clocked by clk). Large setup violations at the end of those stages might be difficult to fix during the post-placement implementation flow and could be the result of non-optimal XDC constraints or non-optimal design architecture
Related violations: <none>

TIMING-16#261 Warning
Large setup violation  
There is a large setup violation of -1.028 ns between gen_olanes[34].u_dot8/sum_stage2_reg[1][4]/C (clocked by clk) and gen_olanes[34].u_dot8/sum_stage3_reg[12]/D (clocked by clk). Large setup violations at the end of those stages might be difficult to fix during the post-placement implementation flow and could be the result of non-optimal XDC constraints or non-optimal design architecture
Related violations: <none>

TIMING-16#262 Warning
Large setup violation  
There is a large setup violation of -1.028 ns between gen_olanes[85].mat_lane_reg[85][27]/C (clocked by clk) and gen_olanes[85].u_dot8/gen_dsp_mult[3].u_mult/dsp_i/DSP_A_B_DATA_INST/B[3] (clocked by clk). Large setup violations at the end of those stages might be difficult to fix during the post-placement implementation flow and could be the result of non-optimal XDC constraints or non-optimal design architecture
Related violations: <none>

TIMING-16#263 Warning
Large setup violation  
There is a large setup violation of -1.028 ns between u_vec_mem/mem_array_reg/CLKARDCLK (clocked by clk) and gen_olanes[0].vec_lane_reg[0][32]_replica/D (clocked by clk). Large setup violations at the end of those stages might be difficult to fix during the post-placement implementation flow and could be the result of non-optimal XDC constraints or non-optimal design architecture
Related violations: <none>

TIMING-16#264 Warning
Large setup violation  
There is a large setup violation of -1.028 ns between u_vec_mem/mem_array_reg/CLKARDCLK (clocked by clk) and gen_olanes[0].vec_lane_reg[0][39]_replica_1/D (clocked by clk). Large setup violations at the end of those stages might be difficult to fix during the post-placement implementation flow and could be the result of non-optimal XDC constraints or non-optimal design architecture
Related violations: <none>

TIMING-16#265 Warning
Large setup violation  
There is a large setup violation of -1.028 ns between u_vec_mem/mem_array_reg/CLKARDCLK (clocked by clk) and gen_olanes[0].vec_lane_reg[0][55]_replica_10/D (clocked by clk). Large setup violations at the end of those stages might be difficult to fix during the post-placement implementation flow and could be the result of non-optimal XDC constraints or non-optimal design architecture
Related violations: <none>

TIMING-16#266 Warning
Large setup violation  
There is a large setup violation of -1.028 ns between u_vec_mem/mem_array_reg/CLKARDCLK (clocked by clk) and gen_olanes[0].vec_lane_reg[0][61]_replica_7/D (clocked by clk). Large setup violations at the end of those stages might be difficult to fix during the post-placement implementation flow and could be the result of non-optimal XDC constraints or non-optimal design architecture
Related violations: <none>

TIMING-16#267 Warning
Large setup violation  
There is a large setup violation of -1.029 ns between gen_olanes[0].vec_lane_reg[0][39]/C (clocked by clk) and gen_olanes[44].u_dot8/gen_dsp_mult[4].u_mult/dsp_i/DSP_A_B_DATA_INST/A[24] (clocked by clk). Large setup violations at the end of those stages might be difficult to fix during the post-placement implementation flow and could be the result of non-optimal XDC constraints or non-optimal design architecture
Related violations: <none>

TIMING-16#268 Warning
Large setup violation  
There is a large setup violation of -1.029 ns between gen_olanes[0].vec_lane_reg[0][39]/C (clocked by clk) and gen_olanes[97].u_dot8/gen_dsp_mult[4].u_mult/dsp_i/DSP_A_B_DATA_INST/A[11] (clocked by clk). Large setup violations at the end of those stages might be difficult to fix during the post-placement implementation flow and could be the result of non-optimal XDC constraints or non-optimal design architecture
Related violations: <none>

TIMING-16#269 Warning
Large setup violation  
There is a large setup violation of -1.029 ns between gen_olanes[0].vec_lane_reg[0][63]/C (clocked by clk) and gen_olanes[96].u_dot8/gen_dsp_mult[7].u_mult/dsp_i/DSP_A_B_DATA_INST/A[18] (clocked by clk). Large setup violations at the end of those stages might be difficult to fix during the post-placement implementation flow and could be the result of non-optimal XDC constraints or non-optimal design architecture
Related violations: <none>

TIMING-16#270 Warning
Large setup violation  
There is a large setup violation of -1.029 ns between gen_olanes[41].u_mat_mem/mem_array_reg/CLKARDCLK (clocked by clk) and gen_olanes[41].mat_lane_reg[41][57]/D (clocked by clk). Large setup violations at the end of those stages might be difficult to fix during the post-placement implementation flow and could be the result of non-optimal XDC constraints or non-optimal design architecture
Related violations: <none>

TIMING-16#271 Warning
Large setup violation  
There is a large setup violation of -1.029 ns between gen_olanes[43].u_dot8/gen_dsp_mult[7].u_mult/dsp_i/DSP_OUTPUT_INST/CLK (clocked by clk) and gen_olanes[43].u_dot8/sum_stage1_reg[3][15]/D (clocked by clk). Large setup violations at the end of those stages might be difficult to fix during the post-placement implementation flow and could be the result of non-optimal XDC constraints or non-optimal design architecture
Related violations: <none>

TIMING-16#272 Warning
Large setup violation  
There is a large setup violation of -1.029 ns between u_vec_mem/mem_array_reg/CLKARDCLK (clocked by clk) and gen_olanes[0].vec_lane_reg[0][38]_replica_7/D (clocked by clk). Large setup violations at the end of those stages might be difficult to fix during the post-placement implementation flow and could be the result of non-optimal XDC constraints or non-optimal design architecture
Related violations: <none>

TIMING-16#273 Warning
Large setup violation  
There is a large setup violation of -1.029 ns between u_vec_mem/mem_array_reg/CLKARDCLK (clocked by clk) and gen_olanes[0].vec_lane_reg[0][59]_replica_2/D (clocked by clk). Large setup violations at the end of those stages might be difficult to fix during the post-placement implementation flow and could be the result of non-optimal XDC constraints or non-optimal design architecture
Related violations: <none>

TIMING-16#274 Warning
Large setup violation  
There is a large setup violation of -1.030 ns between gen_olanes[0].vec_lane_reg[0][38]_replica/C (clocked by clk) and gen_olanes[89].u_dot8/gen_dsp_mult[4].u_mult/dsp_i/DSP_A_B_DATA_INST/A[6] (clocked by clk). Large setup violations at the end of those stages might be difficult to fix during the post-placement implementation flow and could be the result of non-optimal XDC constraints or non-optimal design architecture
Related violations: <none>

TIMING-16#275 Warning
Large setup violation  
There is a large setup violation of -1.030 ns between gen_olanes[0].vec_lane_reg[0][39]/C (clocked by clk) and gen_olanes[107].u_dot8/gen_dsp_mult[4].u_mult/dsp_i/DSP_A_B_DATA_INST/A[12] (clocked by clk). Large setup violations at the end of those stages might be difficult to fix during the post-placement implementation flow and could be the result of non-optimal XDC constraints or non-optimal design architecture
Related violations: <none>

TIMING-16#276 Warning
Large setup violation  
There is a large setup violation of -1.030 ns between gen_olanes[33].u_dot8/sum_stage2_reg[0][5]/C (clocked by clk) and gen_olanes[33].u_dot8/sum_stage3_reg[18]/D (clocked by clk). Large setup violations at the end of those stages might be difficult to fix during the post-placement implementation flow and could be the result of non-optimal XDC constraints or non-optimal design architecture
Related violations: <none>

TIMING-16#277 Warning
Large setup violation  
There is a large setup violation of -1.030 ns between gen_olanes[43].u_dot8/gen_dsp_mult[7].u_mult/dsp_i/DSP_OUTPUT_INST/CLK (clocked by clk) and gen_olanes[43].u_dot8/sum_stage1_reg[3][16]/D (clocked by clk). Large setup violations at the end of those stages might be difficult to fix during the post-placement implementation flow and could be the result of non-optimal XDC constraints or non-optimal design architecture
Related violations: <none>

TIMING-16#278 Warning
Large setup violation  
There is a large setup violation of -1.031 ns between gen_olanes[0].vec_lane_reg[0][39]/C (clocked by clk) and gen_olanes[27].u_dot8/gen_dsp_mult[4].u_mult/dsp_i/DSP_A_B_DATA_INST/A[26] (clocked by clk). Large setup violations at the end of those stages might be difficult to fix during the post-placement implementation flow and could be the result of non-optimal XDC constraints or non-optimal design architecture
Related violations: <none>

TIMING-16#279 Warning
Large setup violation  
There is a large setup violation of -1.031 ns between gen_olanes[0].vec_lane_reg[0][39]/C (clocked by clk) and gen_olanes[46].u_dot8/gen_dsp_mult[4].u_mult/dsp_i/DSP_A_B_DATA_INST/A[28] (clocked by clk). Large setup violations at the end of those stages might be difficult to fix during the post-placement implementation flow and could be the result of non-optimal XDC constraints or non-optimal design architecture
Related violations: <none>

TIMING-16#280 Warning
Large setup violation  
There is a large setup violation of -1.031 ns between gen_olanes[0].vec_lane_reg[0][55]_replica_1/C (clocked by clk) and gen_olanes[71].u_dot8/gen_dsp_mult[6].u_mult/dsp_i/DSP_A_B_DATA_INST/A[17] (clocked by clk). Large setup violations at the end of those stages might be difficult to fix during the post-placement implementation flow and could be the result of non-optimal XDC constraints or non-optimal design architecture
Related violations: <none>

TIMING-16#281 Warning
Large setup violation  
There is a large setup violation of -1.031 ns between gen_olanes[0].vec_lane_reg[0][63]/C (clocked by clk) and gen_olanes[96].u_dot8/gen_dsp_mult[7].u_mult/dsp_i/DSP_A_B_DATA_INST/A[17] (clocked by clk). Large setup violations at the end of those stages might be difficult to fix during the post-placement implementation flow and could be the result of non-optimal XDC constraints or non-optimal design architecture
Related violations: <none>

TIMING-16#282 Warning
Large setup violation  
There is a large setup violation of -1.031 ns between gen_olanes[101].u_mat_mem/mem_array_reg/CLKARDCLK (clocked by clk) and gen_olanes[101].mat_lane_reg[101][63]/D (clocked by clk). Large setup violations at the end of those stages might be difficult to fix during the post-placement implementation flow and could be the result of non-optimal XDC constraints or non-optimal design architecture
Related violations: <none>

TIMING-16#283 Warning
Large setup violation  
There is a large setup violation of -1.031 ns between gen_olanes[21].u_dot8/gen_dsp_mult[3].u_mult/dsp_i/DSP_OUTPUT_INST/CLK (clocked by clk) and gen_olanes[21].u_dot8/sum_stage1_reg[1][6]/D (clocked by clk). Large setup violations at the end of those stages might be difficult to fix during the post-placement implementation flow and could be the result of non-optimal XDC constraints or non-optimal design architecture
Related violations: <none>

TIMING-16#284 Warning
Large setup violation  
There is a large setup violation of -1.031 ns between gen_olanes[30].u_dot8/sum_stage3_reg[18]/C (clocked by clk) and gen_olanes[30].u_accum/dsp_accum_i/DSP_C_DATA_INST/C[27] (clocked by clk). Large setup violations at the end of those stages might be difficult to fix during the post-placement implementation flow and could be the result of non-optimal XDC constraints or non-optimal design architecture
Related violations: <none>

TIMING-16#285 Warning
Large setup violation  
There is a large setup violation of -1.031 ns between gen_olanes[40].u_mat_mem/mem_array_reg/CLKARDCLK (clocked by clk) and gen_olanes[40].mat_lane_reg[40][47]/D (clocked by clk). Large setup violations at the end of those stages might be difficult to fix during the post-placement implementation flow and could be the result of non-optimal XDC constraints or non-optimal design architecture
Related violations: <none>

TIMING-16#286 Warning
Large setup violation  
There is a large setup violation of -1.032 ns between gen_olanes[0].vec_lane_reg[0][39]/C (clocked by clk) and gen_olanes[15].u_dot8/gen_dsp_mult[4].u_mult/dsp_i/DSP_A_B_DATA_INST/A[8] (clocked by clk). Large setup violations at the end of those stages might be difficult to fix during the post-placement implementation flow and could be the result of non-optimal XDC constraints or non-optimal design architecture
Related violations: <none>

TIMING-16#287 Warning
Large setup violation  
There is a large setup violation of -1.032 ns between gen_olanes[114].mat_lane_reg[114][47]/C (clocked by clk) and gen_olanes[114].u_dot8/gen_dsp_mult[5].u_mult/dsp_i/DSP_A_B_DATA_INST/B[7] (clocked by clk). Large setup violations at the end of those stages might be difficult to fix during the post-placement implementation flow and could be the result of non-optimal XDC constraints or non-optimal design architecture
Related violations: <none>

TIMING-16#288 Warning
Large setup violation  
There is a large setup violation of -1.032 ns between gen_olanes[126].u_mat_mem/mem_array_reg/CLKARDCLK (clocked by clk) and gen_olanes[126].mat_lane_reg[126][63]/D (clocked by clk). Large setup violations at the end of those stages might be difficult to fix during the post-placement implementation flow and could be the result of non-optimal XDC constraints or non-optimal design architecture
Related violations: <none>

TIMING-16#289 Warning
Large setup violation  
There is a large setup violation of -1.032 ns between gen_olanes[3].u_dot8/sum_stage2_reg[0][2]/C (clocked by clk) and gen_olanes[3].u_dot8/sum_stage3_reg[15]/D (clocked by clk). Large setup violations at the end of those stages might be difficult to fix during the post-placement implementation flow and could be the result of non-optimal XDC constraints or non-optimal design architecture
Related violations: <none>

TIMING-16#290 Warning
Large setup violation  
There is a large setup violation of -1.032 ns between gen_olanes[3].u_dot8/sum_stage2_reg[0][2]/C (clocked by clk) and gen_olanes[3].u_dot8/sum_stage3_reg[16]/D (clocked by clk). Large setup violations at the end of those stages might be difficult to fix during the post-placement implementation flow and could be the result of non-optimal XDC constraints or non-optimal design architecture
Related violations: <none>

TIMING-16#291 Warning
Large setup violation  
There is a large setup violation of -1.032 ns between gen_olanes[44].u_dot8/gen_dsp_mult[4].u_mult/dsp_i/DSP_OUTPUT_INST/CLK (clocked by clk) and gen_olanes[44].u_dot8/sum_stage1_reg[2][15]/D (clocked by clk). Large setup violations at the end of those stages might be difficult to fix during the post-placement implementation flow and could be the result of non-optimal XDC constraints or non-optimal design architecture
Related violations: <none>

TIMING-16#292 Warning
Large setup violation  
There is a large setup violation of -1.032 ns between gen_olanes[44].u_dot8/gen_dsp_mult[4].u_mult/dsp_i/DSP_OUTPUT_INST/CLK (clocked by clk) and gen_olanes[44].u_dot8/sum_stage1_reg[2][16]/D (clocked by clk). Large setup violations at the end of those stages might be difficult to fix during the post-placement implementation flow and could be the result of non-optimal XDC constraints or non-optimal design architecture
Related violations: <none>

TIMING-16#293 Warning
Large setup violation  
There is a large setup violation of -1.032 ns between gen_olanes[68].mat_lane_reg[68][44]/C (clocked by clk) and gen_olanes[68].u_dot8/gen_dsp_mult[5].u_mult/dsp_i/DSP_A_B_DATA_INST/B[4] (clocked by clk). Large setup violations at the end of those stages might be difficult to fix during the post-placement implementation flow and could be the result of non-optimal XDC constraints or non-optimal design architecture
Related violations: <none>

TIMING-16#294 Warning
Large setup violation  
There is a large setup violation of -1.032 ns between gen_olanes[89].u_mat_mem/mem_array_reg/CLKARDCLK (clocked by clk) and gen_olanes[89].mat_lane_reg[89][39]/D (clocked by clk). Large setup violations at the end of those stages might be difficult to fix during the post-placement implementation flow and could be the result of non-optimal XDC constraints or non-optimal design architecture
Related violations: <none>

TIMING-16#295 Warning
Large setup violation  
There is a large setup violation of -1.032 ns between gen_olanes[90].u_mat_mem/mem_array_reg/CLKARDCLK (clocked by clk) and gen_olanes[90].mat_lane_reg[90][63]/D (clocked by clk). Large setup violations at the end of those stages might be difficult to fix during the post-placement implementation flow and could be the result of non-optimal XDC constraints or non-optimal design architecture
Related violations: <none>

TIMING-16#296 Warning
Large setup violation  
There is a large setup violation of -1.032 ns between gen_olanes[93].u_dot8/sum_stage2_reg[0][0]/C (clocked by clk) and gen_olanes[93].u_dot8/sum_stage3_reg[14]/D (clocked by clk). Large setup violations at the end of those stages might be difficult to fix during the post-placement implementation flow and could be the result of non-optimal XDC constraints or non-optimal design architecture
Related violations: <none>

TIMING-16#297 Warning
Large setup violation  
There is a large setup violation of -1.032 ns between gen_olanes[93].u_mat_mem/mem_array_reg/CLKARDCLK (clocked by clk) and gen_olanes[93].mat_lane_reg[93][23]/D (clocked by clk). Large setup violations at the end of those stages might be difficult to fix during the post-placement implementation flow and could be the result of non-optimal XDC constraints or non-optimal design architecture
Related violations: <none>

TIMING-16#298 Warning
Large setup violation  
There is a large setup violation of -1.032 ns between gen_olanes[94].u_mat_mem/mem_array_reg/CLKARDCLK (clocked by clk) and gen_olanes[94].mat_lane_reg[94][47]/D (clocked by clk). Large setup violations at the end of those stages might be difficult to fix during the post-placement implementation flow and could be the result of non-optimal XDC constraints or non-optimal design architecture
Related violations: <none>

TIMING-16#299 Warning
Large setup violation  
There is a large setup violation of -1.032 ns between u_vec_mem/mem_array_reg/CLKARDCLK (clocked by clk) and gen_olanes[0].vec_lane_reg[0][35]/D (clocked by clk). Large setup violations at the end of those stages might be difficult to fix during the post-placement implementation flow and could be the result of non-optimal XDC constraints or non-optimal design architecture
Related violations: <none>

TIMING-16#300 Warning
Large setup violation  
There is a large setup violation of -1.033 ns between gen_olanes[0].u_mat_mem/mem_array_reg/CLKARDCLK (clocked by clk) and gen_olanes[0].mat_lane_reg[0][12]/D (clocked by clk). Large setup violations at the end of those stages might be difficult to fix during the post-placement implementation flow and could be the result of non-optimal XDC constraints or non-optimal design architecture
Related violations: <none>

TIMING-16#301 Warning
Large setup violation  
There is a large setup violation of -1.033 ns between gen_olanes[0].vec_lane_reg[0][39]/C (clocked by clk) and gen_olanes[107].u_dot8/gen_dsp_mult[4].u_mult/dsp_i/DSP_A_B_DATA_INST/A[25] (clocked by clk). Large setup violations at the end of those stages might be difficult to fix during the post-placement implementation flow and could be the result of non-optimal XDC constraints or non-optimal design architecture
Related violations: <none>

TIMING-16#302 Warning
Large setup violation  
There is a large setup violation of -1.033 ns between gen_olanes[0].vec_lane_reg[0][55]_replica_10/C (clocked by clk) and gen_olanes[41].u_dot8/gen_dsp_mult[6].u_mult/dsp_i/DSP_A_B_DATA_INST/A[19] (clocked by clk). Large setup violations at the end of those stages might be difficult to fix during the post-placement implementation flow and could be the result of non-optimal XDC constraints or non-optimal design architecture
Related violations: <none>

TIMING-16#303 Warning
Large setup violation  
There is a large setup violation of -1.033 ns between gen_olanes[114].mat_lane_reg[114][38]/C (clocked by clk) and gen_olanes[114].u_dot8/gen_dsp_mult[4].u_mult/dsp_i/DSP_A_B_DATA_INST/B[6] (clocked by clk). Large setup violations at the end of those stages might be difficult to fix during the post-placement implementation flow and could be the result of non-optimal XDC constraints or non-optimal design architecture
Related violations: <none>

TIMING-16#304 Warning
Large setup violation  
There is a large setup violation of -1.033 ns between gen_olanes[30].u_dot8/sum_stage3_reg[18]/C (clocked by clk) and gen_olanes[30].u_accum/dsp_accum_i/DSP_C_DATA_INST/C[41] (clocked by clk). Large setup violations at the end of those stages might be difficult to fix during the post-placement implementation flow and could be the result of non-optimal XDC constraints or non-optimal design architecture
Related violations: <none>

TIMING-16#305 Warning
Large setup violation  
There is a large setup violation of -1.033 ns between gen_olanes[49].u_dot8/gen_dsp_mult[0].u_mult/dsp_i/DSP_OUTPUT_INST/CLK (clocked by clk) and gen_olanes[49].u_dot8/sum_stage1_reg[0][14]/D (clocked by clk). Large setup violations at the end of those stages might be difficult to fix during the post-placement implementation flow and could be the result of non-optimal XDC constraints or non-optimal design architecture
Related violations: <none>

TIMING-16#306 Warning
Large setup violation  
There is a large setup violation of -1.033 ns between gen_olanes[61].u_dot8/sum_stage2_reg[0][0]/C (clocked by clk) and gen_olanes[61].u_dot8/sum_stage3_reg[11]/D (clocked by clk). Large setup violations at the end of those stages might be difficult to fix during the post-placement implementation flow and could be the result of non-optimal XDC constraints or non-optimal design architecture
Related violations: <none>

TIMING-16#307 Warning
Large setup violation  
There is a large setup violation of -1.033 ns between gen_olanes[66].u_dot8/sum_stage2_reg[0][0]/C (clocked by clk) and gen_olanes[66].u_dot8/sum_stage3_reg[18]/D (clocked by clk). Large setup violations at the end of those stages might be difficult to fix during the post-placement implementation flow and could be the result of non-optimal XDC constraints or non-optimal design architecture
Related violations: <none>

TIMING-16#308 Warning
Large setup violation  
There is a large setup violation of -1.033 ns between gen_olanes[98].u_dot8/sum_stage3_reg[12]/C (clocked by clk) and gen_olanes[98].u_accum/dsp_accum_i/DSP_C_DATA_INST/C[12] (clocked by clk). Large setup violations at the end of those stages might be difficult to fix during the post-placement implementation flow and could be the result of non-optimal XDC constraints or non-optimal design architecture
Related violations: <none>

TIMING-16#309 Warning
Large setup violation  
There is a large setup violation of -1.033 ns between u_vec_mem/mem_array_reg/CLKARDCLK (clocked by clk) and gen_olanes[0].vec_lane_reg[0][49]_replica_6/D (clocked by clk). Large setup violations at the end of those stages might be difficult to fix during the post-placement implementation flow and could be the result of non-optimal XDC constraints or non-optimal design architecture
Related violations: <none>

TIMING-16#310 Warning
Large setup violation  
There is a large setup violation of -1.033 ns between u_vec_mem/mem_array_reg/CLKARDCLK (clocked by clk) and gen_olanes[0].vec_lane_reg[0][57]_replica_1/D (clocked by clk). Large setup violations at the end of those stages might be difficult to fix during the post-placement implementation flow and could be the result of non-optimal XDC constraints or non-optimal design architecture
Related violations: <none>

TIMING-16#311 Warning
Large setup violation  
There is a large setup violation of -1.034 ns between first_pipe_reg[8][6]_replica_1/C (clocked by clk) and gen_olanes[38].u_accum/dsp_accum_i/DSP_ALU_INST/OPMODE[2] (clocked by clk). Large setup violations at the end of those stages might be difficult to fix during the post-placement implementation flow and could be the result of non-optimal XDC constraints or non-optimal design architecture
Related violations: <none>

TIMING-16#312 Warning
Large setup violation  
There is a large setup violation of -1.034 ns between gen_olanes[0].vec_lane_reg[0][39]/C (clocked by clk) and gen_olanes[29].u_dot8/gen_dsp_mult[4].u_mult/dsp_i/DSP_A_B_DATA_INST/A[15] (clocked by clk). Large setup violations at the end of those stages might be difficult to fix during the post-placement implementation flow and could be the result of non-optimal XDC constraints or non-optimal design architecture
Related violations: <none>

TIMING-16#313 Warning
Large setup violation  
There is a large setup violation of -1.034 ns between gen_olanes[113].u_dot8/gen_dsp_mult[7].u_mult/dsp_i/DSP_OUTPUT_INST/CLK (clocked by clk) and gen_olanes[113].u_dot8/sum_stage1_reg[3][15]/D (clocked by clk). Large setup violations at the end of those stages might be difficult to fix during the post-placement implementation flow and could be the result of non-optimal XDC constraints or non-optimal design architecture
Related violations: <none>

TIMING-16#314 Warning
Large setup violation  
There is a large setup violation of -1.034 ns between gen_olanes[116].u_mat_mem/mem_array_reg/CLKARDCLK (clocked by clk) and gen_olanes[116].mat_lane_reg[116][47]/D (clocked by clk). Large setup violations at the end of those stages might be difficult to fix during the post-placement implementation flow and could be the result of non-optimal XDC constraints or non-optimal design architecture
Related violations: <none>

TIMING-16#315 Warning
Large setup violation  
There is a large setup violation of -1.034 ns between gen_olanes[126].mat_lane_reg[126][50]/C (clocked by clk) and gen_olanes[126].u_dot8/gen_dsp_mult[6].u_mult/dsp_i/DSP_A_B_DATA_INST/B[2] (clocked by clk). Large setup violations at the end of those stages might be difficult to fix during the post-placement implementation flow and could be the result of non-optimal XDC constraints or non-optimal design architecture
Related violations: <none>

TIMING-16#316 Warning
Large setup violation  
There is a large setup violation of -1.034 ns between gen_olanes[43].u_dot8/sum_stage3_reg[18]/C (clocked by clk) and gen_olanes[43].u_accum/dsp_accum_i/DSP_C_DATA_INST/C[42] (clocked by clk). Large setup violations at the end of those stages might be difficult to fix during the post-placement implementation flow and could be the result of non-optimal XDC constraints or non-optimal design architecture
Related violations: <none>

TIMING-16#317 Warning
Large setup violation  
There is a large setup violation of -1.034 ns between u_vec_mem/mem_array_reg/CLKARDCLK (clocked by clk) and gen_olanes[0].vec_lane_reg[0][32]_replica_7/D (clocked by clk). Large setup violations at the end of those stages might be difficult to fix during the post-placement implementation flow and could be the result of non-optimal XDC constraints or non-optimal design architecture
Related violations: <none>

TIMING-16#318 Warning
Large setup violation  
There is a large setup violation of -1.034 ns between u_vec_mem/mem_array_reg/CLKARDCLK (clocked by clk) and gen_olanes[0].vec_lane_reg[0][33]_replica_6/D (clocked by clk). Large setup violations at the end of those stages might be difficult to fix during the post-placement implementation flow and could be the result of non-optimal XDC constraints or non-optimal design architecture
Related violations: <none>

TIMING-16#319 Warning
Large setup violation  
There is a large setup violation of -1.034 ns between u_vec_mem/mem_array_reg/CLKARDCLK (clocked by clk) and gen_olanes[0].vec_lane_reg[0][35]_replica_7/D (clocked by clk). Large setup violations at the end of those stages might be difficult to fix during the post-placement implementation flow and could be the result of non-optimal XDC constraints or non-optimal design architecture
Related violations: <none>

TIMING-16#320 Warning
Large setup violation  
There is a large setup violation of -1.034 ns between u_vec_mem/mem_array_reg/CLKARDCLK (clocked by clk) and gen_olanes[0].vec_lane_reg[0][55]_replica_3/D (clocked by clk). Large setup violations at the end of those stages might be difficult to fix during the post-placement implementation flow and could be the result of non-optimal XDC constraints or non-optimal design architecture
Related violations: <none>

TIMING-16#321 Warning
Large setup violation  
There is a large setup violation of -1.035 ns between gen_olanes[0].vec_lane_reg[0][39]/C (clocked by clk) and gen_olanes[18].u_dot8/gen_dsp_mult[4].u_mult/dsp_i/DSP_A_B_DATA_INST/A[8] (clocked by clk). Large setup violations at the end of those stages might be difficult to fix during the post-placement implementation flow and could be the result of non-optimal XDC constraints or non-optimal design architecture
Related violations: <none>

TIMING-16#322 Warning
Large setup violation  
There is a large setup violation of -1.035 ns between gen_olanes[113].u_dot8/gen_dsp_mult[7].u_mult/dsp_i/DSP_OUTPUT_INST/CLK (clocked by clk) and gen_olanes[113].u_dot8/sum_stage1_reg[3][16]/D (clocked by clk). Large setup violations at the end of those stages might be difficult to fix during the post-placement implementation flow and could be the result of non-optimal XDC constraints or non-optimal design architecture
Related violations: <none>

TIMING-16#323 Warning
Large setup violation  
There is a large setup violation of -1.035 ns between gen_olanes[45].u_dot8/gen_dsp_mult[4].u_mult/dsp_i/DSP_OUTPUT_INST/CLK (clocked by clk) and gen_olanes[45].u_dot8/sum_stage1_reg[2][15]/D (clocked by clk). Large setup violations at the end of those stages might be difficult to fix during the post-placement implementation flow and could be the result of non-optimal XDC constraints or non-optimal design architecture
Related violations: <none>

TIMING-16#324 Warning
Large setup violation  
There is a large setup violation of -1.035 ns between gen_olanes[93].u_dot8/sum_stage2_reg[0][0]/C (clocked by clk) and gen_olanes[93].u_dot8/sum_stage3_reg[13]/D (clocked by clk). Large setup violations at the end of those stages might be difficult to fix during the post-placement implementation flow and could be the result of non-optimal XDC constraints or non-optimal design architecture
Related violations: <none>

TIMING-16#325 Warning
Large setup violation  
There is a large setup violation of -1.035 ns between gen_olanes[97].u_mat_mem/mem_array_reg/CLKARDCLK (clocked by clk) and gen_olanes[97].mat_lane_reg[97][47]/D (clocked by clk). Large setup violations at the end of those stages might be difficult to fix during the post-placement implementation flow and could be the result of non-optimal XDC constraints or non-optimal design architecture
Related violations: <none>

TIMING-16#326 Warning
Large setup violation  
There is a large setup violation of -1.035 ns between u_vec_mem/mem_array_reg/CLKARDCLK (clocked by clk) and gen_olanes[0].vec_lane_reg[0][60]_replica_4/D (clocked by clk). Large setup violations at the end of those stages might be difficult to fix during the post-placement implementation flow and could be the result of non-optimal XDC constraints or non-optimal design architecture
Related violations: <none>

TIMING-16#327 Warning
Large setup violation  
There is a large setup violation of -1.036 ns between gen_olanes[0].vec_lane_reg[0][63]/C (clocked by clk) and gen_olanes[96].u_dot8/gen_dsp_mult[7].u_mult/dsp_i/DSP_A_B_DATA_INST/A[7] (clocked by clk). Large setup violations at the end of those stages might be difficult to fix during the post-placement implementation flow and could be the result of non-optimal XDC constraints or non-optimal design architecture
Related violations: <none>

TIMING-16#328 Warning
Large setup violation  
There is a large setup violation of -1.036 ns between gen_olanes[123].u_dot8/sum_stage2_reg[0][5]/C (clocked by clk) and gen_olanes[123].u_dot8/sum_stage3_reg[14]/D (clocked by clk). Large setup violations at the end of those stages might be difficult to fix during the post-placement implementation flow and could be the result of non-optimal XDC constraints or non-optimal design architecture
Related violations: <none>

TIMING-16#329 Warning
Large setup violation  
There is a large setup violation of -1.036 ns between gen_olanes[45].u_dot8/gen_dsp_mult[4].u_mult/dsp_i/DSP_OUTPUT_INST/CLK (clocked by clk) and gen_olanes[45].u_dot8/sum_stage1_reg[2][16]/D (clocked by clk). Large setup violations at the end of those stages might be difficult to fix during the post-placement implementation flow and could be the result of non-optimal XDC constraints or non-optimal design architecture
Related violations: <none>

TIMING-16#330 Warning
Large setup violation  
There is a large setup violation of -1.036 ns between gen_olanes[49].u_dot8/gen_dsp_mult[0].u_mult/dsp_i/DSP_OUTPUT_INST/CLK (clocked by clk) and gen_olanes[49].u_dot8/sum_stage1_reg[0][13]/D (clocked by clk). Large setup violations at the end of those stages might be difficult to fix during the post-placement implementation flow and could be the result of non-optimal XDC constraints or non-optimal design architecture
Related violations: <none>

TIMING-16#331 Warning
Large setup violation  
There is a large setup violation of -1.036 ns between gen_olanes[61].u_dot8/sum_stage2_reg[0][0]/C (clocked by clk) and gen_olanes[61].u_dot8/sum_stage3_reg[12]/D (clocked by clk). Large setup violations at the end of those stages might be difficult to fix during the post-placement implementation flow and could be the result of non-optimal XDC constraints or non-optimal design architecture
Related violations: <none>

TIMING-16#332 Warning
Large setup violation  
There is a large setup violation of -1.036 ns between gen_olanes[64].u_dot8/sum_stage2_reg[1][4]/C (clocked by clk) and gen_olanes[64].u_dot8/sum_stage3_reg[17]/D (clocked by clk). Large setup violations at the end of those stages might be difficult to fix during the post-placement implementation flow and could be the result of non-optimal XDC constraints or non-optimal design architecture
Related violations: <none>

TIMING-16#333 Warning
Large setup violation  
There is a large setup violation of -1.036 ns between gen_olanes[66].u_mat_mem/mem_array_reg/CLKARDCLK (clocked by clk) and gen_olanes[66].mat_lane_reg[66][31]/D (clocked by clk). Large setup violations at the end of those stages might be difficult to fix during the post-placement implementation flow and could be the result of non-optimal XDC constraints or non-optimal design architecture
Related violations: <none>

TIMING-16#334 Warning
Large setup violation  
There is a large setup violation of -1.036 ns between gen_olanes[93].u_mat_mem/mem_array_reg/CLKARDCLK (clocked by clk) and gen_olanes[93].mat_lane_reg[93][7]/D (clocked by clk). Large setup violations at the end of those stages might be difficult to fix during the post-placement implementation flow and could be the result of non-optimal XDC constraints or non-optimal design architecture
Related violations: <none>

TIMING-16#335 Warning
Large setup violation  
There is a large setup violation of -1.036 ns between u_vec_mem/mem_array_reg/CLKARDCLK (clocked by clk) and gen_olanes[0].vec_lane_reg[0][44]/D (clocked by clk). Large setup violations at the end of those stages might be difficult to fix during the post-placement implementation flow and could be the result of non-optimal XDC constraints or non-optimal design architecture
Related violations: <none>

TIMING-16#336 Warning
Large setup violation  
There is a large setup violation of -1.037 ns between gen_olanes[0].vec_lane_reg[0][32]_replica_3/C (clocked by clk) and gen_olanes[66].u_dot8/gen_dsp_mult[4].u_mult/dsp_i/DSP_A_B_DATA_INST/A[0] (clocked by clk). Large setup violations at the end of those stages might be difficult to fix during the post-placement implementation flow and could be the result of non-optimal XDC constraints or non-optimal design architecture
Related violations: <none>

TIMING-16#337 Warning
Large setup violation  
There is a large setup violation of -1.037 ns between gen_olanes[0].vec_lane_reg[0][63]/C (clocked by clk) and gen_olanes[96].u_dot8/gen_dsp_mult[7].u_mult/dsp_i/DSP_A_B_DATA_INST/A[8] (clocked by clk). Large setup violations at the end of those stages might be difficult to fix during the post-placement implementation flow and could be the result of non-optimal XDC constraints or non-optimal design architecture
Related violations: <none>

TIMING-16#338 Warning
Large setup violation  
There is a large setup violation of -1.038 ns between gen_olanes[0].vec_lane_reg[0][55]_replica_4/C (clocked by clk) and gen_olanes[82].u_dot8/gen_dsp_mult[6].u_mult/dsp_i/DSP_A_B_DATA_INST/A[26] (clocked by clk). Large setup violations at the end of those stages might be difficult to fix during the post-placement implementation flow and could be the result of non-optimal XDC constraints or non-optimal design architecture
Related violations: <none>

TIMING-16#339 Warning
Large setup violation  
There is a large setup violation of -1.038 ns between gen_olanes[0].vec_lane_reg[0][61]_replica_7/C (clocked by clk) and gen_olanes[65].u_dot8/gen_dsp_mult[7].u_mult/dsp_i/DSP_A_B_DATA_INST/A[5] (clocked by clk). Large setup violations at the end of those stages might be difficult to fix during the post-placement implementation flow and could be the result of non-optimal XDC constraints or non-optimal design architecture
Related violations: <none>

TIMING-16#340 Warning
Large setup violation  
There is a large setup violation of -1.038 ns between gen_olanes[36].mat_lane_reg[36][43]/C (clocked by clk) and gen_olanes[36].u_dot8/gen_dsp_mult[5].u_mult/dsp_i/DSP_A_B_DATA_INST/B[3] (clocked by clk). Large setup violations at the end of those stages might be difficult to fix during the post-placement implementation flow and could be the result of non-optimal XDC constraints or non-optimal design architecture
Related violations: <none>

TIMING-16#341 Warning
Large setup violation  
There is a large setup violation of -1.038 ns between gen_olanes[58].u_dot8/sum_stage2_reg[1][4]/C (clocked by clk) and gen_olanes[58].u_dot8/sum_stage3_reg[17]/D (clocked by clk). Large setup violations at the end of those stages might be difficult to fix during the post-placement implementation flow and could be the result of non-optimal XDC constraints or non-optimal design architecture
Related violations: <none>

TIMING-16#342 Warning
Large setup violation  
There is a large setup violation of -1.038 ns between u_vec_mem/mem_array_reg/CLKARDCLK (clocked by clk) and gen_olanes[0].vec_lane_reg[0][11]_replica_2/D (clocked by clk). Large setup violations at the end of those stages might be difficult to fix during the post-placement implementation flow and could be the result of non-optimal XDC constraints or non-optimal design architecture
Related violations: <none>

TIMING-16#343 Warning
Large setup violation  
There is a large setup violation of -1.038 ns between u_vec_mem/mem_array_reg/CLKARDCLK (clocked by clk) and gen_olanes[0].vec_lane_reg[0][55]_replica_9/D (clocked by clk). Large setup violations at the end of those stages might be difficult to fix during the post-placement implementation flow and could be the result of non-optimal XDC constraints or non-optimal design architecture
Related violations: <none>

TIMING-16#344 Warning
Large setup violation  
There is a large setup violation of -1.039 ns between gen_olanes[0].vec_lane_reg[0][50]_replica_8/C (clocked by clk) and gen_olanes[71].u_dot8/gen_dsp_mult[6].u_mult/dsp_i/DSP_A_B_DATA_INST/A[2] (clocked by clk). Large setup violations at the end of those stages might be difficult to fix during the post-placement implementation flow and could be the result of non-optimal XDC constraints or non-optimal design architecture
Related violations: <none>

TIMING-16#345 Warning
Large setup violation  
There is a large setup violation of -1.039 ns between gen_olanes[0].vec_lane_reg[0][55]_replica_1/C (clocked by clk) and gen_olanes[71].u_dot8/gen_dsp_mult[6].u_mult/dsp_i/DSP_A_B_DATA_INST/A[16] (clocked by clk). Large setup violations at the end of those stages might be difficult to fix during the post-placement implementation flow and could be the result of non-optimal XDC constraints or non-optimal design architecture
Related violations: <none>

TIMING-16#346 Warning
Large setup violation  
There is a large setup violation of -1.039 ns between gen_olanes[114].mat_lane_reg[114][46]/C (clocked by clk) and gen_olanes[114].u_dot8/gen_dsp_mult[5].u_mult/dsp_i/DSP_A_B_DATA_INST/B[6] (clocked by clk). Large setup violations at the end of those stages might be difficult to fix during the post-placement implementation flow and could be the result of non-optimal XDC constraints or non-optimal design architecture
Related violations: <none>

TIMING-16#347 Warning
Large setup violation  
There is a large setup violation of -1.039 ns between gen_olanes[123].u_dot8/sum_stage2_reg[0][5]/C (clocked by clk) and gen_olanes[123].u_dot8/sum_stage3_reg[13]/D (clocked by clk). Large setup violations at the end of those stages might be difficult to fix during the post-placement implementation flow and could be the result of non-optimal XDC constraints or non-optimal design architecture
Related violations: <none>

TIMING-16#348 Warning
Large setup violation  
There is a large setup violation of -1.039 ns between gen_olanes[81].u_dot8/sum_stage2_reg[0][14]/C (clocked by clk) and gen_olanes[81].u_dot8/sum_stage3_reg[18]/D (clocked by clk). Large setup violations at the end of those stages might be difficult to fix during the post-placement implementation flow and could be the result of non-optimal XDC constraints or non-optimal design architecture
Related violations: <none>

TIMING-16#349 Warning
Large setup violation  
There is a large setup violation of -1.039 ns between u_vec_mem/mem_array_reg/CLKARDCLK (clocked by clk) and gen_olanes[0].vec_lane_reg[0][20]_replica_2/D (clocked by clk). Large setup violations at the end of those stages might be difficult to fix during the post-placement implementation flow and could be the result of non-optimal XDC constraints or non-optimal design architecture
Related violations: <none>

TIMING-16#350 Warning
Large setup violation  
There is a large setup violation of -1.040 ns between gen_olanes[0].vec_lane_reg[0][39]/C (clocked by clk) and gen_olanes[46].u_dot8/gen_dsp_mult[4].u_mult/dsp_i/DSP_A_B_DATA_INST/A[21] (clocked by clk). Large setup violations at the end of those stages might be difficult to fix during the post-placement implementation flow and could be the result of non-optimal XDC constraints or non-optimal design architecture
Related violations: <none>

TIMING-16#351 Warning
Large setup violation  
There is a large setup violation of -1.040 ns between gen_olanes[0].vec_lane_reg[0][3]_replica_4/C (clocked by clk) and gen_olanes[4].u_dot8/gen_dsp_mult[0].u_mult/dsp_i/DSP_A_B_DATA_INST/A[3] (clocked by clk). Large setup violations at the end of those stages might be difficult to fix during the post-placement implementation flow and could be the result of non-optimal XDC constraints or non-optimal design architecture
Related violations: <none>

TIMING-16#352 Warning
Large setup violation  
There is a large setup violation of -1.040 ns between gen_olanes[0].vec_lane_reg[0][54]_replica_3/C (clocked by clk) and gen_olanes[90].u_dot8/gen_dsp_mult[6].u_mult/dsp_i/DSP_A_B_DATA_INST/A[6] (clocked by clk). Large setup violations at the end of those stages might be difficult to fix during the post-placement implementation flow and could be the result of non-optimal XDC constraints or non-optimal design architecture
Related violations: <none>

TIMING-16#353 Warning
Large setup violation  
There is a large setup violation of -1.040 ns between gen_olanes[0].vec_lane_reg[0][55]_replica_4/C (clocked by clk) and gen_olanes[7].u_dot8/gen_dsp_mult[6].u_mult/dsp_i/DSP_A_B_DATA_INST/A[29] (clocked by clk). Large setup violations at the end of those stages might be difficult to fix during the post-placement implementation flow and could be the result of non-optimal XDC constraints or non-optimal design architecture
Related violations: <none>

TIMING-16#354 Warning
Large setup violation  
There is a large setup violation of -1.040 ns between gen_olanes[0].vec_lane_reg[0][58]_replica_7/C (clocked by clk) and gen_olanes[66].u_dot8/gen_dsp_mult[7].u_mult/dsp_i/DSP_A_B_DATA_INST/A[2] (clocked by clk). Large setup violations at the end of those stages might be difficult to fix during the post-placement implementation flow and could be the result of non-optimal XDC constraints or non-optimal design architecture
Related violations: <none>

TIMING-16#355 Warning
Large setup violation  
There is a large setup violation of -1.040 ns between gen_olanes[52].u_dot8/sum_stage3_reg[18]/C (clocked by clk) and gen_olanes[52].u_accum/dsp_accum_i/DSP_C_DATA_INST/C[33] (clocked by clk). Large setup violations at the end of those stages might be difficult to fix during the post-placement implementation flow and could be the result of non-optimal XDC constraints or non-optimal design architecture
Related violations: <none>

TIMING-16#356 Warning
Large setup violation  
There is a large setup violation of -1.040 ns between gen_olanes[66].u_mat_mem/mem_array_reg/CLKARDCLK (clocked by clk) and gen_olanes[66].mat_lane_reg[66][30]/D (clocked by clk). Large setup violations at the end of those stages might be difficult to fix during the post-placement implementation flow and could be the result of non-optimal XDC constraints or non-optimal design architecture
Related violations: <none>

TIMING-16#357 Warning
Large setup violation  
There is a large setup violation of -1.040 ns between gen_olanes[80].u_mat_mem/mem_array_reg/CLKARDCLK (clocked by clk) and gen_olanes[80].mat_lane_reg[80][31]/D (clocked by clk). Large setup violations at the end of those stages might be difficult to fix during the post-placement implementation flow and could be the result of non-optimal XDC constraints or non-optimal design architecture
Related violations: <none>

TIMING-16#358 Warning
Large setup violation  
There is a large setup violation of -1.040 ns between u_vec_mem/mem_array_reg/CLKARDCLK (clocked by clk) and gen_olanes[0].vec_lane_reg[0][47]/D (clocked by clk). Large setup violations at the end of those stages might be difficult to fix during the post-placement implementation flow and could be the result of non-optimal XDC constraints or non-optimal design architecture
Related violations: <none>

TIMING-16#359 Warning
Large setup violation  
There is a large setup violation of -1.040 ns between u_vec_mem/mem_array_reg/CLKARDCLK (clocked by clk) and gen_olanes[0].vec_lane_reg[0][50]_replica_3/D (clocked by clk). Large setup violations at the end of those stages might be difficult to fix during the post-placement implementation flow and could be the result of non-optimal XDC constraints or non-optimal design architecture
Related violations: <none>

TIMING-16#360 Warning
Large setup violation  
There is a large setup violation of -1.041 ns between gen_olanes[0].vec_lane_reg[0][39]/C (clocked by clk) and gen_olanes[18].u_dot8/gen_dsp_mult[4].u_mult/dsp_i/DSP_A_B_DATA_INST/A[7] (clocked by clk). Large setup violations at the end of those stages might be difficult to fix during the post-placement implementation flow and could be the result of non-optimal XDC constraints or non-optimal design architecture
Related violations: <none>

TIMING-16#361 Warning
Large setup violation  
There is a large setup violation of -1.041 ns between gen_olanes[0].vec_lane_reg[0][47]_replica_9/C (clocked by clk) and gen_olanes[89].u_dot8/gen_dsp_mult[5].u_mult/dsp_i/DSP_A_B_DATA_INST/A[29] (clocked by clk). Large setup violations at the end of those stages might be difficult to fix during the post-placement implementation flow and could be the result of non-optimal XDC constraints or non-optimal design architecture
Related violations: <none>

TIMING-16#362 Warning
Large setup violation  
There is a large setup violation of -1.041 ns between gen_olanes[102].u_mat_mem/mem_array_reg/CLKARDCLK (clocked by clk) and gen_olanes[102].mat_lane_reg[102][63]/D (clocked by clk). Large setup violations at the end of those stages might be difficult to fix during the post-placement implementation flow and could be the result of non-optimal XDC constraints or non-optimal design architecture
Related violations: <none>

TIMING-16#363 Warning
Large setup violation  
There is a large setup violation of -1.041 ns between gen_olanes[43].mat_lane_reg[43][61]/C (clocked by clk) and gen_olanes[43].u_dot8/gen_dsp_mult[7].u_mult/dsp_i/DSP_A_B_DATA_INST/B[5] (clocked by clk). Large setup violations at the end of those stages might be difficult to fix during the post-placement implementation flow and could be the result of non-optimal XDC constraints or non-optimal design architecture
Related violations: <none>

TIMING-16#364 Warning
Large setup violation  
There is a large setup violation of -1.041 ns between gen_olanes[65].u_dot8/gen_dsp_mult[2].u_mult/dsp_i/DSP_OUTPUT_INST/CLK (clocked by clk) and gen_olanes[65].u_dot8/sum_stage1_reg[1][14]/D (clocked by clk). Large setup violations at the end of those stages might be difficult to fix during the post-placement implementation flow and could be the result of non-optimal XDC constraints or non-optimal design architecture
Related violations: <none>

TIMING-16#365 Warning
Large setup violation  
There is a large setup violation of -1.041 ns between gen_olanes[66].u_mat_mem/mem_array_reg/CLKARDCLK (clocked by clk) and gen_olanes[66].mat_lane_reg[66][18]/D (clocked by clk). Large setup violations at the end of those stages might be difficult to fix during the post-placement implementation flow and could be the result of non-optimal XDC constraints or non-optimal design architecture
Related violations: <none>

TIMING-16#366 Warning
Large setup violation  
There is a large setup violation of -1.041 ns between gen_olanes[85].u_dot8/sum_stage2_reg[0][0]/C (clocked by clk) and gen_olanes[85].u_dot8/sum_stage3_reg[14]/D (clocked by clk). Large setup violations at the end of those stages might be difficult to fix during the post-placement implementation flow and could be the result of non-optimal XDC constraints or non-optimal design architecture
Related violations: <none>

TIMING-16#367 Warning
Large setup violation  
There is a large setup violation of -1.041 ns between gen_olanes[92].u_mat_mem/mem_array_reg/CLKARDCLK (clocked by clk) and gen_olanes[92].mat_lane_reg[92][47]/D (clocked by clk). Large setup violations at the end of those stages might be difficult to fix during the post-placement implementation flow and could be the result of non-optimal XDC constraints or non-optimal design architecture
Related violations: <none>

TIMING-16#368 Warning
Large setup violation  
There is a large setup violation of -1.042 ns between gen_olanes[0].vec_lane_reg[0][55]_replica_10/C (clocked by clk) and gen_olanes[99].u_dot8/gen_dsp_mult[6].u_mult/dsp_i/DSP_A_B_DATA_INST/A[28] (clocked by clk). Large setup violations at the end of those stages might be difficult to fix during the post-placement implementation flow and could be the result of non-optimal XDC constraints or non-optimal design architecture
Related violations: <none>

TIMING-16#369 Warning
Large setup violation  
There is a large setup violation of -1.042 ns between gen_olanes[0].vec_lane_reg[0][55]_replica_4/C (clocked by clk) and gen_olanes[82].u_dot8/gen_dsp_mult[6].u_mult/dsp_i/DSP_A_B_DATA_INST/A[23] (clocked by clk). Large setup violations at the end of those stages might be difficult to fix during the post-placement implementation flow and could be the result of non-optimal XDC constraints or non-optimal design architecture
Related violations: <none>

TIMING-16#370 Warning
Large setup violation  
There is a large setup violation of -1.042 ns between gen_olanes[101].u_dot8/sum_stage2_reg[1][2]/C (clocked by clk) and gen_olanes[101].u_dot8/sum_stage3_reg[18]/D (clocked by clk). Large setup violations at the end of those stages might be difficult to fix during the post-placement implementation flow and could be the result of non-optimal XDC constraints or non-optimal design architecture
Related violations: <none>

TIMING-16#371 Warning
Large setup violation  
There is a large setup violation of -1.042 ns between gen_olanes[33].u_dot8/sum_stage2_reg[0][5]/C (clocked by clk) and gen_olanes[33].u_dot8/sum_stage3_reg[17]/D (clocked by clk). Large setup violations at the end of those stages might be difficult to fix during the post-placement implementation flow and could be the result of non-optimal XDC constraints or non-optimal design architecture
Related violations: <none>

TIMING-16#372 Warning
Large setup violation  
There is a large setup violation of -1.042 ns between gen_olanes[35].mat_lane_reg[35][57]/C (clocked by clk) and gen_olanes[35].u_dot8/gen_dsp_mult[7].u_mult/dsp_i/DSP_A_B_DATA_INST/B[1] (clocked by clk). Large setup violations at the end of those stages might be difficult to fix during the post-placement implementation flow and could be the result of non-optimal XDC constraints or non-optimal design architecture
Related violations: <none>

TIMING-16#373 Warning
Large setup violation  
There is a large setup violation of -1.042 ns between gen_olanes[45].u_dot8/sum_stage2_reg[1][0]/C (clocked by clk) and gen_olanes[45].u_dot8/sum_stage3_reg[18]/D (clocked by clk). Large setup violations at the end of those stages might be difficult to fix during the post-placement implementation flow and could be the result of non-optimal XDC constraints or non-optimal design architecture
Related violations: <none>

TIMING-16#374 Warning
Large setup violation  
There is a large setup violation of -1.043 ns between gen_olanes[0].vec_lane_reg[0][39]/C (clocked by clk) and gen_olanes[107].u_dot8/gen_dsp_mult[4].u_mult/dsp_i/DSP_A_B_DATA_INST/A[24] (clocked by clk). Large setup violations at the end of those stages might be difficult to fix during the post-placement implementation flow and could be the result of non-optimal XDC constraints or non-optimal design architecture
Related violations: <none>

TIMING-16#375 Warning
Large setup violation  
There is a large setup violation of -1.043 ns between gen_olanes[0].vec_lane_reg[0][39]/C (clocked by clk) and gen_olanes[52].u_dot8/gen_dsp_mult[4].u_mult/dsp_i/DSP_A_B_DATA_INST/A[11] (clocked by clk). Large setup violations at the end of those stages might be difficult to fix during the post-placement implementation flow and could be the result of non-optimal XDC constraints or non-optimal design architecture
Related violations: <none>

TIMING-16#376 Warning
Large setup violation  
There is a large setup violation of -1.043 ns between gen_olanes[38].mat_lane_reg[38][53]/C (clocked by clk) and gen_olanes[38].u_dot8/gen_dsp_mult[6].u_mult/dsp_i/DSP_A_B_DATA_INST/B[5] (clocked by clk). Large setup violations at the end of those stages might be difficult to fix during the post-placement implementation flow and could be the result of non-optimal XDC constraints or non-optimal design architecture
Related violations: <none>

TIMING-16#377 Warning
Large setup violation  
There is a large setup violation of -1.043 ns between gen_olanes[90].mat_lane_reg[90][12]/C (clocked by clk) and gen_olanes[90].u_dot8/gen_dsp_mult[1].u_mult/dsp_i/DSP_A_B_DATA_INST/B[4] (clocked by clk). Large setup violations at the end of those stages might be difficult to fix during the post-placement implementation flow and could be the result of non-optimal XDC constraints or non-optimal design architecture
Related violations: <none>

TIMING-16#378 Warning
Large setup violation  
There is a large setup violation of -1.044 ns between gen_olanes[0].vec_lane_reg[0][39]/C (clocked by clk) and gen_olanes[18].u_dot8/gen_dsp_mult[4].u_mult/dsp_i/DSP_A_B_DATA_INST/A[10] (clocked by clk). Large setup violations at the end of those stages might be difficult to fix during the post-placement implementation flow and could be the result of non-optimal XDC constraints or non-optimal design architecture
Related violations: <none>

TIMING-16#379 Warning
Large setup violation  
There is a large setup violation of -1.044 ns between gen_olanes[0].vec_lane_reg[0][62]_replica_4/C (clocked by clk) and gen_olanes[89].u_dot8/gen_dsp_mult[7].u_mult/dsp_i/DSP_A_B_DATA_INST/A[6] (clocked by clk). Large setup violations at the end of those stages might be difficult to fix during the post-placement implementation flow and could be the result of non-optimal XDC constraints or non-optimal design architecture
Related violations: <none>

TIMING-16#380 Warning
Large setup violation  
There is a large setup violation of -1.044 ns between gen_olanes[0].vec_lane_reg[0][63]/C (clocked by clk) and gen_olanes[103].u_dot8/gen_dsp_mult[7].u_mult/dsp_i/DSP_A_B_DATA_INST/A[23] (clocked by clk). Large setup violations at the end of those stages might be difficult to fix during the post-placement implementation flow and could be the result of non-optimal XDC constraints or non-optimal design architecture
Related violations: <none>

TIMING-16#381 Warning
Large setup violation  
There is a large setup violation of -1.044 ns between gen_olanes[65].u_dot8/gen_dsp_mult[2].u_mult/dsp_i/DSP_OUTPUT_INST/CLK (clocked by clk) and gen_olanes[65].u_dot8/sum_stage1_reg[1][13]/D (clocked by clk). Large setup violations at the end of those stages might be difficult to fix during the post-placement implementation flow and could be the result of non-optimal XDC constraints or non-optimal design architecture
Related violations: <none>

TIMING-16#382 Warning
Large setup violation  
There is a large setup violation of -1.044 ns between gen_olanes[85].u_dot8/sum_stage2_reg[0][0]/C (clocked by clk) and gen_olanes[85].u_dot8/sum_stage3_reg[13]/D (clocked by clk). Large setup violations at the end of those stages might be difficult to fix during the post-placement implementation flow and could be the result of non-optimal XDC constraints or non-optimal design architecture
Related violations: <none>

TIMING-16#383 Warning
Large setup violation  
There is a large setup violation of -1.044 ns between gen_olanes[92].u_mat_mem/mem_array_reg/CLKARDCLK (clocked by clk) and gen_olanes[92].mat_lane_reg[92][63]/D (clocked by clk). Large setup violations at the end of those stages might be difficult to fix during the post-placement implementation flow and could be the result of non-optimal XDC constraints or non-optimal design architecture
Related violations: <none>

TIMING-16#384 Warning
Large setup violation  
There is a large setup violation of -1.044 ns between u_vec_mem/mem_array_reg/CLKARDCLK (clocked by clk) and gen_olanes[0].vec_lane_reg[0][45]_replica_4/D (clocked by clk). Large setup violations at the end of those stages might be difficult to fix during the post-placement implementation flow and could be the result of non-optimal XDC constraints or non-optimal design architecture
Related violations: <none>

TIMING-16#385 Warning
Large setup violation  
There is a large setup violation of -1.045 ns between gen_olanes[0].vec_lane_reg[0][39]/C (clocked by clk) and gen_olanes[18].u_dot8/gen_dsp_mult[4].u_mult/dsp_i/DSP_A_B_DATA_INST/A[28] (clocked by clk). Large setup violations at the end of those stages might be difficult to fix during the post-placement implementation flow and could be the result of non-optimal XDC constraints or non-optimal design architecture
Related violations: <none>

TIMING-16#386 Warning
Large setup violation  
There is a large setup violation of -1.045 ns between gen_olanes[66].u_dot8/sum_stage2_reg[0][0]/C (clocked by clk) and gen_olanes[66].u_dot8/sum_stage3_reg[17]/D (clocked by clk). Large setup violations at the end of those stages might be difficult to fix during the post-placement implementation flow and could be the result of non-optimal XDC constraints or non-optimal design architecture
Related violations: <none>

TIMING-16#387 Warning
Large setup violation  
There is a large setup violation of -1.045 ns between gen_olanes[66].u_mat_mem/mem_array_reg/CLKARDCLK (clocked by clk) and gen_olanes[66].mat_lane_reg[66][20]/D (clocked by clk). Large setup violations at the end of those stages might be difficult to fix during the post-placement implementation flow and could be the result of non-optimal XDC constraints or non-optimal design architecture
Related violations: <none>

TIMING-16#388 Warning
Large setup violation  
There is a large setup violation of -1.045 ns between u_vec_mem/mem_array_reg/CLKARDCLK (clocked by clk) and gen_olanes[0].vec_lane_reg[0][61]_replica_4/D (clocked by clk). Large setup violations at the end of those stages might be difficult to fix during the post-placement implementation flow and could be the result of non-optimal XDC constraints or non-optimal design architecture
Related violations: <none>

TIMING-16#389 Warning
Large setup violation  
There is a large setup violation of -1.046 ns between gen_olanes[0].vec_lane_reg[0][39]/C (clocked by clk) and gen_olanes[107].u_dot8/gen_dsp_mult[4].u_mult/dsp_i/DSP_A_B_DATA_INST/A[10] (clocked by clk). Large setup violations at the end of those stages might be difficult to fix during the post-placement implementation flow and could be the result of non-optimal XDC constraints or non-optimal design architecture
Related violations: <none>

TIMING-16#390 Warning
Large setup violation  
There is a large setup violation of -1.046 ns between gen_olanes[0].vec_lane_reg[0][63]/C (clocked by clk) and gen_olanes[114].u_dot8/gen_dsp_mult[7].u_mult/dsp_i/DSP_A_B_DATA_INST/A[10] (clocked by clk). Large setup violations at the end of those stages might be difficult to fix during the post-placement implementation flow and could be the result of non-optimal XDC constraints or non-optimal design architecture
Related violations: <none>

TIMING-16#391 Warning
Large setup violation  
There is a large setup violation of -1.046 ns between gen_olanes[0].vec_lane_reg[0][63]/C (clocked by clk) and gen_olanes[114].u_dot8/gen_dsp_mult[7].u_mult/dsp_i/DSP_A_B_DATA_INST/A[9] (clocked by clk). Large setup violations at the end of those stages might be difficult to fix during the post-placement implementation flow and could be the result of non-optimal XDC constraints or non-optimal design architecture
Related violations: <none>

TIMING-16#392 Warning
Large setup violation  
There is a large setup violation of -1.046 ns between gen_olanes[78].u_mat_mem/mem_array_reg/CLKARDCLK (clocked by clk) and gen_olanes[78].mat_lane_reg[78][54]/D (clocked by clk). Large setup violations at the end of those stages might be difficult to fix during the post-placement implementation flow and could be the result of non-optimal XDC constraints or non-optimal design architecture
Related violations: <none>

TIMING-16#393 Warning
Large setup violation  
There is a large setup violation of -1.046 ns between gen_olanes[93].u_dot8/sum_stage2_reg[0][0]/C (clocked by clk) and gen_olanes[93].u_dot8/sum_stage3_reg[15]/D (clocked by clk). Large setup violations at the end of those stages might be difficult to fix during the post-placement implementation flow and could be the result of non-optimal XDC constraints or non-optimal design architecture
Related violations: <none>

TIMING-16#394 Warning
Large setup violation  
There is a large setup violation of -1.046 ns between gen_olanes[93].u_dot8/sum_stage2_reg[0][0]/C (clocked by clk) and gen_olanes[93].u_dot8/sum_stage3_reg[16]/D (clocked by clk). Large setup violations at the end of those stages might be difficult to fix during the post-placement implementation flow and could be the result of non-optimal XDC constraints or non-optimal design architecture
Related violations: <none>

TIMING-16#395 Warning
Large setup violation  
There is a large setup violation of -1.046 ns between u_vec_mem/mem_array_reg/CLKARDCLK (clocked by clk) and gen_olanes[0].vec_lane_reg[0][44]_replica_4/D (clocked by clk). Large setup violations at the end of those stages might be difficult to fix during the post-placement implementation flow and could be the result of non-optimal XDC constraints or non-optimal design architecture
Related violations: <none>

TIMING-16#396 Warning
Large setup violation  
There is a large setup violation of -1.047 ns between gen_olanes[0].vec_lane_reg[0][39]/C (clocked by clk) and gen_olanes[107].u_dot8/gen_dsp_mult[4].u_mult/dsp_i/DSP_A_B_DATA_INST/A[23] (clocked by clk). Large setup violations at the end of those stages might be difficult to fix during the post-placement implementation flow and could be the result of non-optimal XDC constraints or non-optimal design architecture
Related violations: <none>

TIMING-16#397 Warning
Large setup violation  
There is a large setup violation of -1.047 ns between gen_olanes[49].u_dot8/gen_dsp_mult[0].u_mult/dsp_i/DSP_OUTPUT_INST/CLK (clocked by clk) and gen_olanes[49].u_dot8/sum_stage1_reg[0][15]/D (clocked by clk). Large setup violations at the end of those stages might be difficult to fix during the post-placement implementation flow and could be the result of non-optimal XDC constraints or non-optimal design architecture
Related violations: <none>

TIMING-16#398 Warning
Large setup violation  
There is a large setup violation of -1.047 ns between gen_olanes[49].u_dot8/gen_dsp_mult[0].u_mult/dsp_i/DSP_OUTPUT_INST/CLK (clocked by clk) and gen_olanes[49].u_dot8/sum_stage1_reg[0][16]/D (clocked by clk). Large setup violations at the end of those stages might be difficult to fix during the post-placement implementation flow and could be the result of non-optimal XDC constraints or non-optimal design architecture
Related violations: <none>

TIMING-16#399 Warning
Large setup violation  
There is a large setup violation of -1.047 ns between gen_olanes[67].u_mat_mem/mem_array_reg/CLKARDCLK (clocked by clk) and gen_olanes[67].mat_lane_reg[67][7]/D (clocked by clk). Large setup violations at the end of those stages might be difficult to fix during the post-placement implementation flow and could be the result of non-optimal XDC constraints or non-optimal design architecture
Related violations: <none>

TIMING-16#400 Warning
Large setup violation  
There is a large setup violation of -1.048 ns between gen_olanes[0].vec_lane_reg[0][39]/C (clocked by clk) and gen_olanes[44].u_dot8/gen_dsp_mult[4].u_mult/dsp_i/DSP_A_B_DATA_INST/A[25] (clocked by clk). Large setup violations at the end of those stages might be difficult to fix during the post-placement implementation flow and could be the result of non-optimal XDC constraints or non-optimal design architecture
Related violations: <none>

TIMING-16#401 Warning
Large setup violation  
There is a large setup violation of -1.048 ns between gen_olanes[21].u_dot8/gen_dsp_mult[3].u_mult/dsp_i/DSP_OUTPUT_INST/CLK (clocked by clk) and gen_olanes[21].u_dot8/sum_stage1_reg[1][4]/D (clocked by clk). Large setup violations at the end of those stages might be difficult to fix during the post-placement implementation flow and could be the result of non-optimal XDC constraints or non-optimal design architecture
Related violations: <none>

TIMING-16#402 Warning
Large setup violation  
There is a large setup violation of -1.048 ns between gen_olanes[43].u_dot8/sum_stage3_reg[18]/C (clocked by clk) and gen_olanes[43].u_accum/dsp_accum_i/DSP_C_DATA_INST/C[34] (clocked by clk). Large setup violations at the end of those stages might be difficult to fix during the post-placement implementation flow and could be the result of non-optimal XDC constraints or non-optimal design architecture
Related violations: <none>

TIMING-16#403 Warning
Large setup violation  
There is a large setup violation of -1.048 ns between gen_olanes[7].u_mat_mem/mem_array_reg/CLKARDCLK (clocked by clk) and gen_olanes[7].mat_lane_reg[7][9]/D (clocked by clk). Large setup violations at the end of those stages might be difficult to fix during the post-placement implementation flow and could be the result of non-optimal XDC constraints or non-optimal design architecture
Related violations: <none>

TIMING-16#404 Warning
Large setup violation  
There is a large setup violation of -1.048 ns between gen_olanes[93].u_mat_mem/mem_array_reg/CLKARDCLK (clocked by clk) and gen_olanes[93].mat_lane_reg[93][19]/D (clocked by clk). Large setup violations at the end of those stages might be difficult to fix during the post-placement implementation flow and could be the result of non-optimal XDC constraints or non-optimal design architecture
Related violations: <none>

TIMING-16#405 Warning
Large setup violation  
There is a large setup violation of -1.049 ns between gen_olanes[123].u_dot8/sum_stage2_reg[0][5]/C (clocked by clk) and gen_olanes[123].u_dot8/sum_stage3_reg[15]/D (clocked by clk). Large setup violations at the end of those stages might be difficult to fix during the post-placement implementation flow and could be the result of non-optimal XDC constraints or non-optimal design architecture
Related violations: <none>

TIMING-16#406 Warning
Large setup violation  
There is a large setup violation of -1.049 ns between gen_olanes[3].u_dot8/sum_stage2_reg[0][2]/C (clocked by clk) and gen_olanes[3].u_dot8/sum_stage3_reg[18]/D (clocked by clk). Large setup violations at the end of those stages might be difficult to fix during the post-placement implementation flow and could be the result of non-optimal XDC constraints or non-optimal design architecture
Related violations: <none>

TIMING-16#407 Warning
Large setup violation  
There is a large setup violation of -1.049 ns between gen_olanes[7].u_dot8/sum_stage2_reg[0][16]/C (clocked by clk) and gen_olanes[7].u_dot8/sum_stage3_reg[18]/D (clocked by clk). Large setup violations at the end of those stages might be difficult to fix during the post-placement implementation flow and could be the result of non-optimal XDC constraints or non-optimal design architecture
Related violations: <none>

TIMING-16#408 Warning
Large setup violation  
There is a large setup violation of -1.050 ns between gen_olanes[0].vec_lane_reg[0][39]/C (clocked by clk) and gen_olanes[107].u_dot8/gen_dsp_mult[4].u_mult/dsp_i/DSP_A_B_DATA_INST/A[27] (clocked by clk). Large setup violations at the end of those stages might be difficult to fix during the post-placement implementation flow and could be the result of non-optimal XDC constraints or non-optimal design architecture
Related violations: <none>

TIMING-16#409 Warning
Large setup violation  
There is a large setup violation of -1.050 ns between gen_olanes[101].u_mat_mem/mem_array_reg/CLKARDCLK (clocked by clk) and gen_olanes[101].mat_lane_reg[101][52]/D (clocked by clk). Large setup violations at the end of those stages might be difficult to fix during the post-placement implementation flow and could be the result of non-optimal XDC constraints or non-optimal design architecture
Related violations: <none>

TIMING-16#410 Warning
Large setup violation  
There is a large setup violation of -1.050 ns between gen_olanes[104].u_mat_mem/mem_array_reg/CLKARDCLK (clocked by clk) and gen_olanes[104].mat_lane_reg[104][31]/D (clocked by clk). Large setup violations at the end of those stages might be difficult to fix during the post-placement implementation flow and could be the result of non-optimal XDC constraints or non-optimal design architecture
Related violations: <none>

TIMING-16#411 Warning
Large setup violation  
There is a large setup violation of -1.050 ns between gen_olanes[123].u_dot8/sum_stage2_reg[0][5]/C (clocked by clk) and gen_olanes[123].u_dot8/sum_stage3_reg[16]/D (clocked by clk). Large setup violations at the end of those stages might be difficult to fix during the post-placement implementation flow and could be the result of non-optimal XDC constraints or non-optimal design architecture
Related violations: <none>

TIMING-16#412 Warning
Large setup violation  
There is a large setup violation of -1.050 ns between gen_olanes[92].u_dot8/sum_stage2_reg[0][12]/C (clocked by clk) and gen_olanes[92].u_dot8/sum_stage3_reg[16]/D (clocked by clk). Large setup violations at the end of those stages might be difficult to fix during the post-placement implementation flow and could be the result of non-optimal XDC constraints or non-optimal design architecture
Related violations: <none>

TIMING-16#413 Warning
Large setup violation  
There is a large setup violation of -1.050 ns between u_vec_mem/mem_array_reg/CLKARDCLK (clocked by clk) and gen_olanes[0].vec_lane_reg[0][48]_replica_2/D (clocked by clk). Large setup violations at the end of those stages might be difficult to fix during the post-placement implementation flow and could be the result of non-optimal XDC constraints or non-optimal design architecture
Related violations: <none>

TIMING-16#414 Warning
Large setup violation  
There is a large setup violation of -1.051 ns between gen_olanes[0].vec_lane_reg[0][39]/C (clocked by clk) and gen_olanes[78].u_dot8/gen_dsp_mult[4].u_mult/dsp_i/DSP_A_B_DATA_INST/A[27] (clocked by clk). Large setup violations at the end of those stages might be difficult to fix during the post-placement implementation flow and could be the result of non-optimal XDC constraints or non-optimal design architecture
Related violations: <none>

TIMING-16#415 Warning
Large setup violation  
There is a large setup violation of -1.051 ns between gen_olanes[0].vec_lane_reg[0][39]_replica_2/C (clocked by clk) and gen_olanes[66].u_dot8/gen_dsp_mult[4].u_mult/dsp_i/DSP_A_B_DATA_INST/A[28] (clocked by clk). Large setup violations at the end of those stages might be difficult to fix during the post-placement implementation flow and could be the result of non-optimal XDC constraints or non-optimal design architecture
Related violations: <none>

TIMING-16#416 Warning
Large setup violation  
There is a large setup violation of -1.051 ns between gen_olanes[81].u_dot8/sum_stage2_reg[0][14]/C (clocked by clk) and gen_olanes[81].u_dot8/sum_stage3_reg[17]/D (clocked by clk). Large setup violations at the end of those stages might be difficult to fix during the post-placement implementation flow and could be the result of non-optimal XDC constraints or non-optimal design architecture
Related violations: <none>

TIMING-16#417 Warning
Large setup violation  
There is a large setup violation of -1.051 ns between u_vec_mem/mem_array_reg/CLKARDCLK (clocked by clk) and gen_olanes[0].vec_lane_reg[0][42]_replica_8/D (clocked by clk). Large setup violations at the end of those stages might be difficult to fix during the post-placement implementation flow and could be the result of non-optimal XDC constraints or non-optimal design architecture
Related violations: <none>

TIMING-16#418 Warning
Large setup violation  
There is a large setup violation of -1.051 ns between u_vec_mem/mem_array_reg/CLKARDCLK (clocked by clk) and gen_olanes[0].vec_lane_reg[0][59]_replica_1/D (clocked by clk). Large setup violations at the end of those stages might be difficult to fix during the post-placement implementation flow and could be the result of non-optimal XDC constraints or non-optimal design architecture
Related violations: <none>

TIMING-16#419 Warning
Large setup violation  
There is a large setup violation of -1.052 ns between gen_olanes[0].vec_lane_reg[0][39]/C (clocked by clk) and gen_olanes[27].u_dot8/gen_dsp_mult[4].u_mult/dsp_i/DSP_A_B_DATA_INST/A[28] (clocked by clk). Large setup violations at the end of those stages might be difficult to fix during the post-placement implementation flow and could be the result of non-optimal XDC constraints or non-optimal design architecture
Related violations: <none>

TIMING-16#420 Warning
Large setup violation  
There is a large setup violation of -1.052 ns between gen_olanes[106].u_mat_mem/mem_array_reg/CLKARDCLK (clocked by clk) and gen_olanes[106].mat_lane_reg[106][63]/D (clocked by clk). Large setup violations at the end of those stages might be difficult to fix during the post-placement implementation flow and could be the result of non-optimal XDC constraints or non-optimal design architecture
Related violations: <none>

TIMING-16#421 Warning
Large setup violation  
There is a large setup violation of -1.052 ns between u_vec_mem/mem_array_reg/CLKARDCLK (clocked by clk) and gen_olanes[0].vec_lane_reg[0][36]_replica_4/D (clocked by clk). Large setup violations at the end of those stages might be difficult to fix during the post-placement implementation flow and could be the result of non-optimal XDC constraints or non-optimal design architecture
Related violations: <none>

TIMING-16#422 Warning
Large setup violation  
There is a large setup violation of -1.053 ns between gen_olanes[0].vec_lane_reg[0][63]_replica/C (clocked by clk) and gen_olanes[105].u_dot8/gen_dsp_mult[7].u_mult/dsp_i/DSP_A_B_DATA_INST/A[11] (clocked by clk). Large setup violations at the end of those stages might be difficult to fix during the post-placement implementation flow and could be the result of non-optimal XDC constraints or non-optimal design architecture
Related violations: <none>

TIMING-16#423 Warning
Large setup violation  
There is a large setup violation of -1.053 ns between gen_olanes[110].u_mat_mem/mem_array_reg/CLKARDCLK (clocked by clk) and gen_olanes[110].mat_lane_reg[110][23]/D (clocked by clk). Large setup violations at the end of those stages might be difficult to fix during the post-placement implementation flow and could be the result of non-optimal XDC constraints or non-optimal design architecture
Related violations: <none>

TIMING-16#424 Warning
Large setup violation  
There is a large setup violation of -1.054 ns between gen_olanes[0].vec_lane_reg[0][55]_replica_10/C (clocked by clk) and gen_olanes[41].u_dot8/gen_dsp_mult[6].u_mult/dsp_i/DSP_A_B_DATA_INST/A[29] (clocked by clk). Large setup violations at the end of those stages might be difficult to fix during the post-placement implementation flow and could be the result of non-optimal XDC constraints or non-optimal design architecture
Related violations: <none>

TIMING-16#425 Warning
Large setup violation  
There is a large setup violation of -1.054 ns between gen_olanes[101].u_dot8/sum_stage2_reg[1][2]/C (clocked by clk) and gen_olanes[101].u_dot8/sum_stage3_reg[17]/D (clocked by clk). Large setup violations at the end of those stages might be difficult to fix during the post-placement implementation flow and could be the result of non-optimal XDC constraints or non-optimal design architecture
Related violations: <none>

TIMING-16#426 Warning
Large setup violation  
There is a large setup violation of -1.054 ns between gen_olanes[45].u_dot8/sum_stage2_reg[1][0]/C (clocked by clk) and gen_olanes[45].u_dot8/sum_stage3_reg[17]/D (clocked by clk). Large setup violations at the end of those stages might be difficult to fix during the post-placement implementation flow and could be the result of non-optimal XDC constraints or non-optimal design architecture
Related violations: <none>

TIMING-16#427 Warning
Large setup violation  
There is a large setup violation of -1.054 ns between gen_olanes[65].u_dot8/gen_dsp_mult[2].u_mult/dsp_i/DSP_OUTPUT_INST/CLK (clocked by clk) and gen_olanes[65].u_dot8/sum_stage1_reg[1][15]/D (clocked by clk). Large setup violations at the end of those stages might be difficult to fix during the post-placement implementation flow and could be the result of non-optimal XDC constraints or non-optimal design architecture
Related violations: <none>

TIMING-16#428 Warning
Large setup violation  
There is a large setup violation of -1.054 ns between gen_olanes[85].u_dot8/sum_stage2_reg[0][0]/C (clocked by clk) and gen_olanes[85].u_dot8/sum_stage3_reg[15]/D (clocked by clk). Large setup violations at the end of those stages might be difficult to fix during the post-placement implementation flow and could be the result of non-optimal XDC constraints or non-optimal design architecture
Related violations: <none>

TIMING-16#429 Warning
Large setup violation  
There is a large setup violation of -1.054 ns between u_vec_mem/mem_array_reg/CLKARDCLK (clocked by clk) and gen_olanes[0].vec_lane_reg[0][40]_replica_7/D (clocked by clk). Large setup violations at the end of those stages might be difficult to fix during the post-placement implementation flow and could be the result of non-optimal XDC constraints or non-optimal design architecture
Related violations: <none>

TIMING-16#430 Warning
Large setup violation  
There is a large setup violation of -1.054 ns between u_vec_mem/mem_array_reg/CLKARDCLK (clocked by clk) and gen_olanes[0].vec_lane_reg[0][63]/D (clocked by clk). Large setup violations at the end of those stages might be difficult to fix during the post-placement implementation flow and could be the result of non-optimal XDC constraints or non-optimal design architecture
Related violations: <none>

TIMING-16#431 Warning
Large setup violation  
There is a large setup violation of -1.055 ns between gen_olanes[0].vec_lane_reg[0][39]/C (clocked by clk) and gen_olanes[44].u_dot8/gen_dsp_mult[4].u_mult/dsp_i/DSP_A_B_DATA_INST/A[23] (clocked by clk). Large setup violations at the end of those stages might be difficult to fix during the post-placement implementation flow and could be the result of non-optimal XDC constraints or non-optimal design architecture
Related violations: <none>

TIMING-16#432 Warning
Large setup violation  
There is a large setup violation of -1.055 ns between gen_olanes[0].vec_lane_reg[0][39]/C (clocked by clk) and gen_olanes[46].u_dot8/gen_dsp_mult[4].u_mult/dsp_i/DSP_A_B_DATA_INST/A[24] (clocked by clk). Large setup violations at the end of those stages might be difficult to fix during the post-placement implementation flow and could be the result of non-optimal XDC constraints or non-optimal design architecture
Related violations: <none>

TIMING-16#433 Warning
Large setup violation  
There is a large setup violation of -1.055 ns between gen_olanes[0].vec_lane_reg[0][63]/C (clocked by clk) and gen_olanes[103].u_dot8/gen_dsp_mult[7].u_mult/dsp_i/DSP_A_B_DATA_INST/A[11] (clocked by clk). Large setup violations at the end of those stages might be difficult to fix during the post-placement implementation flow and could be the result of non-optimal XDC constraints or non-optimal design architecture
Related violations: <none>

TIMING-16#434 Warning
Large setup violation  
There is a large setup violation of -1.055 ns between gen_olanes[65].u_dot8/gen_dsp_mult[2].u_mult/dsp_i/DSP_OUTPUT_INST/CLK (clocked by clk) and gen_olanes[65].u_dot8/sum_stage1_reg[1][16]/D (clocked by clk). Large setup violations at the end of those stages might be difficult to fix during the post-placement implementation flow and could be the result of non-optimal XDC constraints or non-optimal design architecture
Related violations: <none>

TIMING-16#435 Warning
Large setup violation  
There is a large setup violation of -1.055 ns between gen_olanes[85].u_dot8/sum_stage2_reg[0][0]/C (clocked by clk) and gen_olanes[85].u_dot8/sum_stage3_reg[16]/D (clocked by clk). Large setup violations at the end of those stages might be difficult to fix during the post-placement implementation flow and could be the result of non-optimal XDC constraints or non-optimal design architecture
Related violations: <none>

TIMING-16#436 Warning
Large setup violation  
There is a large setup violation of -1.056 ns between gen_olanes[0].vec_lane_reg[0][39]/C (clocked by clk) and gen_olanes[17].u_dot8/gen_dsp_mult[4].u_mult/dsp_i/DSP_A_B_DATA_INST/A[15] (clocked by clk). Large setup violations at the end of those stages might be difficult to fix during the post-placement implementation flow and could be the result of non-optimal XDC constraints or non-optimal design architecture
Related violations: <none>

TIMING-16#437 Warning
Large setup violation  
There is a large setup violation of -1.056 ns between gen_olanes[54].mat_lane_reg[54][41]/C (clocked by clk) and gen_olanes[54].u_dot8/gen_dsp_mult[5].u_mult/dsp_i/DSP_A_B_DATA_INST/B[1] (clocked by clk). Large setup violations at the end of those stages might be difficult to fix during the post-placement implementation flow and could be the result of non-optimal XDC constraints or non-optimal design architecture
Related violations: <none>

TIMING-16#438 Warning
Large setup violation  
There is a large setup violation of -1.056 ns between u_vec_mem/mem_array_reg/CLKARDCLK (clocked by clk) and gen_olanes[0].vec_lane_reg[0][21]_replica/D (clocked by clk). Large setup violations at the end of those stages might be difficult to fix during the post-placement implementation flow and could be the result of non-optimal XDC constraints or non-optimal design architecture
Related violations: <none>

TIMING-16#439 Warning
Large setup violation  
There is a large setup violation of -1.056 ns between u_vec_mem/mem_array_reg/CLKARDCLK (clocked by clk) and gen_olanes[0].vec_lane_reg[0][55]_replica_11/D (clocked by clk). Large setup violations at the end of those stages might be difficult to fix during the post-placement implementation flow and could be the result of non-optimal XDC constraints or non-optimal design architecture
Related violations: <none>

TIMING-16#440 Warning
Large setup violation  
There is a large setup violation of -1.057 ns between gen_olanes[52].u_dot8/sum_stage3_reg[9]/C (clocked by clk) and gen_olanes[52].u_accum/dsp_accum_i/DSP_C_DATA_INST/C[9] (clocked by clk). Large setup violations at the end of those stages might be difficult to fix during the post-placement implementation flow and could be the result of non-optimal XDC constraints or non-optimal design architecture
Related violations: <none>

TIMING-16#441 Warning
Large setup violation  
There is a large setup violation of -1.057 ns between gen_olanes[6].u_mat_mem/mem_array_reg/CLKARDCLK (clocked by clk) and gen_olanes[6].mat_lane_reg[6][7]/D (clocked by clk). Large setup violations at the end of those stages might be difficult to fix during the post-placement implementation flow and could be the result of non-optimal XDC constraints or non-optimal design architecture
Related violations: <none>

TIMING-16#442 Warning
Large setup violation  
There is a large setup violation of -1.057 ns between u_vec_mem/mem_array_reg/CLKARDCLK (clocked by clk) and gen_olanes[0].vec_lane_reg[0][36]_replica_7/D (clocked by clk). Large setup violations at the end of those stages might be difficult to fix during the post-placement implementation flow and could be the result of non-optimal XDC constraints or non-optimal design architecture
Related violations: <none>

TIMING-16#443 Warning
Large setup violation  
There is a large setup violation of -1.058 ns between gen_olanes[0].vec_lane_reg[0][63]/C (clocked by clk) and gen_olanes[114].u_dot8/gen_dsp_mult[7].u_mult/dsp_i/DSP_A_B_DATA_INST/A[24] (clocked by clk). Large setup violations at the end of those stages might be difficult to fix during the post-placement implementation flow and could be the result of non-optimal XDC constraints or non-optimal design architecture
Related violations: <none>

TIMING-16#444 Warning
Large setup violation  
There is a large setup violation of -1.058 ns between gen_olanes[66].u_mat_mem/mem_array_reg/CLKARDCLK (clocked by clk) and gen_olanes[66].mat_lane_reg[66][17]/D (clocked by clk). Large setup violations at the end of those stages might be difficult to fix during the post-placement implementation flow and could be the result of non-optimal XDC constraints or non-optimal design architecture
Related violations: <none>

TIMING-16#445 Warning
Large setup violation  
There is a large setup violation of -1.060 ns between gen_olanes[3].u_mat_mem/mem_array_reg/CLKARDCLK (clocked by clk) and gen_olanes[3].mat_lane_reg[3][7]/D (clocked by clk). Large setup violations at the end of those stages might be difficult to fix during the post-placement implementation flow and could be the result of non-optimal XDC constraints or non-optimal design architecture
Related violations: <none>

TIMING-16#446 Warning
Large setup violation  
There is a large setup violation of -1.060 ns between gen_olanes[61].u_mat_mem/mem_array_reg/CLKARDCLK (clocked by clk) and gen_olanes[61].mat_lane_reg[61][63]/D (clocked by clk). Large setup violations at the end of those stages might be difficult to fix during the post-placement implementation flow and could be the result of non-optimal XDC constraints or non-optimal design architecture
Related violations: <none>

TIMING-16#447 Warning
Large setup violation  
There is a large setup violation of -1.060 ns between gen_olanes[93].u_mat_mem/mem_array_reg/CLKARDCLK (clocked by clk) and gen_olanes[93].mat_lane_reg[93][0]/D (clocked by clk). Large setup violations at the end of those stages might be difficult to fix during the post-placement implementation flow and could be the result of non-optimal XDC constraints or non-optimal design architecture
Related violations: <none>

TIMING-16#448 Warning
Large setup violation  
There is a large setup violation of -1.060 ns between u_vec_mem/mem_array_reg/CLKARDCLK (clocked by clk) and gen_olanes[0].vec_lane_reg[0][62]_replica_8/D (clocked by clk). Large setup violations at the end of those stages might be difficult to fix during the post-placement implementation flow and could be the result of non-optimal XDC constraints or non-optimal design architecture
Related violations: <none>

TIMING-16#449 Warning
Large setup violation  
There is a large setup violation of -1.061 ns between gen_olanes[0].vec_lane_reg[0][58]_replica_7/C (clocked by clk) and gen_olanes[65].u_dot8/gen_dsp_mult[7].u_mult/dsp_i/DSP_A_B_DATA_INST/A[2] (clocked by clk). Large setup violations at the end of those stages might be difficult to fix during the post-placement implementation flow and could be the result of non-optimal XDC constraints or non-optimal design architecture
Related violations: <none>

TIMING-16#450 Warning
Large setup violation  
There is a large setup violation of -1.061 ns between gen_olanes[3].u_dot8/sum_stage2_reg[0][2]/C (clocked by clk) and gen_olanes[3].u_dot8/sum_stage3_reg[17]/D (clocked by clk). Large setup violations at the end of those stages might be difficult to fix during the post-placement implementation flow and could be the result of non-optimal XDC constraints or non-optimal design architecture
Related violations: <none>

TIMING-16#451 Warning
Large setup violation  
There is a large setup violation of -1.061 ns between gen_olanes[52].u_dot8/sum_stage3_reg[18]/C (clocked by clk) and gen_olanes[52].u_accum/dsp_accum_i/DSP_C_DATA_INST/C[30] (clocked by clk). Large setup violations at the end of those stages might be difficult to fix during the post-placement implementation flow and could be the result of non-optimal XDC constraints or non-optimal design architecture
Related violations: <none>

TIMING-16#452 Warning
Large setup violation  
There is a large setup violation of -1.061 ns between u_vec_mem/mem_array_reg/CLKARDCLK (clocked by clk) and gen_olanes[0].vec_lane_reg[0][40]_replica_2/D (clocked by clk). Large setup violations at the end of those stages might be difficult to fix during the post-placement implementation flow and could be the result of non-optimal XDC constraints or non-optimal design architecture
Related violations: <none>

TIMING-16#453 Warning
Large setup violation  
There is a large setup violation of -1.061 ns between u_vec_mem/mem_array_reg/CLKARDCLK (clocked by clk) and gen_olanes[0].vec_lane_reg[0][55]_replica_2/D (clocked by clk). Large setup violations at the end of those stages might be difficult to fix during the post-placement implementation flow and could be the result of non-optimal XDC constraints or non-optimal design architecture
Related violations: <none>

TIMING-16#454 Warning
Large setup violation  
There is a large setup violation of -1.062 ns between u_vec_mem/mem_array_reg/CLKARDCLK (clocked by clk) and gen_olanes[0].vec_lane_reg[0][56]_replica_7/D (clocked by clk). Large setup violations at the end of those stages might be difficult to fix during the post-placement implementation flow and could be the result of non-optimal XDC constraints or non-optimal design architecture
Related violations: <none>

TIMING-16#455 Warning
Large setup violation  
There is a large setup violation of -1.063 ns between gen_olanes[0].vec_lane_reg[0][62]_replica_4/C (clocked by clk) and gen_olanes[104].u_dot8/gen_dsp_mult[7].u_mult/dsp_i/DSP_A_B_DATA_INST/A[6] (clocked by clk). Large setup violations at the end of those stages might be difficult to fix during the post-placement implementation flow and could be the result of non-optimal XDC constraints or non-optimal design architecture
Related violations: <none>

TIMING-16#456 Warning
Large setup violation  
There is a large setup violation of -1.063 ns between gen_olanes[93].u_dot8/sum_stage2_reg[0][0]/C (clocked by clk) and gen_olanes[93].u_dot8/sum_stage3_reg[18]/D (clocked by clk). Large setup violations at the end of those stages might be difficult to fix during the post-placement implementation flow and could be the result of non-optimal XDC constraints or non-optimal design architecture
Related violations: <none>

TIMING-16#457 Warning
Large setup violation  
There is a large setup violation of -1.063 ns between gen_olanes[95].u_mat_mem/mem_array_reg/CLKARDCLK (clocked by clk) and gen_olanes[95].mat_lane_reg[95][22]/D (clocked by clk). Large setup violations at the end of those stages might be difficult to fix during the post-placement implementation flow and could be the result of non-optimal XDC constraints or non-optimal design architecture
Related violations: <none>

TIMING-16#458 Warning
Large setup violation  
There is a large setup violation of -1.064 ns between gen_olanes[40].u_mat_mem/mem_array_reg/CLKARDCLK (clocked by clk) and gen_olanes[40].mat_lane_reg[40][39]/D (clocked by clk). Large setup violations at the end of those stages might be difficult to fix during the post-placement implementation flow and could be the result of non-optimal XDC constraints or non-optimal design architecture
Related violations: <none>

TIMING-16#459 Warning
Large setup violation  
There is a large setup violation of -1.064 ns between u_vec_mem/mem_array_reg/CLKARDCLK (clocked by clk) and gen_olanes[0].vec_lane_reg[0][36]/D (clocked by clk). Large setup violations at the end of those stages might be difficult to fix during the post-placement implementation flow and could be the result of non-optimal XDC constraints or non-optimal design architecture
Related violations: <none>

TIMING-16#460 Warning
Large setup violation  
There is a large setup violation of -1.064 ns between u_vec_mem/mem_array_reg/CLKARDCLK (clocked by clk) and gen_olanes[0].vec_lane_reg[0][51]/D (clocked by clk). Large setup violations at the end of those stages might be difficult to fix during the post-placement implementation flow and could be the result of non-optimal XDC constraints or non-optimal design architecture
Related violations: <none>

TIMING-16#461 Warning
Large setup violation  
There is a large setup violation of -1.065 ns between gen_olanes[66].u_mat_mem/mem_array_reg/CLKARDCLK (clocked by clk) and gen_olanes[66].mat_lane_reg[66][22]/D (clocked by clk). Large setup violations at the end of those stages might be difficult to fix during the post-placement implementation flow and could be the result of non-optimal XDC constraints or non-optimal design architecture
Related violations: <none>

TIMING-16#462 Warning
Large setup violation  
There is a large setup violation of -1.065 ns between gen_olanes[95].u_mat_mem/mem_array_reg/CLKARDCLK (clocked by clk) and gen_olanes[95].mat_lane_reg[95][25]/D (clocked by clk). Large setup violations at the end of those stages might be difficult to fix during the post-placement implementation flow and could be the result of non-optimal XDC constraints or non-optimal design architecture
Related violations: <none>

TIMING-16#463 Warning
Large setup violation  
There is a large setup violation of -1.067 ns between gen_olanes[0].vec_lane_reg[0][39]/C (clocked by clk) and gen_olanes[46].u_dot8/gen_dsp_mult[4].u_mult/dsp_i/DSP_A_B_DATA_INST/A[25] (clocked by clk). Large setup violations at the end of those stages might be difficult to fix during the post-placement implementation flow and could be the result of non-optimal XDC constraints or non-optimal design architecture
Related violations: <none>

TIMING-16#464 Warning
Large setup violation  
There is a large setup violation of -1.067 ns between gen_olanes[78].u_dot8/sum_stage3_reg[1]/C (clocked by clk) and gen_olanes[78].u_dot8/sum_stage3_reg[1]_psdsp/D (clocked by clk). Large setup violations at the end of those stages might be difficult to fix during the post-placement implementation flow and could be the result of non-optimal XDC constraints or non-optimal design architecture
Related violations: <none>

TIMING-16#465 Warning
Large setup violation  
There is a large setup violation of -1.067 ns between gen_olanes[92].u_dot8/sum_stage2_reg[0][12]/C (clocked by clk) and gen_olanes[92].u_dot8/sum_stage3_reg[18]/D (clocked by clk). Large setup violations at the end of those stages might be difficult to fix during the post-placement implementation flow and could be the result of non-optimal XDC constraints or non-optimal design architecture
Related violations: <none>

TIMING-16#466 Warning
Large setup violation  
There is a large setup violation of -1.067 ns between u_vec_mem/mem_array_reg/CLKARDCLK (clocked by clk) and gen_olanes[0].vec_lane_reg[0][47]_replica/D (clocked by clk). Large setup violations at the end of those stages might be difficult to fix during the post-placement implementation flow and could be the result of non-optimal XDC constraints or non-optimal design architecture
Related violations: <none>

TIMING-16#467 Warning
Large setup violation  
There is a large setup violation of -1.068 ns between gen_olanes[123].u_dot8/sum_stage2_reg[0][5]/C (clocked by clk) and gen_olanes[123].u_dot8/sum_stage3_reg[18]/D (clocked by clk). Large setup violations at the end of those stages might be difficult to fix during the post-placement implementation flow and could be the result of non-optimal XDC constraints or non-optimal design architecture
Related violations: <none>

TIMING-16#468 Warning
Large setup violation  
There is a large setup violation of -1.068 ns between gen_olanes[21].u_dot8/sum_stage1_reg[1][14]/C (clocked by clk) and gen_olanes[21].u_dot8/sum_stage2_reg[0][16]/D (clocked by clk). Large setup violations at the end of those stages might be difficult to fix during the post-placement implementation flow and could be the result of non-optimal XDC constraints or non-optimal design architecture
Related violations: <none>

TIMING-16#469 Warning
Large setup violation  
There is a large setup violation of -1.068 ns between gen_olanes[34].u_dot8/sum_stage2_reg[1][4]/C (clocked by clk) and gen_olanes[34].u_dot8/sum_stage3_reg[14]/D (clocked by clk). Large setup violations at the end of those stages might be difficult to fix during the post-placement implementation flow and could be the result of non-optimal XDC constraints or non-optimal design architecture
Related violations: <none>

TIMING-16#470 Warning
Large setup violation  
There is a large setup violation of -1.068 ns between gen_olanes[76].u_mat_mem/mem_array_reg/CLKARDCLK (clocked by clk) and gen_olanes[76].mat_lane_reg[76][63]/D (clocked by clk). Large setup violations at the end of those stages might be difficult to fix during the post-placement implementation flow and could be the result of non-optimal XDC constraints or non-optimal design architecture
Related violations: <none>

TIMING-16#471 Warning
Large setup violation  
There is a large setup violation of -1.068 ns between gen_olanes[93].u_mat_mem/mem_array_reg/CLKARDCLK (clocked by clk) and gen_olanes[93].mat_lane_reg[93][1]/D (clocked by clk). Large setup violations at the end of those stages might be difficult to fix during the post-placement implementation flow and could be the result of non-optimal XDC constraints or non-optimal design architecture
Related violations: <none>

TIMING-16#472 Warning
Large setup violation  
There is a large setup violation of -1.068 ns between u_vec_mem/mem_array_reg/CLKARDCLK (clocked by clk) and gen_olanes[0].vec_lane_reg[0][52]_replica_4/D (clocked by clk). Large setup violations at the end of those stages might be difficult to fix during the post-placement implementation flow and could be the result of non-optimal XDC constraints or non-optimal design architecture
Related violations: <none>

TIMING-16#473 Warning
Large setup violation  
There is a large setup violation of -1.068 ns between u_vec_mem/mem_array_reg/CLKARDCLK (clocked by clk) and gen_olanes[0].vec_lane_reg[0][57]_replica_8/D (clocked by clk). Large setup violations at the end of those stages might be difficult to fix during the post-placement implementation flow and could be the result of non-optimal XDC constraints or non-optimal design architecture
Related violations: <none>

TIMING-16#474 Warning
Large setup violation  
There is a large setup violation of -1.070 ns between u_vec_mem/mem_array_reg/CLKARDCLK (clocked by clk) and gen_olanes[0].vec_lane_reg[0][55]_replica_6/D (clocked by clk). Large setup violations at the end of those stages might be difficult to fix during the post-placement implementation flow and could be the result of non-optimal XDC constraints or non-optimal design architecture
Related violations: <none>

TIMING-16#475 Warning
Large setup violation  
There is a large setup violation of -1.071 ns between gen_olanes[0].vec_lane_reg[0][39]/C (clocked by clk) and gen_olanes[46].u_dot8/gen_dsp_mult[4].u_mult/dsp_i/DSP_A_B_DATA_INST/A[23] (clocked by clk). Large setup violations at the end of those stages might be difficult to fix during the post-placement implementation flow and could be the result of non-optimal XDC constraints or non-optimal design architecture
Related violations: <none>

TIMING-16#476 Warning
Large setup violation  
There is a large setup violation of -1.071 ns between gen_olanes[114].mat_lane_reg[114][47]/C (clocked by clk) and gen_olanes[114].u_dot8/gen_dsp_mult[5].u_mult/dsp_i/DSP_A_B_DATA_INST/B[10] (clocked by clk). Large setup violations at the end of those stages might be difficult to fix during the post-placement implementation flow and could be the result of non-optimal XDC constraints or non-optimal design architecture
Related violations: <none>

TIMING-16#477 Warning
Large setup violation  
There is a large setup violation of -1.071 ns between gen_olanes[34].u_dot8/sum_stage2_reg[1][4]/C (clocked by clk) and gen_olanes[34].u_dot8/sum_stage3_reg[13]/D (clocked by clk). Large setup violations at the end of those stages might be difficult to fix during the post-placement implementation flow and could be the result of non-optimal XDC constraints or non-optimal design architecture
Related violations: <none>

TIMING-16#478 Warning
Large setup violation  
There is a large setup violation of -1.073 ns between gen_olanes[5].u_mat_mem/mem_array_reg/CLKARDCLK (clocked by clk) and gen_olanes[5].mat_lane_reg[5][50]/D (clocked by clk). Large setup violations at the end of those stages might be difficult to fix during the post-placement implementation flow and could be the result of non-optimal XDC constraints or non-optimal design architecture
Related violations: <none>

TIMING-16#479 Warning
Large setup violation  
There is a large setup violation of -1.073 ns between gen_olanes[85].u_dot8/sum_stage2_reg[0][0]/C (clocked by clk) and gen_olanes[85].u_dot8/sum_stage3_reg[18]/D (clocked by clk). Large setup violations at the end of those stages might be difficult to fix during the post-placement implementation flow and could be the result of non-optimal XDC constraints or non-optimal design architecture
Related violations: <none>

TIMING-16#480 Warning
Large setup violation  
There is a large setup violation of -1.074 ns between u_vec_mem/mem_array_reg/CLKARDCLK (clocked by clk) and gen_olanes[0].vec_lane_reg[0][39]_replica_8/D (clocked by clk). Large setup violations at the end of those stages might be difficult to fix during the post-placement implementation flow and could be the result of non-optimal XDC constraints or non-optimal design architecture
Related violations: <none>

TIMING-16#481 Warning
Large setup violation  
There is a large setup violation of -1.074 ns between u_vec_mem/mem_array_reg/CLKARDCLK (clocked by clk) and gen_olanes[0].vec_lane_reg[0][43]_replica_6/D (clocked by clk). Large setup violations at the end of those stages might be difficult to fix during the post-placement implementation flow and could be the result of non-optimal XDC constraints or non-optimal design architecture
Related violations: <none>

TIMING-16#482 Warning
Large setup violation  
There is a large setup violation of -1.075 ns between gen_olanes[93].u_dot8/sum_stage2_reg[0][0]/C (clocked by clk) and gen_olanes[93].u_dot8/sum_stage3_reg[17]/D (clocked by clk). Large setup violations at the end of those stages might be difficult to fix during the post-placement implementation flow and could be the result of non-optimal XDC constraints or non-optimal design architecture
Related violations: <none>

TIMING-16#483 Warning
Large setup violation  
There is a large setup violation of -1.075 ns between gen_olanes[93].u_mat_mem/mem_array_reg/CLKARDCLK (clocked by clk) and gen_olanes[93].mat_lane_reg[93][12]/D (clocked by clk). Large setup violations at the end of those stages might be difficult to fix during the post-placement implementation flow and could be the result of non-optimal XDC constraints or non-optimal design architecture
Related violations: <none>

TIMING-16#484 Warning
Large setup violation  
There is a large setup violation of -1.076 ns between gen_olanes[52].u_dot8/sum_stage3_reg[8]/C (clocked by clk) and gen_olanes[52].u_accum/dsp_accum_i/DSP_C_DATA_INST/C[8] (clocked by clk). Large setup violations at the end of those stages might be difficult to fix during the post-placement implementation flow and could be the result of non-optimal XDC constraints or non-optimal design architecture
Related violations: <none>

TIMING-16#485 Warning
Large setup violation  
There is a large setup violation of -1.076 ns between gen_olanes[61].u_dot8/sum_stage2_reg[0][0]/C (clocked by clk) and gen_olanes[61].u_dot8/sum_stage3_reg[14]/D (clocked by clk). Large setup violations at the end of those stages might be difficult to fix during the post-placement implementation flow and could be the result of non-optimal XDC constraints or non-optimal design architecture
Related violations: <none>

TIMING-16#486 Warning
Large setup violation  
There is a large setup violation of -1.078 ns between gen_olanes[114].mat_lane_reg[114][36]/C (clocked by clk) and gen_olanes[114].u_dot8/gen_dsp_mult[4].u_mult/dsp_i/DSP_A_B_DATA_INST/B[4] (clocked by clk). Large setup violations at the end of those stages might be difficult to fix during the post-placement implementation flow and could be the result of non-optimal XDC constraints or non-optimal design architecture
Related violations: <none>

TIMING-16#487 Warning
Large setup violation  
There is a large setup violation of -1.078 ns between u_vec_mem/mem_array_reg/CLKARDCLK (clocked by clk) and gen_olanes[0].vec_lane_reg[0][47]_replica_13/D (clocked by clk). Large setup violations at the end of those stages might be difficult to fix during the post-placement implementation flow and could be the result of non-optimal XDC constraints or non-optimal design architecture
Related violations: <none>

TIMING-16#488 Warning
Large setup violation  
There is a large setup violation of -1.079 ns between gen_olanes[61].u_dot8/sum_stage2_reg[0][0]/C (clocked by clk) and gen_olanes[61].u_dot8/sum_stage3_reg[13]/D (clocked by clk). Large setup violations at the end of those stages might be difficult to fix during the post-placement implementation flow and could be the result of non-optimal XDC constraints or non-optimal design architecture
Related violations: <none>

TIMING-16#489 Warning
Large setup violation  
There is a large setup violation of -1.079 ns between gen_olanes[92].u_dot8/sum_stage2_reg[0][12]/C (clocked by clk) and gen_olanes[92].u_dot8/sum_stage3_reg[17]/D (clocked by clk). Large setup violations at the end of those stages might be difficult to fix during the post-placement implementation flow and could be the result of non-optimal XDC constraints or non-optimal design architecture
Related violations: <none>

TIMING-16#490 Warning
Large setup violation  
There is a large setup violation of -1.080 ns between gen_olanes[123].u_dot8/sum_stage2_reg[0][5]/C (clocked by clk) and gen_olanes[123].u_dot8/sum_stage3_reg[17]/D (clocked by clk). Large setup violations at the end of those stages might be difficult to fix during the post-placement implementation flow and could be the result of non-optimal XDC constraints or non-optimal design architecture
Related violations: <none>

TIMING-16#491 Warning
Large setup violation  
There is a large setup violation of -1.080 ns between gen_olanes[81].u_mat_mem/mem_array_reg/CLKARDCLK (clocked by clk) and gen_olanes[81].mat_lane_reg[81][39]/D (clocked by clk). Large setup violations at the end of those stages might be difficult to fix during the post-placement implementation flow and could be the result of non-optimal XDC constraints or non-optimal design architecture
Related violations: <none>

TIMING-16#492 Warning
Large setup violation  
There is a large setup violation of -1.080 ns between u_vec_mem/mem_array_reg/CLKARDCLK (clocked by clk) and gen_olanes[0].vec_lane_reg[0][3]_replica_3/D (clocked by clk). Large setup violations at the end of those stages might be difficult to fix during the post-placement implementation flow and could be the result of non-optimal XDC constraints or non-optimal design architecture
Related violations: <none>

TIMING-16#493 Warning
Large setup violation  
There is a large setup violation of -1.081 ns between gen_olanes[54].mat_lane_reg[54][46]/C (clocked by clk) and gen_olanes[54].u_dot8/gen_dsp_mult[5].u_mult/dsp_i/DSP_A_B_DATA_INST/B[6] (clocked by clk). Large setup violations at the end of those stages might be difficult to fix during the post-placement implementation flow and could be the result of non-optimal XDC constraints or non-optimal design architecture
Related violations: <none>

TIMING-16#494 Warning
Large setup violation  
There is a large setup violation of -1.081 ns between u_vec_mem/mem_array_reg/CLKARDCLK (clocked by clk) and gen_olanes[0].vec_lane_reg[0][34]_replica/D (clocked by clk). Large setup violations at the end of those stages might be difficult to fix during the post-placement implementation flow and could be the result of non-optimal XDC constraints or non-optimal design architecture
Related violations: <none>

TIMING-16#495 Warning
Large setup violation  
There is a large setup violation of -1.082 ns between gen_olanes[126].u_mat_mem/mem_array_reg/CLKARDCLK (clocked by clk) and gen_olanes[126].mat_lane_reg[126][52]/D (clocked by clk). Large setup violations at the end of those stages might be difficult to fix during the post-placement implementation flow and could be the result of non-optimal XDC constraints or non-optimal design architecture
Related violations: <none>

TIMING-16#496 Warning
Large setup violation  
There is a large setup violation of -1.082 ns between gen_olanes[34].u_dot8/sum_stage2_reg[1][4]/C (clocked by clk) and gen_olanes[34].u_dot8/sum_stage3_reg[15]/D (clocked by clk). Large setup violations at the end of those stages might be difficult to fix during the post-placement implementation flow and could be the result of non-optimal XDC constraints or non-optimal design architecture
Related violations: <none>

TIMING-16#497 Warning
Large setup violation  
There is a large setup violation of -1.082 ns between gen_olanes[34].u_dot8/sum_stage2_reg[1][4]/C (clocked by clk) and gen_olanes[34].u_dot8/sum_stage3_reg[16]/D (clocked by clk). Large setup violations at the end of those stages might be difficult to fix during the post-placement implementation flow and could be the result of non-optimal XDC constraints or non-optimal design architecture
Related violations: <none>

TIMING-16#498 Warning
Large setup violation  
There is a large setup violation of -1.082 ns between u_vec_mem/mem_array_reg/CLKARDCLK (clocked by clk) and gen_olanes[0].vec_lane_reg[0][44]_replica_8/D (clocked by clk). Large setup violations at the end of those stages might be difficult to fix during the post-placement implementation flow and could be the result of non-optimal XDC constraints or non-optimal design architecture
Related violations: <none>

TIMING-16#499 Warning
Large setup violation  
There is a large setup violation of -1.083 ns between gen_olanes[114].mat_lane_reg[114][47]/C (clocked by clk) and gen_olanes[114].u_dot8/gen_dsp_mult[5].u_mult/dsp_i/DSP_A_B_DATA_INST/B[16] (clocked by clk). Large setup violations at the end of those stages might be difficult to fix during the post-placement implementation flow and could be the result of non-optimal XDC constraints or non-optimal design architecture
Related violations: <none>

TIMING-16#500 Warning
Large setup violation  
There is a large setup violation of -1.083 ns between u_vec_mem/mem_array_reg/CLKARDCLK (clocked by clk) and gen_olanes[0].vec_lane_reg[0][43]_replica_8/D (clocked by clk). Large setup violations at the end of those stages might be difficult to fix during the post-placement implementation flow and could be the result of non-optimal XDC constraints or non-optimal design architecture
Related violations: <none>

TIMING-16#501 Warning
Large setup violation  
There is a large setup violation of -1.084 ns between gen_olanes[43].u_dot8/sum_stage3_reg[18]/C (clocked by clk) and gen_olanes[43].u_accum/dsp_accum_i/DSP_C_DATA_INST/C[39] (clocked by clk). Large setup violations at the end of those stages might be difficult to fix during the post-placement implementation flow and could be the result of non-optimal XDC constraints or non-optimal design architecture
Related violations: <none>

TIMING-16#502 Warning
Large setup violation  
There is a large setup violation of -1.085 ns between gen_olanes[114].mat_lane_reg[114][47]/C (clocked by clk) and gen_olanes[114].u_dot8/gen_dsp_mult[5].u_mult/dsp_i/DSP_A_B_DATA_INST/B[17] (clocked by clk). Large setup violations at the end of those stages might be difficult to fix during the post-placement implementation flow and could be the result of non-optimal XDC constraints or non-optimal design architecture
Related violations: <none>

TIMING-16#503 Warning
Large setup violation  
There is a large setup violation of -1.085 ns between gen_olanes[80].u_mat_mem/mem_array_reg/CLKARDCLK (clocked by clk) and gen_olanes[80].mat_lane_reg[80][7]/D (clocked by clk). Large setup violations at the end of those stages might be difficult to fix during the post-placement implementation flow and could be the result of non-optimal XDC constraints or non-optimal design architecture
Related violations: <none>

TIMING-16#504 Warning
Large setup violation  
There is a large setup violation of -1.085 ns between gen_olanes[85].u_dot8/sum_stage2_reg[0][0]/C (clocked by clk) and gen_olanes[85].u_dot8/sum_stage3_reg[17]/D (clocked by clk). Large setup violations at the end of those stages might be difficult to fix during the post-placement implementation flow and could be the result of non-optimal XDC constraints or non-optimal design architecture
Related violations: <none>

TIMING-16#505 Warning
Large setup violation  
There is a large setup violation of -1.085 ns between gen_olanes[97].u_dot8/sum_stage2_reg[0][3]/C (clocked by clk) and gen_olanes[97].u_dot8/sum_stage3_reg[18]/D (clocked by clk). Large setup violations at the end of those stages might be difficult to fix during the post-placement implementation flow and could be the result of non-optimal XDC constraints or non-optimal design architecture
Related violations: <none>

TIMING-16#506 Warning
Large setup violation  
There is a large setup violation of -1.085 ns between u_vec_mem/mem_array_reg/CLKARDCLK (clocked by clk) and gen_olanes[0].vec_lane_reg[0][54]_replica_6/D (clocked by clk). Large setup violations at the end of those stages might be difficult to fix during the post-placement implementation flow and could be the result of non-optimal XDC constraints or non-optimal design architecture
Related violations: <none>

TIMING-16#507 Warning
Large setup violation  
There is a large setup violation of -1.086 ns between u_vec_mem/mem_array_reg/CLKARDCLK (clocked by clk) and gen_olanes[0].vec_lane_reg[0][17]_replica/D (clocked by clk). Large setup violations at the end of those stages might be difficult to fix during the post-placement implementation flow and could be the result of non-optimal XDC constraints or non-optimal design architecture
Related violations: <none>

TIMING-16#508 Warning
Large setup violation  
There is a large setup violation of -1.087 ns between u_vec_mem/mem_array_reg/CLKARDCLK (clocked by clk) and gen_olanes[0].vec_lane_reg[0][45]_replica_6/D (clocked by clk). Large setup violations at the end of those stages might be difficult to fix during the post-placement implementation flow and could be the result of non-optimal XDC constraints or non-optimal design architecture
Related violations: <none>

TIMING-16#509 Warning
Large setup violation  
There is a large setup violation of -1.088 ns between gen_olanes[3].u_mat_mem/mem_array_reg/CLKARDCLK (clocked by clk) and gen_olanes[3].mat_lane_reg[3][0]/D (clocked by clk). Large setup violations at the end of those stages might be difficult to fix during the post-placement implementation flow and could be the result of non-optimal XDC constraints or non-optimal design architecture
Related violations: <none>

TIMING-16#510 Warning
Large setup violation  
There is a large setup violation of -1.088 ns between u_vec_mem/mem_array_reg/CLKARDCLK (clocked by clk) and gen_olanes[0].vec_lane_reg[0][36]_replica/D (clocked by clk). Large setup violations at the end of those stages might be difficult to fix during the post-placement implementation flow and could be the result of non-optimal XDC constraints or non-optimal design architecture
Related violations: <none>

TIMING-16#511 Warning
Large setup violation  
There is a large setup violation of -1.088 ns between u_vec_mem/mem_array_reg/CLKARDCLK (clocked by clk) and gen_olanes[0].vec_lane_reg[0][52]/D (clocked by clk). Large setup violations at the end of those stages might be difficult to fix during the post-placement implementation flow and could be the result of non-optimal XDC constraints or non-optimal design architecture
Related violations: <none>

TIMING-16#512 Warning
Large setup violation  
There is a large setup violation of -1.089 ns between u_vec_mem/mem_array_reg/CLKARDCLK (clocked by clk) and gen_olanes[0].vec_lane_reg[0][40]_replica_3/D (clocked by clk). Large setup violations at the end of those stages might be difficult to fix during the post-placement implementation flow and could be the result of non-optimal XDC constraints or non-optimal design architecture
Related violations: <none>

TIMING-16#513 Warning
Large setup violation  
There is a large setup violation of -1.089 ns between u_vec_mem/mem_array_reg/CLKARDCLK (clocked by clk) and gen_olanes[0].vec_lane_reg[0][55]_replica_16/D (clocked by clk). Large setup violations at the end of those stages might be difficult to fix during the post-placement implementation flow and could be the result of non-optimal XDC constraints or non-optimal design architecture
Related violations: <none>

TIMING-16#514 Warning
Large setup violation  
There is a large setup violation of -1.090 ns between gen_olanes[43].u_dot8/sum_stage3_reg[18]/C (clocked by clk) and gen_olanes[43].u_accum/dsp_accum_i/DSP_C_DATA_INST/C[29] (clocked by clk). Large setup violations at the end of those stages might be difficult to fix during the post-placement implementation flow and could be the result of non-optimal XDC constraints or non-optimal design architecture
Related violations: <none>

TIMING-16#515 Warning
Large setup violation  
There is a large setup violation of -1.090 ns between gen_olanes[61].u_dot8/sum_stage2_reg[0][0]/C (clocked by clk) and gen_olanes[61].u_dot8/sum_stage3_reg[15]/D (clocked by clk). Large setup violations at the end of those stages might be difficult to fix during the post-placement implementation flow and could be the result of non-optimal XDC constraints or non-optimal design architecture
Related violations: <none>

TIMING-16#516 Warning
Large setup violation  
There is a large setup violation of -1.091 ns between gen_olanes[114].mat_lane_reg[114][47]/C (clocked by clk) and gen_olanes[114].u_dot8/gen_dsp_mult[5].u_mult/dsp_i/DSP_A_B_DATA_INST/B[12] (clocked by clk). Large setup violations at the end of those stages might be difficult to fix during the post-placement implementation flow and could be the result of non-optimal XDC constraints or non-optimal design architecture
Related violations: <none>

TIMING-16#517 Warning
Large setup violation  
There is a large setup violation of -1.091 ns between gen_olanes[114].mat_lane_reg[114][47]/C (clocked by clk) and gen_olanes[114].u_dot8/gen_dsp_mult[5].u_mult/dsp_i/DSP_A_B_DATA_INST/B[14] (clocked by clk). Large setup violations at the end of those stages might be difficult to fix during the post-placement implementation flow and could be the result of non-optimal XDC constraints or non-optimal design architecture
Related violations: <none>

TIMING-16#518 Warning
Large setup violation  
There is a large setup violation of -1.091 ns between u_vec_mem/mem_array_reg/CLKARDCLK (clocked by clk) and gen_olanes[0].vec_lane_reg[0][43]_replica_2/D (clocked by clk). Large setup violations at the end of those stages might be difficult to fix during the post-placement implementation flow and could be the result of non-optimal XDC constraints or non-optimal design architecture
Related violations: <none>

TIMING-16#519 Warning
Large setup violation  
There is a large setup violation of -1.091 ns between u_vec_mem/mem_array_reg/CLKARDCLK (clocked by clk) and gen_olanes[0].vec_lane_reg[0][63]_replica_5/D (clocked by clk). Large setup violations at the end of those stages might be difficult to fix during the post-placement implementation flow and could be the result of non-optimal XDC constraints or non-optimal design architecture
Related violations: <none>

TIMING-16#520 Warning
Large setup violation  
There is a large setup violation of -1.092 ns between u_vec_mem/mem_array_reg/CLKARDCLK (clocked by clk) and gen_olanes[0].vec_lane_reg[0][55]_replica/D (clocked by clk). Large setup violations at the end of those stages might be difficult to fix during the post-placement implementation flow and could be the result of non-optimal XDC constraints or non-optimal design architecture
Related violations: <none>

TIMING-16#521 Warning
Large setup violation  
There is a large setup violation of -1.093 ns between u_vec_mem/mem_array_reg/CLKARDCLK (clocked by clk) and gen_olanes[0].vec_lane_reg[0][47]_replica_3/D (clocked by clk). Large setup violations at the end of those stages might be difficult to fix during the post-placement implementation flow and could be the result of non-optimal XDC constraints or non-optimal design architecture
Related violations: <none>

TIMING-16#522 Warning
Large setup violation  
There is a large setup violation of -1.094 ns between gen_olanes[40].u_mat_mem/mem_array_reg/CLKARDCLK (clocked by clk) and gen_olanes[40].mat_lane_reg[40][55]/D (clocked by clk). Large setup violations at the end of those stages might be difficult to fix during the post-placement implementation flow and could be the result of non-optimal XDC constraints or non-optimal design architecture
Related violations: <none>

TIMING-16#523 Warning
Large setup violation  
There is a large setup violation of -1.094 ns between gen_olanes[43].u_dot8/sum_stage3_reg[18]/C (clocked by clk) and gen_olanes[43].u_accum/dsp_accum_i/DSP_C_DATA_INST/C[31] (clocked by clk). Large setup violations at the end of those stages might be difficult to fix during the post-placement implementation flow and could be the result of non-optimal XDC constraints or non-optimal design architecture
Related violations: <none>

TIMING-16#524 Warning
Large setup violation  
There is a large setup violation of -1.096 ns between u_vec_mem/mem_array_reg/CLKARDCLK (clocked by clk) and gen_olanes[0].vec_lane_reg[0][36]_replica_6/D (clocked by clk). Large setup violations at the end of those stages might be difficult to fix during the post-placement implementation flow and could be the result of non-optimal XDC constraints or non-optimal design architecture
Related violations: <none>

TIMING-16#525 Warning
Large setup violation  
There is a large setup violation of -1.096 ns between u_vec_mem/mem_array_reg/CLKARDCLK (clocked by clk) and gen_olanes[0].vec_lane_reg[0][42]_replica_4/D (clocked by clk). Large setup violations at the end of those stages might be difficult to fix during the post-placement implementation flow and could be the result of non-optimal XDC constraints or non-optimal design architecture
Related violations: <none>

TIMING-16#526 Warning
Large setup violation  
There is a large setup violation of -1.096 ns between u_vec_mem/mem_array_reg/CLKARDCLK (clocked by clk) and gen_olanes[0].vec_lane_reg[0][44]_replica_2/D (clocked by clk). Large setup violations at the end of those stages might be difficult to fix during the post-placement implementation flow and could be the result of non-optimal XDC constraints or non-optimal design architecture
Related violations: <none>

TIMING-16#527 Warning
Large setup violation  
There is a large setup violation of -1.098 ns between gen_olanes[21].u_dot8/sum_stage1_reg[1][14]/C (clocked by clk) and gen_olanes[21].u_dot8/sum_stage2_reg[0][17]/D (clocked by clk). Large setup violations at the end of those stages might be difficult to fix during the post-placement implementation flow and could be the result of non-optimal XDC constraints or non-optimal design architecture
Related violations: <none>

TIMING-16#528 Warning
Large setup violation  
There is a large setup violation of -1.098 ns between u_vec_mem/mem_array_reg/CLKARDCLK (clocked by clk) and gen_olanes[0].vec_lane_reg[0][46]_replica_2/D (clocked by clk). Large setup violations at the end of those stages might be difficult to fix during the post-placement implementation flow and could be the result of non-optimal XDC constraints or non-optimal design architecture
Related violations: <none>

TIMING-16#529 Warning
Large setup violation  
There is a large setup violation of -1.099 ns between gen_olanes[34].u_dot8/sum_stage2_reg[1][4]/C (clocked by clk) and gen_olanes[34].u_dot8/sum_stage3_reg[18]/D (clocked by clk). Large setup violations at the end of those stages might be difficult to fix during the post-placement implementation flow and could be the result of non-optimal XDC constraints or non-optimal design architecture
Related violations: <none>

TIMING-16#530 Warning
Large setup violation  
There is a large setup violation of -1.101 ns between gen_olanes[93].u_mat_mem/mem_array_reg/CLKARDCLK (clocked by clk) and gen_olanes[93].mat_lane_reg[93][9]/D (clocked by clk). Large setup violations at the end of those stages might be difficult to fix during the post-placement implementation flow and could be the result of non-optimal XDC constraints or non-optimal design architecture
Related violations: <none>

TIMING-16#531 Warning
Large setup violation  
There is a large setup violation of -1.101 ns between u_vec_mem/mem_array_reg/CLKARDCLK (clocked by clk) and gen_olanes[0].vec_lane_reg[0][58]_replica_4/D (clocked by clk). Large setup violations at the end of those stages might be difficult to fix during the post-placement implementation flow and could be the result of non-optimal XDC constraints or non-optimal design architecture
Related violations: <none>

TIMING-16#532 Warning
Large setup violation  
There is a large setup violation of -1.102 ns between gen_olanes[114].mat_lane_reg[114][47]/C (clocked by clk) and gen_olanes[114].u_dot8/gen_dsp_mult[5].u_mult/dsp_i/DSP_A_B_DATA_INST/B[8] (clocked by clk). Large setup violations at the end of those stages might be difficult to fix during the post-placement implementation flow and could be the result of non-optimal XDC constraints or non-optimal design architecture
Related violations: <none>

TIMING-16#533 Warning
Large setup violation  
There is a large setup violation of -1.102 ns between gen_olanes[43].u_dot8/sum_stage3_reg[18]/C (clocked by clk) and gen_olanes[43].u_accum/dsp_accum_i/DSP_C_DATA_INST/C[36] (clocked by clk). Large setup violations at the end of those stages might be difficult to fix during the post-placement implementation flow and could be the result of non-optimal XDC constraints or non-optimal design architecture
Related violations: <none>

TIMING-16#534 Warning
Large setup violation  
There is a large setup violation of -1.103 ns between u_vec_mem/mem_array_reg/CLKARDCLK (clocked by clk) and gen_olanes[0].vec_lane_reg[0][33]_replica/D (clocked by clk). Large setup violations at the end of those stages might be difficult to fix during the post-placement implementation flow and could be the result of non-optimal XDC constraints or non-optimal design architecture
Related violations: <none>

TIMING-16#535 Warning
Large setup violation  
There is a large setup violation of -1.108 ns between u_vec_mem/mem_array_reg/CLKARDCLK (clocked by clk) and gen_olanes[0].vec_lane_reg[0][47]_replica_6/D (clocked by clk). Large setup violations at the end of those stages might be difficult to fix during the post-placement implementation flow and could be the result of non-optimal XDC constraints or non-optimal design architecture
Related violations: <none>

TIMING-16#536 Warning
Large setup violation  
There is a large setup violation of -1.110 ns between u_vec_mem/mem_array_reg/CLKARDCLK (clocked by clk) and gen_olanes[0].vec_lane_reg[0][58]_replica_1/D (clocked by clk). Large setup violations at the end of those stages might be difficult to fix during the post-placement implementation flow and could be the result of non-optimal XDC constraints or non-optimal design architecture
Related violations: <none>

TIMING-16#537 Warning
Large setup violation  
There is a large setup violation of -1.111 ns between gen_olanes[34].u_dot8/sum_stage2_reg[1][4]/C (clocked by clk) and gen_olanes[34].u_dot8/sum_stage3_reg[17]/D (clocked by clk). Large setup violations at the end of those stages might be difficult to fix during the post-placement implementation flow and could be the result of non-optimal XDC constraints or non-optimal design architecture
Related violations: <none>

TIMING-16#538 Warning
Large setup violation  
There is a large setup violation of -1.111 ns between u_vec_mem/mem_array_reg/CLKARDCLK (clocked by clk) and gen_olanes[0].vec_lane_reg[0][0]_replica_5/D (clocked by clk). Large setup violations at the end of those stages might be difficult to fix during the post-placement implementation flow and could be the result of non-optimal XDC constraints or non-optimal design architecture
Related violations: <none>

TIMING-16#539 Warning
Large setup violation  
There is a large setup violation of -1.112 ns between gen_olanes[0].u_mat_mem/mem_array_reg/CLKARDCLK (clocked by clk) and gen_olanes[0].mat_lane_reg[0][15]/D (clocked by clk). Large setup violations at the end of those stages might be difficult to fix during the post-placement implementation flow and could be the result of non-optimal XDC constraints or non-optimal design architecture
Related violations: <none>

TIMING-16#540 Warning
Large setup violation  
There is a large setup violation of -1.118 ns between u_vec_mem/mem_array_reg/CLKARDCLK (clocked by clk) and gen_olanes[0].vec_lane_reg[0][56]_replica_4/D (clocked by clk). Large setup violations at the end of those stages might be difficult to fix during the post-placement implementation flow and could be the result of non-optimal XDC constraints or non-optimal design architecture
Related violations: <none>

TIMING-16#541 Warning
Large setup violation  
There is a large setup violation of -1.120 ns between gen_olanes[114].mat_lane_reg[114][47]/C (clocked by clk) and gen_olanes[114].u_dot8/gen_dsp_mult[5].u_mult/dsp_i/DSP_A_B_DATA_INST/B[9] (clocked by clk). Large setup violations at the end of those stages might be difficult to fix during the post-placement implementation flow and could be the result of non-optimal XDC constraints or non-optimal design architecture
Related violations: <none>

TIMING-16#542 Warning
Large setup violation  
There is a large setup violation of -1.121 ns between u_vec_mem/mem_array_reg/CLKARDCLK (clocked by clk) and gen_olanes[0].vec_lane_reg[0][42]_replica_1/D (clocked by clk). Large setup violations at the end of those stages might be difficult to fix during the post-placement implementation flow and could be the result of non-optimal XDC constraints or non-optimal design architecture
Related violations: <none>

TIMING-16#543 Warning
Large setup violation  
There is a large setup violation of -1.121 ns between u_vec_mem/mem_array_reg/CLKARDCLK (clocked by clk) and gen_olanes[0].vec_lane_reg[0][47]_replica_7/D (clocked by clk). Large setup violations at the end of those stages might be difficult to fix during the post-placement implementation flow and could be the result of non-optimal XDC constraints or non-optimal design architecture
Related violations: <none>

TIMING-16#544 Warning
Large setup violation  
There is a large setup violation of -1.122 ns between gen_olanes[61].u_dot8/sum_stage2_reg[0][0]/C (clocked by clk) and gen_olanes[61].u_dot8/sum_stage3_reg[16]/D (clocked by clk). Large setup violations at the end of those stages might be difficult to fix during the post-placement implementation flow and could be the result of non-optimal XDC constraints or non-optimal design architecture
Related violations: <none>

TIMING-16#545 Warning
Large setup violation  
There is a large setup violation of -1.125 ns between gen_olanes[114].mat_lane_reg[114][47]/C (clocked by clk) and gen_olanes[114].u_dot8/gen_dsp_mult[5].u_mult/dsp_i/DSP_A_B_DATA_INST/B[11] (clocked by clk). Large setup violations at the end of those stages might be difficult to fix during the post-placement implementation flow and could be the result of non-optimal XDC constraints or non-optimal design architecture
Related violations: <none>

TIMING-16#546 Warning
Large setup violation  
There is a large setup violation of -1.127 ns between u_vec_mem/mem_array_reg/CLKARDCLK (clocked by clk) and gen_olanes[0].vec_lane_reg[0][41]_replica_2/D (clocked by clk). Large setup violations at the end of those stages might be difficult to fix during the post-placement implementation flow and could be the result of non-optimal XDC constraints or non-optimal design architecture
Related violations: <none>

TIMING-16#547 Warning
Large setup violation  
There is a large setup violation of -1.129 ns between u_vec_mem/mem_array_reg/CLKARDCLK (clocked by clk) and gen_olanes[0].vec_lane_reg[0][55]_replica_7/D (clocked by clk). Large setup violations at the end of those stages might be difficult to fix during the post-placement implementation flow and could be the result of non-optimal XDC constraints or non-optimal design architecture
Related violations: <none>

TIMING-16#548 Warning
Large setup violation  
There is a large setup violation of -1.130 ns between u_vec_mem/mem_array_reg/CLKARDCLK (clocked by clk) and gen_olanes[0].vec_lane_reg[0][1]_replica_1/D (clocked by clk). Large setup violations at the end of those stages might be difficult to fix during the post-placement implementation flow and could be the result of non-optimal XDC constraints or non-optimal design architecture
Related violations: <none>

TIMING-16#549 Warning
Large setup violation  
There is a large setup violation of -1.137 ns between u_vec_mem/mem_array_reg/CLKARDCLK (clocked by clk) and gen_olanes[0].vec_lane_reg[0][45]_replica_2/D (clocked by clk). Large setup violations at the end of those stages might be difficult to fix during the post-placement implementation flow and could be the result of non-optimal XDC constraints or non-optimal design architecture
Related violations: <none>

TIMING-16#550 Warning
Large setup violation  
There is a large setup violation of -1.139 ns between gen_olanes[61].u_dot8/sum_stage2_reg[0][0]/C (clocked by clk) and gen_olanes[61].u_dot8/sum_stage3_reg[18]/D (clocked by clk). Large setup violations at the end of those stages might be difficult to fix during the post-placement implementation flow and could be the result of non-optimal XDC constraints or non-optimal design architecture
Related violations: <none>

TIMING-16#551 Warning
Large setup violation  
There is a large setup violation of -1.141 ns between u_vec_mem/mem_array_reg/CLKARDCLK (clocked by clk) and gen_olanes[0].vec_lane_reg[0][42]_replica_3/D (clocked by clk). Large setup violations at the end of those stages might be difficult to fix during the post-placement implementation flow and could be the result of non-optimal XDC constraints or non-optimal design architecture
Related violations: <none>

TIMING-16#552 Warning
Large setup violation  
There is a large setup violation of -1.145 ns between u_vec_mem/mem_array_reg/CLKARDCLK (clocked by clk) and gen_olanes[0].vec_lane_reg[0][46]_replica_1/D (clocked by clk). Large setup violations at the end of those stages might be difficult to fix during the post-placement implementation flow and could be the result of non-optimal XDC constraints or non-optimal design architecture
Related violations: <none>

TIMING-16#553 Warning
Large setup violation  
There is a large setup violation of -1.151 ns between gen_olanes[61].u_dot8/sum_stage2_reg[0][0]/C (clocked by clk) and gen_olanes[61].u_dot8/sum_stage3_reg[17]/D (clocked by clk). Large setup violations at the end of those stages might be difficult to fix during the post-placement implementation flow and could be the result of non-optimal XDC constraints or non-optimal design architecture
Related violations: <none>

TIMING-16#554 Warning
Large setup violation  
There is a large setup violation of -1.154 ns between gen_olanes[79].u_mat_mem/mem_array_reg/CLKARDCLK (clocked by clk) and gen_olanes[79].mat_lane_reg[79][55]/D (clocked by clk). Large setup violations at the end of those stages might be difficult to fix during the post-placement implementation flow and could be the result of non-optimal XDC constraints or non-optimal design architecture
Related violations: <none>

TIMING-16#555 Warning
Large setup violation  
There is a large setup violation of -1.159 ns between u_vec_mem/mem_array_reg/CLKARDCLK (clocked by clk) and gen_olanes[0].vec_lane_reg[0][43]_replica_3/D (clocked by clk). Large setup violations at the end of those stages might be difficult to fix during the post-placement implementation flow and could be the result of non-optimal XDC constraints or non-optimal design architecture
Related violations: <none>

TIMING-16#556 Warning
Large setup violation  
There is a large setup violation of -1.167 ns between u_vec_mem/mem_array_reg/CLKARDCLK (clocked by clk) and gen_olanes[0].vec_lane_reg[0][47]_replica_5/D (clocked by clk). Large setup violations at the end of those stages might be difficult to fix during the post-placement implementation flow and could be the result of non-optimal XDC constraints or non-optimal design architecture
Related violations: <none>

TIMING-18#1 Warning
Missing input or output delay  
An input delay is missing on i_mat_num_rows_per_olane[0] relative to the rising and/or falling clock edge(s) of clk.
Related violations: <none>

TIMING-18#2 Warning
Missing input or output delay  
An input delay is missing on i_mat_num_rows_per_olane[1] relative to the rising and/or falling clock edge(s) of clk.
Related violations: <none>

TIMING-18#3 Warning
Missing input or output delay  
An input delay is missing on i_mat_num_rows_per_olane[2] relative to the rising and/or falling clock edge(s) of clk.
Related violations: <none>

TIMING-18#4 Warning
Missing input or output delay  
An input delay is missing on i_mat_num_rows_per_olane[3] relative to the rising and/or falling clock edge(s) of clk.
Related violations: <none>

TIMING-18#5 Warning
Missing input or output delay  
An input delay is missing on i_mat_num_rows_per_olane[4] relative to the rising and/or falling clock edge(s) of clk.
Related violations: <none>

TIMING-18#6 Warning
Missing input or output delay  
An input delay is missing on i_mat_num_rows_per_olane[5] relative to the rising and/or falling clock edge(s) of clk.
Related violations: <none>

TIMING-18#7 Warning
Missing input or output delay  
An input delay is missing on i_mat_num_rows_per_olane[6] relative to the rising and/or falling clock edge(s) of clk.
Related violations: <none>

TIMING-18#8 Warning
Missing input or output delay  
An input delay is missing on i_mat_num_rows_per_olane[7] relative to the rising and/or falling clock edge(s) of clk.
Related violations: <none>

TIMING-18#9 Warning
Missing input or output delay  
An input delay is missing on i_mat_num_rows_per_olane[8] relative to the rising and/or falling clock edge(s) of clk.
Related violations: <none>

TIMING-18#10 Warning
Missing input or output delay  
An input delay is missing on i_mat_num_rows_per_olane[9] relative to the rising and/or falling clock edge(s) of clk.
Related violations: <none>

TIMING-18#11 Warning
Missing input or output delay  
An input delay is missing on i_mat_start_addr[0] relative to the rising and/or falling clock edge(s) of clk.
Related violations: <none>

TIMING-18#12 Warning
Missing input or output delay  
An input delay is missing on i_mat_start_addr[1] relative to the rising and/or falling clock edge(s) of clk.
Related violations: <none>

TIMING-18#13 Warning
Missing input or output delay  
An input delay is missing on i_mat_start_addr[2] relative to the rising and/or falling clock edge(s) of clk.
Related violations: <none>

TIMING-18#14 Warning
Missing input or output delay  
An input delay is missing on i_mat_start_addr[3] relative to the rising and/or falling clock edge(s) of clk.
Related violations: <none>

TIMING-18#15 Warning
Missing input or output delay  
An input delay is missing on i_mat_start_addr[4] relative to the rising and/or falling clock edge(s) of clk.
Related violations: <none>

TIMING-18#16 Warning
Missing input or output delay  
An input delay is missing on i_mat_start_addr[5] relative to the rising and/or falling clock edge(s) of clk.
Related violations: <none>

TIMING-18#17 Warning
Missing input or output delay  
An input delay is missing on i_mat_start_addr[6] relative to the rising and/or falling clock edge(s) of clk.
Related violations: <none>

TIMING-18#18 Warning
Missing input or output delay  
An input delay is missing on i_mat_start_addr[7] relative to the rising and/or falling clock edge(s) of clk.
Related violations: <none>

TIMING-18#19 Warning
Missing input or output delay  
An input delay is missing on i_mat_start_addr[8] relative to the rising and/or falling clock edge(s) of clk.
Related violations: <none>

TIMING-18#20 Warning
Missing input or output delay  
An input delay is missing on i_mat_waddr[0] relative to the rising and/or falling clock edge(s) of clk.
Related violations: <none>

TIMING-18#21 Warning
Missing input or output delay  
An input delay is missing on i_mat_waddr[1] relative to the rising and/or falling clock edge(s) of clk.
Related violations: <none>

TIMING-18#22 Warning
Missing input or output delay  
An input delay is missing on i_mat_waddr[2] relative to the rising and/or falling clock edge(s) of clk.
Related violations: <none>

TIMING-18#23 Warning
Missing input or output delay  
An input delay is missing on i_mat_waddr[3] relative to the rising and/or falling clock edge(s) of clk.
Related violations: <none>

TIMING-18#24 Warning
Missing input or output delay  
An input delay is missing on i_mat_waddr[4] relative to the rising and/or falling clock edge(s) of clk.
Related violations: <none>

TIMING-18#25 Warning
Missing input or output delay  
An input delay is missing on i_mat_waddr[5] relative to the rising and/or falling clock edge(s) of clk.
Related violations: <none>

TIMING-18#26 Warning
Missing input or output delay  
An input delay is missing on i_mat_waddr[6] relative to the rising and/or falling clock edge(s) of clk.
Related violations: <none>

TIMING-18#27 Warning
Missing input or output delay  
An input delay is missing on i_mat_waddr[7] relative to the rising and/or falling clock edge(s) of clk.
Related violations: <none>

TIMING-18#28 Warning
Missing input or output delay  
An input delay is missing on i_mat_waddr[8] relative to the rising and/or falling clock edge(s) of clk.
Related violations: <none>

TIMING-18#29 Warning
Missing input or output delay  
An input delay is missing on i_mat_wdata[0] relative to the rising and/or falling clock edge(s) of clk.
Related violations: <none>

TIMING-18#30 Warning
Missing input or output delay  
An input delay is missing on i_mat_wdata[10] relative to the rising and/or falling clock edge(s) of clk.
Related violations: <none>

TIMING-18#31 Warning
Missing input or output delay  
An input delay is missing on i_mat_wdata[11] relative to the rising and/or falling clock edge(s) of clk.
Related violations: <none>

TIMING-18#32 Warning
Missing input or output delay  
An input delay is missing on i_mat_wdata[12] relative to the rising and/or falling clock edge(s) of clk.
Related violations: <none>

TIMING-18#33 Warning
Missing input or output delay  
An input delay is missing on i_mat_wdata[13] relative to the rising and/or falling clock edge(s) of clk.
Related violations: <none>

TIMING-18#34 Warning
Missing input or output delay  
An input delay is missing on i_mat_wdata[14] relative to the rising and/or falling clock edge(s) of clk.
Related violations: <none>

TIMING-18#35 Warning
Missing input or output delay  
An input delay is missing on i_mat_wdata[15] relative to the rising and/or falling clock edge(s) of clk.
Related violations: <none>

TIMING-18#36 Warning
Missing input or output delay  
An input delay is missing on i_mat_wdata[16] relative to the rising and/or falling clock edge(s) of clk.
Related violations: <none>

TIMING-18#37 Warning
Missing input or output delay  
An input delay is missing on i_mat_wdata[17] relative to the rising and/or falling clock edge(s) of clk.
Related violations: <none>

TIMING-18#38 Warning
Missing input or output delay  
An input delay is missing on i_mat_wdata[18] relative to the rising and/or falling clock edge(s) of clk.
Related violations: <none>

TIMING-18#39 Warning
Missing input or output delay  
An input delay is missing on i_mat_wdata[19] relative to the rising and/or falling clock edge(s) of clk.
Related violations: <none>

TIMING-18#40 Warning
Missing input or output delay  
An input delay is missing on i_mat_wdata[1] relative to the rising and/or falling clock edge(s) of clk.
Related violations: <none>

TIMING-18#41 Warning
Missing input or output delay  
An input delay is missing on i_mat_wdata[20] relative to the rising and/or falling clock edge(s) of clk.
Related violations: <none>

TIMING-18#42 Warning
Missing input or output delay  
An input delay is missing on i_mat_wdata[21] relative to the rising and/or falling clock edge(s) of clk.
Related violations: <none>

TIMING-18#43 Warning
Missing input or output delay  
An input delay is missing on i_mat_wdata[22] relative to the rising and/or falling clock edge(s) of clk.
Related violations: <none>

TIMING-18#44 Warning
Missing input or output delay  
An input delay is missing on i_mat_wdata[23] relative to the rising and/or falling clock edge(s) of clk.
Related violations: <none>

TIMING-18#45 Warning
Missing input or output delay  
An input delay is missing on i_mat_wdata[24] relative to the rising and/or falling clock edge(s) of clk.
Related violations: <none>

TIMING-18#46 Warning
Missing input or output delay  
An input delay is missing on i_mat_wdata[25] relative to the rising and/or falling clock edge(s) of clk.
Related violations: <none>

TIMING-18#47 Warning
Missing input or output delay  
An input delay is missing on i_mat_wdata[26] relative to the rising and/or falling clock edge(s) of clk.
Related violations: <none>

TIMING-18#48 Warning
Missing input or output delay  
An input delay is missing on i_mat_wdata[27] relative to the rising and/or falling clock edge(s) of clk.
Related violations: <none>

TIMING-18#49 Warning
Missing input or output delay  
An input delay is missing on i_mat_wdata[28] relative to the rising and/or falling clock edge(s) of clk.
Related violations: <none>

TIMING-18#50 Warning
Missing input or output delay  
An input delay is missing on i_mat_wdata[29] relative to the rising and/or falling clock edge(s) of clk.
Related violations: <none>

TIMING-18#51 Warning
Missing input or output delay  
An input delay is missing on i_mat_wdata[2] relative to the rising and/or falling clock edge(s) of clk.
Related violations: <none>

TIMING-18#52 Warning
Missing input or output delay  
An input delay is missing on i_mat_wdata[30] relative to the rising and/or falling clock edge(s) of clk.
Related violations: <none>

TIMING-18#53 Warning
Missing input or output delay  
An input delay is missing on i_mat_wdata[31] relative to the rising and/or falling clock edge(s) of clk.
Related violations: <none>

TIMING-18#54 Warning
Missing input or output delay  
An input delay is missing on i_mat_wdata[32] relative to the rising and/or falling clock edge(s) of clk.
Related violations: <none>

TIMING-18#55 Warning
Missing input or output delay  
An input delay is missing on i_mat_wdata[33] relative to the rising and/or falling clock edge(s) of clk.
Related violations: <none>

TIMING-18#56 Warning
Missing input or output delay  
An input delay is missing on i_mat_wdata[34] relative to the rising and/or falling clock edge(s) of clk.
Related violations: <none>

TIMING-18#57 Warning
Missing input or output delay  
An input delay is missing on i_mat_wdata[35] relative to the rising and/or falling clock edge(s) of clk.
Related violations: <none>

TIMING-18#58 Warning
Missing input or output delay  
An input delay is missing on i_mat_wdata[36] relative to the rising and/or falling clock edge(s) of clk.
Related violations: <none>

TIMING-18#59 Warning
Missing input or output delay  
An input delay is missing on i_mat_wdata[37] relative to the rising and/or falling clock edge(s) of clk.
Related violations: <none>

TIMING-18#60 Warning
Missing input or output delay  
An input delay is missing on i_mat_wdata[38] relative to the rising and/or falling clock edge(s) of clk.
Related violations: <none>

TIMING-18#61 Warning
Missing input or output delay  
An input delay is missing on i_mat_wdata[39] relative to the rising and/or falling clock edge(s) of clk.
Related violations: <none>

TIMING-18#62 Warning
Missing input or output delay  
An input delay is missing on i_mat_wdata[3] relative to the rising and/or falling clock edge(s) of clk.
Related violations: <none>

TIMING-18#63 Warning
Missing input or output delay  
An input delay is missing on i_mat_wdata[40] relative to the rising and/or falling clock edge(s) of clk.
Related violations: <none>

TIMING-18#64 Warning
Missing input or output delay  
An input delay is missing on i_mat_wdata[41] relative to the rising and/or falling clock edge(s) of clk.
Related violations: <none>

TIMING-18#65 Warning
Missing input or output delay  
An input delay is missing on i_mat_wdata[42] relative to the rising and/or falling clock edge(s) of clk.
Related violations: <none>

TIMING-18#66 Warning
Missing input or output delay  
An input delay is missing on i_mat_wdata[43] relative to the rising and/or falling clock edge(s) of clk.
Related violations: <none>

TIMING-18#67 Warning
Missing input or output delay  
An input delay is missing on i_mat_wdata[44] relative to the rising and/or falling clock edge(s) of clk.
Related violations: <none>

TIMING-18#68 Warning
Missing input or output delay  
An input delay is missing on i_mat_wdata[45] relative to the rising and/or falling clock edge(s) of clk.
Related violations: <none>

TIMING-18#69 Warning
Missing input or output delay  
An input delay is missing on i_mat_wdata[46] relative to the rising and/or falling clock edge(s) of clk.
Related violations: <none>

TIMING-18#70 Warning
Missing input or output delay  
An input delay is missing on i_mat_wdata[47] relative to the rising and/or falling clock edge(s) of clk.
Related violations: <none>

TIMING-18#71 Warning
Missing input or output delay  
An input delay is missing on i_mat_wdata[48] relative to the rising and/or falling clock edge(s) of clk.
Related violations: <none>

TIMING-18#72 Warning
Missing input or output delay  
An input delay is missing on i_mat_wdata[49] relative to the rising and/or falling clock edge(s) of clk.
Related violations: <none>

TIMING-18#73 Warning
Missing input or output delay  
An input delay is missing on i_mat_wdata[4] relative to the rising and/or falling clock edge(s) of clk.
Related violations: <none>

TIMING-18#74 Warning
Missing input or output delay  
An input delay is missing on i_mat_wdata[50] relative to the rising and/or falling clock edge(s) of clk.
Related violations: <none>

TIMING-18#75 Warning
Missing input or output delay  
An input delay is missing on i_mat_wdata[51] relative to the rising and/or falling clock edge(s) of clk.
Related violations: <none>

TIMING-18#76 Warning
Missing input or output delay  
An input delay is missing on i_mat_wdata[52] relative to the rising and/or falling clock edge(s) of clk.
Related violations: <none>

TIMING-18#77 Warning
Missing input or output delay  
An input delay is missing on i_mat_wdata[53] relative to the rising and/or falling clock edge(s) of clk.
Related violations: <none>

TIMING-18#78 Warning
Missing input or output delay  
An input delay is missing on i_mat_wdata[54] relative to the rising and/or falling clock edge(s) of clk.
Related violations: <none>

TIMING-18#79 Warning
Missing input or output delay  
An input delay is missing on i_mat_wdata[55] relative to the rising and/or falling clock edge(s) of clk.
Related violations: <none>

TIMING-18#80 Warning
Missing input or output delay  
An input delay is missing on i_mat_wdata[56] relative to the rising and/or falling clock edge(s) of clk.
Related violations: <none>

TIMING-18#81 Warning
Missing input or output delay  
An input delay is missing on i_mat_wdata[57] relative to the rising and/or falling clock edge(s) of clk.
Related violations: <none>

TIMING-18#82 Warning
Missing input or output delay  
An input delay is missing on i_mat_wdata[58] relative to the rising and/or falling clock edge(s) of clk.
Related violations: <none>

TIMING-18#83 Warning
Missing input or output delay  
An input delay is missing on i_mat_wdata[59] relative to the rising and/or falling clock edge(s) of clk.
Related violations: <none>

TIMING-18#84 Warning
Missing input or output delay  
An input delay is missing on i_mat_wdata[5] relative to the rising and/or falling clock edge(s) of clk.
Related violations: <none>

TIMING-18#85 Warning
Missing input or output delay  
An input delay is missing on i_mat_wdata[60] relative to the rising and/or falling clock edge(s) of clk.
Related violations: <none>

TIMING-18#86 Warning
Missing input or output delay  
An input delay is missing on i_mat_wdata[61] relative to the rising and/or falling clock edge(s) of clk.
Related violations: <none>

TIMING-18#87 Warning
Missing input or output delay  
An input delay is missing on i_mat_wdata[62] relative to the rising and/or falling clock edge(s) of clk.
Related violations: <none>

TIMING-18#88 Warning
Missing input or output delay  
An input delay is missing on i_mat_wdata[63] relative to the rising and/or falling clock edge(s) of clk.
Related violations: <none>

TIMING-18#89 Warning
Missing input or output delay  
An input delay is missing on i_mat_wdata[6] relative to the rising and/or falling clock edge(s) of clk.
Related violations: <none>

TIMING-18#90 Warning
Missing input or output delay  
An input delay is missing on i_mat_wdata[7] relative to the rising and/or falling clock edge(s) of clk.
Related violations: <none>

TIMING-18#91 Warning
Missing input or output delay  
An input delay is missing on i_mat_wdata[8] relative to the rising and/or falling clock edge(s) of clk.
Related violations: <none>

TIMING-18#92 Warning
Missing input or output delay  
An input delay is missing on i_mat_wdata[9] relative to the rising and/or falling clock edge(s) of clk.
Related violations: <none>

TIMING-18#93 Warning
Missing input or output delay  
An input delay is missing on i_mat_wen[0] relative to the rising and/or falling clock edge(s) of clk.
Related violations: <none>

TIMING-18#94 Warning
Missing input or output delay  
An input delay is missing on i_mat_wen[100] relative to the rising and/or falling clock edge(s) of clk.
Related violations: <none>

TIMING-18#95 Warning
Missing input or output delay  
An input delay is missing on i_mat_wen[101] relative to the rising and/or falling clock edge(s) of clk.
Related violations: <none>

TIMING-18#96 Warning
Missing input or output delay  
An input delay is missing on i_mat_wen[102] relative to the rising and/or falling clock edge(s) of clk.
Related violations: <none>

TIMING-18#97 Warning
Missing input or output delay  
An input delay is missing on i_mat_wen[103] relative to the rising and/or falling clock edge(s) of clk.
Related violations: <none>

TIMING-18#98 Warning
Missing input or output delay  
An input delay is missing on i_mat_wen[104] relative to the rising and/or falling clock edge(s) of clk.
Related violations: <none>

TIMING-18#99 Warning
Missing input or output delay  
An input delay is missing on i_mat_wen[105] relative to the rising and/or falling clock edge(s) of clk.
Related violations: <none>

TIMING-18#100 Warning
Missing input or output delay  
An input delay is missing on i_mat_wen[106] relative to the rising and/or falling clock edge(s) of clk.
Related violations: <none>

TIMING-18#101 Warning
Missing input or output delay  
An input delay is missing on i_mat_wen[107] relative to the rising and/or falling clock edge(s) of clk.
Related violations: <none>

TIMING-18#102 Warning
Missing input or output delay  
An input delay is missing on i_mat_wen[108] relative to the rising and/or falling clock edge(s) of clk.
Related violations: <none>

TIMING-18#103 Warning
Missing input or output delay  
An input delay is missing on i_mat_wen[109] relative to the rising and/or falling clock edge(s) of clk.
Related violations: <none>

TIMING-18#104 Warning
Missing input or output delay  
An input delay is missing on i_mat_wen[10] relative to the rising and/or falling clock edge(s) of clk.
Related violations: <none>

TIMING-18#105 Warning
Missing input or output delay  
An input delay is missing on i_mat_wen[110] relative to the rising and/or falling clock edge(s) of clk.
Related violations: <none>

TIMING-18#106 Warning
Missing input or output delay  
An input delay is missing on i_mat_wen[111] relative to the rising and/or falling clock edge(s) of clk.
Related violations: <none>

TIMING-18#107 Warning
Missing input or output delay  
An input delay is missing on i_mat_wen[112] relative to the rising and/or falling clock edge(s) of clk.
Related violations: <none>

TIMING-18#108 Warning
Missing input or output delay  
An input delay is missing on i_mat_wen[113] relative to the rising and/or falling clock edge(s) of clk.
Related violations: <none>

TIMING-18#109 Warning
Missing input or output delay  
An input delay is missing on i_mat_wen[114] relative to the rising and/or falling clock edge(s) of clk.
Related violations: <none>

TIMING-18#110 Warning
Missing input or output delay  
An input delay is missing on i_mat_wen[115] relative to the rising and/or falling clock edge(s) of clk.
Related violations: <none>

TIMING-18#111 Warning
Missing input or output delay  
An input delay is missing on i_mat_wen[116] relative to the rising and/or falling clock edge(s) of clk.
Related violations: <none>

TIMING-18#112 Warning
Missing input or output delay  
An input delay is missing on i_mat_wen[117] relative to the rising and/or falling clock edge(s) of clk.
Related violations: <none>

TIMING-18#113 Warning
Missing input or output delay  
An input delay is missing on i_mat_wen[118] relative to the rising and/or falling clock edge(s) of clk.
Related violations: <none>

TIMING-18#114 Warning
Missing input or output delay  
An input delay is missing on i_mat_wen[119] relative to the rising and/or falling clock edge(s) of clk.
Related violations: <none>

TIMING-18#115 Warning
Missing input or output delay  
An input delay is missing on i_mat_wen[11] relative to the rising and/or falling clock edge(s) of clk.
Related violations: <none>

TIMING-18#116 Warning
Missing input or output delay  
An input delay is missing on i_mat_wen[120] relative to the rising and/or falling clock edge(s) of clk.
Related violations: <none>

TIMING-18#117 Warning
Missing input or output delay  
An input delay is missing on i_mat_wen[121] relative to the rising and/or falling clock edge(s) of clk.
Related violations: <none>

TIMING-18#118 Warning
Missing input or output delay  
An input delay is missing on i_mat_wen[122] relative to the rising and/or falling clock edge(s) of clk.
Related violations: <none>

TIMING-18#119 Warning
Missing input or output delay  
An input delay is missing on i_mat_wen[123] relative to the rising and/or falling clock edge(s) of clk.
Related violations: <none>

TIMING-18#120 Warning
Missing input or output delay  
An input delay is missing on i_mat_wen[124] relative to the rising and/or falling clock edge(s) of clk.
Related violations: <none>

TIMING-18#121 Warning
Missing input or output delay  
An input delay is missing on i_mat_wen[125] relative to the rising and/or falling clock edge(s) of clk.
Related violations: <none>

TIMING-18#122 Warning
Missing input or output delay  
An input delay is missing on i_mat_wen[126] relative to the rising and/or falling clock edge(s) of clk.
Related violations: <none>

TIMING-18#123 Warning
Missing input or output delay  
An input delay is missing on i_mat_wen[127] relative to the rising and/or falling clock edge(s) of clk.
Related violations: <none>

TIMING-18#124 Warning
Missing input or output delay  
An input delay is missing on i_mat_wen[12] relative to the rising and/or falling clock edge(s) of clk.
Related violations: <none>

TIMING-18#125 Warning
Missing input or output delay  
An input delay is missing on i_mat_wen[13] relative to the rising and/or falling clock edge(s) of clk.
Related violations: <none>

TIMING-18#126 Warning
Missing input or output delay  
An input delay is missing on i_mat_wen[14] relative to the rising and/or falling clock edge(s) of clk.
Related violations: <none>

TIMING-18#127 Warning
Missing input or output delay  
An input delay is missing on i_mat_wen[15] relative to the rising and/or falling clock edge(s) of clk.
Related violations: <none>

TIMING-18#128 Warning
Missing input or output delay  
An input delay is missing on i_mat_wen[16] relative to the rising and/or falling clock edge(s) of clk.
Related violations: <none>

TIMING-18#129 Warning
Missing input or output delay  
An input delay is missing on i_mat_wen[17] relative to the rising and/or falling clock edge(s) of clk.
Related violations: <none>

TIMING-18#130 Warning
Missing input or output delay  
An input delay is missing on i_mat_wen[18] relative to the rising and/or falling clock edge(s) of clk.
Related violations: <none>

TIMING-18#131 Warning
Missing input or output delay  
An input delay is missing on i_mat_wen[19] relative to the rising and/or falling clock edge(s) of clk.
Related violations: <none>

TIMING-18#132 Warning
Missing input or output delay  
An input delay is missing on i_mat_wen[1] relative to the rising and/or falling clock edge(s) of clk.
Related violations: <none>

TIMING-18#133 Warning
Missing input or output delay  
An input delay is missing on i_mat_wen[20] relative to the rising and/or falling clock edge(s) of clk.
Related violations: <none>

TIMING-18#134 Warning
Missing input or output delay  
An input delay is missing on i_mat_wen[21] relative to the rising and/or falling clock edge(s) of clk.
Related violations: <none>

TIMING-18#135 Warning
Missing input or output delay  
An input delay is missing on i_mat_wen[22] relative to the rising and/or falling clock edge(s) of clk.
Related violations: <none>

TIMING-18#136 Warning
Missing input or output delay  
An input delay is missing on i_mat_wen[23] relative to the rising and/or falling clock edge(s) of clk.
Related violations: <none>

TIMING-18#137 Warning
Missing input or output delay  
An input delay is missing on i_mat_wen[24] relative to the rising and/or falling clock edge(s) of clk.
Related violations: <none>

TIMING-18#138 Warning
Missing input or output delay  
An input delay is missing on i_mat_wen[25] relative to the rising and/or falling clock edge(s) of clk.
Related violations: <none>

TIMING-18#139 Warning
Missing input or output delay  
An input delay is missing on i_mat_wen[26] relative to the rising and/or falling clock edge(s) of clk.
Related violations: <none>

TIMING-18#140 Warning
Missing input or output delay  
An input delay is missing on i_mat_wen[27] relative to the rising and/or falling clock edge(s) of clk.
Related violations: <none>

TIMING-18#141 Warning
Missing input or output delay  
An input delay is missing on i_mat_wen[28] relative to the rising and/or falling clock edge(s) of clk.
Related violations: <none>

TIMING-18#142 Warning
Missing input or output delay  
An input delay is missing on i_mat_wen[29] relative to the rising and/or falling clock edge(s) of clk.
Related violations: <none>

TIMING-18#143 Warning
Missing input or output delay  
An input delay is missing on i_mat_wen[2] relative to the rising and/or falling clock edge(s) of clk.
Related violations: <none>

TIMING-18#144 Warning
Missing input or output delay  
An input delay is missing on i_mat_wen[30] relative to the rising and/or falling clock edge(s) of clk.
Related violations: <none>

TIMING-18#145 Warning
Missing input or output delay  
An input delay is missing on i_mat_wen[31] relative to the rising and/or falling clock edge(s) of clk.
Related violations: <none>

TIMING-18#146 Warning
Missing input or output delay  
An input delay is missing on i_mat_wen[32] relative to the rising and/or falling clock edge(s) of clk.
Related violations: <none>

TIMING-18#147 Warning
Missing input or output delay  
An input delay is missing on i_mat_wen[33] relative to the rising and/or falling clock edge(s) of clk.
Related violations: <none>

TIMING-18#148 Warning
Missing input or output delay  
An input delay is missing on i_mat_wen[34] relative to the rising and/or falling clock edge(s) of clk.
Related violations: <none>

TIMING-18#149 Warning
Missing input or output delay  
An input delay is missing on i_mat_wen[35] relative to the rising and/or falling clock edge(s) of clk.
Related violations: <none>

TIMING-18#150 Warning
Missing input or output delay  
An input delay is missing on i_mat_wen[36] relative to the rising and/or falling clock edge(s) of clk.
Related violations: <none>

TIMING-18#151 Warning
Missing input or output delay  
An input delay is missing on i_mat_wen[37] relative to the rising and/or falling clock edge(s) of clk.
Related violations: <none>

TIMING-18#152 Warning
Missing input or output delay  
An input delay is missing on i_mat_wen[38] relative to the rising and/or falling clock edge(s) of clk.
Related violations: <none>

TIMING-18#153 Warning
Missing input or output delay  
An input delay is missing on i_mat_wen[39] relative to the rising and/or falling clock edge(s) of clk.
Related violations: <none>

TIMING-18#154 Warning
Missing input or output delay  
An input delay is missing on i_mat_wen[3] relative to the rising and/or falling clock edge(s) of clk.
Related violations: <none>

TIMING-18#155 Warning
Missing input or output delay  
An input delay is missing on i_mat_wen[40] relative to the rising and/or falling clock edge(s) of clk.
Related violations: <none>

TIMING-18#156 Warning
Missing input or output delay  
An input delay is missing on i_mat_wen[41] relative to the rising and/or falling clock edge(s) of clk.
Related violations: <none>

TIMING-18#157 Warning
Missing input or output delay  
An input delay is missing on i_mat_wen[42] relative to the rising and/or falling clock edge(s) of clk.
Related violations: <none>

TIMING-18#158 Warning
Missing input or output delay  
An input delay is missing on i_mat_wen[43] relative to the rising and/or falling clock edge(s) of clk.
Related violations: <none>

TIMING-18#159 Warning
Missing input or output delay  
An input delay is missing on i_mat_wen[44] relative to the rising and/or falling clock edge(s) of clk.
Related violations: <none>

TIMING-18#160 Warning
Missing input or output delay  
An input delay is missing on i_mat_wen[45] relative to the rising and/or falling clock edge(s) of clk.
Related violations: <none>

TIMING-18#161 Warning
Missing input or output delay  
An input delay is missing on i_mat_wen[46] relative to the rising and/or falling clock edge(s) of clk.
Related violations: <none>

TIMING-18#162 Warning
Missing input or output delay  
An input delay is missing on i_mat_wen[47] relative to the rising and/or falling clock edge(s) of clk.
Related violations: <none>

TIMING-18#163 Warning
Missing input or output delay  
An input delay is missing on i_mat_wen[48] relative to the rising and/or falling clock edge(s) of clk.
Related violations: <none>

TIMING-18#164 Warning
Missing input or output delay  
An input delay is missing on i_mat_wen[49] relative to the rising and/or falling clock edge(s) of clk.
Related violations: <none>

TIMING-18#165 Warning
Missing input or output delay  
An input delay is missing on i_mat_wen[4] relative to the rising and/or falling clock edge(s) of clk.
Related violations: <none>

TIMING-18#166 Warning
Missing input or output delay  
An input delay is missing on i_mat_wen[50] relative to the rising and/or falling clock edge(s) of clk.
Related violations: <none>

TIMING-18#167 Warning
Missing input or output delay  
An input delay is missing on i_mat_wen[51] relative to the rising and/or falling clock edge(s) of clk.
Related violations: <none>

TIMING-18#168 Warning
Missing input or output delay  
An input delay is missing on i_mat_wen[52] relative to the rising and/or falling clock edge(s) of clk.
Related violations: <none>

TIMING-18#169 Warning
Missing input or output delay  
An input delay is missing on i_mat_wen[53] relative to the rising and/or falling clock edge(s) of clk.
Related violations: <none>

TIMING-18#170 Warning
Missing input or output delay  
An input delay is missing on i_mat_wen[54] relative to the rising and/or falling clock edge(s) of clk.
Related violations: <none>

TIMING-18#171 Warning
Missing input or output delay  
An input delay is missing on i_mat_wen[55] relative to the rising and/or falling clock edge(s) of clk.
Related violations: <none>

TIMING-18#172 Warning
Missing input or output delay  
An input delay is missing on i_mat_wen[56] relative to the rising and/or falling clock edge(s) of clk.
Related violations: <none>

TIMING-18#173 Warning
Missing input or output delay  
An input delay is missing on i_mat_wen[57] relative to the rising and/or falling clock edge(s) of clk.
Related violations: <none>

TIMING-18#174 Warning
Missing input or output delay  
An input delay is missing on i_mat_wen[58] relative to the rising and/or falling clock edge(s) of clk.
Related violations: <none>

TIMING-18#175 Warning
Missing input or output delay  
An input delay is missing on i_mat_wen[59] relative to the rising and/or falling clock edge(s) of clk.
Related violations: <none>

TIMING-18#176 Warning
Missing input or output delay  
An input delay is missing on i_mat_wen[5] relative to the rising and/or falling clock edge(s) of clk.
Related violations: <none>

TIMING-18#177 Warning
Missing input or output delay  
An input delay is missing on i_mat_wen[60] relative to the rising and/or falling clock edge(s) of clk.
Related violations: <none>

TIMING-18#178 Warning
Missing input or output delay  
An input delay is missing on i_mat_wen[61] relative to the rising and/or falling clock edge(s) of clk.
Related violations: <none>

TIMING-18#179 Warning
Missing input or output delay  
An input delay is missing on i_mat_wen[62] relative to the rising and/or falling clock edge(s) of clk.
Related violations: <none>

TIMING-18#180 Warning
Missing input or output delay  
An input delay is missing on i_mat_wen[63] relative to the rising and/or falling clock edge(s) of clk.
Related violations: <none>

TIMING-18#181 Warning
Missing input or output delay  
An input delay is missing on i_mat_wen[64] relative to the rising and/or falling clock edge(s) of clk.
Related violations: <none>

TIMING-18#182 Warning
Missing input or output delay  
An input delay is missing on i_mat_wen[65] relative to the rising and/or falling clock edge(s) of clk.
Related violations: <none>

TIMING-18#183 Warning
Missing input or output delay  
An input delay is missing on i_mat_wen[66] relative to the rising and/or falling clock edge(s) of clk.
Related violations: <none>

TIMING-18#184 Warning
Missing input or output delay  
An input delay is missing on i_mat_wen[67] relative to the rising and/or falling clock edge(s) of clk.
Related violations: <none>

TIMING-18#185 Warning
Missing input or output delay  
An input delay is missing on i_mat_wen[68] relative to the rising and/or falling clock edge(s) of clk.
Related violations: <none>

TIMING-18#186 Warning
Missing input or output delay  
An input delay is missing on i_mat_wen[69] relative to the rising and/or falling clock edge(s) of clk.
Related violations: <none>

TIMING-18#187 Warning
Missing input or output delay  
An input delay is missing on i_mat_wen[6] relative to the rising and/or falling clock edge(s) of clk.
Related violations: <none>

TIMING-18#188 Warning
Missing input or output delay  
An input delay is missing on i_mat_wen[70] relative to the rising and/or falling clock edge(s) of clk.
Related violations: <none>

TIMING-18#189 Warning
Missing input or output delay  
An input delay is missing on i_mat_wen[71] relative to the rising and/or falling clock edge(s) of clk.
Related violations: <none>

TIMING-18#190 Warning
Missing input or output delay  
An input delay is missing on i_mat_wen[72] relative to the rising and/or falling clock edge(s) of clk.
Related violations: <none>

TIMING-18#191 Warning
Missing input or output delay  
An input delay is missing on i_mat_wen[73] relative to the rising and/or falling clock edge(s) of clk.
Related violations: <none>

TIMING-18#192 Warning
Missing input or output delay  
An input delay is missing on i_mat_wen[74] relative to the rising and/or falling clock edge(s) of clk.
Related violations: <none>

TIMING-18#193 Warning
Missing input or output delay  
An input delay is missing on i_mat_wen[75] relative to the rising and/or falling clock edge(s) of clk.
Related violations: <none>

TIMING-18#194 Warning
Missing input or output delay  
An input delay is missing on i_mat_wen[76] relative to the rising and/or falling clock edge(s) of clk.
Related violations: <none>

TIMING-18#195 Warning
Missing input or output delay  
An input delay is missing on i_mat_wen[77] relative to the rising and/or falling clock edge(s) of clk.
Related violations: <none>

TIMING-18#196 Warning
Missing input or output delay  
An input delay is missing on i_mat_wen[78] relative to the rising and/or falling clock edge(s) of clk.
Related violations: <none>

TIMING-18#197 Warning
Missing input or output delay  
An input delay is missing on i_mat_wen[79] relative to the rising and/or falling clock edge(s) of clk.
Related violations: <none>

TIMING-18#198 Warning
Missing input or output delay  
An input delay is missing on i_mat_wen[7] relative to the rising and/or falling clock edge(s) of clk.
Related violations: <none>

TIMING-18#199 Warning
Missing input or output delay  
An input delay is missing on i_mat_wen[80] relative to the rising and/or falling clock edge(s) of clk.
Related violations: <none>

TIMING-18#200 Warning
Missing input or output delay  
An input delay is missing on i_mat_wen[81] relative to the rising and/or falling clock edge(s) of clk.
Related violations: <none>

TIMING-18#201 Warning
Missing input or output delay  
An input delay is missing on i_mat_wen[82] relative to the rising and/or falling clock edge(s) of clk.
Related violations: <none>

TIMING-18#202 Warning
Missing input or output delay  
An input delay is missing on i_mat_wen[83] relative to the rising and/or falling clock edge(s) of clk.
Related violations: <none>

TIMING-18#203 Warning
Missing input or output delay  
An input delay is missing on i_mat_wen[84] relative to the rising and/or falling clock edge(s) of clk.
Related violations: <none>

TIMING-18#204 Warning
Missing input or output delay  
An input delay is missing on i_mat_wen[85] relative to the rising and/or falling clock edge(s) of clk.
Related violations: <none>

TIMING-18#205 Warning
Missing input or output delay  
An input delay is missing on i_mat_wen[86] relative to the rising and/or falling clock edge(s) of clk.
Related violations: <none>

TIMING-18#206 Warning
Missing input or output delay  
An input delay is missing on i_mat_wen[87] relative to the rising and/or falling clock edge(s) of clk.
Related violations: <none>

TIMING-18#207 Warning
Missing input or output delay  
An input delay is missing on i_mat_wen[88] relative to the rising and/or falling clock edge(s) of clk.
Related violations: <none>

TIMING-18#208 Warning
Missing input or output delay  
An input delay is missing on i_mat_wen[89] relative to the rising and/or falling clock edge(s) of clk.
Related violations: <none>

TIMING-18#209 Warning
Missing input or output delay  
An input delay is missing on i_mat_wen[8] relative to the rising and/or falling clock edge(s) of clk.
Related violations: <none>

TIMING-18#210 Warning
Missing input or output delay  
An input delay is missing on i_mat_wen[90] relative to the rising and/or falling clock edge(s) of clk.
Related violations: <none>

TIMING-18#211 Warning
Missing input or output delay  
An input delay is missing on i_mat_wen[91] relative to the rising and/or falling clock edge(s) of clk.
Related violations: <none>

TIMING-18#212 Warning
Missing input or output delay  
An input delay is missing on i_mat_wen[92] relative to the rising and/or falling clock edge(s) of clk.
Related violations: <none>

TIMING-18#213 Warning
Missing input or output delay  
An input delay is missing on i_mat_wen[93] relative to the rising and/or falling clock edge(s) of clk.
Related violations: <none>

TIMING-18#214 Warning
Missing input or output delay  
An input delay is missing on i_mat_wen[94] relative to the rising and/or falling clock edge(s) of clk.
Related violations: <none>

TIMING-18#215 Warning
Missing input or output delay  
An input delay is missing on i_mat_wen[95] relative to the rising and/or falling clock edge(s) of clk.
Related violations: <none>

TIMING-18#216 Warning
Missing input or output delay  
An input delay is missing on i_mat_wen[96] relative to the rising and/or falling clock edge(s) of clk.
Related violations: <none>

TIMING-18#217 Warning
Missing input or output delay  
An input delay is missing on i_mat_wen[97] relative to the rising and/or falling clock edge(s) of clk.
Related violations: <none>

TIMING-18#218 Warning
Missing input or output delay  
An input delay is missing on i_mat_wen[98] relative to the rising and/or falling clock edge(s) of clk.
Related violations: <none>

TIMING-18#219 Warning
Missing input or output delay  
An input delay is missing on i_mat_wen[99] relative to the rising and/or falling clock edge(s) of clk.
Related violations: <none>

TIMING-18#220 Warning
Missing input or output delay  
An input delay is missing on i_mat_wen[9] relative to the rising and/or falling clock edge(s) of clk.
Related violations: <none>

TIMING-18#221 Warning
Missing input or output delay  
An input delay is missing on i_start relative to the rising and/or falling clock edge(s) of clk.
Related violations: <none>

TIMING-18#222 Warning
Missing input or output delay  
An input delay is missing on i_vec_num_words[0] relative to the rising and/or falling clock edge(s) of clk.
Related violations: <none>

TIMING-18#223 Warning
Missing input or output delay  
An input delay is missing on i_vec_num_words[1] relative to the rising and/or falling clock edge(s) of clk.
Related violations: <none>

TIMING-18#224 Warning
Missing input or output delay  
An input delay is missing on i_vec_num_words[2] relative to the rising and/or falling clock edge(s) of clk.
Related violations: <none>

TIMING-18#225 Warning
Missing input or output delay  
An input delay is missing on i_vec_num_words[3] relative to the rising and/or falling clock edge(s) of clk.
Related violations: <none>

TIMING-18#226 Warning
Missing input or output delay  
An input delay is missing on i_vec_num_words[4] relative to the rising and/or falling clock edge(s) of clk.
Related violations: <none>

TIMING-18#227 Warning
Missing input or output delay  
An input delay is missing on i_vec_num_words[5] relative to the rising and/or falling clock edge(s) of clk.
Related violations: <none>

TIMING-18#228 Warning
Missing input or output delay  
An input delay is missing on i_vec_num_words[6] relative to the rising and/or falling clock edge(s) of clk.
Related violations: <none>

TIMING-18#229 Warning
Missing input or output delay  
An input delay is missing on i_vec_num_words[7] relative to the rising and/or falling clock edge(s) of clk.
Related violations: <none>

TIMING-18#230 Warning
Missing input or output delay  
An input delay is missing on i_vec_num_words[8] relative to the rising and/or falling clock edge(s) of clk.
Related violations: <none>

TIMING-18#231 Warning
Missing input or output delay  
An input delay is missing on i_vec_start_addr[0] relative to the rising and/or falling clock edge(s) of clk.
Related violations: <none>

TIMING-18#232 Warning
Missing input or output delay  
An input delay is missing on i_vec_start_addr[1] relative to the rising and/or falling clock edge(s) of clk.
Related violations: <none>

TIMING-18#233 Warning
Missing input or output delay  
An input delay is missing on i_vec_start_addr[2] relative to the rising and/or falling clock edge(s) of clk.
Related violations: <none>

TIMING-18#234 Warning
Missing input or output delay  
An input delay is missing on i_vec_start_addr[3] relative to the rising and/or falling clock edge(s) of clk.
Related violations: <none>

TIMING-18#235 Warning
Missing input or output delay  
An input delay is missing on i_vec_start_addr[4] relative to the rising and/or falling clock edge(s) of clk.
Related violations: <none>

TIMING-18#236 Warning
Missing input or output delay  
An input delay is missing on i_vec_start_addr[5] relative to the rising and/or falling clock edge(s) of clk.
Related violations: <none>

TIMING-18#237 Warning
Missing input or output delay  
An input delay is missing on i_vec_start_addr[6] relative to the rising and/or falling clock edge(s) of clk.
Related violations: <none>

TIMING-18#238 Warning
Missing input or output delay  
An input delay is missing on i_vec_start_addr[7] relative to the rising and/or falling clock edge(s) of clk.
Related violations: <none>

TIMING-18#239 Warning
Missing input or output delay  
An input delay is missing on i_vec_waddr[0] relative to the rising and/or falling clock edge(s) of clk.
Related violations: <none>

TIMING-18#240 Warning
Missing input or output delay  
An input delay is missing on i_vec_waddr[1] relative to the rising and/or falling clock edge(s) of clk.
Related violations: <none>

TIMING-18#241 Warning
Missing input or output delay  
An input delay is missing on i_vec_waddr[2] relative to the rising and/or falling clock edge(s) of clk.
Related violations: <none>

TIMING-18#242 Warning
Missing input or output delay  
An input delay is missing on i_vec_waddr[3] relative to the rising and/or falling clock edge(s) of clk.
Related violations: <none>

TIMING-18#243 Warning
Missing input or output delay  
An input delay is missing on i_vec_waddr[4] relative to the rising and/or falling clock edge(s) of clk.
Related violations: <none>

TIMING-18#244 Warning
Missing input or output delay  
An input delay is missing on i_vec_waddr[5] relative to the rising and/or falling clock edge(s) of clk.
Related violations: <none>

TIMING-18#245 Warning
Missing input or output delay  
An input delay is missing on i_vec_waddr[6] relative to the rising and/or falling clock edge(s) of clk.
Related violations: <none>

TIMING-18#246 Warning
Missing input or output delay  
An input delay is missing on i_vec_waddr[7] relative to the rising and/or falling clock edge(s) of clk.
Related violations: <none>

TIMING-18#247 Warning
Missing input or output delay  
An input delay is missing on i_vec_wdata[0] relative to the rising and/or falling clock edge(s) of clk.
Related violations: <none>

TIMING-18#248 Warning
Missing input or output delay  
An input delay is missing on i_vec_wdata[10] relative to the rising and/or falling clock edge(s) of clk.
Related violations: <none>

TIMING-18#249 Warning
Missing input or output delay  
An input delay is missing on i_vec_wdata[11] relative to the rising and/or falling clock edge(s) of clk.
Related violations: <none>

TIMING-18#250 Warning
Missing input or output delay  
An input delay is missing on i_vec_wdata[12] relative to the rising and/or falling clock edge(s) of clk.
Related violations: <none>

TIMING-18#251 Warning
Missing input or output delay  
An input delay is missing on i_vec_wdata[13] relative to the rising and/or falling clock edge(s) of clk.
Related violations: <none>

TIMING-18#252 Warning
Missing input or output delay  
An input delay is missing on i_vec_wdata[14] relative to the rising and/or falling clock edge(s) of clk.
Related violations: <none>

TIMING-18#253 Warning
Missing input or output delay  
An input delay is missing on i_vec_wdata[15] relative to the rising and/or falling clock edge(s) of clk.
Related violations: <none>

TIMING-18#254 Warning
Missing input or output delay  
An input delay is missing on i_vec_wdata[16] relative to the rising and/or falling clock edge(s) of clk.
Related violations: <none>

TIMING-18#255 Warning
Missing input or output delay  
An input delay is missing on i_vec_wdata[17] relative to the rising and/or falling clock edge(s) of clk.
Related violations: <none>

TIMING-18#256 Warning
Missing input or output delay  
An input delay is missing on i_vec_wdata[18] relative to the rising and/or falling clock edge(s) of clk.
Related violations: <none>

TIMING-18#257 Warning
Missing input or output delay  
An input delay is missing on i_vec_wdata[19] relative to the rising and/or falling clock edge(s) of clk.
Related violations: <none>

TIMING-18#258 Warning
Missing input or output delay  
An input delay is missing on i_vec_wdata[1] relative to the rising and/or falling clock edge(s) of clk.
Related violations: <none>

TIMING-18#259 Warning
Missing input or output delay  
An input delay is missing on i_vec_wdata[20] relative to the rising and/or falling clock edge(s) of clk.
Related violations: <none>

TIMING-18#260 Warning
Missing input or output delay  
An input delay is missing on i_vec_wdata[21] relative to the rising and/or falling clock edge(s) of clk.
Related violations: <none>

TIMING-18#261 Warning
Missing input or output delay  
An input delay is missing on i_vec_wdata[22] relative to the rising and/or falling clock edge(s) of clk.
Related violations: <none>

TIMING-18#262 Warning
Missing input or output delay  
An input delay is missing on i_vec_wdata[23] relative to the rising and/or falling clock edge(s) of clk.
Related violations: <none>

TIMING-18#263 Warning
Missing input or output delay  
An input delay is missing on i_vec_wdata[24] relative to the rising and/or falling clock edge(s) of clk.
Related violations: <none>

TIMING-18#264 Warning
Missing input or output delay  
An input delay is missing on i_vec_wdata[25] relative to the rising and/or falling clock edge(s) of clk.
Related violations: <none>

TIMING-18#265 Warning
Missing input or output delay  
An input delay is missing on i_vec_wdata[26] relative to the rising and/or falling clock edge(s) of clk.
Related violations: <none>

TIMING-18#266 Warning
Missing input or output delay  
An input delay is missing on i_vec_wdata[27] relative to the rising and/or falling clock edge(s) of clk.
Related violations: <none>

TIMING-18#267 Warning
Missing input or output delay  
An input delay is missing on i_vec_wdata[28] relative to the rising and/or falling clock edge(s) of clk.
Related violations: <none>

TIMING-18#268 Warning
Missing input or output delay  
An input delay is missing on i_vec_wdata[29] relative to the rising and/or falling clock edge(s) of clk.
Related violations: <none>

TIMING-18#269 Warning
Missing input or output delay  
An input delay is missing on i_vec_wdata[2] relative to the rising and/or falling clock edge(s) of clk.
Related violations: <none>

TIMING-18#270 Warning
Missing input or output delay  
An input delay is missing on i_vec_wdata[30] relative to the rising and/or falling clock edge(s) of clk.
Related violations: <none>

TIMING-18#271 Warning
Missing input or output delay  
An input delay is missing on i_vec_wdata[31] relative to the rising and/or falling clock edge(s) of clk.
Related violations: <none>

TIMING-18#272 Warning
Missing input or output delay  
An input delay is missing on i_vec_wdata[32] relative to the rising and/or falling clock edge(s) of clk.
Related violations: <none>

TIMING-18#273 Warning
Missing input or output delay  
An input delay is missing on i_vec_wdata[33] relative to the rising and/or falling clock edge(s) of clk.
Related violations: <none>

TIMING-18#274 Warning
Missing input or output delay  
An input delay is missing on i_vec_wdata[34] relative to the rising and/or falling clock edge(s) of clk.
Related violations: <none>

TIMING-18#275 Warning
Missing input or output delay  
An input delay is missing on i_vec_wdata[35] relative to the rising and/or falling clock edge(s) of clk.
Related violations: <none>

TIMING-18#276 Warning
Missing input or output delay  
An input delay is missing on i_vec_wdata[36] relative to the rising and/or falling clock edge(s) of clk.
Related violations: <none>

TIMING-18#277 Warning
Missing input or output delay  
An input delay is missing on i_vec_wdata[37] relative to the rising and/or falling clock edge(s) of clk.
Related violations: <none>

TIMING-18#278 Warning
Missing input or output delay  
An input delay is missing on i_vec_wdata[38] relative to the rising and/or falling clock edge(s) of clk.
Related violations: <none>

TIMING-18#279 Warning
Missing input or output delay  
An input delay is missing on i_vec_wdata[39] relative to the rising and/or falling clock edge(s) of clk.
Related violations: <none>

TIMING-18#280 Warning
Missing input or output delay  
An input delay is missing on i_vec_wdata[3] relative to the rising and/or falling clock edge(s) of clk.
Related violations: <none>

TIMING-18#281 Warning
Missing input or output delay  
An input delay is missing on i_vec_wdata[40] relative to the rising and/or falling clock edge(s) of clk.
Related violations: <none>

TIMING-18#282 Warning
Missing input or output delay  
An input delay is missing on i_vec_wdata[41] relative to the rising and/or falling clock edge(s) of clk.
Related violations: <none>

TIMING-18#283 Warning
Missing input or output delay  
An input delay is missing on i_vec_wdata[42] relative to the rising and/or falling clock edge(s) of clk.
Related violations: <none>

TIMING-18#284 Warning
Missing input or output delay  
An input delay is missing on i_vec_wdata[43] relative to the rising and/or falling clock edge(s) of clk.
Related violations: <none>

TIMING-18#285 Warning
Missing input or output delay  
An input delay is missing on i_vec_wdata[44] relative to the rising and/or falling clock edge(s) of clk.
Related violations: <none>

TIMING-18#286 Warning
Missing input or output delay  
An input delay is missing on i_vec_wdata[45] relative to the rising and/or falling clock edge(s) of clk.
Related violations: <none>

TIMING-18#287 Warning
Missing input or output delay  
An input delay is missing on i_vec_wdata[46] relative to the rising and/or falling clock edge(s) of clk.
Related violations: <none>

TIMING-18#288 Warning
Missing input or output delay  
An input delay is missing on i_vec_wdata[47] relative to the rising and/or falling clock edge(s) of clk.
Related violations: <none>

TIMING-18#289 Warning
Missing input or output delay  
An input delay is missing on i_vec_wdata[48] relative to the rising and/or falling clock edge(s) of clk.
Related violations: <none>

TIMING-18#290 Warning
Missing input or output delay  
An input delay is missing on i_vec_wdata[49] relative to the rising and/or falling clock edge(s) of clk.
Related violations: <none>

TIMING-18#291 Warning
Missing input or output delay  
An input delay is missing on i_vec_wdata[4] relative to the rising and/or falling clock edge(s) of clk.
Related violations: <none>

TIMING-18#292 Warning
Missing input or output delay  
An input delay is missing on i_vec_wdata[50] relative to the rising and/or falling clock edge(s) of clk.
Related violations: <none>

TIMING-18#293 Warning
Missing input or output delay  
An input delay is missing on i_vec_wdata[51] relative to the rising and/or falling clock edge(s) of clk.
Related violations: <none>

TIMING-18#294 Warning
Missing input or output delay  
An input delay is missing on i_vec_wdata[52] relative to the rising and/or falling clock edge(s) of clk.
Related violations: <none>

TIMING-18#295 Warning
Missing input or output delay  
An input delay is missing on i_vec_wdata[53] relative to the rising and/or falling clock edge(s) of clk.
Related violations: <none>

TIMING-18#296 Warning
Missing input or output delay  
An input delay is missing on i_vec_wdata[54] relative to the rising and/or falling clock edge(s) of clk.
Related violations: <none>

TIMING-18#297 Warning
Missing input or output delay  
An input delay is missing on i_vec_wdata[55] relative to the rising and/or falling clock edge(s) of clk.
Related violations: <none>

TIMING-18#298 Warning
Missing input or output delay  
An input delay is missing on i_vec_wdata[56] relative to the rising and/or falling clock edge(s) of clk.
Related violations: <none>

TIMING-18#299 Warning
Missing input or output delay  
An input delay is missing on i_vec_wdata[57] relative to the rising and/or falling clock edge(s) of clk.
Related violations: <none>

TIMING-18#300 Warning
Missing input or output delay  
An input delay is missing on i_vec_wdata[58] relative to the rising and/or falling clock edge(s) of clk.
Related violations: <none>

TIMING-18#301 Warning
Missing input or output delay  
An input delay is missing on i_vec_wdata[59] relative to the rising and/or falling clock edge(s) of clk.
Related violations: <none>

TIMING-18#302 Warning
Missing input or output delay  
An input delay is missing on i_vec_wdata[5] relative to the rising and/or falling clock edge(s) of clk.
Related violations: <none>

TIMING-18#303 Warning
Missing input or output delay  
An input delay is missing on i_vec_wdata[60] relative to the rising and/or falling clock edge(s) of clk.
Related violations: <none>

TIMING-18#304 Warning
Missing input or output delay  
An input delay is missing on i_vec_wdata[61] relative to the rising and/or falling clock edge(s) of clk.
Related violations: <none>

TIMING-18#305 Warning
Missing input or output delay  
An input delay is missing on i_vec_wdata[62] relative to the rising and/or falling clock edge(s) of clk.
Related violations: <none>

TIMING-18#306 Warning
Missing input or output delay  
An input delay is missing on i_vec_wdata[63] relative to the rising and/or falling clock edge(s) of clk.
Related violations: <none>

TIMING-18#307 Warning
Missing input or output delay  
An input delay is missing on i_vec_wdata[6] relative to the rising and/or falling clock edge(s) of clk.
Related violations: <none>

TIMING-18#308 Warning
Missing input or output delay  
An input delay is missing on i_vec_wdata[7] relative to the rising and/or falling clock edge(s) of clk.
Related violations: <none>

TIMING-18#309 Warning
Missing input or output delay  
An input delay is missing on i_vec_wdata[8] relative to the rising and/or falling clock edge(s) of clk.
Related violations: <none>

TIMING-18#310 Warning
Missing input or output delay  
An input delay is missing on i_vec_wdata[9] relative to the rising and/or falling clock edge(s) of clk.
Related violations: <none>

TIMING-18#311 Warning
Missing input or output delay  
An input delay is missing on i_vec_wen relative to the rising and/or falling clock edge(s) of clk.
Related violations: <none>

TIMING-18#312 Warning
Missing input or output delay  
An output delay is missing on o_busy relative to the rising and/or falling clock edge(s) of clk.
Related violations: <none>

TIMING-18#313 Warning
Missing input or output delay  
An output delay is missing on o_result[0] relative to the rising and/or falling clock edge(s) of clk.
Related violations: <none>

TIMING-18#314 Warning
Missing input or output delay  
An output delay is missing on o_result[1000] relative to the rising and/or falling clock edge(s) of clk.
Related violations: <none>

TIMING-18#315 Warning
Missing input or output delay  
An output delay is missing on o_result[1001] relative to the rising and/or falling clock edge(s) of clk.
Related violations: <none>

TIMING-18#316 Warning
Missing input or output delay  
An output delay is missing on o_result[1002] relative to the rising and/or falling clock edge(s) of clk.
Related violations: <none>

TIMING-18#317 Warning
Missing input or output delay  
An output delay is missing on o_result[1003] relative to the rising and/or falling clock edge(s) of clk.
Related violations: <none>

TIMING-18#318 Warning
Missing input or output delay  
An output delay is missing on o_result[1004] relative to the rising and/or falling clock edge(s) of clk.
Related violations: <none>

TIMING-18#319 Warning
Missing input or output delay  
An output delay is missing on o_result[1005] relative to the rising and/or falling clock edge(s) of clk.
Related violations: <none>

TIMING-18#320 Warning
Missing input or output delay  
An output delay is missing on o_result[1006] relative to the rising and/or falling clock edge(s) of clk.
Related violations: <none>

TIMING-18#321 Warning
Missing input or output delay  
An output delay is missing on o_result[1007] relative to the rising and/or falling clock edge(s) of clk.
Related violations: <none>

TIMING-18#322 Warning
Missing input or output delay  
An output delay is missing on o_result[1008] relative to the rising and/or falling clock edge(s) of clk.
Related violations: <none>

TIMING-18#323 Warning
Missing input or output delay  
An output delay is missing on o_result[1009] relative to the rising and/or falling clock edge(s) of clk.
Related violations: <none>

TIMING-18#324 Warning
Missing input or output delay  
An output delay is missing on o_result[100] relative to the rising and/or falling clock edge(s) of clk.
Related violations: <none>

TIMING-18#325 Warning
Missing input or output delay  
An output delay is missing on o_result[1010] relative to the rising and/or falling clock edge(s) of clk.
Related violations: <none>

TIMING-18#326 Warning
Missing input or output delay  
An output delay is missing on o_result[1011] relative to the rising and/or falling clock edge(s) of clk.
Related violations: <none>

TIMING-18#327 Warning
Missing input or output delay  
An output delay is missing on o_result[1012] relative to the rising and/or falling clock edge(s) of clk.
Related violations: <none>

TIMING-18#328 Warning
Missing input or output delay  
An output delay is missing on o_result[1013] relative to the rising and/or falling clock edge(s) of clk.
Related violations: <none>

TIMING-18#329 Warning
Missing input or output delay  
An output delay is missing on o_result[1014] relative to the rising and/or falling clock edge(s) of clk.
Related violations: <none>

TIMING-18#330 Warning
Missing input or output delay  
An output delay is missing on o_result[1015] relative to the rising and/or falling clock edge(s) of clk.
Related violations: <none>

TIMING-18#331 Warning
Missing input or output delay  
An output delay is missing on o_result[1016] relative to the rising and/or falling clock edge(s) of clk.
Related violations: <none>

TIMING-18#332 Warning
Missing input or output delay  
An output delay is missing on o_result[1017] relative to the rising and/or falling clock edge(s) of clk.
Related violations: <none>

TIMING-18#333 Warning
Missing input or output delay  
An output delay is missing on o_result[1018] relative to the rising and/or falling clock edge(s) of clk.
Related violations: <none>

TIMING-18#334 Warning
Missing input or output delay  
An output delay is missing on o_result[1019] relative to the rising and/or falling clock edge(s) of clk.
Related violations: <none>

TIMING-18#335 Warning
Missing input or output delay  
An output delay is missing on o_result[101] relative to the rising and/or falling clock edge(s) of clk.
Related violations: <none>

TIMING-18#336 Warning
Missing input or output delay  
An output delay is missing on o_result[1020] relative to the rising and/or falling clock edge(s) of clk.
Related violations: <none>

TIMING-18#337 Warning
Missing input or output delay  
An output delay is missing on o_result[1021] relative to the rising and/or falling clock edge(s) of clk.
Related violations: <none>

TIMING-18#338 Warning
Missing input or output delay  
An output delay is missing on o_result[1022] relative to the rising and/or falling clock edge(s) of clk.
Related violations: <none>

TIMING-18#339 Warning
Missing input or output delay  
An output delay is missing on o_result[1023] relative to the rising and/or falling clock edge(s) of clk.
Related violations: <none>

TIMING-18#340 Warning
Missing input or output delay  
An output delay is missing on o_result[1024] relative to the rising and/or falling clock edge(s) of clk.
Related violations: <none>

TIMING-18#341 Warning
Missing input or output delay  
An output delay is missing on o_result[1025] relative to the rising and/or falling clock edge(s) of clk.
Related violations: <none>

TIMING-18#342 Warning
Missing input or output delay  
An output delay is missing on o_result[1026] relative to the rising and/or falling clock edge(s) of clk.
Related violations: <none>

TIMING-18#343 Warning
Missing input or output delay  
An output delay is missing on o_result[1027] relative to the rising and/or falling clock edge(s) of clk.
Related violations: <none>

TIMING-18#344 Warning
Missing input or output delay  
An output delay is missing on o_result[1028] relative to the rising and/or falling clock edge(s) of clk.
Related violations: <none>

TIMING-18#345 Warning
Missing input or output delay  
An output delay is missing on o_result[1029] relative to the rising and/or falling clock edge(s) of clk.
Related violations: <none>

TIMING-18#346 Warning
Missing input or output delay  
An output delay is missing on o_result[102] relative to the rising and/or falling clock edge(s) of clk.
Related violations: <none>

TIMING-18#347 Warning
Missing input or output delay  
An output delay is missing on o_result[1030] relative to the rising and/or falling clock edge(s) of clk.
Related violations: <none>

TIMING-18#348 Warning
Missing input or output delay  
An output delay is missing on o_result[1031] relative to the rising and/or falling clock edge(s) of clk.
Related violations: <none>

TIMING-18#349 Warning
Missing input or output delay  
An output delay is missing on o_result[1032] relative to the rising and/or falling clock edge(s) of clk.
Related violations: <none>

TIMING-18#350 Warning
Missing input or output delay  
An output delay is missing on o_result[1033] relative to the rising and/or falling clock edge(s) of clk.
Related violations: <none>

TIMING-18#351 Warning
Missing input or output delay  
An output delay is missing on o_result[1034] relative to the rising and/or falling clock edge(s) of clk.
Related violations: <none>

TIMING-18#352 Warning
Missing input or output delay  
An output delay is missing on o_result[1035] relative to the rising and/or falling clock edge(s) of clk.
Related violations: <none>

TIMING-18#353 Warning
Missing input or output delay  
An output delay is missing on o_result[1036] relative to the rising and/or falling clock edge(s) of clk.
Related violations: <none>

TIMING-18#354 Warning
Missing input or output delay  
An output delay is missing on o_result[1037] relative to the rising and/or falling clock edge(s) of clk.
Related violations: <none>

TIMING-18#355 Warning
Missing input or output delay  
An output delay is missing on o_result[1038] relative to the rising and/or falling clock edge(s) of clk.
Related violations: <none>

TIMING-18#356 Warning
Missing input or output delay  
An output delay is missing on o_result[1039] relative to the rising and/or falling clock edge(s) of clk.
Related violations: <none>

TIMING-18#357 Warning
Missing input or output delay  
An output delay is missing on o_result[103] relative to the rising and/or falling clock edge(s) of clk.
Related violations: <none>

TIMING-18#358 Warning
Missing input or output delay  
An output delay is missing on o_result[1040] relative to the rising and/or falling clock edge(s) of clk.
Related violations: <none>

TIMING-18#359 Warning
Missing input or output delay  
An output delay is missing on o_result[1041] relative to the rising and/or falling clock edge(s) of clk.
Related violations: <none>

TIMING-18#360 Warning
Missing input or output delay  
An output delay is missing on o_result[1042] relative to the rising and/or falling clock edge(s) of clk.
Related violations: <none>

TIMING-18#361 Warning
Missing input or output delay  
An output delay is missing on o_result[1043] relative to the rising and/or falling clock edge(s) of clk.
Related violations: <none>

TIMING-18#362 Warning
Missing input or output delay  
An output delay is missing on o_result[1044] relative to the rising and/or falling clock edge(s) of clk.
Related violations: <none>

TIMING-18#363 Warning
Missing input or output delay  
An output delay is missing on o_result[1045] relative to the rising and/or falling clock edge(s) of clk.
Related violations: <none>

TIMING-18#364 Warning
Missing input or output delay  
An output delay is missing on o_result[1046] relative to the rising and/or falling clock edge(s) of clk.
Related violations: <none>

TIMING-18#365 Warning
Missing input or output delay  
An output delay is missing on o_result[1047] relative to the rising and/or falling clock edge(s) of clk.
Related violations: <none>

TIMING-18#366 Warning
Missing input or output delay  
An output delay is missing on o_result[1048] relative to the rising and/or falling clock edge(s) of clk.
Related violations: <none>

TIMING-18#367 Warning
Missing input or output delay  
An output delay is missing on o_result[1049] relative to the rising and/or falling clock edge(s) of clk.
Related violations: <none>

TIMING-18#368 Warning
Missing input or output delay  
An output delay is missing on o_result[104] relative to the rising and/or falling clock edge(s) of clk.
Related violations: <none>

TIMING-18#369 Warning
Missing input or output delay  
An output delay is missing on o_result[1050] relative to the rising and/or falling clock edge(s) of clk.
Related violations: <none>

TIMING-18#370 Warning
Missing input or output delay  
An output delay is missing on o_result[1051] relative to the rising and/or falling clock edge(s) of clk.
Related violations: <none>

TIMING-18#371 Warning
Missing input or output delay  
An output delay is missing on o_result[1052] relative to the rising and/or falling clock edge(s) of clk.
Related violations: <none>

TIMING-18#372 Warning
Missing input or output delay  
An output delay is missing on o_result[1053] relative to the rising and/or falling clock edge(s) of clk.
Related violations: <none>

TIMING-18#373 Warning
Missing input or output delay  
An output delay is missing on o_result[1054] relative to the rising and/or falling clock edge(s) of clk.
Related violations: <none>

TIMING-18#374 Warning
Missing input or output delay  
An output delay is missing on o_result[1055] relative to the rising and/or falling clock edge(s) of clk.
Related violations: <none>

TIMING-18#375 Warning
Missing input or output delay  
An output delay is missing on o_result[1056] relative to the rising and/or falling clock edge(s) of clk.
Related violations: <none>

TIMING-18#376 Warning
Missing input or output delay  
An output delay is missing on o_result[1057] relative to the rising and/or falling clock edge(s) of clk.
Related violations: <none>

TIMING-18#377 Warning
Missing input or output delay  
An output delay is missing on o_result[1058] relative to the rising and/or falling clock edge(s) of clk.
Related violations: <none>

TIMING-18#378 Warning
Missing input or output delay  
An output delay is missing on o_result[1059] relative to the rising and/or falling clock edge(s) of clk.
Related violations: <none>

TIMING-18#379 Warning
Missing input or output delay  
An output delay is missing on o_result[105] relative to the rising and/or falling clock edge(s) of clk.
Related violations: <none>

TIMING-18#380 Warning
Missing input or output delay  
An output delay is missing on o_result[1060] relative to the rising and/or falling clock edge(s) of clk.
Related violations: <none>

TIMING-18#381 Warning
Missing input or output delay  
An output delay is missing on o_result[1061] relative to the rising and/or falling clock edge(s) of clk.
Related violations: <none>

TIMING-18#382 Warning
Missing input or output delay  
An output delay is missing on o_result[1062] relative to the rising and/or falling clock edge(s) of clk.
Related violations: <none>

TIMING-18#383 Warning
Missing input or output delay  
An output delay is missing on o_result[1063] relative to the rising and/or falling clock edge(s) of clk.
Related violations: <none>

TIMING-18#384 Warning
Missing input or output delay  
An output delay is missing on o_result[1064] relative to the rising and/or falling clock edge(s) of clk.
Related violations: <none>

TIMING-18#385 Warning
Missing input or output delay  
An output delay is missing on o_result[1065] relative to the rising and/or falling clock edge(s) of clk.
Related violations: <none>

TIMING-18#386 Warning
Missing input or output delay  
An output delay is missing on o_result[1066] relative to the rising and/or falling clock edge(s) of clk.
Related violations: <none>

TIMING-18#387 Warning
Missing input or output delay  
An output delay is missing on o_result[1067] relative to the rising and/or falling clock edge(s) of clk.
Related violations: <none>

TIMING-18#388 Warning
Missing input or output delay  
An output delay is missing on o_result[1068] relative to the rising and/or falling clock edge(s) of clk.
Related violations: <none>

TIMING-18#389 Warning
Missing input or output delay  
An output delay is missing on o_result[1069] relative to the rising and/or falling clock edge(s) of clk.
Related violations: <none>

TIMING-18#390 Warning
Missing input or output delay  
An output delay is missing on o_result[106] relative to the rising and/or falling clock edge(s) of clk.
Related violations: <none>

TIMING-18#391 Warning
Missing input or output delay  
An output delay is missing on o_result[1070] relative to the rising and/or falling clock edge(s) of clk.
Related violations: <none>

TIMING-18#392 Warning
Missing input or output delay  
An output delay is missing on o_result[1071] relative to the rising and/or falling clock edge(s) of clk.
Related violations: <none>

TIMING-18#393 Warning
Missing input or output delay  
An output delay is missing on o_result[1072] relative to the rising and/or falling clock edge(s) of clk.
Related violations: <none>

TIMING-18#394 Warning
Missing input or output delay  
An output delay is missing on o_result[1073] relative to the rising and/or falling clock edge(s) of clk.
Related violations: <none>

TIMING-18#395 Warning
Missing input or output delay  
An output delay is missing on o_result[1074] relative to the rising and/or falling clock edge(s) of clk.
Related violations: <none>

TIMING-18#396 Warning
Missing input or output delay  
An output delay is missing on o_result[1075] relative to the rising and/or falling clock edge(s) of clk.
Related violations: <none>

TIMING-18#397 Warning
Missing input or output delay  
An output delay is missing on o_result[1076] relative to the rising and/or falling clock edge(s) of clk.
Related violations: <none>

TIMING-18#398 Warning
Missing input or output delay  
An output delay is missing on o_result[1077] relative to the rising and/or falling clock edge(s) of clk.
Related violations: <none>

TIMING-18#399 Warning
Missing input or output delay  
An output delay is missing on o_result[1078] relative to the rising and/or falling clock edge(s) of clk.
Related violations: <none>

TIMING-18#400 Warning
Missing input or output delay  
An output delay is missing on o_result[1079] relative to the rising and/or falling clock edge(s) of clk.
Related violations: <none>

TIMING-18#401 Warning
Missing input or output delay  
An output delay is missing on o_result[107] relative to the rising and/or falling clock edge(s) of clk.
Related violations: <none>

TIMING-18#402 Warning
Missing input or output delay  
An output delay is missing on o_result[1080] relative to the rising and/or falling clock edge(s) of clk.
Related violations: <none>

TIMING-18#403 Warning
Missing input or output delay  
An output delay is missing on o_result[1081] relative to the rising and/or falling clock edge(s) of clk.
Related violations: <none>

TIMING-18#404 Warning
Missing input or output delay  
An output delay is missing on o_result[1082] relative to the rising and/or falling clock edge(s) of clk.
Related violations: <none>

TIMING-18#405 Warning
Missing input or output delay  
An output delay is missing on o_result[1083] relative to the rising and/or falling clock edge(s) of clk.
Related violations: <none>

TIMING-18#406 Warning
Missing input or output delay  
An output delay is missing on o_result[1084] relative to the rising and/or falling clock edge(s) of clk.
Related violations: <none>

TIMING-18#407 Warning
Missing input or output delay  
An output delay is missing on o_result[1085] relative to the rising and/or falling clock edge(s) of clk.
Related violations: <none>

TIMING-18#408 Warning
Missing input or output delay  
An output delay is missing on o_result[1086] relative to the rising and/or falling clock edge(s) of clk.
Related violations: <none>

TIMING-18#409 Warning
Missing input or output delay  
An output delay is missing on o_result[1087] relative to the rising and/or falling clock edge(s) of clk.
Related violations: <none>

TIMING-18#410 Warning
Missing input or output delay  
An output delay is missing on o_result[1088] relative to the rising and/or falling clock edge(s) of clk.
Related violations: <none>

TIMING-18#411 Warning
Missing input or output delay  
An output delay is missing on o_result[1089] relative to the rising and/or falling clock edge(s) of clk.
Related violations: <none>

TIMING-18#412 Warning
Missing input or output delay  
An output delay is missing on o_result[108] relative to the rising and/or falling clock edge(s) of clk.
Related violations: <none>

TIMING-18#413 Warning
Missing input or output delay  
An output delay is missing on o_result[1090] relative to the rising and/or falling clock edge(s) of clk.
Related violations: <none>

TIMING-18#414 Warning
Missing input or output delay  
An output delay is missing on o_result[1091] relative to the rising and/or falling clock edge(s) of clk.
Related violations: <none>

TIMING-18#415 Warning
Missing input or output delay  
An output delay is missing on o_result[1092] relative to the rising and/or falling clock edge(s) of clk.
Related violations: <none>

TIMING-18#416 Warning
Missing input or output delay  
An output delay is missing on o_result[1093] relative to the rising and/or falling clock edge(s) of clk.
Related violations: <none>

TIMING-18#417 Warning
Missing input or output delay  
An output delay is missing on o_result[1094] relative to the rising and/or falling clock edge(s) of clk.
Related violations: <none>

TIMING-18#418 Warning
Missing input or output delay  
An output delay is missing on o_result[1095] relative to the rising and/or falling clock edge(s) of clk.
Related violations: <none>

TIMING-18#419 Warning
Missing input or output delay  
An output delay is missing on o_result[1096] relative to the rising and/or falling clock edge(s) of clk.
Related violations: <none>

TIMING-18#420 Warning
Missing input or output delay  
An output delay is missing on o_result[1097] relative to the rising and/or falling clock edge(s) of clk.
Related violations: <none>

TIMING-18#421 Warning
Missing input or output delay  
An output delay is missing on o_result[1098] relative to the rising and/or falling clock edge(s) of clk.
Related violations: <none>

TIMING-18#422 Warning
Missing input or output delay  
An output delay is missing on o_result[1099] relative to the rising and/or falling clock edge(s) of clk.
Related violations: <none>

TIMING-18#423 Warning
Missing input or output delay  
An output delay is missing on o_result[109] relative to the rising and/or falling clock edge(s) of clk.
Related violations: <none>

TIMING-18#424 Warning
Missing input or output delay  
An output delay is missing on o_result[10] relative to the rising and/or falling clock edge(s) of clk.
Related violations: <none>

TIMING-18#425 Warning
Missing input or output delay  
An output delay is missing on o_result[1100] relative to the rising and/or falling clock edge(s) of clk.
Related violations: <none>

TIMING-18#426 Warning
Missing input or output delay  
An output delay is missing on o_result[1101] relative to the rising and/or falling clock edge(s) of clk.
Related violations: <none>

TIMING-18#427 Warning
Missing input or output delay  
An output delay is missing on o_result[1102] relative to the rising and/or falling clock edge(s) of clk.
Related violations: <none>

TIMING-18#428 Warning
Missing input or output delay  
An output delay is missing on o_result[1103] relative to the rising and/or falling clock edge(s) of clk.
Related violations: <none>

TIMING-18#429 Warning
Missing input or output delay  
An output delay is missing on o_result[1104] relative to the rising and/or falling clock edge(s) of clk.
Related violations: <none>

TIMING-18#430 Warning
Missing input or output delay  
An output delay is missing on o_result[1105] relative to the rising and/or falling clock edge(s) of clk.
Related violations: <none>

TIMING-18#431 Warning
Missing input or output delay  
An output delay is missing on o_result[1106] relative to the rising and/or falling clock edge(s) of clk.
Related violations: <none>

TIMING-18#432 Warning
Missing input or output delay  
An output delay is missing on o_result[1107] relative to the rising and/or falling clock edge(s) of clk.
Related violations: <none>

TIMING-18#433 Warning
Missing input or output delay  
An output delay is missing on o_result[1108] relative to the rising and/or falling clock edge(s) of clk.
Related violations: <none>

TIMING-18#434 Warning
Missing input or output delay  
An output delay is missing on o_result[1109] relative to the rising and/or falling clock edge(s) of clk.
Related violations: <none>

TIMING-18#435 Warning
Missing input or output delay  
An output delay is missing on o_result[110] relative to the rising and/or falling clock edge(s) of clk.
Related violations: <none>

TIMING-18#436 Warning
Missing input or output delay  
An output delay is missing on o_result[1110] relative to the rising and/or falling clock edge(s) of clk.
Related violations: <none>

TIMING-18#437 Warning
Missing input or output delay  
An output delay is missing on o_result[1111] relative to the rising and/or falling clock edge(s) of clk.
Related violations: <none>

TIMING-18#438 Warning
Missing input or output delay  
An output delay is missing on o_result[1112] relative to the rising and/or falling clock edge(s) of clk.
Related violations: <none>

TIMING-18#439 Warning
Missing input or output delay  
An output delay is missing on o_result[1113] relative to the rising and/or falling clock edge(s) of clk.
Related violations: <none>

TIMING-18#440 Warning
Missing input or output delay  
An output delay is missing on o_result[1114] relative to the rising and/or falling clock edge(s) of clk.
Related violations: <none>

TIMING-18#441 Warning
Missing input or output delay  
An output delay is missing on o_result[1115] relative to the rising and/or falling clock edge(s) of clk.
Related violations: <none>

TIMING-18#442 Warning
Missing input or output delay  
An output delay is missing on o_result[1116] relative to the rising and/or falling clock edge(s) of clk.
Related violations: <none>

TIMING-18#443 Warning
Missing input or output delay  
An output delay is missing on o_result[1117] relative to the rising and/or falling clock edge(s) of clk.
Related violations: <none>

TIMING-18#444 Warning
Missing input or output delay  
An output delay is missing on o_result[1118] relative to the rising and/or falling clock edge(s) of clk.
Related violations: <none>

TIMING-18#445 Warning
Missing input or output delay  
An output delay is missing on o_result[1119] relative to the rising and/or falling clock edge(s) of clk.
Related violations: <none>

TIMING-18#446 Warning
Missing input or output delay  
An output delay is missing on o_result[111] relative to the rising and/or falling clock edge(s) of clk.
Related violations: <none>

TIMING-18#447 Warning
Missing input or output delay  
An output delay is missing on o_result[1120] relative to the rising and/or falling clock edge(s) of clk.
Related violations: <none>

TIMING-18#448 Warning
Missing input or output delay  
An output delay is missing on o_result[1121] relative to the rising and/or falling clock edge(s) of clk.
Related violations: <none>

TIMING-18#449 Warning
Missing input or output delay  
An output delay is missing on o_result[1122] relative to the rising and/or falling clock edge(s) of clk.
Related violations: <none>

TIMING-18#450 Warning
Missing input or output delay  
An output delay is missing on o_result[1123] relative to the rising and/or falling clock edge(s) of clk.
Related violations: <none>

TIMING-18#451 Warning
Missing input or output delay  
An output delay is missing on o_result[1124] relative to the rising and/or falling clock edge(s) of clk.
Related violations: <none>

TIMING-18#452 Warning
Missing input or output delay  
An output delay is missing on o_result[1125] relative to the rising and/or falling clock edge(s) of clk.
Related violations: <none>

TIMING-18#453 Warning
Missing input or output delay  
An output delay is missing on o_result[1126] relative to the rising and/or falling clock edge(s) of clk.
Related violations: <none>

TIMING-18#454 Warning
Missing input or output delay  
An output delay is missing on o_result[1127] relative to the rising and/or falling clock edge(s) of clk.
Related violations: <none>

TIMING-18#455 Warning
Missing input or output delay  
An output delay is missing on o_result[1128] relative to the rising and/or falling clock edge(s) of clk.
Related violations: <none>

TIMING-18#456 Warning
Missing input or output delay  
An output delay is missing on o_result[1129] relative to the rising and/or falling clock edge(s) of clk.
Related violations: <none>

TIMING-18#457 Warning
Missing input or output delay  
An output delay is missing on o_result[112] relative to the rising and/or falling clock edge(s) of clk.
Related violations: <none>

TIMING-18#458 Warning
Missing input or output delay  
An output delay is missing on o_result[1130] relative to the rising and/or falling clock edge(s) of clk.
Related violations: <none>

TIMING-18#459 Warning
Missing input or output delay  
An output delay is missing on o_result[1131] relative to the rising and/or falling clock edge(s) of clk.
Related violations: <none>

TIMING-18#460 Warning
Missing input or output delay  
An output delay is missing on o_result[1132] relative to the rising and/or falling clock edge(s) of clk.
Related violations: <none>

TIMING-18#461 Warning
Missing input or output delay  
An output delay is missing on o_result[1133] relative to the rising and/or falling clock edge(s) of clk.
Related violations: <none>

TIMING-18#462 Warning
Missing input or output delay  
An output delay is missing on o_result[1134] relative to the rising and/or falling clock edge(s) of clk.
Related violations: <none>

TIMING-18#463 Warning
Missing input or output delay  
An output delay is missing on o_result[1135] relative to the rising and/or falling clock edge(s) of clk.
Related violations: <none>

TIMING-18#464 Warning
Missing input or output delay  
An output delay is missing on o_result[1136] relative to the rising and/or falling clock edge(s) of clk.
Related violations: <none>

TIMING-18#465 Warning
Missing input or output delay  
An output delay is missing on o_result[1137] relative to the rising and/or falling clock edge(s) of clk.
Related violations: <none>

TIMING-18#466 Warning
Missing input or output delay  
An output delay is missing on o_result[1138] relative to the rising and/or falling clock edge(s) of clk.
Related violations: <none>

TIMING-18#467 Warning
Missing input or output delay  
An output delay is missing on o_result[1139] relative to the rising and/or falling clock edge(s) of clk.
Related violations: <none>

TIMING-18#468 Warning
Missing input or output delay  
An output delay is missing on o_result[113] relative to the rising and/or falling clock edge(s) of clk.
Related violations: <none>

TIMING-18#469 Warning
Missing input or output delay  
An output delay is missing on o_result[1140] relative to the rising and/or falling clock edge(s) of clk.
Related violations: <none>

TIMING-18#470 Warning
Missing input or output delay  
An output delay is missing on o_result[1141] relative to the rising and/or falling clock edge(s) of clk.
Related violations: <none>

TIMING-18#471 Warning
Missing input or output delay  
An output delay is missing on o_result[1142] relative to the rising and/or falling clock edge(s) of clk.
Related violations: <none>

TIMING-18#472 Warning
Missing input or output delay  
An output delay is missing on o_result[1143] relative to the rising and/or falling clock edge(s) of clk.
Related violations: <none>

TIMING-18#473 Warning
Missing input or output delay  
An output delay is missing on o_result[1144] relative to the rising and/or falling clock edge(s) of clk.
Related violations: <none>

TIMING-18#474 Warning
Missing input or output delay  
An output delay is missing on o_result[1145] relative to the rising and/or falling clock edge(s) of clk.
Related violations: <none>

TIMING-18#475 Warning
Missing input or output delay  
An output delay is missing on o_result[1146] relative to the rising and/or falling clock edge(s) of clk.
Related violations: <none>

TIMING-18#476 Warning
Missing input or output delay  
An output delay is missing on o_result[1147] relative to the rising and/or falling clock edge(s) of clk.
Related violations: <none>

TIMING-18#477 Warning
Missing input or output delay  
An output delay is missing on o_result[1148] relative to the rising and/or falling clock edge(s) of clk.
Related violations: <none>

TIMING-18#478 Warning
Missing input or output delay  
An output delay is missing on o_result[1149] relative to the rising and/or falling clock edge(s) of clk.
Related violations: <none>

TIMING-18#479 Warning
Missing input or output delay  
An output delay is missing on o_result[114] relative to the rising and/or falling clock edge(s) of clk.
Related violations: <none>

TIMING-18#480 Warning
Missing input or output delay  
An output delay is missing on o_result[1150] relative to the rising and/or falling clock edge(s) of clk.
Related violations: <none>

TIMING-18#481 Warning
Missing input or output delay  
An output delay is missing on o_result[1151] relative to the rising and/or falling clock edge(s) of clk.
Related violations: <none>

TIMING-18#482 Warning
Missing input or output delay  
An output delay is missing on o_result[1152] relative to the rising and/or falling clock edge(s) of clk.
Related violations: <none>

TIMING-18#483 Warning
Missing input or output delay  
An output delay is missing on o_result[1153] relative to the rising and/or falling clock edge(s) of clk.
Related violations: <none>

TIMING-18#484 Warning
Missing input or output delay  
An output delay is missing on o_result[1154] relative to the rising and/or falling clock edge(s) of clk.
Related violations: <none>

TIMING-18#485 Warning
Missing input or output delay  
An output delay is missing on o_result[1155] relative to the rising and/or falling clock edge(s) of clk.
Related violations: <none>

TIMING-18#486 Warning
Missing input or output delay  
An output delay is missing on o_result[1156] relative to the rising and/or falling clock edge(s) of clk.
Related violations: <none>

TIMING-18#487 Warning
Missing input or output delay  
An output delay is missing on o_result[1157] relative to the rising and/or falling clock edge(s) of clk.
Related violations: <none>

TIMING-18#488 Warning
Missing input or output delay  
An output delay is missing on o_result[1158] relative to the rising and/or falling clock edge(s) of clk.
Related violations: <none>

TIMING-18#489 Warning
Missing input or output delay  
An output delay is missing on o_result[1159] relative to the rising and/or falling clock edge(s) of clk.
Related violations: <none>

TIMING-18#490 Warning
Missing input or output delay  
An output delay is missing on o_result[115] relative to the rising and/or falling clock edge(s) of clk.
Related violations: <none>

TIMING-18#491 Warning
Missing input or output delay  
An output delay is missing on o_result[1160] relative to the rising and/or falling clock edge(s) of clk.
Related violations: <none>

TIMING-18#492 Warning
Missing input or output delay  
An output delay is missing on o_result[1161] relative to the rising and/or falling clock edge(s) of clk.
Related violations: <none>

TIMING-18#493 Warning
Missing input or output delay  
An output delay is missing on o_result[1162] relative to the rising and/or falling clock edge(s) of clk.
Related violations: <none>

TIMING-18#494 Warning
Missing input or output delay  
An output delay is missing on o_result[1163] relative to the rising and/or falling clock edge(s) of clk.
Related violations: <none>

TIMING-18#495 Warning
Missing input or output delay  
An output delay is missing on o_result[1164] relative to the rising and/or falling clock edge(s) of clk.
Related violations: <none>

TIMING-18#496 Warning
Missing input or output delay  
An output delay is missing on o_result[1165] relative to the rising and/or falling clock edge(s) of clk.
Related violations: <none>

TIMING-18#497 Warning
Missing input or output delay  
An output delay is missing on o_result[1166] relative to the rising and/or falling clock edge(s) of clk.
Related violations: <none>

TIMING-18#498 Warning
Missing input or output delay  
An output delay is missing on o_result[1167] relative to the rising and/or falling clock edge(s) of clk.
Related violations: <none>

TIMING-18#499 Warning
Missing input or output delay  
An output delay is missing on o_result[1168] relative to the rising and/or falling clock edge(s) of clk.
Related violations: <none>

TIMING-18#500 Warning
Missing input or output delay  
An output delay is missing on o_result[1169] relative to the rising and/or falling clock edge(s) of clk.
Related violations: <none>

TIMING-18#501 Warning
Missing input or output delay  
An output delay is missing on o_result[116] relative to the rising and/or falling clock edge(s) of clk.
Related violations: <none>

TIMING-18#502 Warning
Missing input or output delay  
An output delay is missing on o_result[1170] relative to the rising and/or falling clock edge(s) of clk.
Related violations: <none>

TIMING-18#503 Warning
Missing input or output delay  
An output delay is missing on o_result[1171] relative to the rising and/or falling clock edge(s) of clk.
Related violations: <none>

TIMING-18#504 Warning
Missing input or output delay  
An output delay is missing on o_result[1172] relative to the rising and/or falling clock edge(s) of clk.
Related violations: <none>

TIMING-18#505 Warning
Missing input or output delay  
An output delay is missing on o_result[1173] relative to the rising and/or falling clock edge(s) of clk.
Related violations: <none>

TIMING-18#506 Warning
Missing input or output delay  
An output delay is missing on o_result[1174] relative to the rising and/or falling clock edge(s) of clk.
Related violations: <none>

TIMING-18#507 Warning
Missing input or output delay  
An output delay is missing on o_result[1175] relative to the rising and/or falling clock edge(s) of clk.
Related violations: <none>

TIMING-18#508 Warning
Missing input or output delay  
An output delay is missing on o_result[1176] relative to the rising and/or falling clock edge(s) of clk.
Related violations: <none>

TIMING-18#509 Warning
Missing input or output delay  
An output delay is missing on o_result[1177] relative to the rising and/or falling clock edge(s) of clk.
Related violations: <none>

TIMING-18#510 Warning
Missing input or output delay  
An output delay is missing on o_result[1178] relative to the rising and/or falling clock edge(s) of clk.
Related violations: <none>

TIMING-18#511 Warning
Missing input or output delay  
An output delay is missing on o_result[1179] relative to the rising and/or falling clock edge(s) of clk.
Related violations: <none>

TIMING-18#512 Warning
Missing input or output delay  
An output delay is missing on o_result[117] relative to the rising and/or falling clock edge(s) of clk.
Related violations: <none>

TIMING-18#513 Warning
Missing input or output delay  
An output delay is missing on o_result[1180] relative to the rising and/or falling clock edge(s) of clk.
Related violations: <none>

TIMING-18#514 Warning
Missing input or output delay  
An output delay is missing on o_result[1181] relative to the rising and/or falling clock edge(s) of clk.
Related violations: <none>

TIMING-18#515 Warning
Missing input or output delay  
An output delay is missing on o_result[1182] relative to the rising and/or falling clock edge(s) of clk.
Related violations: <none>

TIMING-18#516 Warning
Missing input or output delay  
An output delay is missing on o_result[1183] relative to the rising and/or falling clock edge(s) of clk.
Related violations: <none>

TIMING-18#517 Warning
Missing input or output delay  
An output delay is missing on o_result[1184] relative to the rising and/or falling clock edge(s) of clk.
Related violations: <none>

TIMING-18#518 Warning
Missing input or output delay  
An output delay is missing on o_result[1185] relative to the rising and/or falling clock edge(s) of clk.
Related violations: <none>

TIMING-18#519 Warning
Missing input or output delay  
An output delay is missing on o_result[1186] relative to the rising and/or falling clock edge(s) of clk.
Related violations: <none>

TIMING-18#520 Warning
Missing input or output delay  
An output delay is missing on o_result[1187] relative to the rising and/or falling clock edge(s) of clk.
Related violations: <none>

TIMING-18#521 Warning
Missing input or output delay  
An output delay is missing on o_result[1188] relative to the rising and/or falling clock edge(s) of clk.
Related violations: <none>

TIMING-18#522 Warning
Missing input or output delay  
An output delay is missing on o_result[1189] relative to the rising and/or falling clock edge(s) of clk.
Related violations: <none>

TIMING-18#523 Warning
Missing input or output delay  
An output delay is missing on o_result[118] relative to the rising and/or falling clock edge(s) of clk.
Related violations: <none>

TIMING-18#524 Warning
Missing input or output delay  
An output delay is missing on o_result[1190] relative to the rising and/or falling clock edge(s) of clk.
Related violations: <none>

TIMING-18#525 Warning
Missing input or output delay  
An output delay is missing on o_result[1191] relative to the rising and/or falling clock edge(s) of clk.
Related violations: <none>

TIMING-18#526 Warning
Missing input or output delay  
An output delay is missing on o_result[1192] relative to the rising and/or falling clock edge(s) of clk.
Related violations: <none>

TIMING-18#527 Warning
Missing input or output delay  
An output delay is missing on o_result[1193] relative to the rising and/or falling clock edge(s) of clk.
Related violations: <none>

TIMING-18#528 Warning
Missing input or output delay  
An output delay is missing on o_result[1194] relative to the rising and/or falling clock edge(s) of clk.
Related violations: <none>

TIMING-18#529 Warning
Missing input or output delay  
An output delay is missing on o_result[1195] relative to the rising and/or falling clock edge(s) of clk.
Related violations: <none>

TIMING-18#530 Warning
Missing input or output delay  
An output delay is missing on o_result[1196] relative to the rising and/or falling clock edge(s) of clk.
Related violations: <none>

TIMING-18#531 Warning
Missing input or output delay  
An output delay is missing on o_result[1197] relative to the rising and/or falling clock edge(s) of clk.
Related violations: <none>

TIMING-18#532 Warning
Missing input or output delay  
An output delay is missing on o_result[1198] relative to the rising and/or falling clock edge(s) of clk.
Related violations: <none>

TIMING-18#533 Warning
Missing input or output delay  
An output delay is missing on o_result[1199] relative to the rising and/or falling clock edge(s) of clk.
Related violations: <none>

TIMING-18#534 Warning
Missing input or output delay  
An output delay is missing on o_result[119] relative to the rising and/or falling clock edge(s) of clk.
Related violations: <none>

TIMING-18#535 Warning
Missing input or output delay  
An output delay is missing on o_result[11] relative to the rising and/or falling clock edge(s) of clk.
Related violations: <none>

TIMING-18#536 Warning
Missing input or output delay  
An output delay is missing on o_result[1200] relative to the rising and/or falling clock edge(s) of clk.
Related violations: <none>

TIMING-18#537 Warning
Missing input or output delay  
An output delay is missing on o_result[1201] relative to the rising and/or falling clock edge(s) of clk.
Related violations: <none>

TIMING-18#538 Warning
Missing input or output delay  
An output delay is missing on o_result[1202] relative to the rising and/or falling clock edge(s) of clk.
Related violations: <none>

TIMING-18#539 Warning
Missing input or output delay  
An output delay is missing on o_result[1203] relative to the rising and/or falling clock edge(s) of clk.
Related violations: <none>

TIMING-18#540 Warning
Missing input or output delay  
An output delay is missing on o_result[1204] relative to the rising and/or falling clock edge(s) of clk.
Related violations: <none>

TIMING-18#541 Warning
Missing input or output delay  
An output delay is missing on o_result[1205] relative to the rising and/or falling clock edge(s) of clk.
Related violations: <none>

TIMING-18#542 Warning
Missing input or output delay  
An output delay is missing on o_result[1206] relative to the rising and/or falling clock edge(s) of clk.
Related violations: <none>

TIMING-18#543 Warning
Missing input or output delay  
An output delay is missing on o_result[1207] relative to the rising and/or falling clock edge(s) of clk.
Related violations: <none>

TIMING-18#544 Warning
Missing input or output delay  
An output delay is missing on o_result[1208] relative to the rising and/or falling clock edge(s) of clk.
Related violations: <none>

TIMING-18#545 Warning
Missing input or output delay  
An output delay is missing on o_result[1209] relative to the rising and/or falling clock edge(s) of clk.
Related violations: <none>

TIMING-18#546 Warning
Missing input or output delay  
An output delay is missing on o_result[120] relative to the rising and/or falling clock edge(s) of clk.
Related violations: <none>

TIMING-18#547 Warning
Missing input or output delay  
An output delay is missing on o_result[1210] relative to the rising and/or falling clock edge(s) of clk.
Related violations: <none>

TIMING-18#548 Warning
Missing input or output delay  
An output delay is missing on o_result[1211] relative to the rising and/or falling clock edge(s) of clk.
Related violations: <none>

TIMING-18#549 Warning
Missing input or output delay  
An output delay is missing on o_result[1212] relative to the rising and/or falling clock edge(s) of clk.
Related violations: <none>

TIMING-18#550 Warning
Missing input or output delay  
An output delay is missing on o_result[1213] relative to the rising and/or falling clock edge(s) of clk.
Related violations: <none>

TIMING-18#551 Warning
Missing input or output delay  
An output delay is missing on o_result[1214] relative to the rising and/or falling clock edge(s) of clk.
Related violations: <none>

TIMING-18#552 Warning
Missing input or output delay  
An output delay is missing on o_result[1215] relative to the rising and/or falling clock edge(s) of clk.
Related violations: <none>

TIMING-18#553 Warning
Missing input or output delay  
An output delay is missing on o_result[1216] relative to the rising and/or falling clock edge(s) of clk.
Related violations: <none>

TIMING-18#554 Warning
Missing input or output delay  
An output delay is missing on o_result[1217] relative to the rising and/or falling clock edge(s) of clk.
Related violations: <none>

TIMING-18#555 Warning
Missing input or output delay  
An output delay is missing on o_result[1218] relative to the rising and/or falling clock edge(s) of clk.
Related violations: <none>

TIMING-18#556 Warning
Missing input or output delay  
An output delay is missing on o_result[1219] relative to the rising and/or falling clock edge(s) of clk.
Related violations: <none>

TIMING-18#557 Warning
Missing input or output delay  
An output delay is missing on o_result[121] relative to the rising and/or falling clock edge(s) of clk.
Related violations: <none>

TIMING-18#558 Warning
Missing input or output delay  
An output delay is missing on o_result[1220] relative to the rising and/or falling clock edge(s) of clk.
Related violations: <none>

TIMING-18#559 Warning
Missing input or output delay  
An output delay is missing on o_result[1221] relative to the rising and/or falling clock edge(s) of clk.
Related violations: <none>

TIMING-18#560 Warning
Missing input or output delay  
An output delay is missing on o_result[1222] relative to the rising and/or falling clock edge(s) of clk.
Related violations: <none>

TIMING-18#561 Warning
Missing input or output delay  
An output delay is missing on o_result[1223] relative to the rising and/or falling clock edge(s) of clk.
Related violations: <none>

TIMING-18#562 Warning
Missing input or output delay  
An output delay is missing on o_result[1224] relative to the rising and/or falling clock edge(s) of clk.
Related violations: <none>

TIMING-18#563 Warning
Missing input or output delay  
An output delay is missing on o_result[1225] relative to the rising and/or falling clock edge(s) of clk.
Related violations: <none>

TIMING-18#564 Warning
Missing input or output delay  
An output delay is missing on o_result[1226] relative to the rising and/or falling clock edge(s) of clk.
Related violations: <none>

TIMING-18#565 Warning
Missing input or output delay  
An output delay is missing on o_result[1227] relative to the rising and/or falling clock edge(s) of clk.
Related violations: <none>

TIMING-18#566 Warning
Missing input or output delay  
An output delay is missing on o_result[1228] relative to the rising and/or falling clock edge(s) of clk.
Related violations: <none>

TIMING-18#567 Warning
Missing input or output delay  
An output delay is missing on o_result[1229] relative to the rising and/or falling clock edge(s) of clk.
Related violations: <none>

TIMING-18#568 Warning
Missing input or output delay  
An output delay is missing on o_result[122] relative to the rising and/or falling clock edge(s) of clk.
Related violations: <none>

TIMING-18#569 Warning
Missing input or output delay  
An output delay is missing on o_result[1230] relative to the rising and/or falling clock edge(s) of clk.
Related violations: <none>

TIMING-18#570 Warning
Missing input or output delay  
An output delay is missing on o_result[1231] relative to the rising and/or falling clock edge(s) of clk.
Related violations: <none>

TIMING-18#571 Warning
Missing input or output delay  
An output delay is missing on o_result[1232] relative to the rising and/or falling clock edge(s) of clk.
Related violations: <none>

TIMING-18#572 Warning
Missing input or output delay  
An output delay is missing on o_result[1233] relative to the rising and/or falling clock edge(s) of clk.
Related violations: <none>

TIMING-18#573 Warning
Missing input or output delay  
An output delay is missing on o_result[1234] relative to the rising and/or falling clock edge(s) of clk.
Related violations: <none>

TIMING-18#574 Warning
Missing input or output delay  
An output delay is missing on o_result[1235] relative to the rising and/or falling clock edge(s) of clk.
Related violations: <none>

TIMING-18#575 Warning
Missing input or output delay  
An output delay is missing on o_result[1236] relative to the rising and/or falling clock edge(s) of clk.
Related violations: <none>

TIMING-18#576 Warning
Missing input or output delay  
An output delay is missing on o_result[1237] relative to the rising and/or falling clock edge(s) of clk.
Related violations: <none>

TIMING-18#577 Warning
Missing input or output delay  
An output delay is missing on o_result[1238] relative to the rising and/or falling clock edge(s) of clk.
Related violations: <none>

TIMING-18#578 Warning
Missing input or output delay  
An output delay is missing on o_result[1239] relative to the rising and/or falling clock edge(s) of clk.
Related violations: <none>

TIMING-18#579 Warning
Missing input or output delay  
An output delay is missing on o_result[123] relative to the rising and/or falling clock edge(s) of clk.
Related violations: <none>

TIMING-18#580 Warning
Missing input or output delay  
An output delay is missing on o_result[1240] relative to the rising and/or falling clock edge(s) of clk.
Related violations: <none>

TIMING-18#581 Warning
Missing input or output delay  
An output delay is missing on o_result[1241] relative to the rising and/or falling clock edge(s) of clk.
Related violations: <none>

TIMING-18#582 Warning
Missing input or output delay  
An output delay is missing on o_result[1242] relative to the rising and/or falling clock edge(s) of clk.
Related violations: <none>

TIMING-18#583 Warning
Missing input or output delay  
An output delay is missing on o_result[1243] relative to the rising and/or falling clock edge(s) of clk.
Related violations: <none>

TIMING-18#584 Warning
Missing input or output delay  
An output delay is missing on o_result[1244] relative to the rising and/or falling clock edge(s) of clk.
Related violations: <none>

TIMING-18#585 Warning
Missing input or output delay  
An output delay is missing on o_result[1245] relative to the rising and/or falling clock edge(s) of clk.
Related violations: <none>

TIMING-18#586 Warning
Missing input or output delay  
An output delay is missing on o_result[1246] relative to the rising and/or falling clock edge(s) of clk.
Related violations: <none>

TIMING-18#587 Warning
Missing input or output delay  
An output delay is missing on o_result[1247] relative to the rising and/or falling clock edge(s) of clk.
Related violations: <none>

TIMING-18#588 Warning
Missing input or output delay  
An output delay is missing on o_result[1248] relative to the rising and/or falling clock edge(s) of clk.
Related violations: <none>

TIMING-18#589 Warning
Missing input or output delay  
An output delay is missing on o_result[1249] relative to the rising and/or falling clock edge(s) of clk.
Related violations: <none>

TIMING-18#590 Warning
Missing input or output delay  
An output delay is missing on o_result[124] relative to the rising and/or falling clock edge(s) of clk.
Related violations: <none>

TIMING-18#591 Warning
Missing input or output delay  
An output delay is missing on o_result[1250] relative to the rising and/or falling clock edge(s) of clk.
Related violations: <none>

TIMING-18#592 Warning
Missing input or output delay  
An output delay is missing on o_result[1251] relative to the rising and/or falling clock edge(s) of clk.
Related violations: <none>

TIMING-18#593 Warning
Missing input or output delay  
An output delay is missing on o_result[1252] relative to the rising and/or falling clock edge(s) of clk.
Related violations: <none>

TIMING-18#594 Warning
Missing input or output delay  
An output delay is missing on o_result[1253] relative to the rising and/or falling clock edge(s) of clk.
Related violations: <none>

TIMING-18#595 Warning
Missing input or output delay  
An output delay is missing on o_result[1254] relative to the rising and/or falling clock edge(s) of clk.
Related violations: <none>

TIMING-18#596 Warning
Missing input or output delay  
An output delay is missing on o_result[1255] relative to the rising and/or falling clock edge(s) of clk.
Related violations: <none>

TIMING-18#597 Warning
Missing input or output delay  
An output delay is missing on o_result[1256] relative to the rising and/or falling clock edge(s) of clk.
Related violations: <none>

TIMING-18#598 Warning
Missing input or output delay  
An output delay is missing on o_result[1257] relative to the rising and/or falling clock edge(s) of clk.
Related violations: <none>

TIMING-18#599 Warning
Missing input or output delay  
An output delay is missing on o_result[1258] relative to the rising and/or falling clock edge(s) of clk.
Related violations: <none>

TIMING-18#600 Warning
Missing input or output delay  
An output delay is missing on o_result[1259] relative to the rising and/or falling clock edge(s) of clk.
Related violations: <none>

TIMING-18#601 Warning
Missing input or output delay  
An output delay is missing on o_result[125] relative to the rising and/or falling clock edge(s) of clk.
Related violations: <none>

TIMING-18#602 Warning
Missing input or output delay  
An output delay is missing on o_result[1260] relative to the rising and/or falling clock edge(s) of clk.
Related violations: <none>

TIMING-18#603 Warning
Missing input or output delay  
An output delay is missing on o_result[1261] relative to the rising and/or falling clock edge(s) of clk.
Related violations: <none>

TIMING-18#604 Warning
Missing input or output delay  
An output delay is missing on o_result[1262] relative to the rising and/or falling clock edge(s) of clk.
Related violations: <none>

TIMING-18#605 Warning
Missing input or output delay  
An output delay is missing on o_result[1263] relative to the rising and/or falling clock edge(s) of clk.
Related violations: <none>

TIMING-18#606 Warning
Missing input or output delay  
An output delay is missing on o_result[1264] relative to the rising and/or falling clock edge(s) of clk.
Related violations: <none>

TIMING-18#607 Warning
Missing input or output delay  
An output delay is missing on o_result[1265] relative to the rising and/or falling clock edge(s) of clk.
Related violations: <none>

TIMING-18#608 Warning
Missing input or output delay  
An output delay is missing on o_result[1266] relative to the rising and/or falling clock edge(s) of clk.
Related violations: <none>

TIMING-18#609 Warning
Missing input or output delay  
An output delay is missing on o_result[1267] relative to the rising and/or falling clock edge(s) of clk.
Related violations: <none>

TIMING-18#610 Warning
Missing input or output delay  
An output delay is missing on o_result[1268] relative to the rising and/or falling clock edge(s) of clk.
Related violations: <none>

TIMING-18#611 Warning
Missing input or output delay  
An output delay is missing on o_result[1269] relative to the rising and/or falling clock edge(s) of clk.
Related violations: <none>

TIMING-18#612 Warning
Missing input or output delay  
An output delay is missing on o_result[126] relative to the rising and/or falling clock edge(s) of clk.
Related violations: <none>

TIMING-18#613 Warning
Missing input or output delay  
An output delay is missing on o_result[1270] relative to the rising and/or falling clock edge(s) of clk.
Related violations: <none>

TIMING-18#614 Warning
Missing input or output delay  
An output delay is missing on o_result[1271] relative to the rising and/or falling clock edge(s) of clk.
Related violations: <none>

TIMING-18#615 Warning
Missing input or output delay  
An output delay is missing on o_result[1272] relative to the rising and/or falling clock edge(s) of clk.
Related violations: <none>

TIMING-18#616 Warning
Missing input or output delay  
An output delay is missing on o_result[1273] relative to the rising and/or falling clock edge(s) of clk.
Related violations: <none>

TIMING-18#617 Warning
Missing input or output delay  
An output delay is missing on o_result[1274] relative to the rising and/or falling clock edge(s) of clk.
Related violations: <none>

TIMING-18#618 Warning
Missing input or output delay  
An output delay is missing on o_result[1275] relative to the rising and/or falling clock edge(s) of clk.
Related violations: <none>

TIMING-18#619 Warning
Missing input or output delay  
An output delay is missing on o_result[1276] relative to the rising and/or falling clock edge(s) of clk.
Related violations: <none>

TIMING-18#620 Warning
Missing input or output delay  
An output delay is missing on o_result[1277] relative to the rising and/or falling clock edge(s) of clk.
Related violations: <none>

TIMING-18#621 Warning
Missing input or output delay  
An output delay is missing on o_result[1278] relative to the rising and/or falling clock edge(s) of clk.
Related violations: <none>

TIMING-18#622 Warning
Missing input or output delay  
An output delay is missing on o_result[1279] relative to the rising and/or falling clock edge(s) of clk.
Related violations: <none>

TIMING-18#623 Warning
Missing input or output delay  
An output delay is missing on o_result[127] relative to the rising and/or falling clock edge(s) of clk.
Related violations: <none>

TIMING-18#624 Warning
Missing input or output delay  
An output delay is missing on o_result[1280] relative to the rising and/or falling clock edge(s) of clk.
Related violations: <none>

TIMING-18#625 Warning
Missing input or output delay  
An output delay is missing on o_result[1281] relative to the rising and/or falling clock edge(s) of clk.
Related violations: <none>

TIMING-18#626 Warning
Missing input or output delay  
An output delay is missing on o_result[1282] relative to the rising and/or falling clock edge(s) of clk.
Related violations: <none>

TIMING-18#627 Warning
Missing input or output delay  
An output delay is missing on o_result[1283] relative to the rising and/or falling clock edge(s) of clk.
Related violations: <none>

TIMING-18#628 Warning
Missing input or output delay  
An output delay is missing on o_result[1284] relative to the rising and/or falling clock edge(s) of clk.
Related violations: <none>

TIMING-18#629 Warning
Missing input or output delay  
An output delay is missing on o_result[1285] relative to the rising and/or falling clock edge(s) of clk.
Related violations: <none>

TIMING-18#630 Warning
Missing input or output delay  
An output delay is missing on o_result[1286] relative to the rising and/or falling clock edge(s) of clk.
Related violations: <none>

TIMING-18#631 Warning
Missing input or output delay  
An output delay is missing on o_result[1287] relative to the rising and/or falling clock edge(s) of clk.
Related violations: <none>

TIMING-18#632 Warning
Missing input or output delay  
An output delay is missing on o_result[1288] relative to the rising and/or falling clock edge(s) of clk.
Related violations: <none>

TIMING-18#633 Warning
Missing input or output delay  
An output delay is missing on o_result[1289] relative to the rising and/or falling clock edge(s) of clk.
Related violations: <none>

TIMING-18#634 Warning
Missing input or output delay  
An output delay is missing on o_result[128] relative to the rising and/or falling clock edge(s) of clk.
Related violations: <none>

TIMING-18#635 Warning
Missing input or output delay  
An output delay is missing on o_result[1290] relative to the rising and/or falling clock edge(s) of clk.
Related violations: <none>

TIMING-18#636 Warning
Missing input or output delay  
An output delay is missing on o_result[1291] relative to the rising and/or falling clock edge(s) of clk.
Related violations: <none>

TIMING-18#637 Warning
Missing input or output delay  
An output delay is missing on o_result[1292] relative to the rising and/or falling clock edge(s) of clk.
Related violations: <none>

TIMING-18#638 Warning
Missing input or output delay  
An output delay is missing on o_result[1293] relative to the rising and/or falling clock edge(s) of clk.
Related violations: <none>

TIMING-18#639 Warning
Missing input or output delay  
An output delay is missing on o_result[1294] relative to the rising and/or falling clock edge(s) of clk.
Related violations: <none>

TIMING-18#640 Warning
Missing input or output delay  
An output delay is missing on o_result[1295] relative to the rising and/or falling clock edge(s) of clk.
Related violations: <none>

TIMING-18#641 Warning
Missing input or output delay  
An output delay is missing on o_result[1296] relative to the rising and/or falling clock edge(s) of clk.
Related violations: <none>

TIMING-18#642 Warning
Missing input or output delay  
An output delay is missing on o_result[1297] relative to the rising and/or falling clock edge(s) of clk.
Related violations: <none>

TIMING-18#643 Warning
Missing input or output delay  
An output delay is missing on o_result[1298] relative to the rising and/or falling clock edge(s) of clk.
Related violations: <none>

TIMING-18#644 Warning
Missing input or output delay  
An output delay is missing on o_result[1299] relative to the rising and/or falling clock edge(s) of clk.
Related violations: <none>

TIMING-18#645 Warning
Missing input or output delay  
An output delay is missing on o_result[129] relative to the rising and/or falling clock edge(s) of clk.
Related violations: <none>

TIMING-18#646 Warning
Missing input or output delay  
An output delay is missing on o_result[12] relative to the rising and/or falling clock edge(s) of clk.
Related violations: <none>

TIMING-18#647 Warning
Missing input or output delay  
An output delay is missing on o_result[1300] relative to the rising and/or falling clock edge(s) of clk.
Related violations: <none>

TIMING-18#648 Warning
Missing input or output delay  
An output delay is missing on o_result[1301] relative to the rising and/or falling clock edge(s) of clk.
Related violations: <none>

TIMING-18#649 Warning
Missing input or output delay  
An output delay is missing on o_result[1302] relative to the rising and/or falling clock edge(s) of clk.
Related violations: <none>

TIMING-18#650 Warning
Missing input or output delay  
An output delay is missing on o_result[1303] relative to the rising and/or falling clock edge(s) of clk.
Related violations: <none>

TIMING-18#651 Warning
Missing input or output delay  
An output delay is missing on o_result[1304] relative to the rising and/or falling clock edge(s) of clk.
Related violations: <none>

TIMING-18#652 Warning
Missing input or output delay  
An output delay is missing on o_result[1305] relative to the rising and/or falling clock edge(s) of clk.
Related violations: <none>

TIMING-18#653 Warning
Missing input or output delay  
An output delay is missing on o_result[1306] relative to the rising and/or falling clock edge(s) of clk.
Related violations: <none>

TIMING-18#654 Warning
Missing input or output delay  
An output delay is missing on o_result[1307] relative to the rising and/or falling clock edge(s) of clk.
Related violations: <none>

TIMING-18#655 Warning
Missing input or output delay  
An output delay is missing on o_result[1308] relative to the rising and/or falling clock edge(s) of clk.
Related violations: <none>

TIMING-18#656 Warning
Missing input or output delay  
An output delay is missing on o_result[1309] relative to the rising and/or falling clock edge(s) of clk.
Related violations: <none>

TIMING-18#657 Warning
Missing input or output delay  
An output delay is missing on o_result[130] relative to the rising and/or falling clock edge(s) of clk.
Related violations: <none>

TIMING-18#658 Warning
Missing input or output delay  
An output delay is missing on o_result[1310] relative to the rising and/or falling clock edge(s) of clk.
Related violations: <none>

TIMING-18#659 Warning
Missing input or output delay  
An output delay is missing on o_result[1311] relative to the rising and/or falling clock edge(s) of clk.
Related violations: <none>

TIMING-18#660 Warning
Missing input or output delay  
An output delay is missing on o_result[1312] relative to the rising and/or falling clock edge(s) of clk.
Related violations: <none>

TIMING-18#661 Warning
Missing input or output delay  
An output delay is missing on o_result[1313] relative to the rising and/or falling clock edge(s) of clk.
Related violations: <none>

TIMING-18#662 Warning
Missing input or output delay  
An output delay is missing on o_result[1314] relative to the rising and/or falling clock edge(s) of clk.
Related violations: <none>

TIMING-18#663 Warning
Missing input or output delay  
An output delay is missing on o_result[1315] relative to the rising and/or falling clock edge(s) of clk.
Related violations: <none>

TIMING-18#664 Warning
Missing input or output delay  
An output delay is missing on o_result[1316] relative to the rising and/or falling clock edge(s) of clk.
Related violations: <none>

TIMING-18#665 Warning
Missing input or output delay  
An output delay is missing on o_result[1317] relative to the rising and/or falling clock edge(s) of clk.
Related violations: <none>

TIMING-18#666 Warning
Missing input or output delay  
An output delay is missing on o_result[1318] relative to the rising and/or falling clock edge(s) of clk.
Related violations: <none>

TIMING-18#667 Warning
Missing input or output delay  
An output delay is missing on o_result[1319] relative to the rising and/or falling clock edge(s) of clk.
Related violations: <none>

TIMING-18#668 Warning
Missing input or output delay  
An output delay is missing on o_result[131] relative to the rising and/or falling clock edge(s) of clk.
Related violations: <none>

TIMING-18#669 Warning
Missing input or output delay  
An output delay is missing on o_result[1320] relative to the rising and/or falling clock edge(s) of clk.
Related violations: <none>

TIMING-18#670 Warning
Missing input or output delay  
An output delay is missing on o_result[1321] relative to the rising and/or falling clock edge(s) of clk.
Related violations: <none>

TIMING-18#671 Warning
Missing input or output delay  
An output delay is missing on o_result[1322] relative to the rising and/or falling clock edge(s) of clk.
Related violations: <none>

TIMING-18#672 Warning
Missing input or output delay  
An output delay is missing on o_result[1323] relative to the rising and/or falling clock edge(s) of clk.
Related violations: <none>

TIMING-18#673 Warning
Missing input or output delay  
An output delay is missing on o_result[1324] relative to the rising and/or falling clock edge(s) of clk.
Related violations: <none>

TIMING-18#674 Warning
Missing input or output delay  
An output delay is missing on o_result[1325] relative to the rising and/or falling clock edge(s) of clk.
Related violations: <none>

TIMING-18#675 Warning
Missing input or output delay  
An output delay is missing on o_result[1326] relative to the rising and/or falling clock edge(s) of clk.
Related violations: <none>

TIMING-18#676 Warning
Missing input or output delay  
An output delay is missing on o_result[1327] relative to the rising and/or falling clock edge(s) of clk.
Related violations: <none>

TIMING-18#677 Warning
Missing input or output delay  
An output delay is missing on o_result[1328] relative to the rising and/or falling clock edge(s) of clk.
Related violations: <none>

TIMING-18#678 Warning
Missing input or output delay  
An output delay is missing on o_result[1329] relative to the rising and/or falling clock edge(s) of clk.
Related violations: <none>

TIMING-18#679 Warning
Missing input or output delay  
An output delay is missing on o_result[132] relative to the rising and/or falling clock edge(s) of clk.
Related violations: <none>

TIMING-18#680 Warning
Missing input or output delay  
An output delay is missing on o_result[1330] relative to the rising and/or falling clock edge(s) of clk.
Related violations: <none>

TIMING-18#681 Warning
Missing input or output delay  
An output delay is missing on o_result[1331] relative to the rising and/or falling clock edge(s) of clk.
Related violations: <none>

TIMING-18#682 Warning
Missing input or output delay  
An output delay is missing on o_result[1332] relative to the rising and/or falling clock edge(s) of clk.
Related violations: <none>

TIMING-18#683 Warning
Missing input or output delay  
An output delay is missing on o_result[1333] relative to the rising and/or falling clock edge(s) of clk.
Related violations: <none>

TIMING-18#684 Warning
Missing input or output delay  
An output delay is missing on o_result[1334] relative to the rising and/or falling clock edge(s) of clk.
Related violations: <none>

TIMING-18#685 Warning
Missing input or output delay  
An output delay is missing on o_result[1335] relative to the rising and/or falling clock edge(s) of clk.
Related violations: <none>

TIMING-18#686 Warning
Missing input or output delay  
An output delay is missing on o_result[1336] relative to the rising and/or falling clock edge(s) of clk.
Related violations: <none>

TIMING-18#687 Warning
Missing input or output delay  
An output delay is missing on o_result[1337] relative to the rising and/or falling clock edge(s) of clk.
Related violations: <none>

TIMING-18#688 Warning
Missing input or output delay  
An output delay is missing on o_result[1338] relative to the rising and/or falling clock edge(s) of clk.
Related violations: <none>

TIMING-18#689 Warning
Missing input or output delay  
An output delay is missing on o_result[1339] relative to the rising and/or falling clock edge(s) of clk.
Related violations: <none>

TIMING-18#690 Warning
Missing input or output delay  
An output delay is missing on o_result[133] relative to the rising and/or falling clock edge(s) of clk.
Related violations: <none>

TIMING-18#691 Warning
Missing input or output delay  
An output delay is missing on o_result[1340] relative to the rising and/or falling clock edge(s) of clk.
Related violations: <none>

TIMING-18#692 Warning
Missing input or output delay  
An output delay is missing on o_result[1341] relative to the rising and/or falling clock edge(s) of clk.
Related violations: <none>

TIMING-18#693 Warning
Missing input or output delay  
An output delay is missing on o_result[1342] relative to the rising and/or falling clock edge(s) of clk.
Related violations: <none>

TIMING-18#694 Warning
Missing input or output delay  
An output delay is missing on o_result[1343] relative to the rising and/or falling clock edge(s) of clk.
Related violations: <none>

TIMING-18#695 Warning
Missing input or output delay  
An output delay is missing on o_result[1344] relative to the rising and/or falling clock edge(s) of clk.
Related violations: <none>

TIMING-18#696 Warning
Missing input or output delay  
An output delay is missing on o_result[1345] relative to the rising and/or falling clock edge(s) of clk.
Related violations: <none>

TIMING-18#697 Warning
Missing input or output delay  
An output delay is missing on o_result[1346] relative to the rising and/or falling clock edge(s) of clk.
Related violations: <none>

TIMING-18#698 Warning
Missing input or output delay  
An output delay is missing on o_result[1347] relative to the rising and/or falling clock edge(s) of clk.
Related violations: <none>

TIMING-18#699 Warning
Missing input or output delay  
An output delay is missing on o_result[1348] relative to the rising and/or falling clock edge(s) of clk.
Related violations: <none>

TIMING-18#700 Warning
Missing input or output delay  
An output delay is missing on o_result[1349] relative to the rising and/or falling clock edge(s) of clk.
Related violations: <none>

TIMING-18#701 Warning
Missing input or output delay  
An output delay is missing on o_result[134] relative to the rising and/or falling clock edge(s) of clk.
Related violations: <none>

TIMING-18#702 Warning
Missing input or output delay  
An output delay is missing on o_result[1350] relative to the rising and/or falling clock edge(s) of clk.
Related violations: <none>

TIMING-18#703 Warning
Missing input or output delay  
An output delay is missing on o_result[1351] relative to the rising and/or falling clock edge(s) of clk.
Related violations: <none>

TIMING-18#704 Warning
Missing input or output delay  
An output delay is missing on o_result[1352] relative to the rising and/or falling clock edge(s) of clk.
Related violations: <none>

TIMING-18#705 Warning
Missing input or output delay  
An output delay is missing on o_result[1353] relative to the rising and/or falling clock edge(s) of clk.
Related violations: <none>

TIMING-18#706 Warning
Missing input or output delay  
An output delay is missing on o_result[1354] relative to the rising and/or falling clock edge(s) of clk.
Related violations: <none>

TIMING-18#707 Warning
Missing input or output delay  
An output delay is missing on o_result[1355] relative to the rising and/or falling clock edge(s) of clk.
Related violations: <none>

TIMING-18#708 Warning
Missing input or output delay  
An output delay is missing on o_result[1356] relative to the rising and/or falling clock edge(s) of clk.
Related violations: <none>

TIMING-18#709 Warning
Missing input or output delay  
An output delay is missing on o_result[1357] relative to the rising and/or falling clock edge(s) of clk.
Related violations: <none>

TIMING-18#710 Warning
Missing input or output delay  
An output delay is missing on o_result[1358] relative to the rising and/or falling clock edge(s) of clk.
Related violations: <none>

TIMING-18#711 Warning
Missing input or output delay  
An output delay is missing on o_result[1359] relative to the rising and/or falling clock edge(s) of clk.
Related violations: <none>

TIMING-18#712 Warning
Missing input or output delay  
An output delay is missing on o_result[135] relative to the rising and/or falling clock edge(s) of clk.
Related violations: <none>

TIMING-18#713 Warning
Missing input or output delay  
An output delay is missing on o_result[1360] relative to the rising and/or falling clock edge(s) of clk.
Related violations: <none>

TIMING-18#714 Warning
Missing input or output delay  
An output delay is missing on o_result[1361] relative to the rising and/or falling clock edge(s) of clk.
Related violations: <none>

TIMING-18#715 Warning
Missing input or output delay  
An output delay is missing on o_result[1362] relative to the rising and/or falling clock edge(s) of clk.
Related violations: <none>

TIMING-18#716 Warning
Missing input or output delay  
An output delay is missing on o_result[1363] relative to the rising and/or falling clock edge(s) of clk.
Related violations: <none>

TIMING-18#717 Warning
Missing input or output delay  
An output delay is missing on o_result[1364] relative to the rising and/or falling clock edge(s) of clk.
Related violations: <none>

TIMING-18#718 Warning
Missing input or output delay  
An output delay is missing on o_result[1365] relative to the rising and/or falling clock edge(s) of clk.
Related violations: <none>

TIMING-18#719 Warning
Missing input or output delay  
An output delay is missing on o_result[1366] relative to the rising and/or falling clock edge(s) of clk.
Related violations: <none>

TIMING-18#720 Warning
Missing input or output delay  
An output delay is missing on o_result[1367] relative to the rising and/or falling clock edge(s) of clk.
Related violations: <none>

TIMING-18#721 Warning
Missing input or output delay  
An output delay is missing on o_result[1368] relative to the rising and/or falling clock edge(s) of clk.
Related violations: <none>

TIMING-18#722 Warning
Missing input or output delay  
An output delay is missing on o_result[1369] relative to the rising and/or falling clock edge(s) of clk.
Related violations: <none>

TIMING-18#723 Warning
Missing input or output delay  
An output delay is missing on o_result[136] relative to the rising and/or falling clock edge(s) of clk.
Related violations: <none>

TIMING-18#724 Warning
Missing input or output delay  
An output delay is missing on o_result[1370] relative to the rising and/or falling clock edge(s) of clk.
Related violations: <none>

TIMING-18#725 Warning
Missing input or output delay  
An output delay is missing on o_result[1371] relative to the rising and/or falling clock edge(s) of clk.
Related violations: <none>

TIMING-18#726 Warning
Missing input or output delay  
An output delay is missing on o_result[1372] relative to the rising and/or falling clock edge(s) of clk.
Related violations: <none>

TIMING-18#727 Warning
Missing input or output delay  
An output delay is missing on o_result[1373] relative to the rising and/or falling clock edge(s) of clk.
Related violations: <none>

TIMING-18#728 Warning
Missing input or output delay  
An output delay is missing on o_result[1374] relative to the rising and/or falling clock edge(s) of clk.
Related violations: <none>

TIMING-18#729 Warning
Missing input or output delay  
An output delay is missing on o_result[1375] relative to the rising and/or falling clock edge(s) of clk.
Related violations: <none>

TIMING-18#730 Warning
Missing input or output delay  
An output delay is missing on o_result[1376] relative to the rising and/or falling clock edge(s) of clk.
Related violations: <none>

TIMING-18#731 Warning
Missing input or output delay  
An output delay is missing on o_result[1377] relative to the rising and/or falling clock edge(s) of clk.
Related violations: <none>

TIMING-18#732 Warning
Missing input or output delay  
An output delay is missing on o_result[1378] relative to the rising and/or falling clock edge(s) of clk.
Related violations: <none>

TIMING-18#733 Warning
Missing input or output delay  
An output delay is missing on o_result[1379] relative to the rising and/or falling clock edge(s) of clk.
Related violations: <none>

TIMING-18#734 Warning
Missing input or output delay  
An output delay is missing on o_result[137] relative to the rising and/or falling clock edge(s) of clk.
Related violations: <none>

TIMING-18#735 Warning
Missing input or output delay  
An output delay is missing on o_result[1380] relative to the rising and/or falling clock edge(s) of clk.
Related violations: <none>

TIMING-18#736 Warning
Missing input or output delay  
An output delay is missing on o_result[1381] relative to the rising and/or falling clock edge(s) of clk.
Related violations: <none>

TIMING-18#737 Warning
Missing input or output delay  
An output delay is missing on o_result[1382] relative to the rising and/or falling clock edge(s) of clk.
Related violations: <none>

TIMING-18#738 Warning
Missing input or output delay  
An output delay is missing on o_result[1383] relative to the rising and/or falling clock edge(s) of clk.
Related violations: <none>

TIMING-18#739 Warning
Missing input or output delay  
An output delay is missing on o_result[1384] relative to the rising and/or falling clock edge(s) of clk.
Related violations: <none>

TIMING-18#740 Warning
Missing input or output delay  
An output delay is missing on o_result[1385] relative to the rising and/or falling clock edge(s) of clk.
Related violations: <none>

TIMING-18#741 Warning
Missing input or output delay  
An output delay is missing on o_result[1386] relative to the rising and/or falling clock edge(s) of clk.
Related violations: <none>

TIMING-18#742 Warning
Missing input or output delay  
An output delay is missing on o_result[1387] relative to the rising and/or falling clock edge(s) of clk.
Related violations: <none>

TIMING-18#743 Warning
Missing input or output delay  
An output delay is missing on o_result[1388] relative to the rising and/or falling clock edge(s) of clk.
Related violations: <none>

TIMING-18#744 Warning
Missing input or output delay  
An output delay is missing on o_result[1389] relative to the rising and/or falling clock edge(s) of clk.
Related violations: <none>

TIMING-18#745 Warning
Missing input or output delay  
An output delay is missing on o_result[138] relative to the rising and/or falling clock edge(s) of clk.
Related violations: <none>

TIMING-18#746 Warning
Missing input or output delay  
An output delay is missing on o_result[1390] relative to the rising and/or falling clock edge(s) of clk.
Related violations: <none>

TIMING-18#747 Warning
Missing input or output delay  
An output delay is missing on o_result[1391] relative to the rising and/or falling clock edge(s) of clk.
Related violations: <none>

TIMING-18#748 Warning
Missing input or output delay  
An output delay is missing on o_result[1392] relative to the rising and/or falling clock edge(s) of clk.
Related violations: <none>

TIMING-18#749 Warning
Missing input or output delay  
An output delay is missing on o_result[1393] relative to the rising and/or falling clock edge(s) of clk.
Related violations: <none>

TIMING-18#750 Warning
Missing input or output delay  
An output delay is missing on o_result[1394] relative to the rising and/or falling clock edge(s) of clk.
Related violations: <none>

TIMING-18#751 Warning
Missing input or output delay  
An output delay is missing on o_result[1395] relative to the rising and/or falling clock edge(s) of clk.
Related violations: <none>

TIMING-18#752 Warning
Missing input or output delay  
An output delay is missing on o_result[1396] relative to the rising and/or falling clock edge(s) of clk.
Related violations: <none>

TIMING-18#753 Warning
Missing input or output delay  
An output delay is missing on o_result[1397] relative to the rising and/or falling clock edge(s) of clk.
Related violations: <none>

TIMING-18#754 Warning
Missing input or output delay  
An output delay is missing on o_result[1398] relative to the rising and/or falling clock edge(s) of clk.
Related violations: <none>

TIMING-18#755 Warning
Missing input or output delay  
An output delay is missing on o_result[1399] relative to the rising and/or falling clock edge(s) of clk.
Related violations: <none>

TIMING-18#756 Warning
Missing input or output delay  
An output delay is missing on o_result[139] relative to the rising and/or falling clock edge(s) of clk.
Related violations: <none>

TIMING-18#757 Warning
Missing input or output delay  
An output delay is missing on o_result[13] relative to the rising and/or falling clock edge(s) of clk.
Related violations: <none>

TIMING-18#758 Warning
Missing input or output delay  
An output delay is missing on o_result[1400] relative to the rising and/or falling clock edge(s) of clk.
Related violations: <none>

TIMING-18#759 Warning
Missing input or output delay  
An output delay is missing on o_result[1401] relative to the rising and/or falling clock edge(s) of clk.
Related violations: <none>

TIMING-18#760 Warning
Missing input or output delay  
An output delay is missing on o_result[1402] relative to the rising and/or falling clock edge(s) of clk.
Related violations: <none>

TIMING-18#761 Warning
Missing input or output delay  
An output delay is missing on o_result[1403] relative to the rising and/or falling clock edge(s) of clk.
Related violations: <none>

TIMING-18#762 Warning
Missing input or output delay  
An output delay is missing on o_result[1404] relative to the rising and/or falling clock edge(s) of clk.
Related violations: <none>

TIMING-18#763 Warning
Missing input or output delay  
An output delay is missing on o_result[1405] relative to the rising and/or falling clock edge(s) of clk.
Related violations: <none>

TIMING-18#764 Warning
Missing input or output delay  
An output delay is missing on o_result[1406] relative to the rising and/or falling clock edge(s) of clk.
Related violations: <none>

TIMING-18#765 Warning
Missing input or output delay  
An output delay is missing on o_result[1407] relative to the rising and/or falling clock edge(s) of clk.
Related violations: <none>

TIMING-18#766 Warning
Missing input or output delay  
An output delay is missing on o_result[1408] relative to the rising and/or falling clock edge(s) of clk.
Related violations: <none>

TIMING-18#767 Warning
Missing input or output delay  
An output delay is missing on o_result[1409] relative to the rising and/or falling clock edge(s) of clk.
Related violations: <none>

TIMING-18#768 Warning
Missing input or output delay  
An output delay is missing on o_result[140] relative to the rising and/or falling clock edge(s) of clk.
Related violations: <none>

TIMING-18#769 Warning
Missing input or output delay  
An output delay is missing on o_result[1410] relative to the rising and/or falling clock edge(s) of clk.
Related violations: <none>

TIMING-18#770 Warning
Missing input or output delay  
An output delay is missing on o_result[1411] relative to the rising and/or falling clock edge(s) of clk.
Related violations: <none>

TIMING-18#771 Warning
Missing input or output delay  
An output delay is missing on o_result[1412] relative to the rising and/or falling clock edge(s) of clk.
Related violations: <none>

TIMING-18#772 Warning
Missing input or output delay  
An output delay is missing on o_result[1413] relative to the rising and/or falling clock edge(s) of clk.
Related violations: <none>

TIMING-18#773 Warning
Missing input or output delay  
An output delay is missing on o_result[1414] relative to the rising and/or falling clock edge(s) of clk.
Related violations: <none>

TIMING-18#774 Warning
Missing input or output delay  
An output delay is missing on o_result[1415] relative to the rising and/or falling clock edge(s) of clk.
Related violations: <none>

TIMING-18#775 Warning
Missing input or output delay  
An output delay is missing on o_result[1416] relative to the rising and/or falling clock edge(s) of clk.
Related violations: <none>

TIMING-18#776 Warning
Missing input or output delay  
An output delay is missing on o_result[1417] relative to the rising and/or falling clock edge(s) of clk.
Related violations: <none>

TIMING-18#777 Warning
Missing input or output delay  
An output delay is missing on o_result[1418] relative to the rising and/or falling clock edge(s) of clk.
Related violations: <none>

TIMING-18#778 Warning
Missing input or output delay  
An output delay is missing on o_result[1419] relative to the rising and/or falling clock edge(s) of clk.
Related violations: <none>

TIMING-18#779 Warning
Missing input or output delay  
An output delay is missing on o_result[141] relative to the rising and/or falling clock edge(s) of clk.
Related violations: <none>

TIMING-18#780 Warning
Missing input or output delay  
An output delay is missing on o_result[1420] relative to the rising and/or falling clock edge(s) of clk.
Related violations: <none>

TIMING-18#781 Warning
Missing input or output delay  
An output delay is missing on o_result[1421] relative to the rising and/or falling clock edge(s) of clk.
Related violations: <none>

TIMING-18#782 Warning
Missing input or output delay  
An output delay is missing on o_result[1422] relative to the rising and/or falling clock edge(s) of clk.
Related violations: <none>

TIMING-18#783 Warning
Missing input or output delay  
An output delay is missing on o_result[1423] relative to the rising and/or falling clock edge(s) of clk.
Related violations: <none>

TIMING-18#784 Warning
Missing input or output delay  
An output delay is missing on o_result[1424] relative to the rising and/or falling clock edge(s) of clk.
Related violations: <none>

TIMING-18#785 Warning
Missing input or output delay  
An output delay is missing on o_result[1425] relative to the rising and/or falling clock edge(s) of clk.
Related violations: <none>

TIMING-18#786 Warning
Missing input or output delay  
An output delay is missing on o_result[1426] relative to the rising and/or falling clock edge(s) of clk.
Related violations: <none>

TIMING-18#787 Warning
Missing input or output delay  
An output delay is missing on o_result[1427] relative to the rising and/or falling clock edge(s) of clk.
Related violations: <none>

TIMING-18#788 Warning
Missing input or output delay  
An output delay is missing on o_result[1428] relative to the rising and/or falling clock edge(s) of clk.
Related violations: <none>

TIMING-18#789 Warning
Missing input or output delay  
An output delay is missing on o_result[1429] relative to the rising and/or falling clock edge(s) of clk.
Related violations: <none>

TIMING-18#790 Warning
Missing input or output delay  
An output delay is missing on o_result[142] relative to the rising and/or falling clock edge(s) of clk.
Related violations: <none>

TIMING-18#791 Warning
Missing input or output delay  
An output delay is missing on o_result[1430] relative to the rising and/or falling clock edge(s) of clk.
Related violations: <none>

TIMING-18#792 Warning
Missing input or output delay  
An output delay is missing on o_result[1431] relative to the rising and/or falling clock edge(s) of clk.
Related violations: <none>

TIMING-18#793 Warning
Missing input or output delay  
An output delay is missing on o_result[1432] relative to the rising and/or falling clock edge(s) of clk.
Related violations: <none>

TIMING-18#794 Warning
Missing input or output delay  
An output delay is missing on o_result[1433] relative to the rising and/or falling clock edge(s) of clk.
Related violations: <none>

TIMING-18#795 Warning
Missing input or output delay  
An output delay is missing on o_result[1434] relative to the rising and/or falling clock edge(s) of clk.
Related violations: <none>

TIMING-18#796 Warning
Missing input or output delay  
An output delay is missing on o_result[1435] relative to the rising and/or falling clock edge(s) of clk.
Related violations: <none>

TIMING-18#797 Warning
Missing input or output delay  
An output delay is missing on o_result[1436] relative to the rising and/or falling clock edge(s) of clk.
Related violations: <none>

TIMING-18#798 Warning
Missing input or output delay  
An output delay is missing on o_result[1437] relative to the rising and/or falling clock edge(s) of clk.
Related violations: <none>

TIMING-18#799 Warning
Missing input or output delay  
An output delay is missing on o_result[1438] relative to the rising and/or falling clock edge(s) of clk.
Related violations: <none>

TIMING-18#800 Warning
Missing input or output delay  
An output delay is missing on o_result[1439] relative to the rising and/or falling clock edge(s) of clk.
Related violations: <none>

TIMING-18#801 Warning
Missing input or output delay  
An output delay is missing on o_result[143] relative to the rising and/or falling clock edge(s) of clk.
Related violations: <none>

TIMING-18#802 Warning
Missing input or output delay  
An output delay is missing on o_result[1440] relative to the rising and/or falling clock edge(s) of clk.
Related violations: <none>

TIMING-18#803 Warning
Missing input or output delay  
An output delay is missing on o_result[1441] relative to the rising and/or falling clock edge(s) of clk.
Related violations: <none>

TIMING-18#804 Warning
Missing input or output delay  
An output delay is missing on o_result[1442] relative to the rising and/or falling clock edge(s) of clk.
Related violations: <none>

TIMING-18#805 Warning
Missing input or output delay  
An output delay is missing on o_result[1443] relative to the rising and/or falling clock edge(s) of clk.
Related violations: <none>

TIMING-18#806 Warning
Missing input or output delay  
An output delay is missing on o_result[1444] relative to the rising and/or falling clock edge(s) of clk.
Related violations: <none>

TIMING-18#807 Warning
Missing input or output delay  
An output delay is missing on o_result[1445] relative to the rising and/or falling clock edge(s) of clk.
Related violations: <none>

TIMING-18#808 Warning
Missing input or output delay  
An output delay is missing on o_result[1446] relative to the rising and/or falling clock edge(s) of clk.
Related violations: <none>

TIMING-18#809 Warning
Missing input or output delay  
An output delay is missing on o_result[1447] relative to the rising and/or falling clock edge(s) of clk.
Related violations: <none>

TIMING-18#810 Warning
Missing input or output delay  
An output delay is missing on o_result[1448] relative to the rising and/or falling clock edge(s) of clk.
Related violations: <none>

TIMING-18#811 Warning
Missing input or output delay  
An output delay is missing on o_result[1449] relative to the rising and/or falling clock edge(s) of clk.
Related violations: <none>

TIMING-18#812 Warning
Missing input or output delay  
An output delay is missing on o_result[144] relative to the rising and/or falling clock edge(s) of clk.
Related violations: <none>

TIMING-18#813 Warning
Missing input or output delay  
An output delay is missing on o_result[1450] relative to the rising and/or falling clock edge(s) of clk.
Related violations: <none>

TIMING-18#814 Warning
Missing input or output delay  
An output delay is missing on o_result[1451] relative to the rising and/or falling clock edge(s) of clk.
Related violations: <none>

TIMING-18#815 Warning
Missing input or output delay  
An output delay is missing on o_result[1452] relative to the rising and/or falling clock edge(s) of clk.
Related violations: <none>

TIMING-18#816 Warning
Missing input or output delay  
An output delay is missing on o_result[1453] relative to the rising and/or falling clock edge(s) of clk.
Related violations: <none>

TIMING-18#817 Warning
Missing input or output delay  
An output delay is missing on o_result[1454] relative to the rising and/or falling clock edge(s) of clk.
Related violations: <none>

TIMING-18#818 Warning
Missing input or output delay  
An output delay is missing on o_result[1455] relative to the rising and/or falling clock edge(s) of clk.
Related violations: <none>

TIMING-18#819 Warning
Missing input or output delay  
An output delay is missing on o_result[1456] relative to the rising and/or falling clock edge(s) of clk.
Related violations: <none>

TIMING-18#820 Warning
Missing input or output delay  
An output delay is missing on o_result[1457] relative to the rising and/or falling clock edge(s) of clk.
Related violations: <none>

TIMING-18#821 Warning
Missing input or output delay  
An output delay is missing on o_result[1458] relative to the rising and/or falling clock edge(s) of clk.
Related violations: <none>

TIMING-18#822 Warning
Missing input or output delay  
An output delay is missing on o_result[1459] relative to the rising and/or falling clock edge(s) of clk.
Related violations: <none>

TIMING-18#823 Warning
Missing input or output delay  
An output delay is missing on o_result[145] relative to the rising and/or falling clock edge(s) of clk.
Related violations: <none>

TIMING-18#824 Warning
Missing input or output delay  
An output delay is missing on o_result[1460] relative to the rising and/or falling clock edge(s) of clk.
Related violations: <none>

TIMING-18#825 Warning
Missing input or output delay  
An output delay is missing on o_result[1461] relative to the rising and/or falling clock edge(s) of clk.
Related violations: <none>

TIMING-18#826 Warning
Missing input or output delay  
An output delay is missing on o_result[1462] relative to the rising and/or falling clock edge(s) of clk.
Related violations: <none>

TIMING-18#827 Warning
Missing input or output delay  
An output delay is missing on o_result[1463] relative to the rising and/or falling clock edge(s) of clk.
Related violations: <none>

TIMING-18#828 Warning
Missing input or output delay  
An output delay is missing on o_result[1464] relative to the rising and/or falling clock edge(s) of clk.
Related violations: <none>

TIMING-18#829 Warning
Missing input or output delay  
An output delay is missing on o_result[1465] relative to the rising and/or falling clock edge(s) of clk.
Related violations: <none>

TIMING-18#830 Warning
Missing input or output delay  
An output delay is missing on o_result[1466] relative to the rising and/or falling clock edge(s) of clk.
Related violations: <none>

TIMING-18#831 Warning
Missing input or output delay  
An output delay is missing on o_result[1467] relative to the rising and/or falling clock edge(s) of clk.
Related violations: <none>

TIMING-18#832 Warning
Missing input or output delay  
An output delay is missing on o_result[1468] relative to the rising and/or falling clock edge(s) of clk.
Related violations: <none>

TIMING-18#833 Warning
Missing input or output delay  
An output delay is missing on o_result[1469] relative to the rising and/or falling clock edge(s) of clk.
Related violations: <none>

TIMING-18#834 Warning
Missing input or output delay  
An output delay is missing on o_result[146] relative to the rising and/or falling clock edge(s) of clk.
Related violations: <none>

TIMING-18#835 Warning
Missing input or output delay  
An output delay is missing on o_result[1470] relative to the rising and/or falling clock edge(s) of clk.
Related violations: <none>

TIMING-18#836 Warning
Missing input or output delay  
An output delay is missing on o_result[1471] relative to the rising and/or falling clock edge(s) of clk.
Related violations: <none>

TIMING-18#837 Warning
Missing input or output delay  
An output delay is missing on o_result[1472] relative to the rising and/or falling clock edge(s) of clk.
Related violations: <none>

TIMING-18#838 Warning
Missing input or output delay  
An output delay is missing on o_result[1473] relative to the rising and/or falling clock edge(s) of clk.
Related violations: <none>

TIMING-18#839 Warning
Missing input or output delay  
An output delay is missing on o_result[1474] relative to the rising and/or falling clock edge(s) of clk.
Related violations: <none>

TIMING-18#840 Warning
Missing input or output delay  
An output delay is missing on o_result[1475] relative to the rising and/or falling clock edge(s) of clk.
Related violations: <none>

TIMING-18#841 Warning
Missing input or output delay  
An output delay is missing on o_result[1476] relative to the rising and/or falling clock edge(s) of clk.
Related violations: <none>

TIMING-18#842 Warning
Missing input or output delay  
An output delay is missing on o_result[1477] relative to the rising and/or falling clock edge(s) of clk.
Related violations: <none>

TIMING-18#843 Warning
Missing input or output delay  
An output delay is missing on o_result[1478] relative to the rising and/or falling clock edge(s) of clk.
Related violations: <none>

TIMING-18#844 Warning
Missing input or output delay  
An output delay is missing on o_result[1479] relative to the rising and/or falling clock edge(s) of clk.
Related violations: <none>

TIMING-18#845 Warning
Missing input or output delay  
An output delay is missing on o_result[147] relative to the rising and/or falling clock edge(s) of clk.
Related violations: <none>

TIMING-18#846 Warning
Missing input or output delay  
An output delay is missing on o_result[1480] relative to the rising and/or falling clock edge(s) of clk.
Related violations: <none>

TIMING-18#847 Warning
Missing input or output delay  
An output delay is missing on o_result[1481] relative to the rising and/or falling clock edge(s) of clk.
Related violations: <none>

TIMING-18#848 Warning
Missing input or output delay  
An output delay is missing on o_result[1482] relative to the rising and/or falling clock edge(s) of clk.
Related violations: <none>

TIMING-18#849 Warning
Missing input or output delay  
An output delay is missing on o_result[1483] relative to the rising and/or falling clock edge(s) of clk.
Related violations: <none>

TIMING-18#850 Warning
Missing input or output delay  
An output delay is missing on o_result[1484] relative to the rising and/or falling clock edge(s) of clk.
Related violations: <none>

TIMING-18#851 Warning
Missing input or output delay  
An output delay is missing on o_result[1485] relative to the rising and/or falling clock edge(s) of clk.
Related violations: <none>

TIMING-18#852 Warning
Missing input or output delay  
An output delay is missing on o_result[1486] relative to the rising and/or falling clock edge(s) of clk.
Related violations: <none>

TIMING-18#853 Warning
Missing input or output delay  
An output delay is missing on o_result[1487] relative to the rising and/or falling clock edge(s) of clk.
Related violations: <none>

TIMING-18#854 Warning
Missing input or output delay  
An output delay is missing on o_result[1488] relative to the rising and/or falling clock edge(s) of clk.
Related violations: <none>

TIMING-18#855 Warning
Missing input or output delay  
An output delay is missing on o_result[1489] relative to the rising and/or falling clock edge(s) of clk.
Related violations: <none>

TIMING-18#856 Warning
Missing input or output delay  
An output delay is missing on o_result[148] relative to the rising and/or falling clock edge(s) of clk.
Related violations: <none>

TIMING-18#857 Warning
Missing input or output delay  
An output delay is missing on o_result[1490] relative to the rising and/or falling clock edge(s) of clk.
Related violations: <none>

TIMING-18#858 Warning
Missing input or output delay  
An output delay is missing on o_result[1491] relative to the rising and/or falling clock edge(s) of clk.
Related violations: <none>

TIMING-18#859 Warning
Missing input or output delay  
An output delay is missing on o_result[1492] relative to the rising and/or falling clock edge(s) of clk.
Related violations: <none>

TIMING-18#860 Warning
Missing input or output delay  
An output delay is missing on o_result[1493] relative to the rising and/or falling clock edge(s) of clk.
Related violations: <none>

TIMING-18#861 Warning
Missing input or output delay  
An output delay is missing on o_result[1494] relative to the rising and/or falling clock edge(s) of clk.
Related violations: <none>

TIMING-18#862 Warning
Missing input or output delay  
An output delay is missing on o_result[1495] relative to the rising and/or falling clock edge(s) of clk.
Related violations: <none>

TIMING-18#863 Warning
Missing input or output delay  
An output delay is missing on o_result[1496] relative to the rising and/or falling clock edge(s) of clk.
Related violations: <none>

TIMING-18#864 Warning
Missing input or output delay  
An output delay is missing on o_result[1497] relative to the rising and/or falling clock edge(s) of clk.
Related violations: <none>

TIMING-18#865 Warning
Missing input or output delay  
An output delay is missing on o_result[1498] relative to the rising and/or falling clock edge(s) of clk.
Related violations: <none>

TIMING-18#866 Warning
Missing input or output delay  
An output delay is missing on o_result[1499] relative to the rising and/or falling clock edge(s) of clk.
Related violations: <none>

TIMING-18#867 Warning
Missing input or output delay  
An output delay is missing on o_result[149] relative to the rising and/or falling clock edge(s) of clk.
Related violations: <none>

TIMING-18#868 Warning
Missing input or output delay  
An output delay is missing on o_result[14] relative to the rising and/or falling clock edge(s) of clk.
Related violations: <none>

TIMING-18#869 Warning
Missing input or output delay  
An output delay is missing on o_result[1500] relative to the rising and/or falling clock edge(s) of clk.
Related violations: <none>

TIMING-18#870 Warning
Missing input or output delay  
An output delay is missing on o_result[1501] relative to the rising and/or falling clock edge(s) of clk.
Related violations: <none>

TIMING-18#871 Warning
Missing input or output delay  
An output delay is missing on o_result[1502] relative to the rising and/or falling clock edge(s) of clk.
Related violations: <none>

TIMING-18#872 Warning
Missing input or output delay  
An output delay is missing on o_result[1503] relative to the rising and/or falling clock edge(s) of clk.
Related violations: <none>

TIMING-18#873 Warning
Missing input or output delay  
An output delay is missing on o_result[1504] relative to the rising and/or falling clock edge(s) of clk.
Related violations: <none>

TIMING-18#874 Warning
Missing input or output delay  
An output delay is missing on o_result[1505] relative to the rising and/or falling clock edge(s) of clk.
Related violations: <none>

TIMING-18#875 Warning
Missing input or output delay  
An output delay is missing on o_result[1506] relative to the rising and/or falling clock edge(s) of clk.
Related violations: <none>

TIMING-18#876 Warning
Missing input or output delay  
An output delay is missing on o_result[1507] relative to the rising and/or falling clock edge(s) of clk.
Related violations: <none>

TIMING-18#877 Warning
Missing input or output delay  
An output delay is missing on o_result[1508] relative to the rising and/or falling clock edge(s) of clk.
Related violations: <none>

TIMING-18#878 Warning
Missing input or output delay  
An output delay is missing on o_result[1509] relative to the rising and/or falling clock edge(s) of clk.
Related violations: <none>

TIMING-18#879 Warning
Missing input or output delay  
An output delay is missing on o_result[150] relative to the rising and/or falling clock edge(s) of clk.
Related violations: <none>

TIMING-18#880 Warning
Missing input or output delay  
An output delay is missing on o_result[1510] relative to the rising and/or falling clock edge(s) of clk.
Related violations: <none>

TIMING-18#881 Warning
Missing input or output delay  
An output delay is missing on o_result[1511] relative to the rising and/or falling clock edge(s) of clk.
Related violations: <none>

TIMING-18#882 Warning
Missing input or output delay  
An output delay is missing on o_result[1512] relative to the rising and/or falling clock edge(s) of clk.
Related violations: <none>

TIMING-18#883 Warning
Missing input or output delay  
An output delay is missing on o_result[1513] relative to the rising and/or falling clock edge(s) of clk.
Related violations: <none>

TIMING-18#884 Warning
Missing input or output delay  
An output delay is missing on o_result[1514] relative to the rising and/or falling clock edge(s) of clk.
Related violations: <none>

TIMING-18#885 Warning
Missing input or output delay  
An output delay is missing on o_result[1515] relative to the rising and/or falling clock edge(s) of clk.
Related violations: <none>

TIMING-18#886 Warning
Missing input or output delay  
An output delay is missing on o_result[1516] relative to the rising and/or falling clock edge(s) of clk.
Related violations: <none>

TIMING-18#887 Warning
Missing input or output delay  
An output delay is missing on o_result[1517] relative to the rising and/or falling clock edge(s) of clk.
Related violations: <none>

TIMING-18#888 Warning
Missing input or output delay  
An output delay is missing on o_result[1518] relative to the rising and/or falling clock edge(s) of clk.
Related violations: <none>

TIMING-18#889 Warning
Missing input or output delay  
An output delay is missing on o_result[1519] relative to the rising and/or falling clock edge(s) of clk.
Related violations: <none>

TIMING-18#890 Warning
Missing input or output delay  
An output delay is missing on o_result[151] relative to the rising and/or falling clock edge(s) of clk.
Related violations: <none>

TIMING-18#891 Warning
Missing input or output delay  
An output delay is missing on o_result[1520] relative to the rising and/or falling clock edge(s) of clk.
Related violations: <none>

TIMING-18#892 Warning
Missing input or output delay  
An output delay is missing on o_result[1521] relative to the rising and/or falling clock edge(s) of clk.
Related violations: <none>

TIMING-18#893 Warning
Missing input or output delay  
An output delay is missing on o_result[1522] relative to the rising and/or falling clock edge(s) of clk.
Related violations: <none>

TIMING-18#894 Warning
Missing input or output delay  
An output delay is missing on o_result[1523] relative to the rising and/or falling clock edge(s) of clk.
Related violations: <none>

TIMING-18#895 Warning
Missing input or output delay  
An output delay is missing on o_result[1524] relative to the rising and/or falling clock edge(s) of clk.
Related violations: <none>

TIMING-18#896 Warning
Missing input or output delay  
An output delay is missing on o_result[1525] relative to the rising and/or falling clock edge(s) of clk.
Related violations: <none>

TIMING-18#897 Warning
Missing input or output delay  
An output delay is missing on o_result[1526] relative to the rising and/or falling clock edge(s) of clk.
Related violations: <none>

TIMING-18#898 Warning
Missing input or output delay  
An output delay is missing on o_result[1527] relative to the rising and/or falling clock edge(s) of clk.
Related violations: <none>

TIMING-18#899 Warning
Missing input or output delay  
An output delay is missing on o_result[1528] relative to the rising and/or falling clock edge(s) of clk.
Related violations: <none>

TIMING-18#900 Warning
Missing input or output delay  
An output delay is missing on o_result[1529] relative to the rising and/or falling clock edge(s) of clk.
Related violations: <none>

TIMING-18#901 Warning
Missing input or output delay  
An output delay is missing on o_result[152] relative to the rising and/or falling clock edge(s) of clk.
Related violations: <none>

TIMING-18#902 Warning
Missing input or output delay  
An output delay is missing on o_result[1530] relative to the rising and/or falling clock edge(s) of clk.
Related violations: <none>

TIMING-18#903 Warning
Missing input or output delay  
An output delay is missing on o_result[1531] relative to the rising and/or falling clock edge(s) of clk.
Related violations: <none>

TIMING-18#904 Warning
Missing input or output delay  
An output delay is missing on o_result[1532] relative to the rising and/or falling clock edge(s) of clk.
Related violations: <none>

TIMING-18#905 Warning
Missing input or output delay  
An output delay is missing on o_result[1533] relative to the rising and/or falling clock edge(s) of clk.
Related violations: <none>

TIMING-18#906 Warning
Missing input or output delay  
An output delay is missing on o_result[1534] relative to the rising and/or falling clock edge(s) of clk.
Related violations: <none>

TIMING-18#907 Warning
Missing input or output delay  
An output delay is missing on o_result[1535] relative to the rising and/or falling clock edge(s) of clk.
Related violations: <none>

TIMING-18#908 Warning
Missing input or output delay  
An output delay is missing on o_result[1536] relative to the rising and/or falling clock edge(s) of clk.
Related violations: <none>

TIMING-18#909 Warning
Missing input or output delay  
An output delay is missing on o_result[1537] relative to the rising and/or falling clock edge(s) of clk.
Related violations: <none>

TIMING-18#910 Warning
Missing input or output delay  
An output delay is missing on o_result[1538] relative to the rising and/or falling clock edge(s) of clk.
Related violations: <none>

TIMING-18#911 Warning
Missing input or output delay  
An output delay is missing on o_result[1539] relative to the rising and/or falling clock edge(s) of clk.
Related violations: <none>

TIMING-18#912 Warning
Missing input or output delay  
An output delay is missing on o_result[153] relative to the rising and/or falling clock edge(s) of clk.
Related violations: <none>

TIMING-18#913 Warning
Missing input or output delay  
An output delay is missing on o_result[1540] relative to the rising and/or falling clock edge(s) of clk.
Related violations: <none>

TIMING-18#914 Warning
Missing input or output delay  
An output delay is missing on o_result[1541] relative to the rising and/or falling clock edge(s) of clk.
Related violations: <none>

TIMING-18#915 Warning
Missing input or output delay  
An output delay is missing on o_result[1542] relative to the rising and/or falling clock edge(s) of clk.
Related violations: <none>

TIMING-18#916 Warning
Missing input or output delay  
An output delay is missing on o_result[1543] relative to the rising and/or falling clock edge(s) of clk.
Related violations: <none>

TIMING-18#917 Warning
Missing input or output delay  
An output delay is missing on o_result[1544] relative to the rising and/or falling clock edge(s) of clk.
Related violations: <none>

TIMING-18#918 Warning
Missing input or output delay  
An output delay is missing on o_result[1545] relative to the rising and/or falling clock edge(s) of clk.
Related violations: <none>

TIMING-18#919 Warning
Missing input or output delay  
An output delay is missing on o_result[1546] relative to the rising and/or falling clock edge(s) of clk.
Related violations: <none>

TIMING-18#920 Warning
Missing input or output delay  
An output delay is missing on o_result[1547] relative to the rising and/or falling clock edge(s) of clk.
Related violations: <none>

TIMING-18#921 Warning
Missing input or output delay  
An output delay is missing on o_result[1548] relative to the rising and/or falling clock edge(s) of clk.
Related violations: <none>

TIMING-18#922 Warning
Missing input or output delay  
An output delay is missing on o_result[1549] relative to the rising and/or falling clock edge(s) of clk.
Related violations: <none>

TIMING-18#923 Warning
Missing input or output delay  
An output delay is missing on o_result[154] relative to the rising and/or falling clock edge(s) of clk.
Related violations: <none>

TIMING-18#924 Warning
Missing input or output delay  
An output delay is missing on o_result[1550] relative to the rising and/or falling clock edge(s) of clk.
Related violations: <none>

TIMING-18#925 Warning
Missing input or output delay  
An output delay is missing on o_result[1551] relative to the rising and/or falling clock edge(s) of clk.
Related violations: <none>

TIMING-18#926 Warning
Missing input or output delay  
An output delay is missing on o_result[1552] relative to the rising and/or falling clock edge(s) of clk.
Related violations: <none>

TIMING-18#927 Warning
Missing input or output delay  
An output delay is missing on o_result[1553] relative to the rising and/or falling clock edge(s) of clk.
Related violations: <none>

TIMING-18#928 Warning
Missing input or output delay  
An output delay is missing on o_result[1554] relative to the rising and/or falling clock edge(s) of clk.
Related violations: <none>

TIMING-18#929 Warning
Missing input or output delay  
An output delay is missing on o_result[1555] relative to the rising and/or falling clock edge(s) of clk.
Related violations: <none>

TIMING-18#930 Warning
Missing input or output delay  
An output delay is missing on o_result[1556] relative to the rising and/or falling clock edge(s) of clk.
Related violations: <none>

TIMING-18#931 Warning
Missing input or output delay  
An output delay is missing on o_result[1557] relative to the rising and/or falling clock edge(s) of clk.
Related violations: <none>

TIMING-18#932 Warning
Missing input or output delay  
An output delay is missing on o_result[1558] relative to the rising and/or falling clock edge(s) of clk.
Related violations: <none>

TIMING-18#933 Warning
Missing input or output delay  
An output delay is missing on o_result[1559] relative to the rising and/or falling clock edge(s) of clk.
Related violations: <none>

TIMING-18#934 Warning
Missing input or output delay  
An output delay is missing on o_result[155] relative to the rising and/or falling clock edge(s) of clk.
Related violations: <none>

TIMING-18#935 Warning
Missing input or output delay  
An output delay is missing on o_result[1560] relative to the rising and/or falling clock edge(s) of clk.
Related violations: <none>

TIMING-18#936 Warning
Missing input or output delay  
An output delay is missing on o_result[1561] relative to the rising and/or falling clock edge(s) of clk.
Related violations: <none>

TIMING-18#937 Warning
Missing input or output delay  
An output delay is missing on o_result[1562] relative to the rising and/or falling clock edge(s) of clk.
Related violations: <none>

TIMING-18#938 Warning
Missing input or output delay  
An output delay is missing on o_result[1563] relative to the rising and/or falling clock edge(s) of clk.
Related violations: <none>

TIMING-18#939 Warning
Missing input or output delay  
An output delay is missing on o_result[1564] relative to the rising and/or falling clock edge(s) of clk.
Related violations: <none>

TIMING-18#940 Warning
Missing input or output delay  
An output delay is missing on o_result[1565] relative to the rising and/or falling clock edge(s) of clk.
Related violations: <none>

TIMING-18#941 Warning
Missing input or output delay  
An output delay is missing on o_result[1566] relative to the rising and/or falling clock edge(s) of clk.
Related violations: <none>

TIMING-18#942 Warning
Missing input or output delay  
An output delay is missing on o_result[1567] relative to the rising and/or falling clock edge(s) of clk.
Related violations: <none>

TIMING-18#943 Warning
Missing input or output delay  
An output delay is missing on o_result[1568] relative to the rising and/or falling clock edge(s) of clk.
Related violations: <none>

TIMING-18#944 Warning
Missing input or output delay  
An output delay is missing on o_result[1569] relative to the rising and/or falling clock edge(s) of clk.
Related violations: <none>

TIMING-18#945 Warning
Missing input or output delay  
An output delay is missing on o_result[156] relative to the rising and/or falling clock edge(s) of clk.
Related violations: <none>

TIMING-18#946 Warning
Missing input or output delay  
An output delay is missing on o_result[1570] relative to the rising and/or falling clock edge(s) of clk.
Related violations: <none>

TIMING-18#947 Warning
Missing input or output delay  
An output delay is missing on o_result[1571] relative to the rising and/or falling clock edge(s) of clk.
Related violations: <none>

TIMING-18#948 Warning
Missing input or output delay  
An output delay is missing on o_result[1572] relative to the rising and/or falling clock edge(s) of clk.
Related violations: <none>

TIMING-18#949 Warning
Missing input or output delay  
An output delay is missing on o_result[1573] relative to the rising and/or falling clock edge(s) of clk.
Related violations: <none>

TIMING-18#950 Warning
Missing input or output delay  
An output delay is missing on o_result[1574] relative to the rising and/or falling clock edge(s) of clk.
Related violations: <none>

TIMING-18#951 Warning
Missing input or output delay  
An output delay is missing on o_result[1575] relative to the rising and/or falling clock edge(s) of clk.
Related violations: <none>

TIMING-18#952 Warning
Missing input or output delay  
An output delay is missing on o_result[1576] relative to the rising and/or falling clock edge(s) of clk.
Related violations: <none>

TIMING-18#953 Warning
Missing input or output delay  
An output delay is missing on o_result[1577] relative to the rising and/or falling clock edge(s) of clk.
Related violations: <none>

TIMING-18#954 Warning
Missing input or output delay  
An output delay is missing on o_result[1578] relative to the rising and/or falling clock edge(s) of clk.
Related violations: <none>

TIMING-18#955 Warning
Missing input or output delay  
An output delay is missing on o_result[1579] relative to the rising and/or falling clock edge(s) of clk.
Related violations: <none>

TIMING-18#956 Warning
Missing input or output delay  
An output delay is missing on o_result[157] relative to the rising and/or falling clock edge(s) of clk.
Related violations: <none>

TIMING-18#957 Warning
Missing input or output delay  
An output delay is missing on o_result[1580] relative to the rising and/or falling clock edge(s) of clk.
Related violations: <none>

TIMING-18#958 Warning
Missing input or output delay  
An output delay is missing on o_result[1581] relative to the rising and/or falling clock edge(s) of clk.
Related violations: <none>

TIMING-18#959 Warning
Missing input or output delay  
An output delay is missing on o_result[1582] relative to the rising and/or falling clock edge(s) of clk.
Related violations: <none>

TIMING-18#960 Warning
Missing input or output delay  
An output delay is missing on o_result[1583] relative to the rising and/or falling clock edge(s) of clk.
Related violations: <none>

TIMING-18#961 Warning
Missing input or output delay  
An output delay is missing on o_result[1584] relative to the rising and/or falling clock edge(s) of clk.
Related violations: <none>

TIMING-18#962 Warning
Missing input or output delay  
An output delay is missing on o_result[1585] relative to the rising and/or falling clock edge(s) of clk.
Related violations: <none>

TIMING-18#963 Warning
Missing input or output delay  
An output delay is missing on o_result[1586] relative to the rising and/or falling clock edge(s) of clk.
Related violations: <none>

TIMING-18#964 Warning
Missing input or output delay  
An output delay is missing on o_result[1587] relative to the rising and/or falling clock edge(s) of clk.
Related violations: <none>

TIMING-18#965 Warning
Missing input or output delay  
An output delay is missing on o_result[1588] relative to the rising and/or falling clock edge(s) of clk.
Related violations: <none>

TIMING-18#966 Warning
Missing input or output delay  
An output delay is missing on o_result[1589] relative to the rising and/or falling clock edge(s) of clk.
Related violations: <none>

TIMING-18#967 Warning
Missing input or output delay  
An output delay is missing on o_result[158] relative to the rising and/or falling clock edge(s) of clk.
Related violations: <none>

TIMING-18#968 Warning
Missing input or output delay  
An output delay is missing on o_result[1590] relative to the rising and/or falling clock edge(s) of clk.
Related violations: <none>

TIMING-18#969 Warning
Missing input or output delay  
An output delay is missing on o_result[1591] relative to the rising and/or falling clock edge(s) of clk.
Related violations: <none>

TIMING-18#970 Warning
Missing input or output delay  
An output delay is missing on o_result[1592] relative to the rising and/or falling clock edge(s) of clk.
Related violations: <none>

TIMING-18#971 Warning
Missing input or output delay  
An output delay is missing on o_result[1593] relative to the rising and/or falling clock edge(s) of clk.
Related violations: <none>

TIMING-18#972 Warning
Missing input or output delay  
An output delay is missing on o_result[1594] relative to the rising and/or falling clock edge(s) of clk.
Related violations: <none>

TIMING-18#973 Warning
Missing input or output delay  
An output delay is missing on o_result[1595] relative to the rising and/or falling clock edge(s) of clk.
Related violations: <none>

TIMING-18#974 Warning
Missing input or output delay  
An output delay is missing on o_result[1596] relative to the rising and/or falling clock edge(s) of clk.
Related violations: <none>

TIMING-18#975 Warning
Missing input or output delay  
An output delay is missing on o_result[1597] relative to the rising and/or falling clock edge(s) of clk.
Related violations: <none>

TIMING-18#976 Warning
Missing input or output delay  
An output delay is missing on o_result[1598] relative to the rising and/or falling clock edge(s) of clk.
Related violations: <none>

TIMING-18#977 Warning
Missing input or output delay  
An output delay is missing on o_result[1599] relative to the rising and/or falling clock edge(s) of clk.
Related violations: <none>

TIMING-18#978 Warning
Missing input or output delay  
An output delay is missing on o_result[159] relative to the rising and/or falling clock edge(s) of clk.
Related violations: <none>

TIMING-18#979 Warning
Missing input or output delay  
An output delay is missing on o_result[15] relative to the rising and/or falling clock edge(s) of clk.
Related violations: <none>

TIMING-18#980 Warning
Missing input or output delay  
An output delay is missing on o_result[1600] relative to the rising and/or falling clock edge(s) of clk.
Related violations: <none>

TIMING-18#981 Warning
Missing input or output delay  
An output delay is missing on o_result[1601] relative to the rising and/or falling clock edge(s) of clk.
Related violations: <none>

TIMING-18#982 Warning
Missing input or output delay  
An output delay is missing on o_result[1602] relative to the rising and/or falling clock edge(s) of clk.
Related violations: <none>

TIMING-18#983 Warning
Missing input or output delay  
An output delay is missing on o_result[1603] relative to the rising and/or falling clock edge(s) of clk.
Related violations: <none>

TIMING-18#984 Warning
Missing input or output delay  
An output delay is missing on o_result[1604] relative to the rising and/or falling clock edge(s) of clk.
Related violations: <none>

TIMING-18#985 Warning
Missing input or output delay  
An output delay is missing on o_result[1605] relative to the rising and/or falling clock edge(s) of clk.
Related violations: <none>

TIMING-18#986 Warning
Missing input or output delay  
An output delay is missing on o_result[1606] relative to the rising and/or falling clock edge(s) of clk.
Related violations: <none>

TIMING-18#987 Warning
Missing input or output delay  
An output delay is missing on o_result[1607] relative to the rising and/or falling clock edge(s) of clk.
Related violations: <none>

TIMING-18#988 Warning
Missing input or output delay  
An output delay is missing on o_result[1608] relative to the rising and/or falling clock edge(s) of clk.
Related violations: <none>

TIMING-18#989 Warning
Missing input or output delay  
An output delay is missing on o_result[1609] relative to the rising and/or falling clock edge(s) of clk.
Related violations: <none>

TIMING-18#990 Warning
Missing input or output delay  
An output delay is missing on o_result[160] relative to the rising and/or falling clock edge(s) of clk.
Related violations: <none>

TIMING-18#991 Warning
Missing input or output delay  
An output delay is missing on o_result[1610] relative to the rising and/or falling clock edge(s) of clk.
Related violations: <none>

TIMING-18#992 Warning
Missing input or output delay  
An output delay is missing on o_result[1611] relative to the rising and/or falling clock edge(s) of clk.
Related violations: <none>

TIMING-18#993 Warning
Missing input or output delay  
An output delay is missing on o_result[1612] relative to the rising and/or falling clock edge(s) of clk.
Related violations: <none>

TIMING-18#994 Warning
Missing input or output delay  
An output delay is missing on o_result[1613] relative to the rising and/or falling clock edge(s) of clk.
Related violations: <none>

TIMING-18#995 Warning
Missing input or output delay  
An output delay is missing on o_result[1614] relative to the rising and/or falling clock edge(s) of clk.
Related violations: <none>

TIMING-18#996 Warning
Missing input or output delay  
An output delay is missing on o_result[1615] relative to the rising and/or falling clock edge(s) of clk.
Related violations: <none>

TIMING-18#997 Warning
Missing input or output delay  
An output delay is missing on o_result[1616] relative to the rising and/or falling clock edge(s) of clk.
Related violations: <none>

TIMING-18#998 Warning
Missing input or output delay  
An output delay is missing on o_result[1617] relative to the rising and/or falling clock edge(s) of clk.
Related violations: <none>

TIMING-18#999 Warning
Missing input or output delay  
An output delay is missing on o_result[1618] relative to the rising and/or falling clock edge(s) of clk.
Related violations: <none>

TIMING-18#1000 Warning
Missing input or output delay  
An output delay is missing on o_result[1619] relative to the rising and/or falling clock edge(s) of clk.
Related violations: <none>


