
*** Running vivado
    with args -log mvm.vdi -applog -m64 -product Vivado -messageDb vivado.pb -mode batch -source mvm.tcl -notrace



****** Vivado v2024.2.2 (64-bit)
  **** SW Build 6060944 on Thu Mar 06 19:10:01 MST 2025
  **** IP Build 6050500 on Thu Mar  6 23:33:39 MST 2025
  **** SharedData Build 6060542 on Thu Mar 06 10:31:07 MST 2025
  **** Start of session at: Sun Jul 26 15:02:11 2026
    ** Copyright 1986-2022 Xilinx, Inc. All Rights Reserved.
    ** Copyright 2022-2025 Advanced Micro Devices, Inc. All Rights Reserved.

source mvm.tcl -notrace
create_project: Time (s): cpu = 00:00:05 ; elapsed = 00:00:06 . Memory (MB): peak = 624.711 ; gain = 192.184
Command: link_design -top mvm -part xck26-sfvc784-2LV-c
Design is defaulting to srcset: sources_1
Design is defaulting to constrset: constrs_1
INFO: [Device 21-403] Loading part xck26-sfvc784-2LV-c
Netlist sorting complete. Time (s): cpu = 00:00:00 ; elapsed = 00:00:00.352 . Memory (MB): peak = 1666.965 ; gain = 0.000
INFO: [Netlist 29-17] Analyzing 3840 Unisim elements for replacement
INFO: [Netlist 29-28] Unisim Transformation completed in 7 CPU seconds
INFO: [Project 1-479] Netlist was created with Vivado 2024.2.2
INFO: [Project 1-570] Preparing netlist for logic optimization
Parsing XDC File [C:/Users/g55wang/lab4_template/constraints.xdc]
INFO: [Vivado 12-2286] Implicit search of objects for pattern 'clk' matched to 'port' objects. [C:/Users/g55wang/lab4_template/constraints.xdc:1]
Resolution: To avoid ambiguous patterns, provide proper objects using get commands e.g. [get_nets xyz].
Finished Parsing XDC File [C:/Users/g55wang/lab4_template/constraints.xdc]
INFO: [Opt 31-138] Pushed 0 inverter(s) to 0 load pin(s).
Netlist sorting complete. Time (s): cpu = 00:00:00 ; elapsed = 00:00:00.011 . Memory (MB): peak = 2522.160 ; gain = 0.000
INFO: [Project 1-111] Unisim Transformation Summary:
  A total of 1152 instances were transformed.
  DSP48E2 => DSP48E2 (DSP_ALU, DSP_A_B_DATA, DSP_C_DATA, DSP_MULTIPLIER, DSP_M_DATA, DSP_OUTPUT, DSP_PREADD, DSP_PREADD_DATA): 1152 instances

8 Infos, 0 Warnings, 0 Critical Warnings and 0 Errors encountered.
link_design completed successfully
link_design: Time (s): cpu = 00:00:31 ; elapsed = 00:00:34 . Memory (MB): peak = 2522.160 ; gain = 1897.449
Command: opt_design
Attempting to get a license for feature 'Implementation' and/or device 'xck26'
INFO: [Common 17-349] Got license for feature 'Implementation' and/or device 'xck26'
Running DRC as a precondition to command opt_design

Starting DRC Task
INFO: [DRC 23-27] Running DRC with 2 threads
WARNING: [DRC 23-814] Not all possible (connectivity based) DRCs may have been run because this design is seen as Out of Context.
INFO: [Project 1-461] DRC finished with 0 Errors
INFO: [Project 1-462] Please refer to the DRC report (report_drc) for more information.

Time (s): cpu = 00:00:03 ; elapsed = 00:00:02 . Memory (MB): peak = 2588.074 ; gain = 65.914

Starting Cache Timing Information Task
INFO: [Timing 38-35] Done setting XDC timing constraints.
Ending Cache Timing Information Task | Checksum: 281f2363f

Time (s): cpu = 00:00:51 ; elapsed = 00:00:29 . Memory (MB): peak = 3569.320 ; gain = 981.246

Starting Logic Optimization Task

Phase 1 Initialization

Phase 1.1 Core Generation And Design Setup
Phase 1.1 Core Generation And Design Setup | Checksum: 281f2363f

Time (s): cpu = 00:00:01 ; elapsed = 00:00:00.333 . Memory (MB): peak = 3998.367 ; gain = 0.000

Phase 1.2 Setup Constraints And Sort Netlist
Phase 1.2 Setup Constraints And Sort Netlist | Checksum: 281f2363f

Time (s): cpu = 00:00:01 ; elapsed = 00:00:00.355 . Memory (MB): peak = 3998.367 ; gain = 0.000
Phase 1 Initialization | Checksum: 281f2363f

Time (s): cpu = 00:00:01 ; elapsed = 00:00:00.358 . Memory (MB): peak = 3998.367 ; gain = 0.000

Phase 2 Timer Update And Timing Data Collection

Phase 2.1 Timer Update
Phase 2.1 Timer Update | Checksum: 281f2363f

Time (s): cpu = 00:00:17 ; elapsed = 00:00:09 . Memory (MB): peak = 3998.367 ; gain = 0.000

Phase 2.2 Timing Data Collection
Phase 2.2 Timing Data Collection | Checksum: 281f2363f

Time (s): cpu = 00:00:18 ; elapsed = 00:00:10 . Memory (MB): peak = 3998.367 ; gain = 0.000
Phase 2 Timer Update And Timing Data Collection | Checksum: 281f2363f

Time (s): cpu = 00:00:18 ; elapsed = 00:00:10 . Memory (MB): peak = 3998.367 ; gain = 0.000

Phase 3 Retarget
INFO: [Opt 31-1851] Number of loadless carry chains removed were: 0
INFO: [Opt 31-1834] Total Chains To Be Transformed Were: 0 AND Number of Transformed insts Created are: 0
INFO: [Opt 31-138] Pushed 26 inverter(s) to 256 load pin(s).
INFO: [Opt 31-49] Retargeted 0 cell(s).
Phase 3 Retarget | Checksum: 1bb83652b

Time (s): cpu = 00:00:18 ; elapsed = 00:00:11 . Memory (MB): peak = 3998.367 ; gain = 0.000
Retarget | Checksum: 1bb83652b
INFO: [Opt 31-389] Phase Retarget created 0 cells and removed 26 cells

Phase 4 Constant propagation
INFO: [Opt 31-138] Pushed 0 inverter(s) to 0 load pin(s).
Phase 4 Constant propagation | Checksum: 1bb83652b

Time (s): cpu = 00:00:19 ; elapsed = 00:00:11 . Memory (MB): peak = 3998.367 ; gain = 0.000
Constant propagation | Checksum: 1bb83652b
INFO: [Opt 31-389] Phase Constant propagation created 0 cells and removed 0 cells

Phase 5 Sweep
INFO: [Constraints 18-11670] Building netlist checker database with flags, 0x8
Done building netlist checker database: Time (s): cpu = 00:00:00 ; elapsed = 00:00:00.274 . Memory (MB): peak = 3998.367 ; gain = 0.000
Phase 5 Sweep | Checksum: 23f4032c9

Time (s): cpu = 00:00:21 ; elapsed = 00:00:13 . Memory (MB): peak = 3998.367 ; gain = 0.000
Sweep | Checksum: 23f4032c9
INFO: [Opt 31-389] Phase Sweep created 0 cells and removed 0 cells

Phase 6 BUFG optimization
INFO: [Opt 31-1077] Phase BUFG optimization inserted 0 global clock buffer(s) for CLOCK_LOW_FANOUT.
Phase 6 BUFG optimization | Checksum: 23f4032c9

Time (s): cpu = 00:00:21 ; elapsed = 00:00:13 . Memory (MB): peak = 3998.367 ; gain = 0.000
BUFG optimization | Checksum: 23f4032c9
INFO: [Opt 31-662] Phase BUFG optimization created 0 cells of which 0 are BUFGs and removed 0 cells.

Phase 7 Shift Register Optimization
INFO: [Opt 31-1064] SRL Remap converted 0 SRLs to 0 registers and converted 0 registers of register chains to 0 SRLs
Phase 7 Shift Register Optimization | Checksum: 23f4032c9

Time (s): cpu = 00:00:21 ; elapsed = 00:00:14 . Memory (MB): peak = 3998.367 ; gain = 0.000
Shift Register Optimization | Checksum: 23f4032c9
INFO: [Opt 31-389] Phase Shift Register Optimization created 0 cells and removed 0 cells

Phase 8 Post Processing Netlist
Phase 8 Post Processing Netlist | Checksum: 23f4032c9

Time (s): cpu = 00:00:22 ; elapsed = 00:00:14 . Memory (MB): peak = 3998.367 ; gain = 0.000
Post Processing Netlist | Checksum: 23f4032c9
INFO: [Opt 31-389] Phase Post Processing Netlist created 0 cells and removed 0 cells

Phase 9 Finalization

Phase 9.1 Finalizing Design Cores and Updating Shapes
Phase 9.1 Finalizing Design Cores and Updating Shapes | Checksum: 1f2342d09

Time (s): cpu = 00:00:25 ; elapsed = 00:00:17 . Memory (MB): peak = 3998.367 ; gain = 0.000

Phase 9.2 Verifying Netlist Connectivity

Starting Connectivity Check Task

Time (s): cpu = 00:00:00 ; elapsed = 00:00:00.037 . Memory (MB): peak = 3998.367 ; gain = 0.000
Phase 9.2 Verifying Netlist Connectivity | Checksum: 1f2342d09

Time (s): cpu = 00:00:25 ; elapsed = 00:00:17 . Memory (MB): peak = 3998.367 ; gain = 0.000
Phase 9 Finalization | Checksum: 1f2342d09

Time (s): cpu = 00:00:25 ; elapsed = 00:00:17 . Memory (MB): peak = 3998.367 ; gain = 0.000
Opt_design Change Summary
=========================


-------------------------------------------------------------------------------------------------------------------------
|  Phase                        |  #Cells created  |  #Cells Removed  |  #Constrained objects preventing optimizations  |
-------------------------------------------------------------------------------------------------------------------------
|  Retarget                     |               0  |              26  |                                              0  |
|  Constant propagation         |               0  |               0  |                                              0  |
|  Sweep                        |               0  |               0  |                                              0  |
|  BUFG optimization            |               0  |               0  |                                              0  |
|  Shift Register Optimization  |               0  |               0  |                                              0  |
|  Post Processing Netlist      |               0  |               0  |                                              0  |
-------------------------------------------------------------------------------------------------------------------------


Ending Logic Optimization Task | Checksum: 1f2342d09

Time (s): cpu = 00:00:25 ; elapsed = 00:00:17 . Memory (MB): peak = 3998.367 ; gain = 0.000

Starting Power Optimization Task
INFO: [Pwropt 34-132] Skipping clock gating for clocks with a period < 2.00 ns.
INFO: [Pwropt 34-232] Skipping BRAM gating because all BRAMs are in high frequency (i.e. period < 3.12 ns) clock domains.
INFO: [Pwropt 34-162] WRITE_MODE attribute of 0 BRAM(s) out of a total of 129 has been updated to save power. Run report_power_opt to get a complete listing of the BRAMs updated.
Ending Power Optimization Task | Checksum: 1f2342d09

Time (s): cpu = 00:00:02 ; elapsed = 00:00:03 . Memory (MB): peak = 4271.805 ; gain = 273.438

Starting Final Cleanup Task
Ending Final Cleanup Task | Checksum: 1f2342d09

Time (s): cpu = 00:00:00 ; elapsed = 00:00:00.003 . Memory (MB): peak = 4271.805 ; gain = 0.000

Starting Netlist Obfuscation Task
Netlist sorting complete. Time (s): cpu = 00:00:00 ; elapsed = 00:00:00.012 . Memory (MB): peak = 4271.805 ; gain = 0.000
Ending Netlist Obfuscation Task | Checksum: 1f2342d09

Time (s): cpu = 00:00:00 ; elapsed = 00:00:00.015 . Memory (MB): peak = 4271.805 ; gain = 0.000
INFO: [Common 17-83] Releasing license: Implementation
31 Infos, 1 Warnings, 0 Critical Warnings and 0 Errors encountered.
opt_design completed successfully
opt_design: Time (s): cpu = 00:01:23 ; elapsed = 00:00:53 . Memory (MB): peak = 4271.805 ; gain = 1749.645
INFO: [Vivado 12-24828] Executing command : report_drc -file mvm_drc_opted.rpt -pb mvm_drc_opted.pb -rpx mvm_drc_opted.rpx
Command: report_drc -file mvm_drc_opted.rpt -pb mvm_drc_opted.pb -rpx mvm_drc_opted.rpx
INFO: [IP_Flow 19-234] Refreshing IP repositories
INFO: [IP_Flow 19-1704] No user IP repositories specified
INFO: [IP_Flow 19-2313] Loaded Vivado IP repository 'C:/Software/Xilinx/Vivado/2024.2/data/ip'.
INFO: [Timing 38-35] Done setting XDC timing constraints.
WARNING: [Timing 38-242] The property HD.CLK_SRC of clock port "clk" is not set. In out-of-context mode, this prevents timing estimation for clock delay/skew
Resolution: Set the HD.CLK_SRC property of the out-of-context port to the location of the clock buffer instance in the top-level design
INFO: [DRC 23-27] Running DRC with 2 threads
WARNING: [DRC 23-814] Not all possible (connectivity based) DRCs may have been run because this design is seen as Out of Context.
INFO: [Vivado_Tcl 2-168] The results of DRC are in file C:/Users/g55wang/lab4/lab4.runs/impl_1/mvm_drc_opted.rpt.
report_drc completed successfully
report_drc: Time (s): cpu = 00:01:43 ; elapsed = 00:01:01 . Memory (MB): peak = 5097.805 ; gain = 826.000
generate_parallel_reports: Time (s): cpu = 00:01:43 ; elapsed = 00:01:01 . Memory (MB): peak = 5097.805 ; gain = 826.000
INFO: [Timing 38-480] Writing timing data to binary archive.
Write ShapeDB Complete: Time (s): cpu = 00:00:00 ; elapsed = 00:00:00.115 . Memory (MB): peak = 5097.805 ; gain = 0.000
INFO: [Common 17-1381] The checkpoint 'C:/Users/g55wang/lab4/lab4.runs/impl_1/mvm_opt.dcp' has been generated.
Command: place_design
Attempting to get a license for feature 'Implementation' and/or device 'xck26'
INFO: [Common 17-349] Got license for feature 'Implementation' and/or device 'xck26'
INFO: [Common 17-83] Releasing license: Implementation
INFO: [DRC 23-27] Running DRC with 2 threads
WARNING: [DRC 23-814] Not all possible (connectivity based) DRCs may have been run because this design is seen as Out of Context.
INFO: [Vivado_Tcl 4-198] DRC finished with 0 Errors
INFO: [Vivado_Tcl 4-199] Please refer to the DRC report (report_drc) for more information.
Running DRC as a precondition to command place_design
INFO: [DRC 23-27] Running DRC with 2 threads
WARNING: [DRC 23-814] Not all possible (connectivity based) DRCs may have been run because this design is seen as Out of Context.
INFO: [Vivado_Tcl 4-198] DRC finished with 0 Errors
INFO: [Vivado_Tcl 4-199] Please refer to the DRC report (report_drc) for more information.
INFO: [Place 30-611] Multithreading enabled for place_design using a maximum of 2 CPUs

Starting Placer Task

Phase 1 Placer Initialization

Phase 1.1 Placer Initialization Netlist Sorting
Netlist sorting complete. Time (s): cpu = 00:00:00 ; elapsed = 00:00:00.013 . Memory (MB): peak = 5097.805 ; gain = 0.000
Phase 1.1 Placer Initialization Netlist Sorting | Checksum: 13f9eccd4

Time (s): cpu = 00:00:00 ; elapsed = 00:00:00.040 . Memory (MB): peak = 5097.805 ; gain = 0.000
Netlist sorting complete. Time (s): cpu = 00:00:00 ; elapsed = 00:00:00.011 . Memory (MB): peak = 5097.805 ; gain = 0.000

Phase 1.2 IO Placement/ Clock Placement/ Build Placer Device
Phase 1.2 IO Placement/ Clock Placement/ Build Placer Device | Checksum: c8386b6a

Time (s): cpu = 00:00:03 ; elapsed = 00:00:02 . Memory (MB): peak = 5097.805 ; gain = 0.000

Phase 1.3 Build Placer Netlist Model
Phase 1.3 Build Placer Netlist Model | Checksum: 102ee3c5b

Time (s): cpu = 00:00:58 ; elapsed = 00:00:41 . Memory (MB): peak = 6831.355 ; gain = 1733.551

Phase 1.4 Constrain Clocks/Macros
Phase 1.4 Constrain Clocks/Macros | Checksum: 102ee3c5b

Time (s): cpu = 00:00:58 ; elapsed = 00:00:41 . Memory (MB): peak = 6831.355 ; gain = 1733.551
Phase 1 Placer Initialization | Checksum: 102ee3c5b

Time (s): cpu = 00:00:59 ; elapsed = 00:00:41 . Memory (MB): peak = 6831.355 ; gain = 1733.551

Phase 2 Global Placement

Phase 2.1 Floorplanning

Phase 2.1.1 Partition Driven Placement

Phase 2.1.1.1 PBP: Partition Driven Placement
Phase 2.1.1.1 PBP: Partition Driven Placement | Checksum: 122805623

Time (s): cpu = 00:01:13 ; elapsed = 00:00:51 . Memory (MB): peak = 6831.355 ; gain = 1733.551

Phase 2.1.1.2 PBP: Clock Region Placement
INFO: [Place 30-3164] Check ILP status : ILP-based clock placer is skipped.
Phase 2.1.1.2 PBP: Clock Region Placement | Checksum: 115381b0f

Time (s): cpu = 00:01:16 ; elapsed = 00:00:54 . Memory (MB): peak = 6831.355 ; gain = 1733.551

Phase 2.1.1.3 PBP: Discrete Incremental
Phase 2.1.1.3 PBP: Discrete Incremental | Checksum: 193646355

Time (s): cpu = 00:01:19 ; elapsed = 00:00:57 . Memory (MB): peak = 6831.355 ; gain = 1733.551

Phase 2.1.1.4 PBP: Compute Congestion
Phase 2.1.1.4 PBP: Compute Congestion | Checksum: 193646355

Time (s): cpu = 00:01:31 ; elapsed = 00:01:03 . Memory (MB): peak = 6831.355 ; gain = 1733.551

Phase 2.1.1.5 PBP: Macro Placement
Phase 2.1.1.5 PBP: Macro Placement | Checksum: 166cdb27d

Time (s): cpu = 00:01:40 ; elapsed = 00:01:12 . Memory (MB): peak = 6831.355 ; gain = 1733.551

Phase 2.1.1.6 PBP: UpdateTiming
Phase 2.1.1.6 PBP: UpdateTiming | Checksum: 22a1525df

Time (s): cpu = 00:01:47 ; elapsed = 00:01:16 . Memory (MB): peak = 6831.355 ; gain = 1733.551
Phase 2.1.1 Partition Driven Placement | Checksum: 22a1525df

Time (s): cpu = 00:01:47 ; elapsed = 00:01:16 . Memory (MB): peak = 6831.355 ; gain = 1733.551
Phase 2.1 Floorplanning | Checksum: 195833a4a

Time (s): cpu = 00:01:48 ; elapsed = 00:01:16 . Memory (MB): peak = 6831.355 ; gain = 1733.551

Phase 2.2 Update Timing before SLR Path Opt
Phase 2.2 Update Timing before SLR Path Opt | Checksum: 195833a4a

Time (s): cpu = 00:01:49 ; elapsed = 00:01:17 . Memory (MB): peak = 6831.355 ; gain = 1733.551

Phase 2.3 Post-Processing in Floorplanning
Phase 2.3 Post-Processing in Floorplanning | Checksum: 1f4f3c8db

Time (s): cpu = 00:01:49 ; elapsed = 00:01:17 . Memory (MB): peak = 6831.355 ; gain = 1733.551

Phase 2.4 Global Place Phase1
Phase 2.4 Global Place Phase1 | Checksum: 1ffcd06f2

Time (s): cpu = 00:03:33 ; elapsed = 00:02:20 . Memory (MB): peak = 6831.355 ; gain = 1733.551

Phase 2.5 Global Place Phase2

Phase 2.5.1 UpdateTiming Before Physical Synthesis
Phase 2.5.1 UpdateTiming Before Physical Synthesis | Checksum: 1df5bda83

Time (s): cpu = 00:03:46 ; elapsed = 00:02:27 . Memory (MB): peak = 6831.355 ; gain = 1733.551

Phase 2.5.2 Physical Synthesis In Placer
INFO: [Physopt 32-1035] Found 0 LUTNM shape to break, 13 LUT instances to create LUTNM shape
INFO: [Physopt 32-1044] Break lutnm for timing: one critical 0, two critical 0, total 0, new lutff created 0
INFO: [Physopt 32-1138] End 1 Pass. Optimized 6 nets or LUTs. Breaked 0 LUT, combined 6 existing LUTs and moved 0 existing LUT
INFO: [Physopt 32-1030] Pass 1. Identified 3 candidate driver sets for equivalent driver rewiring.
INFO: [Physopt 32-661] Optimized 1 net.  Re-placed 9 instances.
INFO: [Physopt 32-775] End 1 Pass. Optimized 1 net or cell. Created 0 new cell, deleted 1 existing cell and moved 9 existing cells
Netlist sorting complete. Time (s): cpu = 00:00:00 ; elapsed = 00:00:00.075 . Memory (MB): peak = 6831.355 ; gain = 0.000
INFO: [Physopt 32-1408] Pass 1. Identified 8 candidate nets for high-fanout optimization.
INFO: [Physopt 32-81] Processed net gen_olanes[0].vec_lane_reg_n_0_[0][31]. Replicated 19 times.
INFO: [Physopt 32-81] Processed net gen_olanes[0].vec_lane_reg_n_0_[0][63]. Replicated 9 times.
INFO: [Physopt 32-81] Processed net gen_olanes[0].vec_lane_reg_n_0_[0][39]. Replicated 10 times.
INFO: [Physopt 32-81] Processed net gen_olanes[0].vec_lane_reg_n_0_[0][7]. Replicated 17 times.
INFO: [Physopt 32-81] Processed net gen_olanes[0].vec_lane_reg_n_0_[0][23]. Replicated 17 times.
INFO: [Physopt 32-81] Processed net gen_olanes[0].vec_lane_reg_n_0_[0][47]. Replicated 16 times.
INFO: [Physopt 32-81] Processed net gen_olanes[0].vec_lane_reg_n_0_[0][15]. Replicated 21 times.
INFO: [Physopt 32-81] Processed net gen_olanes[0].vec_lane_reg_n_0_[0][55]. Replicated 18 times.
INFO: [Physopt 32-232] Optimized 8 nets. Created 127 new instances.
INFO: [Physopt 32-775] End 1 Pass. Optimized 8 nets or cells. Created 127 new cells, deleted 0 existing cell and moved 0 existing cell
Netlist sorting complete. Time (s): cpu = 00:00:00 ; elapsed = 00:00:00.286 . Memory (MB): peak = 6831.355 ; gain = 0.000
INFO: [Physopt 32-76] Pass 1. Identified 57 candidate nets for fanout optimization.
INFO: [Physopt 32-81] Processed net gen_olanes[0].vec_lane_reg_n_0_[0][29]. Replicated 9 times.
INFO: [Physopt 32-81] Processed net gen_olanes[0].vec_lane_reg_n_0_[0][17]. Replicated 9 times.
INFO: [Physopt 32-81] Processed net gen_olanes[0].vec_lane_reg_n_0_[0][16]. Replicated 9 times.
INFO: [Physopt 32-81] Processed net gen_olanes[0].vec_lane_reg_n_0_[0][28]. Replicated 9 times.
INFO: [Physopt 32-81] Processed net gen_olanes[0].vec_lane_reg_n_0_[0][30]. Replicated 9 times.
INFO: [Physopt 32-81] Processed net gen_olanes[0].vec_lane_reg_n_0_[0][25]. Replicated 9 times.
INFO: [Physopt 32-81] Processed net gen_olanes[0].vec_lane_reg_n_0_[0][24]. Replicated 9 times.
INFO: [Physopt 32-81] Processed net gen_olanes[0].vec_lane_reg_n_0_[0][21]. Replicated 9 times.
INFO: [Physopt 32-81] Processed net gen_olanes[0].vec_lane_reg_n_0_[0][20]. Replicated 9 times.
INFO: [Physopt 32-81] Processed net gen_olanes[0].vec_lane_reg_n_0_[0][58]. Replicated 9 times.
INFO: [Physopt 32-81] Processed net gen_olanes[0].vec_lane_reg_n_0_[0][26]. Replicated 9 times.
INFO: [Physopt 32-81] Processed net gen_olanes[0].vec_lane_reg_n_0_[0][19]. Replicated 9 times.
INFO: [Physopt 32-81] Processed net gen_olanes[0].vec_lane_reg_n_0_[0][56]. Replicated 9 times.
INFO: [Physopt 32-81] Processed net gen_olanes[0].vec_lane_reg_n_0_[0][22]. Replicated 9 times.
INFO: [Physopt 32-81] Processed net gen_olanes[0].vec_lane_reg_n_0_[0][61]. Replicated 9 times.
INFO: [Physopt 32-81] Processed net gen_olanes[0].vec_lane_reg_n_0_[0][62]. Replicated 9 times.
INFO: [Physopt 32-81] Processed net gen_olanes[0].vec_lane_reg_n_0_[0][0]. Replicated 9 times.
INFO: [Physopt 32-81] Processed net gen_olanes[0].vec_lane_reg_n_0_[0][18]. Replicated 9 times.
INFO: [Physopt 32-81] Processed net gen_olanes[0].vec_lane_reg_n_0_[0][60]. Replicated 9 times.
INFO: [Physopt 32-81] Processed net gen_olanes[0].vec_lane_reg_n_0_[0][27]. Replicated 9 times.
INFO: [Physopt 32-81] Processed net first_pipe_reg_n_0_[8][6]. Replicated 9 times.
INFO: [Physopt 32-81] Processed net gen_olanes[0].vec_lane_reg_n_0_[0][43]. Replicated 9 times.
INFO: [Physopt 32-81] Processed net gen_olanes[0].vec_lane_reg_n_0_[0][1]. Replicated 9 times.
INFO: [Physopt 32-81] Processed net gen_olanes[0].vec_lane_reg_n_0_[0][4]. Replicated 9 times.
INFO: [Physopt 32-81] Processed net gen_olanes[0].vec_lane_reg_n_0_[0][57]. Replicated 9 times.
INFO: [Physopt 32-81] Processed net gen_olanes[0].vec_lane_reg_n_0_[0][46]. Replicated 9 times.
INFO: [Physopt 32-81] Processed net gen_olanes[0].vec_lane_reg_n_0_[0][2]. Replicated 9 times.
INFO: [Physopt 32-81] Processed net gen_olanes[0].vec_lane_reg_n_0_[0][41]. Replicated 9 times.
INFO: [Physopt 32-81] Processed net gen_olanes[0].vec_lane_reg_n_0_[0][3]. Replicated 9 times.
INFO: [Physopt 32-81] Processed net gen_olanes[0].vec_lane_reg_n_0_[0][6]. Replicated 9 times.
INFO: [Physopt 32-81] Processed net gen_olanes[0].vec_lane_reg_n_0_[0][44]. Replicated 9 times.
INFO: [Physopt 32-81] Processed net gen_olanes[0].vec_lane_reg_n_0_[0][32]. Replicated 9 times.
INFO: [Physopt 32-81] Processed net gen_olanes[0].vec_lane_reg_n_0_[0][33]. Replicated 9 times.
INFO: [Physopt 32-81] Processed net gen_olanes[0].vec_lane_reg_n_0_[0][40]. Replicated 9 times.
INFO: [Physopt 32-81] Processed net gen_olanes[0].vec_lane_reg_n_0_[0][59]. Replicated 9 times.
INFO: [Physopt 32-81] Processed net gen_olanes[0].vec_lane_reg_n_0_[0][45]. Replicated 9 times.
INFO: [Physopt 32-81] Processed net gen_olanes[0].vec_lane_reg_n_0_[0][42]. Replicated 9 times.
INFO: [Physopt 32-81] Processed net gen_olanes[0].vec_lane_reg_n_0_[0][34]. Replicated 9 times.
INFO: [Physopt 32-81] Processed net gen_olanes[0].vec_lane_reg_n_0_[0][36]. Replicated 9 times.
INFO: [Physopt 32-81] Processed net gen_olanes[0].vec_lane_reg_n_0_[0][37]. Replicated 9 times.
INFO: [Physopt 32-81] Processed net gen_olanes[0].vec_lane_reg_n_0_[0][38]. Replicated 9 times.
INFO: [Physopt 32-81] Processed net gen_olanes[0].vec_lane_reg_n_0_[0][5]. Replicated 9 times.
INFO: [Physopt 32-81] Processed net gen_olanes[0].vec_lane_reg_n_0_[0][13]. Replicated 9 times.
INFO: [Physopt 32-81] Processed net gen_olanes[0].vec_lane_reg_n_0_[0][12]. Replicated 9 times.
INFO: [Physopt 32-81] Processed net gen_olanes[0].vec_lane_reg_n_0_[0][35]. Replicated 9 times.
INFO: [Physopt 32-81] Processed net gen_olanes[0].vec_lane_reg_n_0_[0][11]. Replicated 9 times.
INFO: [Physopt 32-81] Processed net gen_olanes[0].vec_lane_reg_n_0_[0][14]. Replicated 9 times.
INFO: [Physopt 32-81] Processed net gen_olanes[0].vec_lane_reg_n_0_[0][9]. Replicated 9 times.
INFO: [Physopt 32-81] Processed net gen_olanes[0].vec_lane_reg_n_0_[0][10]. Replicated 9 times.
INFO: [Physopt 32-81] Processed net gen_olanes[0].vec_lane_reg_n_0_[0][8]. Replicated 9 times.
INFO: [Physopt 32-81] Processed net gen_olanes[0].vec_lane_reg_n_0_[0][52]. Replicated 8 times.
INFO: [Physopt 32-81] Processed net gen_olanes[0].vec_lane_reg_n_0_[0][54]. Replicated 8 times.
INFO: [Physopt 32-81] Processed net gen_olanes[0].vec_lane_reg_n_0_[0][50]. Replicated 9 times.
INFO: [Physopt 32-81] Processed net gen_olanes[0].vec_lane_reg_n_0_[0][53]. Replicated 8 times.
INFO: [Physopt 32-81] Processed net gen_olanes[0].vec_lane_reg_n_0_[0][51]. Replicated 9 times.
INFO: [Physopt 32-81] Processed net gen_olanes[0].vec_lane_reg_n_0_[0][49]. Replicated 8 times.
INFO: [Physopt 32-81] Processed net gen_olanes[0].vec_lane_reg_n_0_[0][48]. Replicated 9 times.
INFO: [Physopt 32-232] Optimized 57 nets. Created 509 new instances.
INFO: [Physopt 32-775] End 1 Pass. Optimized 57 nets or cells. Created 509 new cells, deleted 0 existing cell and moved 0 existing cell
Netlist sorting complete. Time (s): cpu = 00:00:01 ; elapsed = 00:00:00.365 . Memory (MB): peak = 6831.355 ; gain = 0.000
INFO: [Physopt 32-46] Identified 49 candidate nets for critical-cell optimization.
INFO: [Physopt 32-81] Processed net valid_pipe_reg[8][6]_rep__16_n_0. Replicated 3 times.
INFO: [Physopt 32-81] Processed net first_pipe_reg[8][6]_rep__4_n_0. Replicated 3 times.
INFO: [Physopt 32-81] Processed net gen_olanes[7].u_accum/valid_d_reg_rep__2_0. Replicated 2 times.
INFO: [Physopt 32-81] Processed net first_pipe_reg[8][6]_rep__7_n_0. Replicated 3 times.
INFO: [Physopt 32-81] Processed net gen_olanes[7].u_accum/valid_d_reg_rep__0_0. Replicated 3 times.
INFO: [Physopt 32-81] Processed net gen_olanes[7].u_accum/valid_d_reg_rep__7_0. Replicated 3 times.
INFO: [Physopt 32-81] Processed net gen_olanes[7].u_accum/valid_d_reg_rep_0. Replicated 5 times.
INFO: [Physopt 32-81] Processed net first_pipe_reg[8][6]_rep__6_n_0. Replicated 3 times.
INFO: [Physopt 32-81] Processed net valid_pipe_reg[8][6]_rep__10_n_0. Replicated 2 times.
INFO: [Physopt 32-81] Processed net first_pipe_reg[8][6]_rep__8_n_0. Replicated 4 times.
INFO: [Physopt 32-81] Processed net gen_olanes[7].u_accum/CEP. Replicated 2 times.
INFO: [Physopt 32-81] Processed net gen_olanes[7].u_accum/valid_d_reg_rep__1_0. Replicated 3 times.
INFO: [Physopt 32-81] Processed net gen_olanes[7].u_accum/valid_d_reg_rep__8_0. Replicated 2 times.
INFO: [Physopt 32-81] Processed net first_pipe_reg[8][6]_rep__5_n_0. Replicated 3 times.
INFO: [Physopt 32-81] Processed net valid_pipe_reg[8][6]_rep__11_n_0. Replicated 3 times.
INFO: [Physopt 32-81] Processed net gen_olanes[7].u_accum/valid_d_reg_rep__9_0. Replicated 2 times.
INFO: [Physopt 32-81] Processed net valid_pipe_reg[8][6]_rep__0_n_0. Replicated 1 times.
INFO: [Physopt 32-81] Processed net valid_pipe_reg[8][6]_rep__14_n_0. Replicated 1 times.
INFO: [Physopt 32-81] Processed net first_pipe_reg[8][6]_rep__0_n_0. Replicated 3 times.
INFO: [Physopt 32-81] Processed net valid_pipe_reg[8][6]_rep__17_n_0. Replicated 6 times.
INFO: [Physopt 32-81] Processed net valid_pipe_reg[8][6]_rep__20_n_0. Replicated 1 times.
INFO: [Physopt 32-81] Processed net gen_olanes[7].u_accum/valid_d_reg_rep__10_0. Replicated 2 times.
INFO: [Physopt 32-81] Processed net gen_olanes[7].u_accum/valid_d_reg_rep__4_0. Replicated 2 times.
INFO: [Physopt 32-81] Processed net valid_pipe_reg[8][6]_rep__23_n_0. Replicated 2 times.
INFO: [Physopt 32-81] Processed net valid_pipe_reg[8][6]_rep__15_n_0. Replicated 6 times.
INFO: [Physopt 32-81] Processed net valid_pipe_reg[8][6]_rep__13_n_0. Replicated 4 times.
INFO: [Physopt 32-601] Processed net valid_pipe_reg[8][6]_rep_n_0. Net driver valid_pipe_reg[8][6]_rep was replaced.
INFO: [Physopt 32-81] Processed net first_pipe_reg[8][6]_rep__9_n_0. Replicated 3 times.
INFO: [Physopt 32-81] Processed net first_pipe_reg[8][6]_rep__2_n_0. Replicated 3 times.
INFO: [Physopt 32-81] Processed net first_pipe_reg[8][6]_rep_n_0. Replicated 2 times.
INFO: [Physopt 32-81] Processed net valid_pipe_reg[8][6]_rep__9_n_0. Replicated 2 times.
INFO: [Physopt 32-81] Processed net first_pipe_reg[8][6]_rep__11_n_0. Replicated 2 times.
INFO: [Physopt 32-81] Processed net gen_olanes[7].u_accum/valid_d_reg_rep__6_0. Replicated 1 times.
INFO: [Physopt 32-81] Processed net valid_pipe_reg[8][6]_rep__12_n_0. Replicated 2 times.
INFO: [Physopt 32-81] Processed net valid_pipe_reg[8][6]_rep__19_n_0. Replicated 1 times.
INFO: [Physopt 32-81] Processed net gen_olanes[7].u_accum/valid_d_reg_rep__3_0. Replicated 1 times.
INFO: [Common 17-14] Message 'Physopt 32-81' appears 100 times and further instances of the messages will be disabled. Use the Tcl command set_msg_config to change the current settings.
INFO: [Physopt 32-601] Processed net first_pipe_reg[8][6]_rep__1_n_0. Net driver first_pipe_reg[8][6]_rep__1 was replaced.
INFO: [Physopt 32-232] Optimized 49 nets. Created 113 new instances.
INFO: [Physopt 32-775] End 1 Pass. Optimized 49 nets or cells. Created 113 new cells, deleted 0 existing cell and moved 0 existing cell
Netlist sorting complete. Time (s): cpu = 00:00:00 ; elapsed = 00:00:00.105 . Memory (MB): peak = 6831.355 ; gain = 0.000
INFO: [Physopt 32-457] Pass 1. Identified 50 candidate cells for DSP register optimization.
INFO: [Physopt 32-665] Processed cell gen_olanes[122].u_dot8/gen_dsp_mult[7].u_mult/dsp_i. 8 registers were pushed out.
INFO: [Physopt 32-665] Processed cell gen_olanes[117].u_dot8/gen_dsp_mult[4].u_mult/dsp_i. 8 registers were pushed out.
INFO: [Physopt 32-665] Processed cell gen_olanes[71].u_dot8/gen_dsp_mult[4].u_mult/dsp_i. 8 registers were pushed out.
INFO: [Physopt 32-665] Processed cell gen_olanes[124].u_dot8/gen_dsp_mult[4].u_mult/dsp_i. 8 registers were pushed out.
INFO: [Physopt 32-665] Processed cell gen_olanes[123].u_dot8/gen_dsp_mult[4].u_mult/dsp_i. 8 registers were pushed out.
INFO: [Physopt 32-665] Processed cell gen_olanes[118].u_dot8/gen_dsp_mult[4].u_mult/dsp_i. 8 registers were pushed out.
INFO: [Physopt 32-665] Processed cell gen_olanes[34].u_dot8/gen_dsp_mult[7].u_mult/dsp_i. 8 registers were pushed out.
INFO: [Physopt 32-665] Processed cell gen_olanes[42].u_dot8/gen_dsp_mult[4].u_mult/dsp_i. 8 registers were pushed out.
INFO: [Physopt 32-665] Processed cell gen_olanes[120].u_dot8/gen_dsp_mult[4].u_mult/dsp_i. 8 registers were pushed out.
INFO: [Physopt 32-665] Processed cell gen_olanes[124].u_dot8/gen_dsp_mult[7].u_mult/dsp_i. 8 registers were pushed out.
INFO: [Physopt 32-665] Processed cell gen_olanes[74].u_dot8/gen_dsp_mult[4].u_mult/dsp_i. 8 registers were pushed out.
INFO: [Physopt 32-665] Processed cell gen_olanes[70].u_dot8/gen_dsp_mult[4].u_mult/dsp_i. 8 registers were pushed out.
INFO: [Physopt 32-665] Processed cell gen_olanes[118].u_dot8/gen_dsp_mult[7].u_mult/dsp_i. 8 registers were pushed out.
INFO: [Physopt 32-665] Processed cell gen_olanes[28].u_dot8/gen_dsp_mult[4].u_mult/dsp_i. 8 registers were pushed out.
INFO: [Physopt 32-665] Processed cell gen_olanes[23].u_dot8/gen_dsp_mult[7].u_mult/dsp_i. 8 registers were pushed out.
INFO: [Physopt 32-665] Processed cell gen_olanes[69].u_dot8/gen_dsp_mult[4].u_mult/dsp_i. 8 registers were pushed out.
INFO: [Physopt 32-665] Processed cell gen_olanes[24].u_dot8/gen_dsp_mult[4].u_mult/dsp_i. 8 registers were pushed out.
INFO: [Physopt 32-665] Processed cell gen_olanes[120].u_dot8/gen_dsp_mult[7].u_mult/dsp_i. 8 registers were pushed out.
INFO: [Physopt 32-665] Processed cell gen_olanes[121].u_dot8/gen_dsp_mult[7].u_mult/dsp_i. 8 registers were pushed out.
INFO: [Physopt 32-665] Processed cell gen_olanes[56].u_dot8/gen_dsp_mult[7].u_mult/dsp_i. 8 registers were pushed out.
INFO: [Physopt 32-665] Processed cell gen_olanes[99].u_dot8/gen_dsp_mult[4].u_mult/dsp_i. 8 registers were pushed out.
INFO: [Physopt 32-665] Processed cell gen_olanes[90].u_dot8/gen_dsp_mult[2].u_mult/dsp_i. 8 registers were pushed out.
INFO: [Physopt 32-665] Processed cell gen_olanes[10].u_dot8/gen_dsp_mult[7].u_mult/dsp_i. 8 registers were pushed out.
INFO: [Physopt 32-665] Processed cell gen_olanes[102].u_dot8/gen_dsp_mult[7].u_mult/dsp_i. 8 registers were pushed out.
INFO: [Physopt 32-665] Processed cell gen_olanes[73].u_dot8/gen_dsp_mult[4].u_mult/dsp_i. 8 registers were pushed out.
INFO: [Physopt 32-665] Processed cell gen_olanes[127].u_dot8/gen_dsp_mult[7].u_mult/dsp_i. 8 registers were pushed out.
INFO: [Physopt 32-665] Processed cell gen_olanes[102].u_dot8/gen_dsp_mult[4].u_mult/dsp_i. 8 registers were pushed out.
INFO: [Physopt 32-665] Processed cell gen_olanes[7].u_dot8/gen_dsp_mult[1].u_mult/dsp_i. 8 registers were pushed out.
INFO: [Physopt 32-665] Processed cell gen_olanes[38].u_dot8/gen_dsp_mult[4].u_mult/dsp_i. 8 registers were pushed out.
INFO: [Physopt 32-665] Processed cell gen_olanes[4].u_dot8/gen_dsp_mult[7].u_mult/dsp_i. 8 registers were pushed out.
INFO: [Physopt 32-665] Processed cell gen_olanes[31].u_dot8/gen_dsp_mult[4].u_mult/dsp_i. 8 registers were pushed out.
INFO: [Physopt 32-665] Processed cell gen_olanes[127].u_accum/dsp_accum_i. 19 registers were pushed out.
INFO: [Physopt 32-665] Processed cell gen_olanes[47].u_dot8/gen_dsp_mult[7].u_mult/dsp_i. 8 registers were pushed out.
INFO: [Physopt 32-665] Processed cell gen_olanes[76].u_dot8/gen_dsp_mult[7].u_mult/dsp_i. 8 registers were pushed out.
INFO: [Physopt 32-665] Processed cell gen_olanes[79].u_dot8/gen_dsp_mult[7].u_mult/dsp_i. 8 registers were pushed out.
INFO: [Physopt 32-665] Processed cell gen_olanes[31].u_dot8/gen_dsp_mult[7].u_mult/dsp_i. 8 registers were pushed out.
INFO: [Physopt 32-665] Processed cell gen_olanes[124].u_dot8/gen_dsp_mult[6].u_mult/dsp_i. 8 registers were pushed out.
INFO: [Physopt 32-665] Processed cell gen_olanes[81].u_dot8/gen_dsp_mult[4].u_mult/dsp_i. 8 registers were pushed out.
INFO: [Physopt 32-665] Processed cell gen_olanes[95].u_dot8/gen_dsp_mult[7].u_mult/dsp_i. 8 registers were pushed out.
INFO: [Physopt 32-665] Processed cell gen_olanes[109].u_dot8/gen_dsp_mult[7].u_mult/dsp_i. 8 registers were pushed out.
INFO: [Physopt 32-665] Processed cell gen_olanes[41].u_dot8/gen_dsp_mult[4].u_mult/dsp_i. 8 registers were pushed out.
INFO: [Physopt 32-665] Processed cell gen_olanes[115].u_dot8/gen_dsp_mult[4].u_mult/dsp_i. 8 registers were pushed out.
INFO: [Physopt 32-665] Processed cell gen_olanes[30].u_dot8/gen_dsp_mult[4].u_mult/dsp_i. 8 registers were pushed out.
INFO: [Physopt 32-665] Processed cell gen_olanes[33].u_dot8/gen_dsp_mult[6].u_mult/dsp_i. 8 registers were pushed out.
INFO: [Physopt 32-665] Processed cell gen_olanes[71].u_dot8/gen_dsp_mult[7].u_mult/dsp_i. 8 registers were pushed out.
INFO: [Physopt 32-665] Processed cell gen_olanes[35].u_dot8/gen_dsp_mult[5].u_mult/dsp_i. 8 registers were pushed out.
INFO: [Physopt 32-665] Processed cell gen_olanes[36].u_dot8/gen_dsp_mult[4].u_mult/dsp_i. 8 registers were pushed out.
INFO: [Physopt 32-665] Processed cell gen_olanes[79].u_dot8/gen_dsp_mult[4].u_mult/dsp_i. 8 registers were pushed out.
INFO: [Physopt 32-665] Processed cell gen_olanes[7].u_dot8/gen_dsp_mult[3].u_mult/dsp_i. 8 registers were pushed out.
INFO: [Physopt 32-665] Processed cell gen_olanes[105].u_dot8/gen_dsp_mult[0].u_mult/dsp_i. 8 registers were pushed out.
INFO: [Physopt 32-457] Pass 2. Identified 50 candidate cells for DSP register optimization.
INFO: [Physopt 32-665] Processed cell gen_olanes[120].u_dot8/gen_dsp_mult[6].u_mult/dsp_i. 8 registers were pushed out.
INFO: [Physopt 32-665] Processed cell gen_olanes[123].u_dot8/gen_dsp_mult[6].u_mult/dsp_i. 8 registers were pushed out.
INFO: [Physopt 32-665] Processed cell gen_olanes[72].u_dot8/gen_dsp_mult[4].u_mult/dsp_i. 8 registers were pushed out.
INFO: [Physopt 32-665] Processed cell gen_olanes[116].u_dot8/gen_dsp_mult[7].u_mult/dsp_i. 8 registers were pushed out.
INFO: [Physopt 32-665] Processed cell gen_olanes[110].u_dot8/gen_dsp_mult[4].u_mult/dsp_i. 8 registers were pushed out.
INFO: [Physopt 32-665] Processed cell gen_olanes[40].u_dot8/gen_dsp_mult[4].u_mult/dsp_i. 8 registers were pushed out.
INFO: [Physopt 32-665] Processed cell gen_olanes[41].u_dot8/gen_dsp_mult[7].u_mult/dsp_i. 8 registers were pushed out.
INFO: [Physopt 32-665] Processed cell gen_olanes[64].u_dot8/gen_dsp_mult[7].u_mult/dsp_i. 8 registers were pushed out.
INFO: [Physopt 32-665] Processed cell gen_olanes[73].u_dot8/gen_dsp_mult[7].u_mult/dsp_i. 8 registers were pushed out.
INFO: [Physopt 32-665] Processed cell gen_olanes[32].u_dot8/gen_dsp_mult[6].u_mult/dsp_i. 8 registers were pushed out.
INFO: [Physopt 32-665] Processed cell gen_olanes[32].u_dot8/gen_dsp_mult[4].u_mult/dsp_i. 8 registers were pushed out.
INFO: [Physopt 32-665] Processed cell gen_olanes[19].u_dot8/gen_dsp_mult[7].u_mult/dsp_i. 8 registers were pushed out.
INFO: [Physopt 32-665] Processed cell gen_olanes[127].u_dot8/gen_dsp_mult[4].u_mult/dsp_i. 8 registers were pushed out.
INFO: [Physopt 32-665] Processed cell gen_olanes[78].u_accum/dsp_accum_i. 19 registers were pushed out.
INFO: [Physopt 32-665] Processed cell gen_olanes[100].u_dot8/gen_dsp_mult[4].u_mult/dsp_i. 8 registers were pushed out.
INFO: [Physopt 32-665] Processed cell gen_olanes[25].u_dot8/gen_dsp_mult[7].u_mult/dsp_i. 8 registers were pushed out.
INFO: [Physopt 32-665] Processed cell gen_olanes[119].u_dot8/gen_dsp_mult[7].u_mult/dsp_i. 8 registers were pushed out.
INFO: [Physopt 32-666] Processed cell gen_olanes[102].u_dot8/gen_dsp_mult[6].u_mult/dsp_i. No change.
INFO: [Physopt 32-665] Processed cell gen_olanes[66].u_dot8/gen_dsp_mult[0].u_mult/dsp_i. 8 registers were pushed out.
INFO: [Physopt 32-666] Processed cell gen_olanes[34].u_dot8/gen_dsp_mult[6].u_mult/dsp_i. No change.
INFO: [Physopt 32-665] Processed cell gen_olanes[121].u_dot8/gen_dsp_mult[4].u_mult/dsp_i. 8 registers were pushed out.
INFO: [Physopt 32-665] Processed cell gen_olanes[66].u_dot8/gen_dsp_mult[3].u_mult/dsp_i. 8 registers were pushed out.
INFO: [Physopt 32-665] Processed cell gen_olanes[84].u_dot8/gen_dsp_mult[1].u_mult/dsp_i. 8 registers were pushed out.
INFO: [Physopt 32-665] Processed cell gen_olanes[35].u_dot8/gen_dsp_mult[4].u_mult/dsp_i. 8 registers were pushed out.
INFO: [Physopt 32-665] Processed cell gen_olanes[41].u_dot8/gen_dsp_mult[7].u_mult/dsp_i. 8 registers were pushed out.
INFO: [Physopt 32-665] Processed cell gen_olanes[7].u_dot8/gen_dsp_mult[0].u_mult/dsp_i. 8 registers were pushed out.
INFO: [Physopt 32-665] Processed cell gen_olanes[85].u_dot8/gen_dsp_mult[1].u_mult/dsp_i. 8 registers were pushed out.
INFO: [Physopt 32-665] Processed cell gen_olanes[28].u_dot8/gen_dsp_mult[7].u_mult/dsp_i. 8 registers were pushed out.
INFO: [Physopt 32-665] Processed cell gen_olanes[105].u_dot8/gen_dsp_mult[3].u_mult/dsp_i. 8 registers were pushed out.
INFO: [Physopt 32-665] Processed cell gen_olanes[99].u_dot8/gen_dsp_mult[7].u_mult/dsp_i. 8 registers were pushed out.
INFO: [Physopt 32-665] Processed cell gen_olanes[125].u_dot8/gen_dsp_mult[4].u_mult/dsp_i. 8 registers were pushed out.
INFO: [Physopt 32-665] Processed cell gen_olanes[30].u_dot8/gen_dsp_mult[7].u_mult/dsp_i. 8 registers were pushed out.
INFO: [Physopt 32-665] Processed cell gen_olanes[85].u_dot8/gen_dsp_mult[0].u_mult/dsp_i. 8 registers were pushed out.
INFO: [Physopt 32-665] Processed cell gen_olanes[38].u_dot8/gen_dsp_mult[5].u_mult/dsp_i. 8 registers were pushed out.
INFO: [Physopt 32-665] Processed cell gen_olanes[113].u_dot8/gen_dsp_mult[7].u_mult/dsp_i. 8 registers were pushed out.
INFO: [Physopt 32-665] Processed cell gen_olanes[90].u_dot8/gen_dsp_mult[7].u_mult/dsp_i. 8 registers were pushed out.
INFO: [Physopt 32-665] Processed cell gen_olanes[90].u_dot8/gen_dsp_mult[4].u_mult/dsp_i. 8 registers were pushed out.
INFO: [Physopt 32-665] Processed cell gen_olanes[79].u_dot8/gen_dsp_mult[6].u_mult/dsp_i. 8 registers were pushed out.
INFO: [Physopt 32-665] Processed cell gen_olanes[75].u_dot8/gen_dsp_mult[7].u_mult/dsp_i. 8 registers were pushed out.
INFO: [Physopt 32-666] Processed cell gen_olanes[119].u_dot8/gen_dsp_mult[5].u_mult/dsp_i. No change.
INFO: [Physopt 32-665] Processed cell gen_olanes[36].u_dot8/gen_dsp_mult[7].u_mult/dsp_i. 8 registers were pushed out.
INFO: [Physopt 32-665] Processed cell gen_olanes[72].u_dot8/gen_dsp_mult[7].u_mult/dsp_i. 8 registers were pushed out.
INFO: [Physopt 32-665] Processed cell gen_olanes[77].u_dot8/gen_dsp_mult[6].u_mult/dsp_i. 8 registers were pushed out.
INFO: [Physopt 32-665] Processed cell gen_olanes[93].u_dot8/gen_dsp_mult[7].u_mult/dsp_i. 8 registers were pushed out.
INFO: [Physopt 32-665] Processed cell gen_olanes[43].u_dot8/gen_dsp_mult[7].u_mult/dsp_i. 8 registers were pushed out.
INFO: [Physopt 32-665] Processed cell gen_olanes[81].u_dot8/gen_dsp_mult[7].u_mult/dsp_i. 8 registers were pushed out.
INFO: [Physopt 32-665] Processed cell gen_olanes[125].u_dot8/gen_dsp_mult[7].u_mult/dsp_i. 8 registers were pushed out.
INFO: [Physopt 32-665] Processed cell gen_olanes[38].u_dot8/gen_dsp_mult[4].u_mult/dsp_i. 8 registers were pushed out.
INFO: [Physopt 32-665] Processed cell gen_olanes[74].u_dot8/gen_dsp_mult[7].u_mult/dsp_i. 8 registers were pushed out.
INFO: [Physopt 32-665] Processed cell gen_olanes[16].u_dot8/gen_dsp_mult[2].u_mult/dsp_i. 8 registers were pushed out.
INFO: [Physopt 32-775] End 2 Pass. Optimized 97 nets or cells. Created 798 new cells, deleted 0 existing cell and moved 0 existing cell
Netlist sorting complete. Time (s): cpu = 00:00:01 ; elapsed = 00:00:00.199 . Memory (MB): peak = 6831.355 ; gain = 0.000
INFO: [Physopt 32-1123] No candidate cells found for Shift Register to Pipeline optimization
INFO: [Physopt 32-775] End 2 Pass. Optimized 0 net or cell. Created 0 new cell, deleted 0 existing cell and moved 0 existing cell
INFO: [Physopt 32-1401] No candidate cells found for Shift Register optimization.
INFO: [Physopt 32-677] No candidate cells for Shift Register optimization found in the design
INFO: [Physopt 32-775] End 1 Pass. Optimized 0 net or cell. Created 0 new cell, deleted 0 existing cell and moved 0 existing cell
INFO: [Physopt 32-527] Pass 1: Identified 90 candidate cells for BRAM register optimization
INFO: [Physopt 32-666] Processed cell gen_olanes[35].u_mat_mem/mem_array_reg. No change.
INFO: [Physopt 32-666] Processed cell u_vec_mem/mem_array_reg. No change.
INFO: [Physopt 32-666] Processed cell gen_olanes[124].u_mat_mem/mem_array_reg. No change.
INFO: [Physopt 32-666] Processed cell gen_olanes[38].u_mat_mem/mem_array_reg. No change.
INFO: [Physopt 32-666] Processed cell gen_olanes[123].u_mat_mem/mem_array_reg. No change.
INFO: [Physopt 32-666] Processed cell gen_olanes[65].u_mat_mem/mem_array_reg. No change.
INFO: [Physopt 32-666] Processed cell gen_olanes[120].u_mat_mem/mem_array_reg. No change.
INFO: [Physopt 32-666] Processed cell gen_olanes[105].u_mat_mem/mem_array_reg. No change.
INFO: [Physopt 32-666] Processed cell gen_olanes[3].u_mat_mem/mem_array_reg. No change.
INFO: [Physopt 32-666] Processed cell gen_olanes[7].u_mat_mem/mem_array_reg. No change.
INFO: [Physopt 32-666] Processed cell gen_olanes[90].u_mat_mem/mem_array_reg. No change.
INFO: [Physopt 32-666] Processed cell gen_olanes[104].u_mat_mem/mem_array_reg. No change.
INFO: [Physopt 32-666] Processed cell gen_olanes[116].u_mat_mem/mem_array_reg. No change.
INFO: [Physopt 32-666] Processed cell gen_olanes[126].u_mat_mem/mem_array_reg. No change.
INFO: [Physopt 32-666] Processed cell gen_olanes[82].u_mat_mem/mem_array_reg. No change.
INFO: [Physopt 32-666] Processed cell gen_olanes[47].u_mat_mem/mem_array_reg. No change.
INFO: [Physopt 32-666] Processed cell gen_olanes[20].u_mat_mem/mem_array_reg. No change.
INFO: [Physopt 32-666] Processed cell gen_olanes[84].u_mat_mem/mem_array_reg. No change.
INFO: [Physopt 32-666] Processed cell gen_olanes[32].u_mat_mem/mem_array_reg. No change.
INFO: [Physopt 32-666] Processed cell gen_olanes[81].u_mat_mem/mem_array_reg. No change.
INFO: [Physopt 32-666] Processed cell gen_olanes[41].u_mat_mem/mem_array_reg. No change.
INFO: [Physopt 32-666] Processed cell gen_olanes[42].u_mat_mem/mem_array_reg. No change.
INFO: [Physopt 32-666] Processed cell gen_olanes[100].u_mat_mem/mem_array_reg. No change.
INFO: [Physopt 32-666] Processed cell gen_olanes[85].u_mat_mem/mem_array_reg. No change.
INFO: [Physopt 32-666] Processed cell gen_olanes[117].u_mat_mem/mem_array_reg. No change.
INFO: [Physopt 32-666] Processed cell gen_olanes[91].u_mat_mem/mem_array_reg. No change.
INFO: [Physopt 32-666] Processed cell gen_olanes[36].u_mat_mem/mem_array_reg. No change.
INFO: [Physopt 32-666] Processed cell gen_olanes[112].u_mat_mem/mem_array_reg. No change.
INFO: [Physopt 32-666] Processed cell gen_olanes[108].u_mat_mem/mem_array_reg. No change.
INFO: [Physopt 32-666] Processed cell gen_olanes[110].u_mat_mem/mem_array_reg. No change.
INFO: [Physopt 32-666] Processed cell gen_olanes[77].u_mat_mem/mem_array_reg. No change.
INFO: [Physopt 32-666] Processed cell gen_olanes[114].u_mat_mem/mem_array_reg. No change.
INFO: [Physopt 32-666] Processed cell gen_olanes[49].u_mat_mem/mem_array_reg. No change.
INFO: [Physopt 32-666] Processed cell gen_olanes[23].u_mat_mem/mem_array_reg. No change.
INFO: [Physopt 32-666] Processed cell gen_olanes[24].u_mat_mem/mem_array_reg. No change.
INFO: [Physopt 32-666] Processed cell gen_olanes[73].u_mat_mem/mem_array_reg. No change.
INFO: [Physopt 32-666] Processed cell gen_olanes[99].u_mat_mem/mem_array_reg. No change.
INFO: [Physopt 32-666] Processed cell gen_olanes[34].u_mat_mem/mem_array_reg. No change.
INFO: [Physopt 32-666] Processed cell gen_olanes[78].u_mat_mem/mem_array_reg. No change.
INFO: [Physopt 32-666] Processed cell gen_olanes[80].u_mat_mem/mem_array_reg. No change.
INFO: [Physopt 32-666] Processed cell gen_olanes[61].u_mat_mem/mem_array_reg. No change.
INFO: [Physopt 32-666] Processed cell gen_olanes[4].u_mat_mem/mem_array_reg. No change.
INFO: [Physopt 32-666] Processed cell gen_olanes[93].u_mat_mem/mem_array_reg. No change.
INFO: [Physopt 32-666] Processed cell gen_olanes[92].u_mat_mem/mem_array_reg. No change.
INFO: [Physopt 32-666] Processed cell gen_olanes[106].u_mat_mem/mem_array_reg. No change.
INFO: [Physopt 32-666] Processed cell gen_olanes[95].u_mat_mem/mem_array_reg. No change.
INFO: [Physopt 32-666] Processed cell gen_olanes[66].u_mat_mem/mem_array_reg. No change.
INFO: [Physopt 32-666] Processed cell gen_olanes[16].u_mat_mem/mem_array_reg. No change.
INFO: [Physopt 32-666] Processed cell gen_olanes[62].u_mat_mem/mem_array_reg. No change.
INFO: [Physopt 32-666] Processed cell gen_olanes[59].u_mat_mem/mem_array_reg. No change.
INFO: [Physopt 32-666] Processed cell gen_olanes[43].u_mat_mem/mem_array_reg. No change.
INFO: [Physopt 32-666] Processed cell gen_olanes[86].u_mat_mem/mem_array_reg. No change.
INFO: [Physopt 32-666] Processed cell gen_olanes[89].u_mat_mem/mem_array_reg. No change.
INFO: [Physopt 32-666] Processed cell gen_olanes[102].u_mat_mem/mem_array_reg. No change.
INFO: [Physopt 32-666] Processed cell gen_olanes[79].u_mat_mem/mem_array_reg. No change.
INFO: [Physopt 32-666] Processed cell gen_olanes[11].u_mat_mem/mem_array_reg. No change.
INFO: [Physopt 32-666] Processed cell gen_olanes[107].u_mat_mem/mem_array_reg. No change.
INFO: [Physopt 32-666] Processed cell gen_olanes[40].u_mat_mem/mem_array_reg. No change.
INFO: [Physopt 32-666] Processed cell gen_olanes[33].u_mat_mem/mem_array_reg. No change.
INFO: [Physopt 32-666] Processed cell gen_olanes[22].u_mat_mem/mem_array_reg. No change.
INFO: [Physopt 32-666] Processed cell gen_olanes[111].u_mat_mem/mem_array_reg. No change.
INFO: [Physopt 32-666] Processed cell gen_olanes[113].u_mat_mem/mem_array_reg. No change.
INFO: [Physopt 32-666] Processed cell gen_olanes[58].u_mat_mem/mem_array_reg. No change.
INFO: [Physopt 32-666] Processed cell gen_olanes[12].u_mat_mem/mem_array_reg. No change.
INFO: [Physopt 32-666] Processed cell gen_olanes[101].u_mat_mem/mem_array_reg. No change.
INFO: [Physopt 32-666] Processed cell gen_olanes[14].u_mat_mem/mem_array_reg. No change.
INFO: [Physopt 32-666] Processed cell gen_olanes[68].u_mat_mem/mem_array_reg. No change.
INFO: [Physopt 32-666] Processed cell gen_olanes[72].u_mat_mem/mem_array_reg. No change.
INFO: [Physopt 32-666] Processed cell gen_olanes[6].u_mat_mem/mem_array_reg. No change.
INFO: [Physopt 32-666] Processed cell gen_olanes[69].u_mat_mem/mem_array_reg. No change.
INFO: [Physopt 32-666] Processed cell gen_olanes[31].u_mat_mem/mem_array_reg. No change.
INFO: [Physopt 32-666] Processed cell gen_olanes[115].u_mat_mem/mem_array_reg. No change.
INFO: [Physopt 32-666] Processed cell gen_olanes[63].u_mat_mem/mem_array_reg. No change.
INFO: [Physopt 32-666] Processed cell gen_olanes[67].u_mat_mem/mem_array_reg. No change.
INFO: [Physopt 32-666] Processed cell gen_olanes[122].u_mat_mem/mem_array_reg. No change.
INFO: [Physopt 32-666] Processed cell gen_olanes[87].u_mat_mem/mem_array_reg. No change.
INFO: [Physopt 32-666] Processed cell gen_olanes[46].u_mat_mem/mem_array_reg. No change.
INFO: [Physopt 32-666] Processed cell gen_olanes[10].u_mat_mem/mem_array_reg. No change.
INFO: [Physopt 32-666] Processed cell gen_olanes[98].u_mat_mem/mem_array_reg. No change.
INFO: [Physopt 32-666] Processed cell gen_olanes[83].u_mat_mem/mem_array_reg. No change.
INFO: [Physopt 32-666] Processed cell gen_olanes[18].u_mat_mem/mem_array_reg. No change.
INFO: [Physopt 32-666] Processed cell gen_olanes[54].u_mat_mem/mem_array_reg. No change.
INFO: [Physopt 32-666] Processed cell gen_olanes[13].u_mat_mem/mem_array_reg. No change.
INFO: [Physopt 32-666] Processed cell gen_olanes[45].u_mat_mem/mem_array_reg. No change.
INFO: [Physopt 32-666] Processed cell gen_olanes[17].u_mat_mem/mem_array_reg. No change.
INFO: [Physopt 32-666] Processed cell gen_olanes[15].u_mat_mem/mem_array_reg. No change.
INFO: [Physopt 32-666] Processed cell gen_olanes[21].u_mat_mem/mem_array_reg. No change.
INFO: [Physopt 32-666] Processed cell gen_olanes[50].u_mat_mem/mem_array_reg. No change.
INFO: [Physopt 32-666] Processed cell gen_olanes[94].u_mat_mem/mem_array_reg. No change.
INFO: [Physopt 32-666] Processed cell gen_olanes[76].u_mat_mem/mem_array_reg. No change.
INFO: [Physopt 32-775] End 1 Pass. Optimized 0 net or cell. Created 0 new cell, deleted 0 existing cell and moved 0 existing cell
Netlist sorting complete. Time (s): cpu = 00:00:00 ; elapsed = 00:00:00.046 . Memory (MB): peak = 6831.355 ; gain = 0.000
INFO: [Physopt 32-846] No candidate cells for URAM register optimization found in the design
INFO: [Physopt 32-775] End 1 Pass. Optimized 0 net or cell. Created 0 new cell, deleted 0 existing cell and moved 0 existing cell
INFO: [Physopt 32-846] No candidate cells for URAM register optimization found in the design
INFO: [Physopt 32-775] End 1 Pass. Optimized 0 net or cell. Created 0 new cell, deleted 0 existing cell and moved 0 existing cell
INFO: [Physopt 32-949] No candidate nets found for dynamic/static region interface net replication
INFO: [Physopt 32-775] End 1 Pass. Optimized 0 net or cell. Created 0 new cell, deleted 0 existing cell and moved 0 existing cell
Netlist sorting complete. Time (s): cpu = 00:00:00 ; elapsed = 00:00:00.015 . Memory (MB): peak = 6831.355 ; gain = 0.000
INFO: [Physopt 32-699] Instance must be a LUT/FLOP for Replication to be feasible. As, instance u_vec_mem/mem_array_reg is neither, it cannot be replicated.
INFO: [Physopt 32-699] Instance must be a LUT/FLOP for Replication to be feasible. As, instance u_vec_mem/mem_array_reg is neither, it cannot be replicated.
INFO: [Physopt 32-699] Instance must be a LUT/FLOP for Replication to be feasible. As, instance u_vec_mem/mem_array_reg is neither, it cannot be replicated.
INFO: [Physopt 32-699] Instance must be a LUT/FLOP for Replication to be feasible. As, instance u_vec_mem/mem_array_reg is neither, it cannot be replicated.
INFO: [Physopt 32-699] Instance must be a LUT/FLOP for Replication to be feasible. As, instance u_vec_mem/mem_array_reg is neither, it cannot be replicated.
INFO: [Physopt 32-699] Instance must be a LUT/FLOP for Replication to be feasible. As, instance u_vec_mem/mem_array_reg is neither, it cannot be replicated.
INFO: [Physopt 32-699] Instance must be a LUT/FLOP for Replication to be feasible. As, instance u_vec_mem/mem_array_reg is neither, it cannot be replicated.
INFO: [Physopt 32-699] Instance must be a LUT/FLOP for Replication to be feasible. As, instance u_vec_mem/mem_array_reg is neither, it cannot be replicated.
INFO: [Physopt 32-68] No nets found for critical-cell optimization.
INFO: [Physopt 32-232] Optimized 0 net. Created 0 new instance.
INFO: [Physopt 32-775] End 1 Pass. Optimized 0 net or cell. Created 0 new cell, deleted 0 existing cell and moved 0 existing cell
Netlist sorting complete. Time (s): cpu = 00:00:01 ; elapsed = 00:00:00.014 . Memory (MB): peak = 6831.355 ; gain = 0.000

Summary of Physical Synthesis Optimizations
============================================


-----------------------------------------------------------------------------------------------------------------------------------------------------------
|  Optimization                                     |  Added Cells  |  Removed Cells  |  Optimized Cells/Nets  |  Dont Touch  |  Iterations  |  Elapsed   |
-----------------------------------------------------------------------------------------------------------------------------------------------------------
|  LUT Combining                                    |            0  |              6  |                     6  |           0  |           1  |  00:00:00  |
|  Retime                                           |            0  |              0  |                     0  |           0  |           1  |  00:00:00  |
|  Equivalent Driver Rewiring                       |            0  |              1  |                     1  |           0  |           1  |  00:00:00  |
|  Very High Fanout                                 |          127  |              0  |                     8  |           0  |           1  |  00:00:05  |
|  Fanout                                           |          509  |              0  |                    57  |           0  |           1  |  00:00:19  |
|  Critical Cell                                    |          113  |              0  |                    49  |           0  |           1  |  00:00:02  |
|  DSP Register                                     |          798  |              0  |                    97  |           0  |           1  |  00:00:09  |
|  Shift Register to Pipeline                       |            0  |              0  |                     0  |           0  |           1  |  00:00:00  |
|  Shift Register                                   |            0  |              0  |                     0  |           0  |           1  |  00:00:00  |
|  BRAM Register                                    |            0  |              0  |                     0  |           0  |           1  |  00:00:12  |
|  URAM Register                                    |            0  |              0  |                     0  |           0  |           1  |  00:00:00  |
|  Dynamic/Static Region Interface Net Replication  |            0  |              0  |                     0  |           0  |           1  |  00:00:00  |
|  Critical Cell                                    |            0  |              0  |                     0  |           0  |           1  |  00:00:00  |
|  Total                                            |         1547  |              7  |                   218  |           0  |          13  |  00:00:49  |
-----------------------------------------------------------------------------------------------------------------------------------------------------------


Phase 2.5.2 Physical Synthesis In Placer | Checksum: 292b45af1

Time (s): cpu = 00:04:44 ; elapsed = 00:03:25 . Memory (MB): peak = 6831.355 ; gain = 1733.551
Phase 2.5 Global Place Phase2 | Checksum: 222904184

Time (s): cpu = 00:05:02 ; elapsed = 00:03:37 . Memory (MB): peak = 6831.355 ; gain = 1733.551
Phase 2 Global Placement | Checksum: 222904184

Time (s): cpu = 00:05:03 ; elapsed = 00:03:37 . Memory (MB): peak = 6831.355 ; gain = 1733.551

Phase 3 Detail Placement

Phase 3.1 Commit Multi Column Macros
Phase 3.1 Commit Multi Column Macros | Checksum: 251fce628

Time (s): cpu = 00:05:18 ; elapsed = 00:03:46 . Memory (MB): peak = 6831.355 ; gain = 1733.551

Phase 3.2 Commit Most Macros & LUTRAMs
Phase 3.2 Commit Most Macros & LUTRAMs | Checksum: 18bec8a73

Time (s): cpu = 00:05:26 ; elapsed = 00:03:51 . Memory (MB): peak = 6831.355 ; gain = 1733.551

Phase 3.3 Small Shape DP

Phase 3.3.1 Small Shape Clustering
Phase 3.3.1 Small Shape Clustering | Checksum: 14d675ca3

Time (s): cpu = 00:06:23 ; elapsed = 00:04:25 . Memory (MB): peak = 6831.355 ; gain = 1733.551

Phase 3.3.2 Slice Area Swap

Phase 3.3.2.1 Slice Area Swap Initial
Phase 3.3.2.1 Slice Area Swap Initial | Checksum: 14ac81eb3

Time (s): cpu = 00:06:36 ; elapsed = 00:04:33 . Memory (MB): peak = 6831.355 ; gain = 1733.551
Phase 3.3.2 Slice Area Swap | Checksum: 14ac81eb3

Time (s): cpu = 00:06:37 ; elapsed = 00:04:33 . Memory (MB): peak = 6831.355 ; gain = 1733.551
Phase 3.3 Small Shape DP | Checksum: 1d5713213

Time (s): cpu = 00:07:00 ; elapsed = 00:04:46 . Memory (MB): peak = 6831.355 ; gain = 1733.551

Phase 3.4 Re-assign LUT pins
Phase 3.4 Re-assign LUT pins | Checksum: 1ca05c036

Time (s): cpu = 00:07:02 ; elapsed = 00:04:47 . Memory (MB): peak = 6831.355 ; gain = 1733.551

Phase 3.5 Pipeline Register Optimization
Phase 3.5 Pipeline Register Optimization | Checksum: 1e7774f8b

Time (s): cpu = 00:07:02 ; elapsed = 00:04:47 . Memory (MB): peak = 6831.355 ; gain = 1733.551

Phase 3.6 Fast Optimization
Phase 3.6 Fast Optimization | Checksum: 1a2851386

Time (s): cpu = 00:07:38 ; elapsed = 00:05:09 . Memory (MB): peak = 6831.355 ; gain = 1733.551
Phase 3 Detail Placement | Checksum: 1a2851386

Time (s): cpu = 00:07:39 ; elapsed = 00:05:09 . Memory (MB): peak = 6831.355 ; gain = 1733.551

Phase 4 Post Placement Optimization and Clean-Up

Phase 4.1 Post Commit Optimization
INFO: [Timing 38-35] Done setting XDC timing constraints.

Phase 4.1.1 Post Placement Optimization
Post Placement Optimization Initialization | Checksum: 1d8544ffe

Phase 4.1.1.1 BUFG Insertion

Starting Physical Synthesis Task

Phase 1 Physical Synthesis Initialization
INFO: [Physopt 32-721] Multithreading enabled for phys_opt_design using a maximum of 2 CPUs
INFO: [Physopt 32-619] Estimated Timing Summary | WNS=-1.911 | TNS=-46869.234 |
Phase 1 Physical Synthesis Initialization | Checksum: 1c96fd52a

Time (s): cpu = 00:00:07 ; elapsed = 00:00:04 . Memory (MB): peak = 6831.355 ; gain = 0.000
INFO: [Place 30-3162] Check ILP status : ILP-based clock placer completed successfully.
INFO: [Place 30-3162] Check ILP status : ILP-based clock placer completed successfully.
INFO: [Place 46-35] Processed net gen_olanes[55].u_dot8/p_0_in, inserted BUFG to drive 16904 loads.
INFO: [Place 46-56] BUFG insertion identified 1 candidate nets. Inserted BUFG: 1, Replicated BUFG Driver: 0, Skipped due to Placement/Routing Conflicts: 0, Skipped due to Timing Degradation: 0, Skipped due to netlist editing failed: 0.
Ending Physical Synthesis Task | Checksum: 219484367

Time (s): cpu = 00:00:15 ; elapsed = 00:00:09 . Memory (MB): peak = 6831.355 ; gain = 0.000
Phase 4.1.1.1 BUFG Insertion | Checksum: 20a9c5841

Time (s): cpu = 00:09:20 ; elapsed = 00:06:28 . Memory (MB): peak = 6831.355 ; gain = 1733.551

Phase 4.1.1.2 Post Placement Timing Optimization
INFO: [Place 30-746] Post Placement Timing Summary WNS=-1.117. For the most accurate timing information please run report_timing.
Phase 4.1.1.2 Post Placement Timing Optimization | Checksum: 2b1ade356

Time (s): cpu = 00:09:50 ; elapsed = 00:06:58 . Memory (MB): peak = 6831.355 ; gain = 1733.551

Time (s): cpu = 00:09:50 ; elapsed = 00:06:58 . Memory (MB): peak = 6831.355 ; gain = 1733.551
Phase 4.1 Post Commit Optimization | Checksum: 2b1ade356

Time (s): cpu = 00:09:51 ; elapsed = 00:06:58 . Memory (MB): peak = 6831.355 ; gain = 1733.551
Netlist sorting complete. Time (s): cpu = 00:00:00 ; elapsed = 00:00:00.068 . Memory (MB): peak = 6831.355 ; gain = 0.000

Phase 4.2 Post Placement Cleanup
Phase 4.2 Post Placement Cleanup | Checksum: 2303f0cee

Time (s): cpu = 00:10:06 ; elapsed = 00:07:07 . Memory (MB): peak = 6831.355 ; gain = 1733.551

Phase 4.3 Placer Reporting

Phase 4.3.1 Print Estimated Congestion
INFO: [Place 30-612] Post-Placement Estimated Congestion 
 ________________________________________________________________________
|           | Global Congestion | Long Congestion   | Short Congestion  |
| Direction | Region Size       | Region Size       | Region Size       |
|___________|___________________|___________________|___________________|
|      North|                1x1|                2x2|                1x1|
|___________|___________________|___________________|___________________|
|      South|                8x8|              16x16|                1x1|
|___________|___________________|___________________|___________________|
|       East|                1x1|                1x1|                1x1|
|___________|___________________|___________________|___________________|
|       West|                1x1|                1x1|                1x1|
|___________|___________________|___________________|___________________|

Phase 4.3.1 Print Estimated Congestion | Checksum: 2303f0cee

Time (s): cpu = 00:10:06 ; elapsed = 00:07:08 . Memory (MB): peak = 6831.355 ; gain = 1733.551
Phase 4.3 Placer Reporting | Checksum: 2303f0cee

Time (s): cpu = 00:10:07 ; elapsed = 00:07:08 . Memory (MB): peak = 6831.355 ; gain = 1733.551

Phase 4.4 Final Placement Cleanup
Netlist sorting complete. Time (s): cpu = 00:00:00 ; elapsed = 00:00:00.015 . Memory (MB): peak = 6831.355 ; gain = 0.000

Time (s): cpu = 00:10:07 ; elapsed = 00:07:08 . Memory (MB): peak = 6831.355 ; gain = 1733.551
Phase 4 Post Placement Optimization and Clean-Up | Checksum: 21baaf206

Time (s): cpu = 00:10:08 ; elapsed = 00:07:08 . Memory (MB): peak = 6831.355 ; gain = 1733.551
Ending Placer Task | Checksum: 195c24fef

Time (s): cpu = 00:10:09 ; elapsed = 00:07:09 . Memory (MB): peak = 6831.355 ; gain = 1733.551
394 Infos, 5 Warnings, 0 Critical Warnings and 0 Errors encountered.
place_design completed successfully
place_design: Time (s): cpu = 00:10:19 ; elapsed = 00:07:14 . Memory (MB): peak = 6831.355 ; gain = 1733.551
INFO: [Vivado 12-24838] Running report commands "report_control_sets, report_io, report_utilization" in parallel.
Running report generation with 2 threads.
INFO: [Vivado 12-24828] Executing command : report_io -file mvm_io_placed.rpt
report_io: Time (s): cpu = 00:00:00 ; elapsed = 00:00:00.128 . Memory (MB): peak = 6831.355 ; gain = 0.000
INFO: [Vivado 12-24828] Executing command : report_control_sets -verbose -file mvm_control_sets_placed.rpt
report_control_sets: Time (s): cpu = 00:00:00 ; elapsed = 00:00:00.055 . Memory (MB): peak = 6831.355 ; gain = 0.000
INFO: [Vivado 12-24828] Executing command : report_utilization -file mvm_utilization_placed.rpt -pb mvm_utilization_placed.pb
INFO: [Timing 38-480] Writing timing data to binary archive.
Write ShapeDB Complete: Time (s): cpu = 00:00:00 ; elapsed = 00:00:00.112 . Memory (MB): peak = 6831.355 ; gain = 0.000
Wrote PlaceDB: Time (s): cpu = 00:00:11 ; elapsed = 00:00:06 . Memory (MB): peak = 6831.355 ; gain = 0.000
Wrote PulsedLatchDB: Time (s): cpu = 00:00:00 ; elapsed = 00:00:00 . Memory (MB): peak = 6831.355 ; gain = 0.000
Writing XDEF routing.
Writing XDEF routing logical nets.
Writing XDEF routing special nets.
Wrote RouteStorage: Time (s): cpu = 00:00:01 ; elapsed = 00:00:00.551 . Memory (MB): peak = 6831.355 ; gain = 0.000
Wrote Netlist Cache: Time (s): cpu = 00:00:00 ; elapsed = 00:00:00.212 . Memory (MB): peak = 6831.355 ; gain = 0.000
Wrote Device Cache: Time (s): cpu = 00:00:00 ; elapsed = 00:00:00.018 . Memory (MB): peak = 6831.355 ; gain = 0.000
Write Physdb Complete: Time (s): cpu = 00:00:12 ; elapsed = 00:00:07 . Memory (MB): peak = 6831.355 ; gain = 0.000
report_design_analysis: Time (s): cpu = 00:00:11 ; elapsed = 00:00:07 . Memory (MB): peak = 6831.355 ; gain = 0.000
INFO: [Common 17-1381] The checkpoint 'C:/Users/g55wang/lab4/lab4.runs/impl_1/mvm_placed.dcp' has been generated.
write_checkpoint: Time (s): cpu = 00:00:25 ; elapsed = 00:00:18 . Memory (MB): peak = 6831.355 ; gain = 0.000
Command: phys_opt_design
Attempting to get a license for feature 'Implementation' and/or device 'xck26'
INFO: [Common 17-349] Got license for feature 'Implementation' and/or device 'xck26'

Starting Initial Update Timing Task
WARNING: [Timing 38-242] The property HD.CLK_SRC of clock port "clk" is not set. In out-of-context mode, this prevents timing estimation for clock delay/skew
Resolution: Set the HD.CLK_SRC property of the out-of-context port to the location of the clock buffer instance in the top-level design
WARNING: [Timing 38-242] The property HD.CLK_SRC of clock port "rst" is not set. In out-of-context mode, this prevents timing estimation for clock delay/skew
Resolution: Set the HD.CLK_SRC property of the out-of-context port to the location of the clock buffer instance in the top-level design

Time (s): cpu = 00:00:29 ; elapsed = 00:00:17 . Memory (MB): peak = 6831.355 ; gain = 0.000
INFO: [Vivado_Tcl 4-1435] PhysOpt_Tcl_Interface Runtime Before Starting Physical Synthesis Task | CPU: 32.00s |  WALL: 19.31s
Netlist sorting complete. Time (s): cpu = 00:00:00 ; elapsed = 00:00:00.014 . Memory (MB): peak = 6831.355 ; gain = 0.000

Starting Physical Synthesis Task

Phase 1 Physical Synthesis Initialization
INFO: [Physopt 32-721] Multithreading enabled for phys_opt_design using a maximum of 2 CPUs
INFO: [Place 30-3162] Check ILP status : ILP-based clock placer completed successfully.
INFO: [Physopt 32-619] Estimated Timing Summary | WNS=-1.117 | TNS=-49375.139 |
Phase 1 Physical Synthesis Initialization | Checksum: 2b938657c

Time (s): cpu = 00:00:20 ; elapsed = 00:00:12 . Memory (MB): peak = 6831.355 ; gain = 0.000
INFO: [Physopt 32-619] Estimated Timing Summary | WNS=-1.117 | TNS=-49375.139 |

Phase 2 DSP Register Optimization
INFO: [Physopt 32-457] Pass 1. Identified 1 candidate cell for DSP register optimization.
INFO: [Physopt 32-457] Pass 1. Identified 50 candidate cells for DSP register optimization.
INFO: [Physopt 32-665] Processed cell gen_olanes[119].u_dot8/gen_dsp_mult[7].u_mult/dsp_i. 16 registers were pushed out.
INFO: [Physopt 32-665] Processed cell gen_olanes[92].u_dot8/gen_dsp_mult[4].u_mult/dsp_i. 8 registers were pushed out.
INFO: [Physopt 32-665] Processed cell gen_olanes[106].u_dot8/gen_dsp_mult[3].u_mult/dsp_i. 8 registers were pushed out.
INFO: [Physopt 32-665] Processed cell gen_olanes[65].u_dot8/gen_dsp_mult[0].u_mult/dsp_i. 8 registers were pushed out.
INFO: [Physopt 32-665] Processed cell gen_olanes[97].u_dot8/gen_dsp_mult[7].u_mult/dsp_i. 8 registers were pushed out.
INFO: [Physopt 32-665] Processed cell gen_olanes[33].u_dot8/gen_dsp_mult[4].u_mult/dsp_i. 8 registers were pushed out.
INFO: [Physopt 32-665] Processed cell gen_olanes[111].u_dot8/gen_dsp_mult[7].u_mult/dsp_i. 8 registers were pushed out.
INFO: [Physopt 32-665] Processed cell gen_olanes[99].u_dot8/gen_dsp_mult[7].u_mult/dsp_i. 8 registers were pushed out.
INFO: [Physopt 32-665] Processed cell gen_olanes[110].u_dot8/gen_dsp_mult[7].u_mult/dsp_i. 8 registers were pushed out.
INFO: [Physopt 32-665] Processed cell gen_olanes[103].u_accum/dsp_accum_i. 19 registers were pushed out.
INFO: [Physopt 32-665] Processed cell gen_olanes[38].u_dot8/gen_dsp_mult[7].u_mult/dsp_i. 8 registers were pushed out.
INFO: [Physopt 32-665] Processed cell gen_olanes[7].u_dot8/gen_dsp_mult[2].u_mult/dsp_i. 8 registers were pushed out.
INFO: [Physopt 32-665] Processed cell gen_olanes[93].u_dot8/gen_dsp_mult[6].u_mult/dsp_i. 8 registers were pushed out.
INFO: [Physopt 32-665] Processed cell gen_olanes[35].u_dot8/gen_dsp_mult[6].u_mult/dsp_i. 8 registers were pushed out.
INFO: [Physopt 32-665] Processed cell gen_olanes[117].u_dot8/gen_dsp_mult[5].u_mult/dsp_i. 8 registers were pushed out.
INFO: [Physopt 32-665] Processed cell gen_olanes[92].u_dot8/gen_dsp_mult[6].u_mult/dsp_i. 8 registers were pushed out.
INFO: [Physopt 32-665] Processed cell gen_olanes[9].u_dot8/gen_dsp_mult[7].u_mult/dsp_i. 8 registers were pushed out.
INFO: [Physopt 32-665] Processed cell gen_olanes[36].u_dot8/gen_dsp_mult[6].u_mult/dsp_i. 8 registers were pushed out.
INFO: [Physopt 32-665] Processed cell gen_olanes[34].u_accum/dsp_accum_i. 19 registers were pushed out.
INFO: [Physopt 32-665] Processed cell gen_olanes[116].u_dot8/gen_dsp_mult[4].u_mult/dsp_i. 8 registers were pushed out.
INFO: [Physopt 32-665] Processed cell gen_olanes[49].u_dot8/gen_dsp_mult[4].u_mult/dsp_i. 16 registers were pushed out.
INFO: [Physopt 32-665] Processed cell gen_olanes[126].u_dot8/gen_dsp_mult[4].u_mult/dsp_i. 8 registers were pushed out.
INFO: [Physopt 32-665] Processed cell gen_olanes[84].u_dot8/gen_dsp_mult[1].u_mult/dsp_i. 8 registers were pushed out.
INFO: [Physopt 32-665] Processed cell gen_olanes[69].u_dot8/gen_dsp_mult[7].u_mult/dsp_i. 8 registers were pushed out.
INFO: [Physopt 32-665] Processed cell gen_olanes[81].u_dot8/gen_dsp_mult[6].u_mult/dsp_i. 8 registers were pushed out.
INFO: [Physopt 32-665] Processed cell gen_olanes[84].u_dot8/gen_dsp_mult[0].u_mult/dsp_i. 8 registers were pushed out.
INFO: [Physopt 32-665] Processed cell gen_olanes[79].u_dot8/gen_dsp_mult[5].u_mult/dsp_i. 8 registers were pushed out.
INFO: [Physopt 32-665] Processed cell gen_olanes[102].u_accum/dsp_accum_i. 19 registers were pushed out.
INFO: [Physopt 32-665] Processed cell gen_olanes[20].u_dot8/gen_dsp_mult[2].u_mult/dsp_i. 16 registers were pushed out.
INFO: [Physopt 32-665] Processed cell gen_olanes[78].u_dot8/gen_dsp_mult[7].u_mult/dsp_i. 8 registers were pushed out.
INFO: [Physopt 32-665] Processed cell gen_olanes[120].u_dot8/gen_dsp_mult[5].u_mult/dsp_i. 8 registers were pushed out.
INFO: [Physopt 32-665] Processed cell gen_olanes[8].u_dot8/gen_dsp_mult[7].u_mult/dsp_i. 8 registers were pushed out.
INFO: [Physopt 32-665] Processed cell gen_olanes[71].u_dot8/gen_dsp_mult[5].u_mult/dsp_i. 8 registers were pushed out.
INFO: [Physopt 32-665] Processed cell gen_olanes[65].u_dot8/gen_dsp_mult[3].u_mult/dsp_i. 8 registers were pushed out.
INFO: [Physopt 32-665] Processed cell gen_olanes[111].u_dot8/gen_dsp_mult[2].u_mult/dsp_i. 16 registers were pushed out.
INFO: [Physopt 32-665] Processed cell gen_olanes[124].u_dot8/gen_dsp_mult[5].u_mult/dsp_i. 8 registers were pushed out.
INFO: [Physopt 32-665] Processed cell gen_olanes[42].u_dot8/gen_dsp_mult[7].u_mult/dsp_i. 8 registers were pushed out.
INFO: [Physopt 32-665] Processed cell gen_olanes[85].u_dot8/gen_dsp_mult[2].u_mult/dsp_i. 8 registers were pushed out.
INFO: [Physopt 32-665] Processed cell gen_olanes[104].u_dot8/gen_dsp_mult[4].u_mult/dsp_i. 8 registers were pushed out.
INFO: [Physopt 32-665] Processed cell gen_olanes[97].u_accum/dsp_accum_i. 19 registers were pushed out.
INFO: [Physopt 32-665] Processed cell gen_olanes[106].u_dot8/gen_dsp_mult[0].u_mult/dsp_i. 8 registers were pushed out.
INFO: [Physopt 32-665] Processed cell gen_olanes[105].u_dot8/gen_dsp_mult[1].u_mult/dsp_i. 8 registers were pushed out.
INFO: [Physopt 32-665] Processed cell gen_olanes[33].u_dot8/gen_dsp_mult[5].u_mult/dsp_i. 8 registers were pushed out.
INFO: [Physopt 32-665] Processed cell gen_olanes[116].u_dot8/gen_dsp_mult[5].u_mult/dsp_i. 8 registers were pushed out.
INFO: [Physopt 32-665] Processed cell gen_olanes[3].u_dot8/gen_dsp_mult[1].u_mult/dsp_i. 8 registers were pushed out.
INFO: [Physopt 32-665] Processed cell gen_olanes[49].u_dot8/gen_dsp_mult[7].u_mult/dsp_i. 8 registers were pushed out.
INFO: [Physopt 32-665] Processed cell gen_olanes[95].u_dot8/gen_dsp_mult[4].u_mult/dsp_i. 8 registers were pushed out.
INFO: [Physopt 32-665] Processed cell gen_olanes[16].u_dot8/gen_dsp_mult[7].u_mult/dsp_i. 8 registers were pushed out.
INFO: [Physopt 32-665] Processed cell gen_olanes[39].u_accum/dsp_accum_i. 19 registers were pushed out.
INFO: [Physopt 32-665] Processed cell gen_olanes[7].u_dot8/gen_dsp_mult[7].u_mult/dsp_i. 8 registers were pushed out.
INFO: [Physopt 32-457] Pass 2. Identified 16 candidate cells for DSP register optimization.
INFO: [Physopt 32-665] Processed cell gen_olanes[117].u_dot8/gen_dsp_mult[7].u_mult/dsp_i. 8 registers were pushed out.
INFO: [Physopt 32-665] Processed cell gen_olanes[116].u_dot8/gen_dsp_mult[6].u_mult/dsp_i. 8 registers were pushed out.
INFO: [Physopt 32-665] Processed cell gen_olanes[83].u_dot8/gen_dsp_mult[0].u_mult/dsp_i. 8 registers were pushed out.
INFO: [Physopt 32-665] Processed cell gen_olanes[126].u_accum/dsp_accum_i. 19 registers were pushed out.
INFO: [Physopt 32-665] Processed cell gen_olanes[2].u_dot8/gen_dsp_mult[7].u_mult/dsp_i. 8 registers were pushed out.
INFO: [Physopt 32-665] Processed cell gen_olanes[113].u_dot8/gen_dsp_mult[7].u_mult/dsp_i. 8 registers were pushed out.
INFO: [Physopt 32-665] Processed cell gen_olanes[29].u_dot8/gen_dsp_mult[7].u_mult/dsp_i. 8 registers were pushed out.
INFO: [Physopt 32-665] Processed cell gen_olanes[40].u_dot8/gen_dsp_mult[2].u_mult/dsp_i. 8 registers were pushed out.
INFO: [Physopt 32-665] Processed cell gen_olanes[74].u_dot8/gen_dsp_mult[5].u_mult/dsp_i. 8 registers were pushed out.
INFO: [Physopt 32-665] Processed cell gen_olanes[23].u_dot8/gen_dsp_mult[7].u_mult/dsp_i. 16 registers were pushed out.
INFO: [Physopt 32-665] Processed cell gen_olanes[82].u_dot8/gen_dsp_mult[2].u_mult/dsp_i. 8 registers were pushed out.
INFO: [Physopt 32-665] Processed cell gen_olanes[69].u_dot8/gen_dsp_mult[5].u_mult/dsp_i. 8 registers were pushed out.
INFO: [Physopt 32-665] Processed cell gen_olanes[105].u_dot8/gen_dsp_mult[2].u_mult/dsp_i. 8 registers were pushed out.
INFO: [Physopt 32-665] Processed cell gen_olanes[110].u_dot8/gen_dsp_mult[5].u_mult/dsp_i. 8 registers were pushed out.
INFO: [Physopt 32-665] Processed cell gen_olanes[70].u_dot8/gen_dsp_mult[7].u_mult/dsp_i. 8 registers were pushed out.
INFO: [Physopt 32-665] Processed cell gen_olanes[118].u_dot8/gen_dsp_mult[6].u_mult/dsp_i. 8 registers were pushed out.
INFO: [Physopt 32-775] End 2 Pass. Optimized 66 nets or cells. Created 634 new cells, deleted 0 existing cell and moved 0 existing cell
INFO: [Physopt 32-619] Estimated Timing Summary | WNS=-1.116 | TNS=-48243.721 |
Netlist sorting complete. Time (s): cpu = 00:00:01 ; elapsed = 00:00:00.195 . Memory (MB): peak = 6831.355 ; gain = 0.000
Phase 2 DSP Register Optimization | Checksum: 15a5ac925

Time (s): cpu = 00:01:51 ; elapsed = 00:01:13 . Memory (MB): peak = 6831.355 ; gain = 0.000

Phase 3 Critical Path Optimization
INFO: [Physopt 32-619] Estimated Timing Summary | WNS=-1.116 | TNS=-48243.721 |
INFO: [Physopt 32-663] Processed net gen_olanes[0].vec_lane_reg_n_0_[0][44]_repN_2.  Re-placed instance gen_olanes[0].vec_lane_reg[0][44]_replica_2
INFO: [Physopt 32-735] Processed net gen_olanes[0].vec_lane_reg_n_0_[0][44]_repN_2. Optimization improves timing on the net.
INFO: [Physopt 32-619] Estimated Timing Summary | WNS=-1.115 | TNS=-48244.183 |
INFO: [Physopt 32-663] Processed net gen_olanes[105].mat_lane_reg_n_0_[105][47].  Re-placed instance gen_olanes[105].mat_lane_reg[105][47]
INFO: [Physopt 32-735] Processed net gen_olanes[105].mat_lane_reg_n_0_[105][47]. Optimization improves timing on the net.
INFO: [Physopt 32-619] Estimated Timing Summary | WNS=-1.115 | TNS=-48244.081 |
INFO: [Physopt 32-663] Processed net gen_olanes[87].mat_lane_reg_n_0_[87][23].  Re-placed instance gen_olanes[87].mat_lane_reg[87][23]
INFO: [Physopt 32-735] Processed net gen_olanes[87].mat_lane_reg_n_0_[87][23]. Optimization improves timing on the net.
INFO: [Physopt 32-619] Estimated Timing Summary | WNS=-1.114 | TNS=-48244.870 |
INFO: [Physopt 32-663] Processed net gen_olanes[0].vec_lane_reg_n_0_[0][40]_repN_2.  Re-placed instance gen_olanes[0].vec_lane_reg[0][40]_replica_2
INFO: [Physopt 32-735] Processed net gen_olanes[0].vec_lane_reg_n_0_[0][40]_repN_2. Optimization improves timing on the net.
INFO: [Physopt 32-619] Estimated Timing Summary | WNS=-1.114 | TNS=-48244.736 |
INFO: [Physopt 32-663] Processed net gen_olanes[76].mat_lane_reg_n_0_[76][39].  Re-placed instance gen_olanes[76].mat_lane_reg[76][39]
INFO: [Physopt 32-735] Processed net gen_olanes[76].mat_lane_reg_n_0_[76][39]. Optimization improves timing on the net.
INFO: [Physopt 32-619] Estimated Timing Summary | WNS=-1.114 | TNS=-48244.037 |
INFO: [Physopt 32-663] Processed net gen_olanes[0].vec_lane_reg_n_0_[0][56]_repN_8.  Re-placed instance gen_olanes[0].vec_lane_reg[0][56]_replica_8
INFO: [Physopt 32-735] Processed net gen_olanes[0].vec_lane_reg_n_0_[0][56]_repN_8. Optimization improves timing on the net.
INFO: [Physopt 32-619] Estimated Timing Summary | WNS=-1.113 | TNS=-48243.914 |
INFO: [Physopt 32-702] Processed net gen_olanes[33].u_dot8/result[17]. Optimizations did not improve timing on the net.
INFO: [Physopt 32-663] Processed net gen_olanes[33].u_dot8/sum_stage2_reg[0]_13[13].  Re-placed instance gen_olanes[33].u_dot8/sum_stage2_reg[0][13]
INFO: [Physopt 32-735] Processed net gen_olanes[33].u_dot8/sum_stage2_reg[0]_13[13]. Optimization improves timing on the net.
INFO: [Physopt 32-619] Estimated Timing Summary | WNS=-1.112 | TNS=-48244.481 |
INFO: [Physopt 32-663] Processed net gen_olanes[0].vec_lane_reg_n_0_[0][45]_repN_4.  Re-placed instance gen_olanes[0].vec_lane_reg[0][45]_replica_4
INFO: [Physopt 32-735] Processed net gen_olanes[0].vec_lane_reg_n_0_[0][45]_repN_4. Optimization improves timing on the net.
INFO: [Physopt 32-619] Estimated Timing Summary | WNS=-1.112 | TNS=-48244.125 |
INFO: [Physopt 32-663] Processed net gen_olanes[3].mat_lane_reg_n_0_[3][23].  Re-placed instance gen_olanes[3].mat_lane_reg[3][23]
INFO: [Physopt 32-735] Processed net gen_olanes[3].mat_lane_reg_n_0_[3][23]. Optimization improves timing on the net.
INFO: [Physopt 32-619] Estimated Timing Summary | WNS=-1.110 | TNS=-48243.470 |
INFO: [Physopt 32-663] Processed net gen_olanes[0].vec_lane_reg_n_0_[0][37]_repN_4.  Re-placed instance gen_olanes[0].vec_lane_reg[0][37]_replica_4
INFO: [Physopt 32-735] Processed net gen_olanes[0].vec_lane_reg_n_0_[0][37]_repN_4. Optimization improves timing on the net.
INFO: [Physopt 32-619] Estimated Timing Summary | WNS=-1.108 | TNS=-48243.637 |
INFO: [Physopt 32-702] Processed net gen_olanes[92].u_dot8/result[17]. Optimizations did not improve timing on the net.
INFO: [Physopt 32-663] Processed net gen_olanes[92].u_dot8/sum_stage2_reg[0]_13[11].  Re-placed instance gen_olanes[92].u_dot8/sum_stage2_reg[0][11]
INFO: [Physopt 32-735] Processed net gen_olanes[92].u_dot8/sum_stage2_reg[0]_13[11]. Optimization improves timing on the net.
INFO: [Physopt 32-619] Estimated Timing Summary | WNS=-1.106 | TNS=-48244.216 |
INFO: [Physopt 32-663] Processed net gen_olanes[0].vec_lane_reg_n_0_[0][45]_repN_8.  Re-placed instance gen_olanes[0].vec_lane_reg[0][45]_replica_8
INFO: [Physopt 32-735] Processed net gen_olanes[0].vec_lane_reg_n_0_[0][45]_repN_8. Optimization improves timing on the net.
INFO: [Physopt 32-619] Estimated Timing Summary | WNS=-1.106 | TNS=-48244.161 |
INFO: [Physopt 32-663] Processed net gen_olanes[0].vec_lane_reg_n_0_[0][46]_repN_2.  Re-placed instance gen_olanes[0].vec_lane_reg[0][46]_replica_2
INFO: [Physopt 32-735] Processed net gen_olanes[0].vec_lane_reg_n_0_[0][46]_repN_2. Optimization improves timing on the net.
INFO: [Physopt 32-619] Estimated Timing Summary | WNS=-1.106 | TNS=-48244.787 |
INFO: [Physopt 32-663] Processed net gen_olanes[21].mat_lane_reg_n_0_[21][23].  Re-placed instance gen_olanes[21].mat_lane_reg[21][23]
INFO: [Physopt 32-735] Processed net gen_olanes[21].mat_lane_reg_n_0_[21][23]. Optimization improves timing on the net.
INFO: [Physopt 32-619] Estimated Timing Summary | WNS=-1.105 | TNS=-48247.908 |
INFO: [Physopt 32-702] Processed net gen_olanes[81].u_dot8/sum_stage3_reg[18]_0[17]. Optimizations did not improve timing on the net.
INFO: [Physopt 32-663] Processed net gen_olanes[81].u_dot8/sum_stage2_reg_n_0_[0][12].  Re-placed instance gen_olanes[81].u_dot8/sum_stage2_reg[0][12]
INFO: [Physopt 32-735] Processed net gen_olanes[81].u_dot8/sum_stage2_reg_n_0_[0][12]. Optimization improves timing on the net.
INFO: [Physopt 32-619] Estimated Timing Summary | WNS=-1.105 | TNS=-48248.483 |
INFO: [Physopt 32-663] Processed net gen_olanes[0].vec_lane_reg_n_0_[0][55]_repN_9.  Re-placed instance gen_olanes[0].vec_lane_reg[0][55]_replica_9
INFO: [Physopt 32-735] Processed net gen_olanes[0].vec_lane_reg_n_0_[0][55]_repN_9. Optimization improves timing on the net.
INFO: [Physopt 32-619] Estimated Timing Summary | WNS=-1.104 | TNS=-48254.184 |
INFO: [Physopt 32-663] Processed net gen_olanes[0].vec_lane_reg_n_0_[0][15].  Re-placed instance gen_olanes[0].vec_lane_reg[0][15]
INFO: [Physopt 32-735] Processed net gen_olanes[0].vec_lane_reg_n_0_[0][15]. Optimization improves timing on the net.
INFO: [Physopt 32-619] Estimated Timing Summary | WNS=-1.103 | TNS=-48265.953 |
INFO: [Physopt 32-702] Processed net gen_olanes[21].u_dot8/sum_stage2_reg[0]_13[17]. Optimizations did not improve timing on the net.
INFO: [Physopt 32-663] Processed net gen_olanes[21].u_dot8/sum_stage1_reg[1]_11[7].  Re-placed instance gen_olanes[21].u_dot8/sum_stage1_reg[1][7]
INFO: [Physopt 32-735] Processed net gen_olanes[21].u_dot8/sum_stage1_reg[1]_11[7]. Optimization improves timing on the net.
INFO: [Physopt 32-619] Estimated Timing Summary | WNS=-1.102 | TNS=-48266.549 |
INFO: [Physopt 32-663] Processed net gen_olanes[0].vec_lane_reg_n_0_[0][55]_repN_6.  Re-placed instance gen_olanes[0].vec_lane_reg[0][55]_replica_6
INFO: [Physopt 32-735] Processed net gen_olanes[0].vec_lane_reg_n_0_[0][55]_repN_6. Optimization improves timing on the net.
INFO: [Physopt 32-619] Estimated Timing Summary | WNS=-1.100 | TNS=-48267.968 |
INFO: [Physopt 32-663] Processed net gen_olanes[0].vec_lane_reg_n_0_[0][44]_repN_5.  Re-placed instance gen_olanes[0].vec_lane_reg[0][44]_replica_5
INFO: [Physopt 32-735] Processed net gen_olanes[0].vec_lane_reg_n_0_[0][44]_repN_5. Optimization improves timing on the net.
INFO: [Physopt 32-619] Estimated Timing Summary | WNS=-1.100 | TNS=-48268.419 |
INFO: [Physopt 32-619] Estimated Timing Summary | WNS=-1.100 | TNS=-48268.419 |
Netlist sorting complete. Time (s): cpu = 00:00:00 ; elapsed = 00:00:00.014 . Memory (MB): peak = 6831.355 ; gain = 0.000
Phase 3 Critical Path Optimization | Checksum: 149d65c64

Time (s): cpu = 00:01:56 ; elapsed = 00:01:16 . Memory (MB): peak = 6831.355 ; gain = 0.000

Phase 4 Critical Path Optimization
INFO: [Physopt 32-619] Estimated Timing Summary | WNS=-1.100 | TNS=-48268.419 |
INFO: [Physopt 32-702] Processed net gen_olanes[81].u_dot8/sum_stage3_reg[18]_0[17]. Optimizations did not improve timing on the net.
INFO: [Physopt 32-663] Processed net gen_olanes[81].u_dot8/sum_stage2_reg_n_0_[0][9].  Re-placed instance gen_olanes[81].u_dot8/sum_stage2_reg[0][9]
INFO: [Physopt 32-735] Processed net gen_olanes[81].u_dot8/sum_stage2_reg_n_0_[0][9]. Optimization improves timing on the net.
INFO: [Physopt 32-619] Estimated Timing Summary | WNS=-1.099 | TNS=-48268.736 |
INFO: [Physopt 32-663] Processed net gen_olanes[89].mat_lane_reg_n_0_[89][23].  Re-placed instance gen_olanes[89].mat_lane_reg[89][23]
INFO: [Physopt 32-735] Processed net gen_olanes[89].mat_lane_reg_n_0_[89][23]. Optimization improves timing on the net.
INFO: [Physopt 32-619] Estimated Timing Summary | WNS=-1.098 | TNS=-48268.452 |
INFO: [Physopt 32-702] Processed net gen_olanes[92].u_dot8/result[17]. Optimizations did not improve timing on the net.
INFO: [Physopt 32-663] Processed net gen_olanes[92].u_dot8/sum_stage2_reg[0]_13[9].  Re-placed instance gen_olanes[92].u_dot8/sum_stage2_reg[0][9]
INFO: [Physopt 32-735] Processed net gen_olanes[92].u_dot8/sum_stage2_reg[0]_13[9]. Optimization improves timing on the net.
INFO: [Physopt 32-619] Estimated Timing Summary | WNS=-1.098 | TNS=-48268.703 |
INFO: [Physopt 32-702] Processed net gen_olanes[21].u_dot8/sum_stage2_reg[0]_13[17]. Optimizations did not improve timing on the net.
INFO: [Physopt 32-663] Processed net gen_olanes[21].u_dot8/sum_stage1_reg[1]_11[6].  Re-placed instance gen_olanes[21].u_dot8/sum_stage1_reg[1][6]
INFO: [Physopt 32-735] Processed net gen_olanes[21].u_dot8/sum_stage1_reg[1]_11[6]. Optimization improves timing on the net.
INFO: [Physopt 32-619] Estimated Timing Summary | WNS=-1.096 | TNS=-48267.957 |
INFO: [Physopt 32-663] Processed net gen_olanes[0].vec_lane_reg_n_0_[0][21]_repN.  Re-placed instance gen_olanes[0].vec_lane_reg[0][21]_replica
INFO: [Physopt 32-735] Processed net gen_olanes[0].vec_lane_reg_n_0_[0][21]_repN. Optimization improves timing on the net.
INFO: [Physopt 32-619] Estimated Timing Summary | WNS=-1.096 | TNS=-48268.383 |
INFO: [Physopt 32-663] Processed net gen_olanes[81].u_dot8/sum_stage2_reg_n_0_[0][11].  Re-placed instance gen_olanes[81].u_dot8/sum_stage2_reg[0][11]
INFO: [Physopt 32-735] Processed net gen_olanes[81].u_dot8/sum_stage2_reg_n_0_[0][11]. Optimization improves timing on the net.
INFO: [Physopt 32-619] Estimated Timing Summary | WNS=-1.096 | TNS=-48269.023 |
INFO: [Physopt 32-663] Processed net gen_olanes[126].mat_lane_reg_n_0_[126][48].  Re-placed instance gen_olanes[126].mat_lane_reg[126][48]
INFO: [Physopt 32-735] Processed net gen_olanes[126].mat_lane_reg_n_0_[126][48]. Optimization improves timing on the net.
INFO: [Physopt 32-619] Estimated Timing Summary | WNS=-1.095 | TNS=-48268.870 |
INFO: [Physopt 32-663] Processed net gen_olanes[53].mat_lane_reg_n_0_[53][63].  Re-placed instance gen_olanes[53].mat_lane_reg[53][63]
INFO: [Physopt 32-735] Processed net gen_olanes[53].mat_lane_reg_n_0_[53][63]. Optimization improves timing on the net.
INFO: [Physopt 32-619] Estimated Timing Summary | WNS=-1.094 | TNS=-48269.216 |
INFO: [Physopt 32-663] Processed net gen_olanes[0].vec_lane_reg_n_0_[0][55]_repN_10.  Re-placed instance gen_olanes[0].vec_lane_reg[0][55]_replica_10
INFO: [Physopt 32-735] Processed net gen_olanes[0].vec_lane_reg_n_0_[0][55]_repN_10. Optimization improves timing on the net.
INFO: [Physopt 32-619] Estimated Timing Summary | WNS=-1.094 | TNS=-48273.359 |
INFO: [Physopt 32-663] Processed net gen_olanes[93].mat_lane_reg_n_0_[93][15].  Re-placed instance gen_olanes[93].mat_lane_reg[93][15]
INFO: [Physopt 32-735] Processed net gen_olanes[93].mat_lane_reg_n_0_[93][15]. Optimization improves timing on the net.
INFO: [Physopt 32-619] Estimated Timing Summary | WNS=-1.093 | TNS=-48273.312 |
INFO: [Physopt 32-702] Processed net gen_olanes[81].u_dot8/sum_stage3_reg[18]_0[17]. Optimizations did not improve timing on the net.
INFO: [Physopt 32-663] Processed net gen_olanes[81].u_dot8/sum_stage2_reg_n_0_[0][10].  Re-placed instance gen_olanes[81].u_dot8/sum_stage2_reg[0][10]
INFO: [Physopt 32-735] Processed net gen_olanes[81].u_dot8/sum_stage2_reg_n_0_[0][10]. Optimization improves timing on the net.
INFO: [Physopt 32-619] Estimated Timing Summary | WNS=-1.093 | TNS=-48272.479 |
INFO: [Physopt 32-663] Processed net gen_olanes[40].mat_lane_reg_n_0_[40][55].  Re-placed instance gen_olanes[40].mat_lane_reg[40][55]
INFO: [Physopt 32-735] Processed net gen_olanes[40].mat_lane_reg_n_0_[40][55]. Optimization improves timing on the net.
INFO: [Physopt 32-619] Estimated Timing Summary | WNS=-1.092 | TNS=-48272.381 |
INFO: [Physopt 32-663] Processed net gen_olanes[61].mat_lane_reg_n_0_[61][55].  Re-placed instance gen_olanes[61].mat_lane_reg[61][55]
INFO: [Physopt 32-735] Processed net gen_olanes[61].mat_lane_reg_n_0_[61][55]. Optimization improves timing on the net.
INFO: [Physopt 32-619] Estimated Timing Summary | WNS=-1.091 | TNS=-48272.821 |
INFO: [Physopt 32-663] Processed net gen_olanes[126].mat_lane_reg_n_0_[126][39].  Re-placed instance gen_olanes[126].mat_lane_reg[126][39]
INFO: [Physopt 32-735] Processed net gen_olanes[126].mat_lane_reg_n_0_[126][39]. Optimization improves timing on the net.
INFO: [Physopt 32-619] Estimated Timing Summary | WNS=-1.090 | TNS=-48272.665 |
INFO: [Physopt 32-702] Processed net gen_olanes[33].u_dot8/result[17]. Optimizations did not improve timing on the net.
INFO: [Physopt 32-663] Processed net gen_olanes[33].u_dot8/sum_stage2_reg[0]_13[8].  Re-placed instance gen_olanes[33].u_dot8/sum_stage2_reg[0][8]
INFO: [Physopt 32-735] Processed net gen_olanes[33].u_dot8/sum_stage2_reg[0]_13[8]. Optimization improves timing on the net.
INFO: [Physopt 32-619] Estimated Timing Summary | WNS=-1.089 | TNS=-48273.236 |
INFO: [Physopt 32-663] Processed net gen_olanes[0].vec_lane_reg_n_0_[0][57]_repN_8.  Re-placed instance gen_olanes[0].vec_lane_reg[0][57]_replica_8
INFO: [Physopt 32-735] Processed net gen_olanes[0].vec_lane_reg_n_0_[0][57]_repN_8. Optimization improves timing on the net.
INFO: [Physopt 32-619] Estimated Timing Summary | WNS=-1.089 | TNS=-48272.821 |
INFO: [Physopt 32-702] Processed net gen_olanes[7].u_dot8/result[18]. Optimizations did not improve timing on the net.
INFO: [Physopt 32-663] Processed net gen_olanes[7].u_dot8/sum_stage2_reg[0]_13[17].  Re-placed instance gen_olanes[7].u_dot8/sum_stage2_reg[0][17]
INFO: [Physopt 32-735] Processed net gen_olanes[7].u_dot8/sum_stage2_reg[0]_13[17]. Optimization improves timing on the net.
INFO: [Physopt 32-619] Estimated Timing Summary | WNS=-1.088 | TNS=-48273.465 |
INFO: [Physopt 32-663] Processed net gen_olanes[33].u_dot8/sum_stage2_reg[0]_13[11].  Re-placed instance gen_olanes[33].u_dot8/sum_stage2_reg[0][11]
INFO: [Physopt 32-735] Processed net gen_olanes[33].u_dot8/sum_stage2_reg[0]_13[11]. Optimization improves timing on the net.
INFO: [Physopt 32-619] Estimated Timing Summary | WNS=-1.087 | TNS=-48274.058 |
INFO: [Physopt 32-702] Processed net gen_olanes[61].u_dot8/result[17]. Optimizations did not improve timing on the net.
INFO: [Physopt 32-663] Processed net gen_olanes[61].u_dot8/sum_stage2_reg[0]_13[8].  Re-placed instance gen_olanes[61].u_dot8/sum_stage2_reg[0][8]
INFO: [Physopt 32-735] Processed net gen_olanes[61].u_dot8/sum_stage2_reg[0]_13[8]. Optimization improves timing on the net.
INFO: [Physopt 32-619] Estimated Timing Summary | WNS=-1.086 | TNS=-48274.749 |
INFO: [Physopt 32-663] Processed net gen_olanes[0].vec_lane_reg_n_0_[0][41]_repN_1.  Re-placed instance gen_olanes[0].vec_lane_reg[0][41]_replica_1
INFO: [Physopt 32-735] Processed net gen_olanes[0].vec_lane_reg_n_0_[0][41]_repN_1. Optimization improves timing on the net.
INFO: [Physopt 32-619] Estimated Timing Summary | WNS=-1.086 | TNS=-48275.087 |
INFO: [Physopt 32-619] Estimated Timing Summary | WNS=-1.086 | TNS=-48275.087 |
Netlist sorting complete. Time (s): cpu = 00:00:00 ; elapsed = 00:00:00.014 . Memory (MB): peak = 6831.355 ; gain = 0.000
Phase 4 Critical Path Optimization | Checksum: 1f0191399

Time (s): cpu = 00:01:59 ; elapsed = 00:01:18 . Memory (MB): peak = 6831.355 ; gain = 0.000
Netlist sorting complete. Time (s): cpu = 00:00:00 ; elapsed = 00:00:00.015 . Memory (MB): peak = 6831.355 ; gain = 0.000
Netlist sorting complete. Time (s): cpu = 00:00:00 ; elapsed = 00:00:00.012 . Memory (MB): peak = 6831.355 ; gain = 0.000
INFO: [Physopt 32-603] Post Physical Optimization Timing Summary | WNS=-1.086 | TNS=-48275.087 |

Summary of Physical Synthesis Optimizations
============================================


-------------------------------------------------------------------------------------------------------------------------------------------------------------
|  Optimization   |  WNS Gain (ns)  |  TNS Gain (ns)  |  Added Cells  |  Removed Cells  |  Optimized Cells/Nets  |  Dont Touch  |  Iterations  |  Elapsed   |
-------------------------------------------------------------------------------------------------------------------------------------------------------------
|  DSP Register   |          0.001  |       1131.419  |          634  |              0  |                    66  |           0  |           1  |  00:00:60  |
|  Critical Path  |          0.030  |        -31.367  |            0  |              0  |                    40  |           0  |           2  |  00:00:05  |
|  Total          |          0.031  |       1100.052  |          634  |              0  |                   106  |           0  |           3  |  00:01:05  |
-------------------------------------------------------------------------------------------------------------------------------------------------------------


Netlist sorting complete. Time (s): cpu = 00:00:00 ; elapsed = 00:00:00.014 . Memory (MB): peak = 6831.355 ; gain = 0.000
Ending Physical Synthesis Task | Checksum: 169243168

Time (s): cpu = 00:02:00 ; elapsed = 00:01:18 . Memory (MB): peak = 6831.355 ; gain = 0.000
INFO: [Common 17-83] Releasing license: Implementation
614 Infos, 7 Warnings, 0 Critical Warnings and 0 Errors encountered.
phys_opt_design completed successfully
phys_opt_design: Time (s): cpu = 00:02:32 ; elapsed = 00:01:38 . Memory (MB): peak = 6831.355 ; gain = 0.000
INFO: [Timing 38-480] Writing timing data to binary archive.
Write ShapeDB Complete: Time (s): cpu = 00:00:01 ; elapsed = 00:00:00.037 . Memory (MB): peak = 6831.355 ; gain = 0.000
Wrote PlaceDB: Time (s): cpu = 00:00:12 ; elapsed = 00:00:07 . Memory (MB): peak = 6831.355 ; gain = 0.000
Wrote PulsedLatchDB: Time (s): cpu = 00:00:00 ; elapsed = 00:00:00 . Memory (MB): peak = 6831.355 ; gain = 0.000
Writing XDEF routing.
Writing XDEF routing logical nets.
Writing XDEF routing special nets.
Wrote RouteStorage: Time (s): cpu = 00:00:01 ; elapsed = 00:00:00.432 . Memory (MB): peak = 6831.355 ; gain = 0.000
Wrote Netlist Cache: Time (s): cpu = 00:00:00 ; elapsed = 00:00:00.219 . Memory (MB): peak = 6831.355 ; gain = 0.000
Wrote Device Cache: Time (s): cpu = 00:00:00 ; elapsed = 00:00:00.017 . Memory (MB): peak = 6831.355 ; gain = 0.000
Write Physdb Complete: Time (s): cpu = 00:00:13 ; elapsed = 00:00:07 . Memory (MB): peak = 6831.355 ; gain = 0.000
INFO: [Common 17-1381] The checkpoint 'C:/Users/g55wang/lab4/lab4.runs/impl_1/mvm_physopt.dcp' has been generated.
write_checkpoint: Time (s): cpu = 00:00:20 ; elapsed = 00:00:14 . Memory (MB): peak = 6831.355 ; gain = 0.000
Command: route_design
Attempting to get a license for feature 'Implementation' and/or device 'xck26'
INFO: [Common 17-349] Got license for feature 'Implementation' and/or device 'xck26'
INFO: [DRC 23-27] Running DRC with 2 threads
WARNING: [DRC 23-814] Not all possible (connectivity based) DRCs may have been run because this design is seen as Out of Context.
INFO: [Vivado_Tcl 4-198] DRC finished with 0 Errors
INFO: [Vivado_Tcl 4-199] Please refer to the DRC report (report_drc) for more information.


Starting Routing Task
INFO: [Route 35-254] Multithreading enabled for route_design using a maximum of 2 CPUs

Phase 1 Build RT Design
Checksum: PlaceDB: 44b2d454 ConstDB: 0 ShapeSum: dc2bc4f1 RouteDB: 279d810e
Nodegraph reading from file.  Time (s): cpu = 00:00:00 ; elapsed = 00:00:01 . Memory (MB): peak = 6831.355 ; gain = 0.000
WARNING: [Route 35-197] Clock port "clk" does not have an associated HD.CLK_SRC. Without this constraint, timing analysis may not be accurate and upstream checks cannot be done to ensure correct clock placement.
WARNING: [Route 35-198] Port "i_mat_waddr[8]" does not have an associated HD.PARTPIN_LOCS, which will prevent the partial routing of the signal "i_mat_waddr[8]". Without this partial route, timing analysis to/from this port will not be accurate, and no routing information for this port can be exported.
WARNING: [Route 35-198] Port "i_mat_waddr[7]" does not have an associated HD.PARTPIN_LOCS, which will prevent the partial routing of the signal "i_mat_waddr[7]". Without this partial route, timing analysis to/from this port will not be accurate, and no routing information for this port can be exported.
WARNING: [Route 35-198] Port "i_mat_waddr[6]" does not have an associated HD.PARTPIN_LOCS, which will prevent the partial routing of the signal "i_mat_waddr[6]". Without this partial route, timing analysis to/from this port will not be accurate, and no routing information for this port can be exported.
WARNING: [Route 35-198] Port "i_mat_waddr[5]" does not have an associated HD.PARTPIN_LOCS, which will prevent the partial routing of the signal "i_mat_waddr[5]". Without this partial route, timing analysis to/from this port will not be accurate, and no routing information for this port can be exported.
WARNING: [Route 35-198] Port "i_mat_waddr[4]" does not have an associated HD.PARTPIN_LOCS, which will prevent the partial routing of the signal "i_mat_waddr[4]". Without this partial route, timing analysis to/from this port will not be accurate, and no routing information for this port can be exported.
WARNING: [Route 35-198] Port "i_mat_waddr[3]" does not have an associated HD.PARTPIN_LOCS, which will prevent the partial routing of the signal "i_mat_waddr[3]". Without this partial route, timing analysis to/from this port will not be accurate, and no routing information for this port can be exported.
WARNING: [Route 35-198] Port "i_mat_waddr[2]" does not have an associated HD.PARTPIN_LOCS, which will prevent the partial routing of the signal "i_mat_waddr[2]". Without this partial route, timing analysis to/from this port will not be accurate, and no routing information for this port can be exported.
WARNING: [Route 35-198] Port "i_mat_waddr[1]" does not have an associated HD.PARTPIN_LOCS, which will prevent the partial routing of the signal "i_mat_waddr[1]". Without this partial route, timing analysis to/from this port will not be accurate, and no routing information for this port can be exported.
WARNING: [Route 35-198] Port "i_mat_waddr[0]" does not have an associated HD.PARTPIN_LOCS, which will prevent the partial routing of the signal "i_mat_waddr[0]". Without this partial route, timing analysis to/from this port will not be accurate, and no routing information for this port can be exported.
WARNING: [Route 35-198] Port "i_mat_wdata[31]" does not have an associated HD.PARTPIN_LOCS, which will prevent the partial routing of the signal "i_mat_wdata[31]". Without this partial route, timing analysis to/from this port will not be accurate, and no routing information for this port can be exported.
WARNING: [Route 35-198] Port "i_mat_wdata[30]" does not have an associated HD.PARTPIN_LOCS, which will prevent the partial routing of the signal "i_mat_wdata[30]". Without this partial route, timing analysis to/from this port will not be accurate, and no routing information for this port can be exported.
WARNING: [Route 35-198] Port "i_mat_wdata[29]" does not have an associated HD.PARTPIN_LOCS, which will prevent the partial routing of the signal "i_mat_wdata[29]". Without this partial route, timing analysis to/from this port will not be accurate, and no routing information for this port can be exported.
WARNING: [Route 35-198] Port "i_mat_wdata[28]" does not have an associated HD.PARTPIN_LOCS, which will prevent the partial routing of the signal "i_mat_wdata[28]". Without this partial route, timing analysis to/from this port will not be accurate, and no routing information for this port can be exported.
WARNING: [Route 35-198] Port "i_mat_wdata[27]" does not have an associated HD.PARTPIN_LOCS, which will prevent the partial routing of the signal "i_mat_wdata[27]". Without this partial route, timing analysis to/from this port will not be accurate, and no routing information for this port can be exported.
WARNING: [Route 35-198] Port "i_mat_wdata[26]" does not have an associated HD.PARTPIN_LOCS, which will prevent the partial routing of the signal "i_mat_wdata[26]". Without this partial route, timing analysis to/from this port will not be accurate, and no routing information for this port can be exported.
WARNING: [Route 35-198] Port "i_mat_wdata[25]" does not have an associated HD.PARTPIN_LOCS, which will prevent the partial routing of the signal "i_mat_wdata[25]". Without this partial route, timing analysis to/from this port will not be accurate, and no routing information for this port can be exported.
WARNING: [Route 35-198] Port "i_mat_wdata[24]" does not have an associated HD.PARTPIN_LOCS, which will prevent the partial routing of the signal "i_mat_wdata[24]". Without this partial route, timing analysis to/from this port will not be accurate, and no routing information for this port can be exported.
WARNING: [Route 35-198] Port "i_mat_wdata[23]" does not have an associated HD.PARTPIN_LOCS, which will prevent the partial routing of the signal "i_mat_wdata[23]". Without this partial route, timing analysis to/from this port will not be accurate, and no routing information for this port can be exported.
WARNING: [Route 35-198] Port "i_mat_wdata[22]" does not have an associated HD.PARTPIN_LOCS, which will prevent the partial routing of the signal "i_mat_wdata[22]". Without this partial route, timing analysis to/from this port will not be accurate, and no routing information for this port can be exported.
WARNING: [Route 35-198] Port "i_mat_wdata[21]" does not have an associated HD.PARTPIN_LOCS, which will prevent the partial routing of the signal "i_mat_wdata[21]". Without this partial route, timing analysis to/from this port will not be accurate, and no routing information for this port can be exported.
WARNING: [Route 35-198] Port "i_mat_wdata[20]" does not have an associated HD.PARTPIN_LOCS, which will prevent the partial routing of the signal "i_mat_wdata[20]". Without this partial route, timing analysis to/from this port will not be accurate, and no routing information for this port can be exported.
WARNING: [Route 35-198] Port "i_mat_wdata[19]" does not have an associated HD.PARTPIN_LOCS, which will prevent the partial routing of the signal "i_mat_wdata[19]". Without this partial route, timing analysis to/from this port will not be accurate, and no routing information for this port can be exported.
WARNING: [Route 35-198] Port "i_mat_wdata[18]" does not have an associated HD.PARTPIN_LOCS, which will prevent the partial routing of the signal "i_mat_wdata[18]". Without this partial route, timing analysis to/from this port will not be accurate, and no routing information for this port can be exported.
WARNING: [Route 35-198] Port "i_mat_wdata[17]" does not have an associated HD.PARTPIN_LOCS, which will prevent the partial routing of the signal "i_mat_wdata[17]". Without this partial route, timing analysis to/from this port will not be accurate, and no routing information for this port can be exported.
WARNING: [Route 35-198] Port "i_mat_wdata[16]" does not have an associated HD.PARTPIN_LOCS, which will prevent the partial routing of the signal "i_mat_wdata[16]". Without this partial route, timing analysis to/from this port will not be accurate, and no routing information for this port can be exported.
WARNING: [Route 35-198] Port "i_mat_wdata[15]" does not have an associated HD.PARTPIN_LOCS, which will prevent the partial routing of the signal "i_mat_wdata[15]". Without this partial route, timing analysis to/from this port will not be accurate, and no routing information for this port can be exported.
WARNING: [Route 35-198] Port "i_mat_wdata[14]" does not have an associated HD.PARTPIN_LOCS, which will prevent the partial routing of the signal "i_mat_wdata[14]". Without this partial route, timing analysis to/from this port will not be accurate, and no routing information for this port can be exported.
WARNING: [Route 35-198] Port "i_mat_wdata[13]" does not have an associated HD.PARTPIN_LOCS, which will prevent the partial routing of the signal "i_mat_wdata[13]". Without this partial route, timing analysis to/from this port will not be accurate, and no routing information for this port can be exported.
WARNING: [Route 35-198] Port "i_mat_wdata[12]" does not have an associated HD.PARTPIN_LOCS, which will prevent the partial routing of the signal "i_mat_wdata[12]". Without this partial route, timing analysis to/from this port will not be accurate, and no routing information for this port can be exported.
WARNING: [Route 35-198] Port "i_mat_wdata[11]" does not have an associated HD.PARTPIN_LOCS, which will prevent the partial routing of the signal "i_mat_wdata[11]". Without this partial route, timing analysis to/from this port will not be accurate, and no routing information for this port can be exported.
WARNING: [Route 35-198] Port "i_mat_wdata[10]" does not have an associated HD.PARTPIN_LOCS, which will prevent the partial routing of the signal "i_mat_wdata[10]". Without this partial route, timing analysis to/from this port will not be accurate, and no routing information for this port can be exported.
WARNING: [Route 35-198] Port "i_mat_wdata[9]" does not have an associated HD.PARTPIN_LOCS, which will prevent the partial routing of the signal "i_mat_wdata[9]". Without this partial route, timing analysis to/from this port will not be accurate, and no routing information for this port can be exported.
WARNING: [Route 35-198] Port "i_mat_wdata[8]" does not have an associated HD.PARTPIN_LOCS, which will prevent the partial routing of the signal "i_mat_wdata[8]". Without this partial route, timing analysis to/from this port will not be accurate, and no routing information for this port can be exported.
WARNING: [Route 35-198] Port "i_mat_wdata[7]" does not have an associated HD.PARTPIN_LOCS, which will prevent the partial routing of the signal "i_mat_wdata[7]". Without this partial route, timing analysis to/from this port will not be accurate, and no routing information for this port can be exported.
WARNING: [Route 35-198] Port "i_mat_wdata[6]" does not have an associated HD.PARTPIN_LOCS, which will prevent the partial routing of the signal "i_mat_wdata[6]". Without this partial route, timing analysis to/from this port will not be accurate, and no routing information for this port can be exported.
WARNING: [Route 35-198] Port "i_mat_wdata[5]" does not have an associated HD.PARTPIN_LOCS, which will prevent the partial routing of the signal "i_mat_wdata[5]". Without this partial route, timing analysis to/from this port will not be accurate, and no routing information for this port can be exported.
WARNING: [Route 35-198] Port "i_mat_wdata[4]" does not have an associated HD.PARTPIN_LOCS, which will prevent the partial routing of the signal "i_mat_wdata[4]". Without this partial route, timing analysis to/from this port will not be accurate, and no routing information for this port can be exported.
WARNING: [Route 35-198] Port "i_mat_wdata[3]" does not have an associated HD.PARTPIN_LOCS, which will prevent the partial routing of the signal "i_mat_wdata[3]". Without this partial route, timing analysis to/from this port will not be accurate, and no routing information for this port can be exported.
WARNING: [Route 35-198] Port "i_mat_wdata[2]" does not have an associated HD.PARTPIN_LOCS, which will prevent the partial routing of the signal "i_mat_wdata[2]". Without this partial route, timing analysis to/from this port will not be accurate, and no routing information for this port can be exported.
WARNING: [Route 35-198] Port "i_mat_wdata[1]" does not have an associated HD.PARTPIN_LOCS, which will prevent the partial routing of the signal "i_mat_wdata[1]". Without this partial route, timing analysis to/from this port will not be accurate, and no routing information for this port can be exported.
WARNING: [Route 35-198] Port "i_mat_wdata[0]" does not have an associated HD.PARTPIN_LOCS, which will prevent the partial routing of the signal "i_mat_wdata[0]". Without this partial route, timing analysis to/from this port will not be accurate, and no routing information for this port can be exported.
WARNING: [Route 35-198] Port "i_mat_wdata[63]" does not have an associated HD.PARTPIN_LOCS, which will prevent the partial routing of the signal "i_mat_wdata[63]". Without this partial route, timing analysis to/from this port will not be accurate, and no routing information for this port can be exported.
WARNING: [Route 35-198] Port "i_mat_wdata[62]" does not have an associated HD.PARTPIN_LOCS, which will prevent the partial routing of the signal "i_mat_wdata[62]". Without this partial route, timing analysis to/from this port will not be accurate, and no routing information for this port can be exported.
WARNING: [Route 35-198] Port "i_mat_wdata[61]" does not have an associated HD.PARTPIN_LOCS, which will prevent the partial routing of the signal "i_mat_wdata[61]". Without this partial route, timing analysis to/from this port will not be accurate, and no routing information for this port can be exported.
WARNING: [Route 35-198] Port "i_mat_wdata[60]" does not have an associated HD.PARTPIN_LOCS, which will prevent the partial routing of the signal "i_mat_wdata[60]". Without this partial route, timing analysis to/from this port will not be accurate, and no routing information for this port can be exported.
WARNING: [Route 35-198] Port "i_mat_wdata[59]" does not have an associated HD.PARTPIN_LOCS, which will prevent the partial routing of the signal "i_mat_wdata[59]". Without this partial route, timing analysis to/from this port will not be accurate, and no routing information for this port can be exported.
WARNING: [Route 35-198] Port "i_mat_wdata[58]" does not have an associated HD.PARTPIN_LOCS, which will prevent the partial routing of the signal "i_mat_wdata[58]". Without this partial route, timing analysis to/from this port will not be accurate, and no routing information for this port can be exported.
WARNING: [Route 35-198] Port "i_mat_wdata[57]" does not have an associated HD.PARTPIN_LOCS, which will prevent the partial routing of the signal "i_mat_wdata[57]". Without this partial route, timing analysis to/from this port will not be accurate, and no routing information for this port can be exported.
WARNING: [Route 35-198] Port "i_mat_wdata[56]" does not have an associated HD.PARTPIN_LOCS, which will prevent the partial routing of the signal "i_mat_wdata[56]". Without this partial route, timing analysis to/from this port will not be accurate, and no routing information for this port can be exported.
WARNING: [Route 35-198] Port "i_mat_wdata[55]" does not have an associated HD.PARTPIN_LOCS, which will prevent the partial routing of the signal "i_mat_wdata[55]". Without this partial route, timing analysis to/from this port will not be accurate, and no routing information for this port can be exported.
WARNING: [Route 35-198] Port "i_mat_wdata[54]" does not have an associated HD.PARTPIN_LOCS, which will prevent the partial routing of the signal "i_mat_wdata[54]". Without this partial route, timing analysis to/from this port will not be accurate, and no routing information for this port can be exported.
WARNING: [Route 35-198] Port "i_mat_wdata[53]" does not have an associated HD.PARTPIN_LOCS, which will prevent the partial routing of the signal "i_mat_wdata[53]". Without this partial route, timing analysis to/from this port will not be accurate, and no routing information for this port can be exported.
WARNING: [Route 35-198] Port "i_mat_wdata[52]" does not have an associated HD.PARTPIN_LOCS, which will prevent the partial routing of the signal "i_mat_wdata[52]". Without this partial route, timing analysis to/from this port will not be accurate, and no routing information for this port can be exported.
WARNING: [Route 35-198] Port "i_mat_wdata[51]" does not have an associated HD.PARTPIN_LOCS, which will prevent the partial routing of the signal "i_mat_wdata[51]". Without this partial route, timing analysis to/from this port will not be accurate, and no routing information for this port can be exported.
WARNING: [Route 35-198] Port "i_mat_wdata[50]" does not have an associated HD.PARTPIN_LOCS, which will prevent the partial routing of the signal "i_mat_wdata[50]". Without this partial route, timing analysis to/from this port will not be accurate, and no routing information for this port can be exported.
WARNING: [Route 35-198] Port "i_mat_wdata[49]" does not have an associated HD.PARTPIN_LOCS, which will prevent the partial routing of the signal "i_mat_wdata[49]". Without this partial route, timing analysis to/from this port will not be accurate, and no routing information for this port can be exported.
WARNING: [Route 35-198] Port "i_mat_wdata[48]" does not have an associated HD.PARTPIN_LOCS, which will prevent the partial routing of the signal "i_mat_wdata[48]". Without this partial route, timing analysis to/from this port will not be accurate, and no routing information for this port can be exported.
WARNING: [Route 35-198] Port "i_mat_wdata[47]" does not have an associated HD.PARTPIN_LOCS, which will prevent the partial routing of the signal "i_mat_wdata[47]". Without this partial route, timing analysis to/from this port will not be accurate, and no routing information for this port can be exported.
WARNING: [Route 35-198] Port "i_mat_wdata[46]" does not have an associated HD.PARTPIN_LOCS, which will prevent the partial routing of the signal "i_mat_wdata[46]". Without this partial route, timing analysis to/from this port will not be accurate, and no routing information for this port can be exported.
WARNING: [Route 35-198] Port "i_mat_wdata[45]" does not have an associated HD.PARTPIN_LOCS, which will prevent the partial routing of the signal "i_mat_wdata[45]". Without this partial route, timing analysis to/from this port will not be accurate, and no routing information for this port can be exported.
WARNING: [Route 35-198] Port "i_mat_wdata[44]" does not have an associated HD.PARTPIN_LOCS, which will prevent the partial routing of the signal "i_mat_wdata[44]". Without this partial route, timing analysis to/from this port will not be accurate, and no routing information for this port can be exported.
WARNING: [Route 35-198] Port "i_mat_wdata[43]" does not have an associated HD.PARTPIN_LOCS, which will prevent the partial routing of the signal "i_mat_wdata[43]". Without this partial route, timing analysis to/from this port will not be accurate, and no routing information for this port can be exported.
WARNING: [Route 35-198] Port "i_mat_wdata[42]" does not have an associated HD.PARTPIN_LOCS, which will prevent the partial routing of the signal "i_mat_wdata[42]". Without this partial route, timing analysis to/from this port will not be accurate, and no routing information for this port can be exported.
WARNING: [Route 35-198] Port "i_mat_wdata[41]" does not have an associated HD.PARTPIN_LOCS, which will prevent the partial routing of the signal "i_mat_wdata[41]". Without this partial route, timing analysis to/from this port will not be accurate, and no routing information for this port can be exported.
WARNING: [Route 35-198] Port "i_mat_wdata[40]" does not have an associated HD.PARTPIN_LOCS, which will prevent the partial routing of the signal "i_mat_wdata[40]". Without this partial route, timing analysis to/from this port will not be accurate, and no routing information for this port can be exported.
WARNING: [Route 35-198] Port "i_mat_wdata[39]" does not have an associated HD.PARTPIN_LOCS, which will prevent the partial routing of the signal "i_mat_wdata[39]". Without this partial route, timing analysis to/from this port will not be accurate, and no routing information for this port can be exported.
WARNING: [Route 35-198] Port "i_mat_wdata[38]" does not have an associated HD.PARTPIN_LOCS, which will prevent the partial routing of the signal "i_mat_wdata[38]". Without this partial route, timing analysis to/from this port will not be accurate, and no routing information for this port can be exported.
WARNING: [Route 35-198] Port "i_mat_wdata[37]" does not have an associated HD.PARTPIN_LOCS, which will prevent the partial routing of the signal "i_mat_wdata[37]". Without this partial route, timing analysis to/from this port will not be accurate, and no routing information for this port can be exported.
WARNING: [Route 35-198] Port "i_mat_wdata[36]" does not have an associated HD.PARTPIN_LOCS, which will prevent the partial routing of the signal "i_mat_wdata[36]". Without this partial route, timing analysis to/from this port will not be accurate, and no routing information for this port can be exported.
WARNING: [Route 35-198] Port "i_mat_wdata[35]" does not have an associated HD.PARTPIN_LOCS, which will prevent the partial routing of the signal "i_mat_wdata[35]". Without this partial route, timing analysis to/from this port will not be accurate, and no routing information for this port can be exported.
WARNING: [Route 35-198] Port "i_mat_wdata[34]" does not have an associated HD.PARTPIN_LOCS, which will prevent the partial routing of the signal "i_mat_wdata[34]". Without this partial route, timing analysis to/from this port will not be accurate, and no routing information for this port can be exported.
WARNING: [Route 35-198] Port "i_mat_wdata[33]" does not have an associated HD.PARTPIN_LOCS, which will prevent the partial routing of the signal "i_mat_wdata[33]". Without this partial route, timing analysis to/from this port will not be accurate, and no routing information for this port can be exported.
WARNING: [Route 35-198] Port "i_mat_wdata[32]" does not have an associated HD.PARTPIN_LOCS, which will prevent the partial routing of the signal "i_mat_wdata[32]". Without this partial route, timing analysis to/from this port will not be accurate, and no routing information for this port can be exported.
WARNING: [Route 35-198] Port "i_mat_wen[65]" does not have an associated HD.PARTPIN_LOCS, which will prevent the partial routing of the signal "i_mat_wen[65]". Without this partial route, timing analysis to/from this port will not be accurate, and no routing information for this port can be exported.
WARNING: [Route 35-198] Port "i_mat_wen[95]" does not have an associated HD.PARTPIN_LOCS, which will prevent the partial routing of the signal "i_mat_wen[95]". Without this partial route, timing analysis to/from this port will not be accurate, and no routing information for this port can be exported.
WARNING: [Route 35-198] Port "rst" does not have an associated HD.PARTPIN_LOCS, which will prevent the partial routing of the signal "rst". Without this partial route, timing analysis to/from this port will not be accurate, and no routing information for this port can be exported.
WARNING: [Route 35-198] Port "i_mat_wen[110]" does not have an associated HD.PARTPIN_LOCS, which will prevent the partial routing of the signal "i_mat_wen[110]". Without this partial route, timing analysis to/from this port will not be accurate, and no routing information for this port can be exported.
WARNING: [Route 35-198] Port "i_mat_wen[63]" does not have an associated HD.PARTPIN_LOCS, which will prevent the partial routing of the signal "i_mat_wen[63]". Without this partial route, timing analysis to/from this port will not be accurate, and no routing information for this port can be exported.
WARNING: [Route 35-198] Port "i_mat_wen[57]" does not have an associated HD.PARTPIN_LOCS, which will prevent the partial routing of the signal "i_mat_wen[57]". Without this partial route, timing analysis to/from this port will not be accurate, and no routing information for this port can be exported.
WARNING: [Route 35-198] Port "i_mat_wen[0]" does not have an associated HD.PARTPIN_LOCS, which will prevent the partial routing of the signal "i_mat_wen[0]". Without this partial route, timing analysis to/from this port will not be accurate, and no routing information for this port can be exported.
WARNING: [Route 35-198] Port "i_mat_wen[2]" does not have an associated HD.PARTPIN_LOCS, which will prevent the partial routing of the signal "i_mat_wen[2]". Without this partial route, timing analysis to/from this port will not be accurate, and no routing information for this port can be exported.
WARNING: [Route 35-198] Port "i_mat_wen[66]" does not have an associated HD.PARTPIN_LOCS, which will prevent the partial routing of the signal "i_mat_wen[66]". Without this partial route, timing analysis to/from this port will not be accurate, and no routing information for this port can be exported.
WARNING: [Route 35-198] Port "i_mat_wen[9]" does not have an associated HD.PARTPIN_LOCS, which will prevent the partial routing of the signal "i_mat_wen[9]". Without this partial route, timing analysis to/from this port will not be accurate, and no routing information for this port can be exported.
WARNING: [Route 35-198] Port "i_mat_wen[4]" does not have an associated HD.PARTPIN_LOCS, which will prevent the partial routing of the signal "i_mat_wen[4]". Without this partial route, timing analysis to/from this port will not be accurate, and no routing information for this port can be exported.
WARNING: [Route 35-198] Port "i_mat_wen[93]" does not have an associated HD.PARTPIN_LOCS, which will prevent the partial routing of the signal "i_mat_wen[93]". Without this partial route, timing analysis to/from this port will not be accurate, and no routing information for this port can be exported.
WARNING: [Route 35-198] Port "i_mat_wen[62]" does not have an associated HD.PARTPIN_LOCS, which will prevent the partial routing of the signal "i_mat_wen[62]". Without this partial route, timing analysis to/from this port will not be accurate, and no routing information for this port can be exported.
WARNING: [Route 35-198] Port "i_mat_wen[8]" does not have an associated HD.PARTPIN_LOCS, which will prevent the partial routing of the signal "i_mat_wen[8]". Without this partial route, timing analysis to/from this port will not be accurate, and no routing information for this port can be exported.
WARNING: [Route 35-198] Port "i_mat_wen[3]" does not have an associated HD.PARTPIN_LOCS, which will prevent the partial routing of the signal "i_mat_wen[3]". Without this partial route, timing analysis to/from this port will not be accurate, and no routing information for this port can be exported.
WARNING: [Route 35-198] Port "i_mat_wen[15]" does not have an associated HD.PARTPIN_LOCS, which will prevent the partial routing of the signal "i_mat_wen[15]". Without this partial route, timing analysis to/from this port will not be accurate, and no routing information for this port can be exported.
WARNING: [Route 35-198] Port "i_mat_wen[14]" does not have an associated HD.PARTPIN_LOCS, which will prevent the partial routing of the signal "i_mat_wen[14]". Without this partial route, timing analysis to/from this port will not be accurate, and no routing information for this port can be exported.
WARNING: [Route 35-198] Port "i_mat_wen[67]" does not have an associated HD.PARTPIN_LOCS, which will prevent the partial routing of the signal "i_mat_wen[67]". Without this partial route, timing analysis to/from this port will not be accurate, and no routing information for this port can be exported.
WARNING: [Route 35-198] Port "i_mat_wen[56]" does not have an associated HD.PARTPIN_LOCS, which will prevent the partial routing of the signal "i_mat_wen[56]". Without this partial route, timing analysis to/from this port will not be accurate, and no routing information for this port can be exported.
WARNING: [Route 35-198] Port "i_mat_wen[12]" does not have an associated HD.PARTPIN_LOCS, which will prevent the partial routing of the signal "i_mat_wen[12]". Without this partial route, timing analysis to/from this port will not be accurate, and no routing information for this port can be exported.
WARNING: [Route 35-198] Port "i_mat_wen[82]" does not have an associated HD.PARTPIN_LOCS, which will prevent the partial routing of the signal "i_mat_wen[82]". Without this partial route, timing analysis to/from this port will not be accurate, and no routing information for this port can be exported.
WARNING: [Route 35-198] Port "i_mat_wen[88]" does not have an associated HD.PARTPIN_LOCS, which will prevent the partial routing of the signal "i_mat_wen[88]". Without this partial route, timing analysis to/from this port will not be accurate, and no routing information for this port can be exported.
WARNING: [Route 35-198] Port "i_mat_wen[10]" does not have an associated HD.PARTPIN_LOCS, which will prevent the partial routing of the signal "i_mat_wen[10]". Without this partial route, timing analysis to/from this port will not be accurate, and no routing information for this port can be exported.
WARNING: [Route 35-198] Port "i_mat_wen[7]" does not have an associated HD.PARTPIN_LOCS, which will prevent the partial routing of the signal "i_mat_wen[7]". Without this partial route, timing analysis to/from this port will not be accurate, and no routing information for this port can be exported.
WARNING: [Route 35-198] Port "i_mat_wen[23]" does not have an associated HD.PARTPIN_LOCS, which will prevent the partial routing of the signal "i_mat_wen[23]". Without this partial route, timing analysis to/from this port will not be accurate, and no routing information for this port can be exported.
WARNING: [Route 35-198] Port "i_mat_wen[1]" does not have an associated HD.PARTPIN_LOCS, which will prevent the partial routing of the signal "i_mat_wen[1]". Without this partial route, timing analysis to/from this port will not be accurate, and no routing information for this port can be exported.
WARNING: [Route 35-198] Port "i_mat_wen[83]" does not have an associated HD.PARTPIN_LOCS, which will prevent the partial routing of the signal "i_mat_wen[83]". Without this partial route, timing analysis to/from this port will not be accurate, and no routing information for this port can be exported.
INFO: [Common 17-14] Message 'Route 35-198' appears 100 times and further instances of the messages will be disabled. Use the Tcl command set_msg_config to change the current settings.
Post Restoration Checksum: NetGraph: ba7bea0b | NumContArr: 25628e28 | Constraints: 75715aa5 | Timing: c2a8fa9d
Phase 1 Build RT Design | Checksum: 217f8cd75

Time (s): cpu = 00:00:29 ; elapsed = 00:00:18 . Memory (MB): peak = 6831.355 ; gain = 0.000

Phase 2 Router Initialization

Phase 2.1 Fix Topology Constraints
Phase 2.1 Fix Topology Constraints | Checksum: 217f8cd75

Time (s): cpu = 00:00:30 ; elapsed = 00:00:18 . Memory (MB): peak = 6831.355 ; gain = 0.000

Phase 2.2 Pre Route Cleanup
Phase 2.2 Pre Route Cleanup | Checksum: 217f8cd75

Time (s): cpu = 00:00:30 ; elapsed = 00:00:19 . Memory (MB): peak = 6831.355 ; gain = 0.000

Phase 2.3 Global Clock Net Routing
 Number of Nodes with overlaps = 0
Phase 2.3 Global Clock Net Routing | Checksum: 2b33bd85f

Time (s): cpu = 00:00:32 ; elapsed = 00:00:20 . Memory (MB): peak = 6831.355 ; gain = 0.000

Phase 2.4 Update Timing
Phase 2.4 Update Timing | Checksum: 2eebea827

Time (s): cpu = 00:00:49 ; elapsed = 00:00:29 . Memory (MB): peak = 6831.355 ; gain = 0.000
INFO: [Route 35-416] Intermediate Timing Summary | WNS=-1.085 | TNS=-44895.854| WHS=0.061  | THS=0.000  |


Router Utilization Summary
  Global Vertical Routing Utilization    = 0 %
  Global Horizontal Routing Utilization  = 0 %
  Routable Net Status*
  *Does not include unroutable nets such as driverless and loadless.
  Run report_route_status for detailed report.
  Number of Failed Nets               = 54048
    (Failed Nets is the sum of unrouted and partially routed nets)
  Number of Unrouted Nets             = 52220
  Number of Partially Routed Nets     = 1828
  Number of Node Overlaps             = 0

Phase 2 Router Initialization | Checksum: 2117c3187

Time (s): cpu = 00:01:38 ; elapsed = 00:00:56 . Memory (MB): peak = 6831.355 ; gain = 0.000

Phase 3 Global Routing
Phase 3 Global Routing | Checksum: 2117c3187

Time (s): cpu = 00:01:38 ; elapsed = 00:00:57 . Memory (MB): peak = 6831.355 ; gain = 0.000

Phase 4 Initial Routing

Phase 4.1 Initial Net Routing Pass
Phase 4.1 Initial Net Routing Pass | Checksum: 247e15ab9

Time (s): cpu = 00:03:29 ; elapsed = 00:01:56 . Memory (MB): peak = 6831.355 ; gain = 0.000
Phase 4 Initial Routing | Checksum: 2666f95e8

Time (s): cpu = 00:03:29 ; elapsed = 00:01:56 . Memory (MB): peak = 6831.355 ; gain = 0.000

INFO: [Route 35-449] Initial Estimated Congestion
 ________________________________________________________________________
|           | Global Congestion | Long Congestion   | Short Congestion  |
|           |___________________|___________________|___________________|
| Direction | Size   | % Tiles  | Size   | % Tiles  | Size   | % Tiles  |
|___________|________|__________|________|__________|________|__________|
|      NORTH|     2x2|      0.36|     8x8|      5.69|     1x1|      0.02|
|___________|________|__________|________|__________|________|__________|
|      SOUTH|     4x4|      2.87|   32x32|     16.48|     1x1|      0.00|
|___________|________|__________|________|__________|________|__________|
|       EAST|     1x1|      0.00|     2x2|      0.19|     2x2|      0.05|
|___________|________|__________|________|__________|________|__________|
|       WEST|     2x2|      0.17|     4x4|      3.07|     2x2|      0.13|
|___________|________|__________|________|__________|________|__________|
Congestion Report
LONG Congestion bounded by tiles (Lower Left Tile -> Upper Right Tile):
SOUTH
	INT_X8Y79->INT_X23Y190 (INT_X8Y79->CLEL_R_X23Y190)
	INT_X0Y133->INT_X25Y164 (PSS_ALTO_X0Y60->CLEL_R_X25Y164)
	INT_X0Y132->INT_X25Y163 (PSS_ALTO_X0Y60->CLEL_R_X25Y163)
	INT_X0Y131->INT_X25Y162 (PSS_ALTO_X0Y60->CLEL_R_X25Y162)
	INT_X0Y130->INT_X25Y161 (PSS_ALTO_X0Y60->CLEL_R_X25Y161)

INFO: [Route 35-581] Estimated Timing congestion is level 5 (32x32). Congestion levels of 5 and greater may impact timing closure.

Phase 5 Rip-up And Reroute

Phase 5.1 Global Iteration 0
 Number of Nodes with overlaps = 1803
 Number of Nodes with overlaps = 52
 Number of Nodes with overlaps = 4
 Number of Nodes with overlaps = 1
 Number of Nodes with overlaps = 0
INFO: [Route 35-416] Intermediate Timing Summary | WNS=-1.349 | TNS=-58290.864| WHS=0.055  | THS=0.000  |

Phase 5.1 Global Iteration 0 | Checksum: 1630e81d4

Time (s): cpu = 00:05:14 ; elapsed = 00:03:01 . Memory (MB): peak = 6831.355 ; gain = 0.000

Phase 5.2 Global Iteration 1
 Number of Nodes with overlaps = 117
 Number of Nodes with overlaps = 9
 Number of Nodes with overlaps = 0
INFO: [Route 35-416] Intermediate Timing Summary | WNS=-1.214 | TNS=-58284.193| WHS=N/A    | THS=N/A    |

Phase 5.2 Global Iteration 1 | Checksum: 273f12075

Time (s): cpu = 00:05:46 ; elapsed = 00:03:31 . Memory (MB): peak = 6831.355 ; gain = 0.000

Phase 5.3 Global Iteration 2
 Number of Nodes with overlaps = 60
 Number of Nodes with overlaps = 8
 Number of Nodes with overlaps = 0
INFO: [Route 35-416] Intermediate Timing Summary | WNS=-1.214 | TNS=-58289.829| WHS=N/A    | THS=N/A    |

Phase 5.3 Global Iteration 2 | Checksum: 1f0dfc490

Time (s): cpu = 00:06:00 ; elapsed = 00:03:43 . Memory (MB): peak = 6831.355 ; gain = 0.000
Phase 5 Rip-up And Reroute | Checksum: 1f0dfc490

Time (s): cpu = 00:06:00 ; elapsed = 00:03:43 . Memory (MB): peak = 6831.355 ; gain = 0.000

Phase 6 Delay and Skew Optimization

Phase 6.1 Delay CleanUp
INFO: [Route 35-416] Intermediate Timing Summary | WNS=-1.214 | TNS=-58289.829| WHS=0.055  | THS=0.000  |

INFO: [Route 35-416] Intermediate Timing Summary | WNS=-1.214 | TNS=-58289.829| WHS=0.055  | THS=0.000  |

 Number of Nodes with overlaps = 0
Phase 6.1 Delay CleanUp | Checksum: 1b8d05127

Time (s): cpu = 00:06:33 ; elapsed = 00:04:02 . Memory (MB): peak = 6831.355 ; gain = 0.000

Phase 6.2 Clock Skew Optimization
Phase 6.2 Clock Skew Optimization | Checksum: 1b8d05127

Time (s): cpu = 00:06:33 ; elapsed = 00:04:02 . Memory (MB): peak = 6831.355 ; gain = 0.000
Phase 6 Delay and Skew Optimization | Checksum: 1b8d05127

Time (s): cpu = 00:06:33 ; elapsed = 00:04:02 . Memory (MB): peak = 6831.355 ; gain = 0.000

Phase 7 Post Hold Fix

Phase 7.1 Hold Fix Iter
INFO: [Route 35-416] Intermediate Timing Summary | WNS=-1.189 | TNS=-58208.920| WHS=0.055  | THS=0.000  |

Phase 7.1 Hold Fix Iter | Checksum: 184604355

Time (s): cpu = 00:06:52 ; elapsed = 00:04:12 . Memory (MB): peak = 6831.355 ; gain = 0.000
Phase 7 Post Hold Fix | Checksum: 184604355

Time (s): cpu = 00:06:52 ; elapsed = 00:04:12 . Memory (MB): peak = 6831.355 ; gain = 0.000

Phase 8 Leaf Clock Prog Delay Opt

Phase 8.1 Optimize Skews
Phase 8.1 Optimize Skews | Checksum: 184604355

Time (s): cpu = 00:07:08 ; elapsed = 00:04:21 . Memory (MB): peak = 6831.355 ; gain = 0.000

Phase 8.2 Post SkewOpt Hold Fix

Phase 8.2.1 Hold Fix Iter
INFO: [Route 35-416] Intermediate Timing Summary | WNS=-1.189 | TNS=-58208.920| WHS=0.055  | THS=0.000  |

Phase 8.2.1 Hold Fix Iter | Checksum: 1a3f92c3e

Time (s): cpu = 00:07:26 ; elapsed = 00:04:31 . Memory (MB): peak = 6831.355 ; gain = 0.000
Phase 8.2 Post SkewOpt Hold Fix | Checksum: 156ddeda8

Time (s): cpu = 00:07:26 ; elapsed = 00:04:31 . Memory (MB): peak = 6831.355 ; gain = 0.000
Phase 8 Leaf Clock Prog Delay Opt | Checksum: 252e7c509

Time (s): cpu = 00:07:43 ; elapsed = 00:04:40 . Memory (MB): peak = 6831.355 ; gain = 0.000

Phase 9 Route finalize

Router Utilization Summary
  Global Vertical Routing Utilization    = 20.0405 %
  Global Horizontal Routing Utilization  = 11.894 %
  Routable Net Status*
  *Does not include unroutable nets such as driverless and loadless.
  Run report_route_status for detailed report.
  Number of Failed Nets               = 0
    (Failed Nets is the sum of unrouted and partially routed nets)
  Number of Unrouted Nets             = 0
  Number of Partially Routed Nets     = 0
  Number of Node Overlaps             = 0


--GLOBAL Congestion:
Utilization threshold used for congestion level computation: 0.85
Congestion Report
North Dir 1x1 Area, Max Cong = 78.8732%, No Congested Regions.
South Dir 1x1 Area, Max Cong = 84.3602%, No Congested Regions.
East Dir 1x1 Area, Max Cong = 68.2692%, No Congested Regions.
West Dir 1x1 Area, Max Cong = 77.8846%, No Congested Regions.

------------------------------
Reporting congestion hotspots
------------------------------
Direction: North
----------------
Congested clusters found at Level 0
Effective congestion level: 0 Aspect Ratio: 1 Sparse Ratio: 0
Direction: South
----------------
Congested clusters found at Level 0
Effective congestion level: 0 Aspect Ratio: 1 Sparse Ratio: 0
Direction: East
----------------
Congested clusters found at Level 0
Effective congestion level: 0 Aspect Ratio: 1 Sparse Ratio: 0
Direction: West
----------------
Congested clusters found at Level 0
Effective congestion level: 0 Aspect Ratio: 1 Sparse Ratio: 0

Phase 9 Route finalize | Checksum: 252e7c509

Time (s): cpu = 00:07:44 ; elapsed = 00:04:41 . Memory (MB): peak = 6831.355 ; gain = 0.000

Phase 10 Verifying routed nets

 Verification completed successfully
Phase 10 Verifying routed nets | Checksum: 252e7c509

Time (s): cpu = 00:07:44 ; elapsed = 00:04:41 . Memory (MB): peak = 6831.355 ; gain = 0.000

Phase 11 Depositing Routes
Phase 11 Depositing Routes | Checksum: 252e7c509

Time (s): cpu = 00:07:47 ; elapsed = 00:04:43 . Memory (MB): peak = 6831.355 ; gain = 0.000

Phase 12 Resolve XTalk
Phase 12 Resolve XTalk | Checksum: 252e7c509

Time (s): cpu = 00:07:47 ; elapsed = 00:04:43 . Memory (MB): peak = 6831.355 ; gain = 0.000

Phase 13 Post Process Routing
Phase 13 Post Process Routing | Checksum: 252e7c509

Time (s): cpu = 00:07:47 ; elapsed = 00:04:44 . Memory (MB): peak = 6831.355 ; gain = 0.000

Phase 14 Post Router Timing
INFO: [Route 35-57] Estimated Timing Summary | WNS=-1.189 | TNS=-58208.920| WHS=0.055  | THS=0.000  |

WARNING: [Route 35-328] Router estimated timing not met.
Resolution: For a complete and accurate timing signoff, report_timing_summary must be run after route_design. Alternatively, route_design can be run with the -timing_summary option to enable a complete timing signoff at the end of route_design.
Phase 14 Post Router Timing | Checksum: 252e7c509

Time (s): cpu = 00:07:48 ; elapsed = 00:04:44 . Memory (MB): peak = 6831.355 ; gain = 0.000
Time taken to check if laguna hold fix is required (in secs): 0

Phase 15 Physical Synthesis in Router

Phase 15.1 Physical Synthesis Initialization
INFO: [Physopt 32-668] Current Timing Summary | WNS=-1.189 | TNS=-58170.892 | WHS=0.055 | THS=0.000 |
Phase 15.1 Physical Synthesis Initialization | Checksum: 252e7c509

Time (s): cpu = 00:08:41 ; elapsed = 00:05:14 . Memory (MB): peak = 6831.355 ; gain = 0.000
WARNING: [Physopt 32-745] Physical Optimization has determined that the magnitude of the negative slack is too large and it is highly unlikely that slack will be improved. Post-Route Physical Optimization is most effective when WNS is above -0.5ns

Phase 15.2 Critical Path Optimization
INFO: [Physopt 32-668] Current Timing Summary | WNS=-1.189 | TNS=-58170.892 | WHS=0.055 | THS=0.000 |
INFO: [Physopt 32-953] Path group WNS did not improve. Path group: clk. Processed net: gen_olanes[0].vec_lane_reg_n_0_[0][47]_repN_5.
INFO: [Physopt 32-952] Improved path group WNS = -1.167. Path group: clk. Processed net: u_vec_mem/D[47].
INFO: [Physopt 32-953] Path group WNS did not improve. Path group: clk. Processed net: u_vec_mem/D[47].
INFO: [Physopt 32-668] Current Timing Summary | WNS=-1.167 | TNS=-58170.866 | WHS=0.055 | THS=0.000 |
Netlist sorting complete. Time (s): cpu = 00:00:00 ; elapsed = 00:00:00.014 . Memory (MB): peak = 6831.355 ; gain = 0.000
Phase 15.2 Critical Path Optimization | Checksum: ff183f57

Time (s): cpu = 00:08:55 ; elapsed = 00:05:22 . Memory (MB): peak = 6831.355 ; gain = 0.000
Netlist sorting complete. Time (s): cpu = 00:00:00 ; elapsed = 00:00:00.018 . Memory (MB): peak = 6831.355 ; gain = 0.000
INFO: [Physopt 32-669] Post Physical Optimization Timing Summary | WNS=-1.167 | TNS=-58170.866 | WHS=0.055 | THS=0.000 |
Phase 15 Physical Synthesis in Router | Checksum: ff183f57

Time (s): cpu = 00:08:56 ; elapsed = 00:05:23 . Memory (MB): peak = 6831.355 ; gain = 0.000
Total Elapsed time in route_design: 322.725 secs

Phase 16 Post-Route Event Processing
Phase 16 Post-Route Event Processing | Checksum: 1c5d19bc7

Time (s): cpu = 00:08:57 ; elapsed = 00:05:23 . Memory (MB): peak = 6831.355 ; gain = 0.000
INFO: [Route 35-16] Router Completed Successfully
Ending Routing Task | Checksum: 1c5d19bc7

Time (s): cpu = 00:08:59 ; elapsed = 00:05:24 . Memory (MB): peak = 6831.355 ; gain = 0.000

Routing Is Done.
INFO: [Common 17-83] Releasing license: Implementation
642 Infos, 111 Warnings, 0 Critical Warnings and 0 Errors encountered.
route_design completed successfully
route_design: Time (s): cpu = 00:09:06 ; elapsed = 00:05:28 . Memory (MB): peak = 6831.355 ; gain = 0.000
INFO: [Vivado 12-24828] Executing command : report_drc -file mvm_drc_routed.rpt -pb mvm_drc_routed.pb -rpx mvm_drc_routed.rpx
Command: report_drc -file mvm_drc_routed.rpt -pb mvm_drc_routed.pb -rpx mvm_drc_routed.rpx
INFO: [IP_Flow 19-1839] IP Catalog is up to date.
INFO: [DRC 23-27] Running DRC with 2 threads
WARNING: [DRC 23-814] Not all possible (connectivity based) DRCs may have been run because this design is seen as Out of Context.
INFO: [Vivado_Tcl 2-168] The results of DRC are in file C:/Users/g55wang/lab4/lab4.runs/impl_1/mvm_drc_routed.rpt.
report_drc completed successfully
report_drc: Time (s): cpu = 00:00:58 ; elapsed = 00:00:34 . Memory (MB): peak = 6831.355 ; gain = 0.000
INFO: [Vivado 12-24828] Executing command : report_methodology -file mvm_methodology_drc_routed.rpt -pb mvm_methodology_drc_routed.pb -rpx mvm_methodology_drc_routed.rpx
Command: report_methodology -file mvm_methodology_drc_routed.rpt -pb mvm_methodology_drc_routed.pb -rpx mvm_methodology_drc_routed.rpx
INFO: [Timing 38-35] Done setting XDC timing constraints.
INFO: [DRC 23-133] Running Methodology with 2 threads
WARNING: [DRC 23-814] Not all possible (connectivity based) DRCs may have been run because this design is seen as Out of Context.
INFO: [Vivado_Tcl 2-1520] The results of Report Methodology are in file C:/Users/g55wang/lab4/lab4.runs/impl_1/mvm_methodology_drc_routed.rpt.
report_methodology completed successfully
report_methodology: Time (s): cpu = 00:01:02 ; elapsed = 00:00:34 . Memory (MB): peak = 6831.355 ; gain = 0.000
INFO: [Vivado 12-24828] Executing command : report_timing_summary -max_paths 10 -report_unconstrained -file mvm_timing_summary_routed.rpt -pb mvm_timing_summary_routed.pb -rpx mvm_timing_summary_routed.rpx -warn_on_violation 
INFO: [Timing 38-35] Done setting XDC timing constraints.
INFO: [Timing 38-91] UpdateTimingParams: Speed grade: -2LV, Temperature grade: C, Delay Type: min_max.
INFO: [Timing 38-191] Multithreading enabled for timing update using a maximum of 2 CPUs
CRITICAL WARNING: [Timing 38-282] The design failed to meet the timing requirements. Please see the timing summary report for details on the timing violations.
report_timing_summary: Time (s): cpu = 00:00:42 ; elapsed = 00:00:25 . Memory (MB): peak = 6831.355 ; gain = 0.000
INFO: [Vivado 12-24838] Running report commands "report_incremental_reuse, report_route_status" in parallel.
Running report generation with 2 threads.
INFO: [Vivado 12-24828] Executing command : report_incremental_reuse -file mvm_incremental_reuse_routed.rpt
INFO: [Vivado_Tcl 4-1062] Incremental flow is disabled. No incremental reuse Info to report.
INFO: [Vivado 12-24828] Executing command : report_route_status -file mvm_route_status.rpt -pb mvm_route_status.pb
INFO: [Vivado 12-24828] Executing command : report_power -file mvm_power_routed.rpt -pb mvm_power_summary_routed.pb -rpx mvm_power_routed.rpx
Command: report_power -file mvm_power_routed.rpt -pb mvm_power_summary_routed.pb -rpx mvm_power_routed.rpx
Running Vector-less Activity Propagation...

Finished Running Vector-less Activity Propagation
CRITICAL WARNING: [Power 33-333] The Vccint supply current exceeds the maximum limit of the selected package.  See the PCB design user guide for limit values.
659 Infos, 113 Warnings, 2 Critical Warnings and 0 Errors encountered.
report_power completed successfully
report_power: Time (s): cpu = 00:00:14 ; elapsed = 00:00:08 . Memory (MB): peak = 6831.355 ; gain = 0.000
INFO: [Vivado 12-24828] Executing command : report_clock_utilization -file mvm_clock_utilization_routed.rpt
INFO: [Vivado 12-24828] Executing command : report_bus_skew -warn_on_violation -file mvm_bus_skew_routed.rpt -pb mvm_bus_skew_routed.pb -rpx mvm_bus_skew_routed.rpx
INFO: [Timing 38-91] UpdateTimingParams: Speed grade: -2LV, Temperature grade: C, Delay Type: min_max.
INFO: [Timing 38-191] Multithreading enabled for timing update using a maximum of 2 CPUs
generate_parallel_reports: Time (s): cpu = 00:03:02 ; elapsed = 00:01:47 . Memory (MB): peak = 6831.355 ; gain = 0.000
INFO: [Timing 38-480] Writing timing data to binary archive.
Write ShapeDB Complete: Time (s): cpu = 00:00:01 ; elapsed = 00:00:00.039 . Memory (MB): peak = 6831.355 ; gain = 0.000
Wrote PlaceDB: Time (s): cpu = 00:00:12 ; elapsed = 00:00:06 . Memory (MB): peak = 6831.355 ; gain = 0.000
Wrote PulsedLatchDB: Time (s): cpu = 00:00:00 ; elapsed = 00:00:00 . Memory (MB): peak = 6831.355 ; gain = 0.000
Writing XDEF routing.
Writing XDEF routing logical nets.
Writing XDEF routing special nets.
Wrote RouteStorage: Time (s): cpu = 00:00:01 ; elapsed = 00:00:00.896 . Memory (MB): peak = 6831.355 ; gain = 0.000
Wrote Netlist Cache: Time (s): cpu = 00:00:00 ; elapsed = 00:00:00.217 . Memory (MB): peak = 6831.355 ; gain = 0.000
Wrote Device Cache: Time (s): cpu = 00:00:00 ; elapsed = 00:00:00.017 . Memory (MB): peak = 6831.355 ; gain = 0.000
Write Physdb Complete: Time (s): cpu = 00:00:13 ; elapsed = 00:00:08 . Memory (MB): peak = 6831.355 ; gain = 0.000
INFO: [Common 17-1381] The checkpoint 'C:/Users/g55wang/lab4/lab4.runs/impl_1/mvm_routed.dcp' has been generated.
write_checkpoint: Time (s): cpu = 00:00:15 ; elapsed = 00:00:12 . Memory (MB): peak = 6831.355 ; gain = 0.000
INFO: [Common 17-206] Exiting Vivado at Sun Jul 26 15:21:44 2026...
