Copyright 1986-2022 Xilinx, Inc. All Rights Reserved. Copyright 2022-2025 Advanced Micro Devices, Inc. All Rights Reserved.
--------------------------------------------------------------------------------------------------------------------------------------------------------------------------------------------------------------------------------------------------------
| Tool Version      : Vivado v.2024.2.2 (win64) Build 6060944 Thu Mar 06 19:10:01 MST 2025
| Date              : Tue Jun  2 10:36:11 2026
| Host              : ECE-MCU2-09 running 64-bit major release  (build 9200)
| Command           : report_timing_summary -max_paths 10 -report_unconstrained -file alu_design_wrapper_timing_summary_routed.rpt -pb alu_design_wrapper_timing_summary_routed.pb -rpx alu_design_wrapper_timing_summary_routed.rpx -warn_on_violation
| Design            : alu_design_wrapper
| Device            : xck26-sfvc784
| Speed File        : -2LV  PRODUCTION 1.30 05-15-2022
| Design State      : Routed
| Temperature Grade : C
--------------------------------------------------------------------------------------------------------------------------------------------------------------------------------------------------------------------------------------------------------

Timing Summary Report

------------------------------------------------------------------------------------------------
| Timer Settings
| --------------
------------------------------------------------------------------------------------------------

  Enable Multi Corner Analysis               :  Yes
  Enable Pessimism Removal                   :  Yes
  Pessimism Removal Resolution               :  Nearest Common Node
  Enable Input Delay Default Clock           :  No
  Enable Preset / Clear Arcs                 :  No
  Disable Flight Delays                      :  No
  Ignore I/O Paths                           :  No
  Timing Early Launch at Borrowing Latches   :  No
  Borrow Time for Max Delay Exceptions       :  Yes
  Merge Timing Exceptions                    :  Yes
  Inter-SLR Compensation                     :  Conservative

  Corner  Analyze    Analyze    
  Name    Max Paths  Min Paths  
  ------  ---------  ---------  
  Slow    Yes        Yes        
  Fast    Yes        Yes        


------------------------------------------------------------------------------------------------
| Report Methodology
| ------------------
------------------------------------------------------------------------------------------------

Rule      Severity          Description                                         Violations  
--------  ----------------  --------------------------------------------------  ----------  
TIMING-2  Critical Warning  Invalid primary clock source pin                    1           
TIMING-4  Critical Warning  Invalid primary clock redefinition on a clock tree  1           

Note: This report is based on the most recent report_methodology run and may not be up-to-date. Run report_methodology on the current design for the latest report.



check_timing report

Table of Contents
-----------------
1. checking no_clock (0)
2. checking constant_clock (0)
3. checking pulse_width_clock (0)
4. checking unconstrained_internal_endpoints (0)
5. checking no_input_delay (0)
6. checking no_output_delay (0)
7. checking multiple_clock (0)
8. checking generated_clocks (0)
9. checking loops (0)
10. checking partial_input_delay (0)
11. checking partial_output_delay (0)
12. checking latch_loops (0)

1. checking no_clock (0)
------------------------
 There are 0 register/latch pins with no clock.


2. checking constant_clock (0)
------------------------------
 There are 0 register/latch pins with constant_clock.


3. checking pulse_width_clock (0)
---------------------------------
 There are 0 register/latch pins which need pulse_width check


4. checking unconstrained_internal_endpoints (0)
------------------------------------------------
 There are 0 pins that are not constrained for maximum delay.

 There are 0 pins that are not constrained for maximum delay due to constant clock.


5. checking no_input_delay (0)
------------------------------
 There are 0 input ports with no input delay specified.

 There are 0 input ports with no input delay but user has a false path constraint.


6. checking no_output_delay (0)
-------------------------------
 There are 0 ports with no output delay specified.

 There are 0 ports with no output delay but user has a false path constraint

 There are 0 ports with no output delay but with a timing clock defined on it or propagating through it


7. checking multiple_clock (0)
------------------------------
 There are 0 register/latch pins with multiple clocks.


8. checking generated_clocks (0)
--------------------------------
 There are 0 generated clocks that are not connected to a clock source.


9. checking loops (0)
---------------------
 There are 0 combinational loops in the design.


10. checking partial_input_delay (0)
------------------------------------
 There are 0 input ports with partial input delay specified.


11. checking partial_output_delay (0)
-------------------------------------
 There are 0 ports with partial output delay specified.


12. checking latch_loops (0)
----------------------------
 There are 0 combinational latch loops in the design through latch input



------------------------------------------------------------------------------------------------
| Design Timing Summary
| ---------------------
------------------------------------------------------------------------------------------------

    WNS(ns)      TNS(ns)  TNS Failing Endpoints  TNS Total Endpoints      WHS(ns)      THS(ns)  THS Failing Endpoints  THS Total Endpoints     WPWS(ns)     TPWS(ns)  TPWS Failing Endpoints  TPWS Total Endpoints  
    -------      -------  ---------------------  -------------------      -------      -------  ---------------------  -------------------     --------     --------  ----------------------  --------------------  
      4.124        0.000                      0                 3735        0.014        0.000                      0                 3735        3.500        0.000                       0                  1738  


All user specified timing constraints are met.


------------------------------------------------------------------------------------------------
| Clock Summary
| -------------
------------------------------------------------------------------------------------------------

Clock     Waveform(ns)       Period(ns)      Frequency(MHz)
-----     ------------       ----------      --------------
clk       {0.000 5.000}      10.000          100.000         
clk_pl_0  {0.000 5.000}      10.000          100.000         


------------------------------------------------------------------------------------------------
| Intra Clock Table
| -----------------
------------------------------------------------------------------------------------------------

Clock             WNS(ns)      TNS(ns)  TNS Failing Endpoints  TNS Total Endpoints      WHS(ns)      THS(ns)  THS Failing Endpoints  THS Total Endpoints     WPWS(ns)     TPWS(ns)  TPWS Failing Endpoints  TPWS Total Endpoints  
-----             -------      -------  ---------------------  -------------------      -------      -------  ---------------------  -------------------     --------     --------  ----------------------  --------------------  
clk                 4.124        0.000                      0                 3735        0.014        0.000                      0                 3735        3.500        0.000                       0                  1738  


------------------------------------------------------------------------------------------------
| Inter Clock Table
| -----------------
------------------------------------------------------------------------------------------------

From Clock    To Clock          WNS(ns)      TNS(ns)  TNS Failing Endpoints  TNS Total Endpoints      WHS(ns)      THS(ns)  THS Failing Endpoints  THS Total Endpoints  
----------    --------          -------      -------  ---------------------  -------------------      -------      -------  ---------------------  -------------------  


------------------------------------------------------------------------------------------------
| Other Path Groups Table
| -----------------------
------------------------------------------------------------------------------------------------

Path Group    From Clock    To Clock          WNS(ns)      TNS(ns)  TNS Failing Endpoints  TNS Total Endpoints      WHS(ns)      THS(ns)  THS Failing Endpoints  THS Total Endpoints  
----------    ----------    --------          -------      -------  ---------------------  -------------------      -------      -------  ---------------------  -------------------  


------------------------------------------------------------------------------------------------
| User Ignored Path Table
| -----------------------
------------------------------------------------------------------------------------------------

Path Group    From Clock    To Clock    
----------    ----------    --------    
(none)                      clk           
(none)        clk           clk           


------------------------------------------------------------------------------------------------
| Unconstrained Path Table
| ------------------------
------------------------------------------------------------------------------------------------

Path Group    From Clock    To Clock    
----------    ----------    --------    
(none)                      clk           


------------------------------------------------------------------------------------------------
| Timing Details
| --------------
------------------------------------------------------------------------------------------------


---------------------------------------------------------------------------------------------------
From Clock:  clk
  To Clock:  clk

Setup :            0  Failing Endpoints,  Worst Slack        4.124ns,  Total Violation        0.000ns
Hold  :            0  Failing Endpoints,  Worst Slack        0.014ns,  Total Violation        0.000ns
PW    :            0  Failing Endpoints,  Worst Slack        3.500ns,  Total Violation        0.000ns
---------------------------------------------------------------------------------------------------


Max Delay Paths
--------------------------------------------------------------------------------------
Slack (MET) :             4.124ns  (required time - arrival time)
  Source:                 alu_design_i/alu_0/inst/r_op_reg[0]/C
                            (rising edge-triggered cell FDRE clocked by clk  {rise@0.000ns fall@5.000ns period=10.000ns})
  Destination:            alu_design_i/alu_0/inst/res_reg[31]/D
                            (rising edge-triggered cell FDRE clocked by clk  {rise@0.000ns fall@5.000ns period=10.000ns})
  Path Group:             clk
  Path Type:              Setup (Max at Slow Process Corner)
  Requirement:            10.000ns  (clk rise@10.000ns - clk rise@0.000ns)
  Data Path Delay:        5.706ns  (logic 3.888ns (68.138%)  route 1.818ns (31.862%))
  Logic Levels:           13  (CARRY8=2 DSP_A_B_DATA=1 DSP_ALU=2 DSP_M_DATA=1 DSP_MULTIPLIER=1 DSP_OUTPUT=2 DSP_PREADD_DATA=1 LUT2=1 LUT3=1 LUT6=1)
  Clock Path Skew:        -0.085ns (DCD - SCD + CPR)
    Destination Clock Delay (DCD):    1.892ns = ( 11.892 - 10.000 ) 
    Source Clock Delay      (SCD):    2.099ns
    Clock Pessimism Removal (CPR):    0.122ns
  Clock Uncertainty:      0.130ns  ((TSJ^2 + DJ^2)^1/2) / 2 + PE
    Total System Jitter     (TSJ):    0.071ns
    Discrete Jitter          (DJ):    0.250ns
    Phase Error              (PE):    0.000ns
  Clock Net Delay (Source):      2.099ns (routing 1.045ns, distribution 1.054ns)
  Clock Net Delay (Destination): 1.892ns (routing 0.955ns, distribution 0.937ns)

    Location             Delay type                Incr(ns)  Path(ns)    Netlist Resource(s)
  -------------------------------------------------------------------    -------------------
                         (clock clk rise edge)        0.000     0.000 r  
    BUFG_PS_X0Y80        BUFG_PS                      0.000     0.000 r  alu_design_i/zynq_ultra_ps_e_0/inst/buffer_pl_clk_0.PL_CLK_0_BUFG/O
    X0Y1 (CLOCK_ROOT)    net (fo=1756, routed)        2.099     2.099    alu_design_i/alu_0/inst/clk
    SLICE_X1Y109         FDRE                                         r  alu_design_i/alu_0/inst/r_op_reg[0]/C
  -------------------------------------------------------------------    -------------------
    SLICE_X1Y109         FDRE (Prop_EFF_SLICEM_C_Q)
                                                      0.113     2.212 r  alu_design_i/alu_0/inst/r_op_reg[0]/Q
                         net (fo=112, routed)         0.929     3.141    alu_design_i/alu_0/inst/r_op_reg_n_0_[0]
    SLICE_X4Y119         LUT3 (Prop_C6LUT_SLICEM_I2_O)
                                                      0.149     3.290 f  alu_design_i/alu_0/inst/res0_i_1/O
                         net (fo=1, routed)           0.226     3.516    alu_design_i/alu_0/inst/res0/A[16]
    DSP48E2_X1Y46        DSP_A_B_DATA (Prop_DSP_A_B_DATA_DSP48E2_A[16]_A2_DATA[16])
                                                      0.258     3.774 r  alu_design_i/alu_0/inst/res0/DSP_A_B_DATA_INST/A2_DATA[16]
                         net (fo=1, routed)           0.000     3.774    alu_design_i/alu_0/inst/res0/DSP_A_B_DATA.A2_DATA<16>
    DSP48E2_X1Y46        DSP_PREADD_DATA (Prop_DSP_PREADD_DATA_DSP48E2_A2_DATA[16]_A2A1[16])
                                                      0.114     3.888 r  alu_design_i/alu_0/inst/res0/DSP_PREADD_DATA_INST/A2A1[16]
                         net (fo=1, routed)           0.000     3.888    alu_design_i/alu_0/inst/res0/DSP_PREADD_DATA.A2A1<16>
    DSP48E2_X1Y46        DSP_MULTIPLIER (Prop_DSP_MULTIPLIER_DSP48E2_A2A1[16]_U[36])
                                                      0.700     4.588 f  alu_design_i/alu_0/inst/res0/DSP_MULTIPLIER_INST/U[36]
                         net (fo=1, routed)           0.000     4.588    alu_design_i/alu_0/inst/res0/DSP_MULTIPLIER.U<36>
    DSP48E2_X1Y46        DSP_M_DATA (Prop_DSP_M_DATA_DSP48E2_U[36]_U_DATA[36])
                                                      0.067     4.655 r  alu_design_i/alu_0/inst/res0/DSP_M_DATA_INST/U_DATA[36]
                         net (fo=1, routed)           0.000     4.655    alu_design_i/alu_0/inst/res0/DSP_M_DATA.U_DATA<36>
    DSP48E2_X1Y46        DSP_ALU (Prop_DSP_ALU_DSP48E2_U_DATA[36]_ALU_OUT[47])
                                                      0.727     5.382 f  alu_design_i/alu_0/inst/res0/DSP_ALU_INST/ALU_OUT[47]
                         net (fo=1, routed)           0.000     5.382    alu_design_i/alu_0/inst/res0/DSP_ALU.ALU_OUT<47>
    DSP48E2_X1Y46        DSP_OUTPUT (Prop_DSP_OUTPUT_DSP48E2_ALU_OUT[47]_PCOUT[47])
                                                      0.167     5.549 r  alu_design_i/alu_0/inst/res0/DSP_OUTPUT_INST/PCOUT[47]
                         net (fo=1, routed)           0.014     5.563    alu_design_i/alu_0/inst/res0__0/PCIN[47]
    DSP48E2_X1Y47        DSP_ALU (Prop_DSP_ALU_DSP48E2_PCIN[47]_ALU_OUT[0])
                                                      0.739     6.302 f  alu_design_i/alu_0/inst/res0__0/DSP_ALU_INST/ALU_OUT[0]
                         net (fo=1, routed)           0.000     6.302    alu_design_i/alu_0/inst/res0__0/DSP_ALU.ALU_OUT<0>
    DSP48E2_X1Y47        DSP_OUTPUT (Prop_DSP_OUTPUT_DSP48E2_ALU_OUT[0]_P[0])
                                                      0.146     6.448 r  alu_design_i/alu_0/inst/res0__0/DSP_OUTPUT_INST/P[0]
                         net (fo=1, routed)           0.309     6.757    alu_design_i/alu_0/inst/res0__0_n_105
    SLICE_X4Y117         LUT2 (Prop_B6LUT_SLICEM_I1_O)
                                                      0.082     6.839 r  alu_design_i/alu_0/inst/res[23]_i_9/O
                         net (fo=1, routed)           0.022     6.861    alu_design_i/alu_0/inst/res[23]_i_9_n_0
    SLICE_X4Y117         CARRY8 (Prop_CARRY8_SLICEM_S[1]_CO[7])
                                                      0.267     7.128 r  alu_design_i/alu_0/inst/res_reg[23]_i_2/CO[7]
                         net (fo=1, routed)           0.030     7.158    alu_design_i/alu_0/inst/res_reg[23]_i_2_n_0
    SLICE_X4Y118         CARRY8 (Prop_CARRY8_SLICEM_CI_O[7])
                                                      0.171     7.329 r  alu_design_i/alu_0/inst/res_reg[31]_i_3/O[7]
                         net (fo=1, routed)           0.221     7.550    alu_design_i/alu_0/inst/res_reg[31]_i_3_n_8
    SLICE_X6Y118         LUT6 (Prop_B6LUT_SLICEL_I0_O)
                                                      0.188     7.738 r  alu_design_i/alu_0/inst/res[31]_i_2/O
                         net (fo=1, routed)           0.067     7.805    alu_design_i/alu_0/inst/res[31]_i_2_n_0
    SLICE_X6Y118         FDRE                                         r  alu_design_i/alu_0/inst/res_reg[31]/D
  -------------------------------------------------------------------    -------------------

                         (clock clk rise edge)       10.000    10.000 r  
    BUFG_PS_X0Y80        BUFG_PS                      0.000    10.000 r  alu_design_i/zynq_ultra_ps_e_0/inst/buffer_pl_clk_0.PL_CLK_0_BUFG/O
    X0Y1 (CLOCK_ROOT)    net (fo=1756, routed)        1.892    11.892    alu_design_i/alu_0/inst/clk
    SLICE_X6Y118         FDRE                                         r  alu_design_i/alu_0/inst/res_reg[31]/C
                         clock pessimism              0.122    12.014    
                         clock uncertainty           -0.130    11.885    
    SLICE_X6Y118         FDRE (Setup_BFF_SLICEL_C_D)
                                                      0.044    11.929    alu_design_i/alu_0/inst/res_reg[31]
  -------------------------------------------------------------------
                         required time                         11.929    
                         arrival time                          -7.805    
  -------------------------------------------------------------------
                         slack                                  4.124    

Slack (MET) :             4.127ns  (required time - arrival time)
  Source:                 alu_design_i/alu_0/inst/r_op_reg[0]/C
                            (rising edge-triggered cell FDRE clocked by clk  {rise@0.000ns fall@5.000ns period=10.000ns})
  Destination:            alu_design_i/alu_0/inst/res_reg[20]/D
                            (rising edge-triggered cell FDRE clocked by clk  {rise@0.000ns fall@5.000ns period=10.000ns})
  Path Group:             clk
  Path Type:              Setup (Max at Slow Process Corner)
  Requirement:            10.000ns  (clk rise@10.000ns - clk rise@0.000ns)
  Data Path Delay:        5.721ns  (logic 3.735ns (65.285%)  route 1.986ns (34.715%))
  Logic Levels:           12  (CARRY8=1 DSP_A_B_DATA=1 DSP_ALU=2 DSP_M_DATA=1 DSP_MULTIPLIER=1 DSP_OUTPUT=2 DSP_PREADD_DATA=1 LUT2=1 LUT3=1 LUT6=1)
  Clock Path Skew:        -0.066ns (DCD - SCD + CPR)
    Destination Clock Delay (DCD):    1.943ns = ( 11.943 - 10.000 ) 
    Source Clock Delay      (SCD):    2.099ns
    Clock Pessimism Removal (CPR):    0.090ns
  Clock Uncertainty:      0.130ns  ((TSJ^2 + DJ^2)^1/2) / 2 + PE
    Total System Jitter     (TSJ):    0.071ns
    Discrete Jitter          (DJ):    0.250ns
    Phase Error              (PE):    0.000ns
  Clock Net Delay (Source):      2.099ns (routing 1.045ns, distribution 1.054ns)
  Clock Net Delay (Destination): 1.943ns (routing 0.955ns, distribution 0.988ns)

    Location             Delay type                Incr(ns)  Path(ns)    Netlist Resource(s)
  -------------------------------------------------------------------    -------------------
                         (clock clk rise edge)        0.000     0.000 r  
    BUFG_PS_X0Y80        BUFG_PS                      0.000     0.000 r  alu_design_i/zynq_ultra_ps_e_0/inst/buffer_pl_clk_0.PL_CLK_0_BUFG/O
    X0Y1 (CLOCK_ROOT)    net (fo=1756, routed)        2.099     2.099    alu_design_i/alu_0/inst/clk
    SLICE_X1Y109         FDRE                                         r  alu_design_i/alu_0/inst/r_op_reg[0]/C
  -------------------------------------------------------------------    -------------------
    SLICE_X1Y109         FDRE (Prop_EFF_SLICEM_C_Q)
                                                      0.113     2.212 r  alu_design_i/alu_0/inst/r_op_reg[0]/Q
                         net (fo=112, routed)         0.929     3.141    alu_design_i/alu_0/inst/r_op_reg_n_0_[0]
    SLICE_X4Y119         LUT3 (Prop_C6LUT_SLICEM_I2_O)
                                                      0.149     3.290 f  alu_design_i/alu_0/inst/res0_i_1/O
                         net (fo=1, routed)           0.226     3.516    alu_design_i/alu_0/inst/res0/A[16]
    DSP48E2_X1Y46        DSP_A_B_DATA (Prop_DSP_A_B_DATA_DSP48E2_A[16]_A2_DATA[16])
                                                      0.258     3.774 r  alu_design_i/alu_0/inst/res0/DSP_A_B_DATA_INST/A2_DATA[16]
                         net (fo=1, routed)           0.000     3.774    alu_design_i/alu_0/inst/res0/DSP_A_B_DATA.A2_DATA<16>
    DSP48E2_X1Y46        DSP_PREADD_DATA (Prop_DSP_PREADD_DATA_DSP48E2_A2_DATA[16]_A2A1[16])
                                                      0.114     3.888 r  alu_design_i/alu_0/inst/res0/DSP_PREADD_DATA_INST/A2A1[16]
                         net (fo=1, routed)           0.000     3.888    alu_design_i/alu_0/inst/res0/DSP_PREADD_DATA.A2A1<16>
    DSP48E2_X1Y46        DSP_MULTIPLIER (Prop_DSP_MULTIPLIER_DSP48E2_A2A1[16]_U[36])
                                                      0.700     4.588 f  alu_design_i/alu_0/inst/res0/DSP_MULTIPLIER_INST/U[36]
                         net (fo=1, routed)           0.000     4.588    alu_design_i/alu_0/inst/res0/DSP_MULTIPLIER.U<36>
    DSP48E2_X1Y46        DSP_M_DATA (Prop_DSP_M_DATA_DSP48E2_U[36]_U_DATA[36])
                                                      0.067     4.655 r  alu_design_i/alu_0/inst/res0/DSP_M_DATA_INST/U_DATA[36]
                         net (fo=1, routed)           0.000     4.655    alu_design_i/alu_0/inst/res0/DSP_M_DATA.U_DATA<36>
    DSP48E2_X1Y46        DSP_ALU (Prop_DSP_ALU_DSP48E2_U_DATA[36]_ALU_OUT[47])
                                                      0.727     5.382 f  alu_design_i/alu_0/inst/res0/DSP_ALU_INST/ALU_OUT[47]
                         net (fo=1, routed)           0.000     5.382    alu_design_i/alu_0/inst/res0/DSP_ALU.ALU_OUT<47>
    DSP48E2_X1Y46        DSP_OUTPUT (Prop_DSP_OUTPUT_DSP48E2_ALU_OUT[47]_PCOUT[47])
                                                      0.167     5.549 r  alu_design_i/alu_0/inst/res0/DSP_OUTPUT_INST/PCOUT[47]
                         net (fo=1, routed)           0.014     5.563    alu_design_i/alu_0/inst/res0__0/PCIN[47]
    DSP48E2_X1Y47        DSP_ALU (Prop_DSP_ALU_DSP48E2_PCIN[47]_ALU_OUT[0])
                                                      0.739     6.302 f  alu_design_i/alu_0/inst/res0__0/DSP_ALU_INST/ALU_OUT[0]
                         net (fo=1, routed)           0.000     6.302    alu_design_i/alu_0/inst/res0__0/DSP_ALU.ALU_OUT<0>
    DSP48E2_X1Y47        DSP_OUTPUT (Prop_DSP_OUTPUT_DSP48E2_ALU_OUT[0]_P[0])
                                                      0.146     6.448 r  alu_design_i/alu_0/inst/res0__0/DSP_OUTPUT_INST/P[0]
                         net (fo=1, routed)           0.309     6.757    alu_design_i/alu_0/inst/res0__0_n_105
    SLICE_X4Y117         LUT2 (Prop_B6LUT_SLICEM_I1_O)
                                                      0.082     6.839 r  alu_design_i/alu_0/inst/res[23]_i_9/O
                         net (fo=1, routed)           0.022     6.861    alu_design_i/alu_0/inst/res[23]_i_9_n_0
    SLICE_X4Y117         CARRY8 (Prop_CARRY8_SLICEM_S[1]_O[4])
                                                      0.286     7.147 r  alu_design_i/alu_0/inst/res_reg[23]_i_2/O[4]
                         net (fo=1, routed)           0.417     7.564    alu_design_i/alu_0/inst/res_reg[23]_i_2_n_11
    SLICE_X3Y122         LUT6 (Prop_C6LUT_SLICEL_I0_O)
                                                      0.187     7.751 r  alu_design_i/alu_0/inst/res[20]_i_1/O
                         net (fo=1, routed)           0.069     7.820    alu_design_i/alu_0/inst/res[20]_i_1_n_0
    SLICE_X3Y122         FDRE                                         r  alu_design_i/alu_0/inst/res_reg[20]/D
  -------------------------------------------------------------------    -------------------

                         (clock clk rise edge)       10.000    10.000 r  
    BUFG_PS_X0Y80        BUFG_PS                      0.000    10.000 r  alu_design_i/zynq_ultra_ps_e_0/inst/buffer_pl_clk_0.PL_CLK_0_BUFG/O
    X0Y1 (CLOCK_ROOT)    net (fo=1756, routed)        1.943    11.943    alu_design_i/alu_0/inst/clk
    SLICE_X3Y122         FDRE                                         r  alu_design_i/alu_0/inst/res_reg[20]/C
                         clock pessimism              0.090    12.033    
                         clock uncertainty           -0.130    11.903    
    SLICE_X3Y122         FDRE (Setup_CFF_SLICEL_C_D)
                                                      0.044    11.947    alu_design_i/alu_0/inst/res_reg[20]
  -------------------------------------------------------------------
                         required time                         11.947    
                         arrival time                          -7.820    
  -------------------------------------------------------------------
                         slack                                  4.127    

Slack (MET) :             4.198ns  (required time - arrival time)
  Source:                 alu_design_i/alu_0/inst/r_op_reg[0]/C
                            (rising edge-triggered cell FDRE clocked by clk  {rise@0.000ns fall@5.000ns period=10.000ns})
  Destination:            alu_design_i/alu_0/inst/res_reg[27]/D
                            (rising edge-triggered cell FDRE clocked by clk  {rise@0.000ns fall@5.000ns period=10.000ns})
  Path Group:             clk
  Path Type:              Setup (Max at Slow Process Corner)
  Requirement:            10.000ns  (clk rise@10.000ns - clk rise@0.000ns)
  Data Path Delay:        5.632ns  (logic 3.779ns (67.098%)  route 1.853ns (32.902%))
  Logic Levels:           13  (CARRY8=2 DSP_A_B_DATA=1 DSP_ALU=2 DSP_M_DATA=1 DSP_MULTIPLIER=1 DSP_OUTPUT=2 DSP_PREADD_DATA=1 LUT2=1 LUT3=1 LUT6=1)
  Clock Path Skew:        -0.085ns (DCD - SCD + CPR)
    Destination Clock Delay (DCD):    1.892ns = ( 11.892 - 10.000 ) 
    Source Clock Delay      (SCD):    2.099ns
    Clock Pessimism Removal (CPR):    0.122ns
  Clock Uncertainty:      0.130ns  ((TSJ^2 + DJ^2)^1/2) / 2 + PE
    Total System Jitter     (TSJ):    0.071ns
    Discrete Jitter          (DJ):    0.250ns
    Phase Error              (PE):    0.000ns
  Clock Net Delay (Source):      2.099ns (routing 1.045ns, distribution 1.054ns)
  Clock Net Delay (Destination): 1.892ns (routing 0.955ns, distribution 0.937ns)

    Location             Delay type                Incr(ns)  Path(ns)    Netlist Resource(s)
  -------------------------------------------------------------------    -------------------
                         (clock clk rise edge)        0.000     0.000 r  
    BUFG_PS_X0Y80        BUFG_PS                      0.000     0.000 r  alu_design_i/zynq_ultra_ps_e_0/inst/buffer_pl_clk_0.PL_CLK_0_BUFG/O
    X0Y1 (CLOCK_ROOT)    net (fo=1756, routed)        2.099     2.099    alu_design_i/alu_0/inst/clk
    SLICE_X1Y109         FDRE                                         r  alu_design_i/alu_0/inst/r_op_reg[0]/C
  -------------------------------------------------------------------    -------------------
    SLICE_X1Y109         FDRE (Prop_EFF_SLICEM_C_Q)
                                                      0.113     2.212 r  alu_design_i/alu_0/inst/r_op_reg[0]/Q
                         net (fo=112, routed)         0.929     3.141    alu_design_i/alu_0/inst/r_op_reg_n_0_[0]
    SLICE_X4Y119         LUT3 (Prop_C6LUT_SLICEM_I2_O)
                                                      0.149     3.290 f  alu_design_i/alu_0/inst/res0_i_1/O
                         net (fo=1, routed)           0.226     3.516    alu_design_i/alu_0/inst/res0/A[16]
    DSP48E2_X1Y46        DSP_A_B_DATA (Prop_DSP_A_B_DATA_DSP48E2_A[16]_A2_DATA[16])
                                                      0.258     3.774 r  alu_design_i/alu_0/inst/res0/DSP_A_B_DATA_INST/A2_DATA[16]
                         net (fo=1, routed)           0.000     3.774    alu_design_i/alu_0/inst/res0/DSP_A_B_DATA.A2_DATA<16>
    DSP48E2_X1Y46        DSP_PREADD_DATA (Prop_DSP_PREADD_DATA_DSP48E2_A2_DATA[16]_A2A1[16])
                                                      0.114     3.888 r  alu_design_i/alu_0/inst/res0/DSP_PREADD_DATA_INST/A2A1[16]
                         net (fo=1, routed)           0.000     3.888    alu_design_i/alu_0/inst/res0/DSP_PREADD_DATA.A2A1<16>
    DSP48E2_X1Y46        DSP_MULTIPLIER (Prop_DSP_MULTIPLIER_DSP48E2_A2A1[16]_U[36])
                                                      0.700     4.588 f  alu_design_i/alu_0/inst/res0/DSP_MULTIPLIER_INST/U[36]
                         net (fo=1, routed)           0.000     4.588    alu_design_i/alu_0/inst/res0/DSP_MULTIPLIER.U<36>
    DSP48E2_X1Y46        DSP_M_DATA (Prop_DSP_M_DATA_DSP48E2_U[36]_U_DATA[36])
                                                      0.067     4.655 r  alu_design_i/alu_0/inst/res0/DSP_M_DATA_INST/U_DATA[36]
                         net (fo=1, routed)           0.000     4.655    alu_design_i/alu_0/inst/res0/DSP_M_DATA.U_DATA<36>
    DSP48E2_X1Y46        DSP_ALU (Prop_DSP_ALU_DSP48E2_U_DATA[36]_ALU_OUT[47])
                                                      0.727     5.382 f  alu_design_i/alu_0/inst/res0/DSP_ALU_INST/ALU_OUT[47]
                         net (fo=1, routed)           0.000     5.382    alu_design_i/alu_0/inst/res0/DSP_ALU.ALU_OUT<47>
    DSP48E2_X1Y46        DSP_OUTPUT (Prop_DSP_OUTPUT_DSP48E2_ALU_OUT[47]_PCOUT[47])
                                                      0.167     5.549 r  alu_design_i/alu_0/inst/res0/DSP_OUTPUT_INST/PCOUT[47]
                         net (fo=1, routed)           0.014     5.563    alu_design_i/alu_0/inst/res0__0/PCIN[47]
    DSP48E2_X1Y47        DSP_ALU (Prop_DSP_ALU_DSP48E2_PCIN[47]_ALU_OUT[0])
                                                      0.739     6.302 f  alu_design_i/alu_0/inst/res0__0/DSP_ALU_INST/ALU_OUT[0]
                         net (fo=1, routed)           0.000     6.302    alu_design_i/alu_0/inst/res0__0/DSP_ALU.ALU_OUT<0>
    DSP48E2_X1Y47        DSP_OUTPUT (Prop_DSP_OUTPUT_DSP48E2_ALU_OUT[0]_P[0])
                                                      0.146     6.448 r  alu_design_i/alu_0/inst/res0__0/DSP_OUTPUT_INST/P[0]
                         net (fo=1, routed)           0.309     6.757    alu_design_i/alu_0/inst/res0__0_n_105
    SLICE_X4Y117         LUT2 (Prop_B6LUT_SLICEM_I1_O)
                                                      0.082     6.839 r  alu_design_i/alu_0/inst/res[23]_i_9/O
                         net (fo=1, routed)           0.022     6.861    alu_design_i/alu_0/inst/res[23]_i_9_n_0
    SLICE_X4Y117         CARRY8 (Prop_CARRY8_SLICEM_S[1]_CO[7])
                                                      0.267     7.128 r  alu_design_i/alu_0/inst/res_reg[23]_i_2/CO[7]
                         net (fo=1, routed)           0.030     7.158    alu_design_i/alu_0/inst/res_reg[23]_i_2_n_0
    SLICE_X4Y118         CARRY8 (Prop_CARRY8_SLICEM_CI_O[3])
                                                      0.114     7.272 r  alu_design_i/alu_0/inst/res_reg[31]_i_3/O[3]
                         net (fo=1, routed)           0.256     7.528    alu_design_i/alu_0/inst/res_reg[31]_i_3_n_12
    SLICE_X6Y119         LUT6 (Prop_D6LUT_SLICEL_I0_O)
                                                      0.136     7.664 r  alu_design_i/alu_0/inst/res[27]_i_1/O
                         net (fo=1, routed)           0.067     7.731    alu_design_i/alu_0/inst/res[27]_i_1_n_0
    SLICE_X6Y119         FDRE                                         r  alu_design_i/alu_0/inst/res_reg[27]/D
  -------------------------------------------------------------------    -------------------

                         (clock clk rise edge)       10.000    10.000 r  
    BUFG_PS_X0Y80        BUFG_PS                      0.000    10.000 r  alu_design_i/zynq_ultra_ps_e_0/inst/buffer_pl_clk_0.PL_CLK_0_BUFG/O
    X0Y1 (CLOCK_ROOT)    net (fo=1756, routed)        1.892    11.892    alu_design_i/alu_0/inst/clk
    SLICE_X6Y119         FDRE                                         r  alu_design_i/alu_0/inst/res_reg[27]/C
                         clock pessimism              0.122    12.014    
                         clock uncertainty           -0.130    11.885    
    SLICE_X6Y119         FDRE (Setup_DFF_SLICEL_C_D)
                                                      0.044    11.929    alu_design_i/alu_0/inst/res_reg[27]
  -------------------------------------------------------------------
                         required time                         11.929    
                         arrival time                          -7.731    
  -------------------------------------------------------------------
                         slack                                  4.198    

Slack (MET) :             4.218ns  (required time - arrival time)
  Source:                 alu_design_i/alu_0/inst/r_op_reg[0]/C
                            (rising edge-triggered cell FDRE clocked by clk  {rise@0.000ns fall@5.000ns period=10.000ns})
  Destination:            alu_design_i/alu_0/inst/res_reg[29]/D
                            (rising edge-triggered cell FDRE clocked by clk  {rise@0.000ns fall@5.000ns period=10.000ns})
  Path Group:             clk
  Path Type:              Setup (Max at Slow Process Corner)
  Requirement:            10.000ns  (clk rise@10.000ns - clk rise@0.000ns)
  Data Path Delay:        5.612ns  (logic 3.748ns (66.785%)  route 1.864ns (33.215%))
  Logic Levels:           13  (CARRY8=2 DSP_A_B_DATA=1 DSP_ALU=2 DSP_M_DATA=1 DSP_MULTIPLIER=1 DSP_OUTPUT=2 DSP_PREADD_DATA=1 LUT2=1 LUT3=1 LUT6=1)
  Clock Path Skew:        -0.085ns (DCD - SCD + CPR)
    Destination Clock Delay (DCD):    1.892ns = ( 11.892 - 10.000 ) 
    Source Clock Delay      (SCD):    2.099ns
    Clock Pessimism Removal (CPR):    0.122ns
  Clock Uncertainty:      0.130ns  ((TSJ^2 + DJ^2)^1/2) / 2 + PE
    Total System Jitter     (TSJ):    0.071ns
    Discrete Jitter          (DJ):    0.250ns
    Phase Error              (PE):    0.000ns
  Clock Net Delay (Source):      2.099ns (routing 1.045ns, distribution 1.054ns)
  Clock Net Delay (Destination): 1.892ns (routing 0.955ns, distribution 0.937ns)

    Location             Delay type                Incr(ns)  Path(ns)    Netlist Resource(s)
  -------------------------------------------------------------------    -------------------
                         (clock clk rise edge)        0.000     0.000 r  
    BUFG_PS_X0Y80        BUFG_PS                      0.000     0.000 r  alu_design_i/zynq_ultra_ps_e_0/inst/buffer_pl_clk_0.PL_CLK_0_BUFG/O
    X0Y1 (CLOCK_ROOT)    net (fo=1756, routed)        2.099     2.099    alu_design_i/alu_0/inst/clk
    SLICE_X1Y109         FDRE                                         r  alu_design_i/alu_0/inst/r_op_reg[0]/C
  -------------------------------------------------------------------    -------------------
    SLICE_X1Y109         FDRE (Prop_EFF_SLICEM_C_Q)
                                                      0.113     2.212 r  alu_design_i/alu_0/inst/r_op_reg[0]/Q
                         net (fo=112, routed)         0.929     3.141    alu_design_i/alu_0/inst/r_op_reg_n_0_[0]
    SLICE_X4Y119         LUT3 (Prop_C6LUT_SLICEM_I2_O)
                                                      0.149     3.290 f  alu_design_i/alu_0/inst/res0_i_1/O
                         net (fo=1, routed)           0.226     3.516    alu_design_i/alu_0/inst/res0/A[16]
    DSP48E2_X1Y46        DSP_A_B_DATA (Prop_DSP_A_B_DATA_DSP48E2_A[16]_A2_DATA[16])
                                                      0.258     3.774 r  alu_design_i/alu_0/inst/res0/DSP_A_B_DATA_INST/A2_DATA[16]
                         net (fo=1, routed)           0.000     3.774    alu_design_i/alu_0/inst/res0/DSP_A_B_DATA.A2_DATA<16>
    DSP48E2_X1Y46        DSP_PREADD_DATA (Prop_DSP_PREADD_DATA_DSP48E2_A2_DATA[16]_A2A1[16])
                                                      0.114     3.888 r  alu_design_i/alu_0/inst/res0/DSP_PREADD_DATA_INST/A2A1[16]
                         net (fo=1, routed)           0.000     3.888    alu_design_i/alu_0/inst/res0/DSP_PREADD_DATA.A2A1<16>
    DSP48E2_X1Y46        DSP_MULTIPLIER (Prop_DSP_MULTIPLIER_DSP48E2_A2A1[16]_U[36])
                                                      0.700     4.588 f  alu_design_i/alu_0/inst/res0/DSP_MULTIPLIER_INST/U[36]
                         net (fo=1, routed)           0.000     4.588    alu_design_i/alu_0/inst/res0/DSP_MULTIPLIER.U<36>
    DSP48E2_X1Y46        DSP_M_DATA (Prop_DSP_M_DATA_DSP48E2_U[36]_U_DATA[36])
                                                      0.067     4.655 r  alu_design_i/alu_0/inst/res0/DSP_M_DATA_INST/U_DATA[36]
                         net (fo=1, routed)           0.000     4.655    alu_design_i/alu_0/inst/res0/DSP_M_DATA.U_DATA<36>
    DSP48E2_X1Y46        DSP_ALU (Prop_DSP_ALU_DSP48E2_U_DATA[36]_ALU_OUT[47])
                                                      0.727     5.382 f  alu_design_i/alu_0/inst/res0/DSP_ALU_INST/ALU_OUT[47]
                         net (fo=1, routed)           0.000     5.382    alu_design_i/alu_0/inst/res0/DSP_ALU.ALU_OUT<47>
    DSP48E2_X1Y46        DSP_OUTPUT (Prop_DSP_OUTPUT_DSP48E2_ALU_OUT[47]_PCOUT[47])
                                                      0.167     5.549 r  alu_design_i/alu_0/inst/res0/DSP_OUTPUT_INST/PCOUT[47]
                         net (fo=1, routed)           0.014     5.563    alu_design_i/alu_0/inst/res0__0/PCIN[47]
    DSP48E2_X1Y47        DSP_ALU (Prop_DSP_ALU_DSP48E2_PCIN[47]_ALU_OUT[0])
                                                      0.739     6.302 f  alu_design_i/alu_0/inst/res0__0/DSP_ALU_INST/ALU_OUT[0]
                         net (fo=1, routed)           0.000     6.302    alu_design_i/alu_0/inst/res0__0/DSP_ALU.ALU_OUT<0>
    DSP48E2_X1Y47        DSP_OUTPUT (Prop_DSP_OUTPUT_DSP48E2_ALU_OUT[0]_P[0])
                                                      0.146     6.448 r  alu_design_i/alu_0/inst/res0__0/DSP_OUTPUT_INST/P[0]
                         net (fo=1, routed)           0.309     6.757    alu_design_i/alu_0/inst/res0__0_n_105
    SLICE_X4Y117         LUT2 (Prop_B6LUT_SLICEM_I1_O)
                                                      0.082     6.839 r  alu_design_i/alu_0/inst/res[23]_i_9/O
                         net (fo=1, routed)           0.022     6.861    alu_design_i/alu_0/inst/res[23]_i_9_n_0
    SLICE_X4Y117         CARRY8 (Prop_CARRY8_SLICEM_S[1]_CO[7])
                                                      0.267     7.128 r  alu_design_i/alu_0/inst/res_reg[23]_i_2/CO[7]
                         net (fo=1, routed)           0.030     7.158    alu_design_i/alu_0/inst/res_reg[23]_i_2_n_0
    SLICE_X4Y118         CARRY8 (Prop_CARRY8_SLICEM_CI_O[5])
                                                      0.161     7.319 r  alu_design_i/alu_0/inst/res_reg[31]_i_3/O[5]
                         net (fo=1, routed)           0.267     7.586    alu_design_i/alu_0/inst/res_reg[31]_i_3_n_10
    SLICE_X6Y119         LUT6 (Prop_B6LUT_SLICEL_I0_O)
                                                      0.058     7.644 r  alu_design_i/alu_0/inst/res[29]_i_1/O
                         net (fo=1, routed)           0.067     7.711    alu_design_i/alu_0/inst/res[29]_i_1_n_0
    SLICE_X6Y119         FDRE                                         r  alu_design_i/alu_0/inst/res_reg[29]/D
  -------------------------------------------------------------------    -------------------

                         (clock clk rise edge)       10.000    10.000 r  
    BUFG_PS_X0Y80        BUFG_PS                      0.000    10.000 r  alu_design_i/zynq_ultra_ps_e_0/inst/buffer_pl_clk_0.PL_CLK_0_BUFG/O
    X0Y1 (CLOCK_ROOT)    net (fo=1756, routed)        1.892    11.892    alu_design_i/alu_0/inst/clk
    SLICE_X6Y119         FDRE                                         r  alu_design_i/alu_0/inst/res_reg[29]/C
                         clock pessimism              0.122    12.014    
                         clock uncertainty           -0.130    11.885    
    SLICE_X6Y119         FDRE (Setup_BFF_SLICEL_C_D)
                                                      0.044    11.929    alu_design_i/alu_0/inst/res_reg[29]
  -------------------------------------------------------------------
                         required time                         11.929    
                         arrival time                          -7.711    
  -------------------------------------------------------------------
                         slack                                  4.218    

Slack (MET) :             4.225ns  (required time - arrival time)
  Source:                 alu_design_i/alu_0/inst/r_op_reg[0]/C
                            (rising edge-triggered cell FDRE clocked by clk  {rise@0.000ns fall@5.000ns period=10.000ns})
  Destination:            alu_design_i/alu_0/inst/res_reg[25]/D
                            (rising edge-triggered cell FDRE clocked by clk  {rise@0.000ns fall@5.000ns period=10.000ns})
  Path Group:             clk
  Path Type:              Setup (Max at Slow Process Corner)
  Requirement:            10.000ns  (clk rise@10.000ns - clk rise@0.000ns)
  Data Path Delay:        5.608ns  (logic 3.715ns (66.244%)  route 1.893ns (33.756%))
  Logic Levels:           13  (CARRY8=2 DSP_A_B_DATA=1 DSP_ALU=2 DSP_M_DATA=1 DSP_MULTIPLIER=1 DSP_OUTPUT=2 DSP_PREADD_DATA=1 LUT2=1 LUT3=1 LUT6=1)
  Clock Path Skew:        -0.081ns (DCD - SCD + CPR)
    Destination Clock Delay (DCD):    1.896ns = ( 11.896 - 10.000 ) 
    Source Clock Delay      (SCD):    2.099ns
    Clock Pessimism Removal (CPR):    0.122ns
  Clock Uncertainty:      0.130ns  ((TSJ^2 + DJ^2)^1/2) / 2 + PE
    Total System Jitter     (TSJ):    0.071ns
    Discrete Jitter          (DJ):    0.250ns
    Phase Error              (PE):    0.000ns
  Clock Net Delay (Source):      2.099ns (routing 1.045ns, distribution 1.054ns)
  Clock Net Delay (Destination): 1.896ns (routing 0.955ns, distribution 0.941ns)

    Location             Delay type                Incr(ns)  Path(ns)    Netlist Resource(s)
  -------------------------------------------------------------------    -------------------
                         (clock clk rise edge)        0.000     0.000 r  
    BUFG_PS_X0Y80        BUFG_PS                      0.000     0.000 r  alu_design_i/zynq_ultra_ps_e_0/inst/buffer_pl_clk_0.PL_CLK_0_BUFG/O
    X0Y1 (CLOCK_ROOT)    net (fo=1756, routed)        2.099     2.099    alu_design_i/alu_0/inst/clk
    SLICE_X1Y109         FDRE                                         r  alu_design_i/alu_0/inst/r_op_reg[0]/C
  -------------------------------------------------------------------    -------------------
    SLICE_X1Y109         FDRE (Prop_EFF_SLICEM_C_Q)
                                                      0.113     2.212 r  alu_design_i/alu_0/inst/r_op_reg[0]/Q
                         net (fo=112, routed)         0.929     3.141    alu_design_i/alu_0/inst/r_op_reg_n_0_[0]
    SLICE_X4Y119         LUT3 (Prop_C6LUT_SLICEM_I2_O)
                                                      0.149     3.290 f  alu_design_i/alu_0/inst/res0_i_1/O
                         net (fo=1, routed)           0.226     3.516    alu_design_i/alu_0/inst/res0/A[16]
    DSP48E2_X1Y46        DSP_A_B_DATA (Prop_DSP_A_B_DATA_DSP48E2_A[16]_A2_DATA[16])
                                                      0.258     3.774 r  alu_design_i/alu_0/inst/res0/DSP_A_B_DATA_INST/A2_DATA[16]
                         net (fo=1, routed)           0.000     3.774    alu_design_i/alu_0/inst/res0/DSP_A_B_DATA.A2_DATA<16>
    DSP48E2_X1Y46        DSP_PREADD_DATA (Prop_DSP_PREADD_DATA_DSP48E2_A2_DATA[16]_A2A1[16])
                                                      0.114     3.888 r  alu_design_i/alu_0/inst/res0/DSP_PREADD_DATA_INST/A2A1[16]
                         net (fo=1, routed)           0.000     3.888    alu_design_i/alu_0/inst/res0/DSP_PREADD_DATA.A2A1<16>
    DSP48E2_X1Y46        DSP_MULTIPLIER (Prop_DSP_MULTIPLIER_DSP48E2_A2A1[16]_U[36])
                                                      0.700     4.588 f  alu_design_i/alu_0/inst/res0/DSP_MULTIPLIER_INST/U[36]
                         net (fo=1, routed)           0.000     4.588    alu_design_i/alu_0/inst/res0/DSP_MULTIPLIER.U<36>
    DSP48E2_X1Y46        DSP_M_DATA (Prop_DSP_M_DATA_DSP48E2_U[36]_U_DATA[36])
                                                      0.067     4.655 r  alu_design_i/alu_0/inst/res0/DSP_M_DATA_INST/U_DATA[36]
                         net (fo=1, routed)           0.000     4.655    alu_design_i/alu_0/inst/res0/DSP_M_DATA.U_DATA<36>
    DSP48E2_X1Y46        DSP_ALU (Prop_DSP_ALU_DSP48E2_U_DATA[36]_ALU_OUT[47])
                                                      0.727     5.382 f  alu_design_i/alu_0/inst/res0/DSP_ALU_INST/ALU_OUT[47]
                         net (fo=1, routed)           0.000     5.382    alu_design_i/alu_0/inst/res0/DSP_ALU.ALU_OUT<47>
    DSP48E2_X1Y46        DSP_OUTPUT (Prop_DSP_OUTPUT_DSP48E2_ALU_OUT[47]_PCOUT[47])
                                                      0.167     5.549 r  alu_design_i/alu_0/inst/res0/DSP_OUTPUT_INST/PCOUT[47]
                         net (fo=1, routed)           0.014     5.563    alu_design_i/alu_0/inst/res0__0/PCIN[47]
    DSP48E2_X1Y47        DSP_ALU (Prop_DSP_ALU_DSP48E2_PCIN[47]_ALU_OUT[0])
                                                      0.739     6.302 f  alu_design_i/alu_0/inst/res0__0/DSP_ALU_INST/ALU_OUT[0]
                         net (fo=1, routed)           0.000     6.302    alu_design_i/alu_0/inst/res0__0/DSP_ALU.ALU_OUT<0>
    DSP48E2_X1Y47        DSP_OUTPUT (Prop_DSP_OUTPUT_DSP48E2_ALU_OUT[0]_P[0])
                                                      0.146     6.448 r  alu_design_i/alu_0/inst/res0__0/DSP_OUTPUT_INST/P[0]
                         net (fo=1, routed)           0.309     6.757    alu_design_i/alu_0/inst/res0__0_n_105
    SLICE_X4Y117         LUT2 (Prop_B6LUT_SLICEM_I1_O)
                                                      0.082     6.839 r  alu_design_i/alu_0/inst/res[23]_i_9/O
                         net (fo=1, routed)           0.022     6.861    alu_design_i/alu_0/inst/res[23]_i_9_n_0
    SLICE_X4Y117         CARRY8 (Prop_CARRY8_SLICEM_S[1]_CO[7])
                                                      0.267     7.128 r  alu_design_i/alu_0/inst/res_reg[23]_i_2/CO[7]
                         net (fo=1, routed)           0.030     7.158    alu_design_i/alu_0/inst/res_reg[23]_i_2_n_0
    SLICE_X4Y118         CARRY8 (Prop_CARRY8_SLICEM_CI_O[1])
                                                      0.106     7.264 r  alu_design_i/alu_0/inst/res_reg[31]_i_3/O[1]
                         net (fo=1, routed)           0.268     7.532    alu_design_i/alu_0/inst/res_reg[31]_i_3_n_14
    SLICE_X5Y119         LUT6 (Prop_C6LUT_SLICEM_I0_O)
                                                      0.080     7.612 r  alu_design_i/alu_0/inst/res[25]_i_1/O
                         net (fo=1, routed)           0.095     7.707    alu_design_i/alu_0/inst/res[25]_i_1_n_0
    SLICE_X5Y119         FDRE                                         r  alu_design_i/alu_0/inst/res_reg[25]/D
  -------------------------------------------------------------------    -------------------

                         (clock clk rise edge)       10.000    10.000 r  
    BUFG_PS_X0Y80        BUFG_PS                      0.000    10.000 r  alu_design_i/zynq_ultra_ps_e_0/inst/buffer_pl_clk_0.PL_CLK_0_BUFG/O
    X0Y1 (CLOCK_ROOT)    net (fo=1756, routed)        1.896    11.896    alu_design_i/alu_0/inst/clk
    SLICE_X5Y119         FDRE                                         r  alu_design_i/alu_0/inst/res_reg[25]/C
                         clock pessimism              0.122    12.018    
                         clock uncertainty           -0.130    11.889    
    SLICE_X5Y119         FDRE (Setup_CFF_SLICEM_C_D)
                                                      0.043    11.932    alu_design_i/alu_0/inst/res_reg[25]
  -------------------------------------------------------------------
                         required time                         11.932    
                         arrival time                          -7.707    
  -------------------------------------------------------------------
                         slack                                  4.225    

Slack (MET) :             4.225ns  (required time - arrival time)
  Source:                 alu_design_i/alu_0/inst/r_op_reg[0]/C
                            (rising edge-triggered cell FDRE clocked by clk  {rise@0.000ns fall@5.000ns period=10.000ns})
  Destination:            alu_design_i/alu_0/inst/res_reg[28]/D
                            (rising edge-triggered cell FDRE clocked by clk  {rise@0.000ns fall@5.000ns period=10.000ns})
  Path Group:             clk
  Path Type:              Setup (Max at Slow Process Corner)
  Requirement:            10.000ns  (clk rise@10.000ns - clk rise@0.000ns)
  Data Path Delay:        5.605ns  (logic 3.798ns (67.760%)  route 1.807ns (32.240%))
  Logic Levels:           13  (CARRY8=2 DSP_A_B_DATA=1 DSP_ALU=2 DSP_M_DATA=1 DSP_MULTIPLIER=1 DSP_OUTPUT=2 DSP_PREADD_DATA=1 LUT2=1 LUT3=1 LUT6=1)
  Clock Path Skew:        -0.085ns (DCD - SCD + CPR)
    Destination Clock Delay (DCD):    1.892ns = ( 11.892 - 10.000 ) 
    Source Clock Delay      (SCD):    2.099ns
    Clock Pessimism Removal (CPR):    0.122ns
  Clock Uncertainty:      0.130ns  ((TSJ^2 + DJ^2)^1/2) / 2 + PE
    Total System Jitter     (TSJ):    0.071ns
    Discrete Jitter          (DJ):    0.250ns
    Phase Error              (PE):    0.000ns
  Clock Net Delay (Source):      2.099ns (routing 1.045ns, distribution 1.054ns)
  Clock Net Delay (Destination): 1.892ns (routing 0.955ns, distribution 0.937ns)

    Location             Delay type                Incr(ns)  Path(ns)    Netlist Resource(s)
  -------------------------------------------------------------------    -------------------
                         (clock clk rise edge)        0.000     0.000 r  
    BUFG_PS_X0Y80        BUFG_PS                      0.000     0.000 r  alu_design_i/zynq_ultra_ps_e_0/inst/buffer_pl_clk_0.PL_CLK_0_BUFG/O
    X0Y1 (CLOCK_ROOT)    net (fo=1756, routed)        2.099     2.099    alu_design_i/alu_0/inst/clk
    SLICE_X1Y109         FDRE                                         r  alu_design_i/alu_0/inst/r_op_reg[0]/C
  -------------------------------------------------------------------    -------------------
    SLICE_X1Y109         FDRE (Prop_EFF_SLICEM_C_Q)
                                                      0.113     2.212 r  alu_design_i/alu_0/inst/r_op_reg[0]/Q
                         net (fo=112, routed)         0.929     3.141    alu_design_i/alu_0/inst/r_op_reg_n_0_[0]
    SLICE_X4Y119         LUT3 (Prop_C6LUT_SLICEM_I2_O)
                                                      0.149     3.290 f  alu_design_i/alu_0/inst/res0_i_1/O
                         net (fo=1, routed)           0.226     3.516    alu_design_i/alu_0/inst/res0/A[16]
    DSP48E2_X1Y46        DSP_A_B_DATA (Prop_DSP_A_B_DATA_DSP48E2_A[16]_A2_DATA[16])
                                                      0.258     3.774 r  alu_design_i/alu_0/inst/res0/DSP_A_B_DATA_INST/A2_DATA[16]
                         net (fo=1, routed)           0.000     3.774    alu_design_i/alu_0/inst/res0/DSP_A_B_DATA.A2_DATA<16>
    DSP48E2_X1Y46        DSP_PREADD_DATA (Prop_DSP_PREADD_DATA_DSP48E2_A2_DATA[16]_A2A1[16])
                                                      0.114     3.888 r  alu_design_i/alu_0/inst/res0/DSP_PREADD_DATA_INST/A2A1[16]
                         net (fo=1, routed)           0.000     3.888    alu_design_i/alu_0/inst/res0/DSP_PREADD_DATA.A2A1<16>
    DSP48E2_X1Y46        DSP_MULTIPLIER (Prop_DSP_MULTIPLIER_DSP48E2_A2A1[16]_U[36])
                                                      0.700     4.588 f  alu_design_i/alu_0/inst/res0/DSP_MULTIPLIER_INST/U[36]
                         net (fo=1, routed)           0.000     4.588    alu_design_i/alu_0/inst/res0/DSP_MULTIPLIER.U<36>
    DSP48E2_X1Y46        DSP_M_DATA (Prop_DSP_M_DATA_DSP48E2_U[36]_U_DATA[36])
                                                      0.067     4.655 r  alu_design_i/alu_0/inst/res0/DSP_M_DATA_INST/U_DATA[36]
                         net (fo=1, routed)           0.000     4.655    alu_design_i/alu_0/inst/res0/DSP_M_DATA.U_DATA<36>
    DSP48E2_X1Y46        DSP_ALU (Prop_DSP_ALU_DSP48E2_U_DATA[36]_ALU_OUT[47])
                                                      0.727     5.382 f  alu_design_i/alu_0/inst/res0/DSP_ALU_INST/ALU_OUT[47]
                         net (fo=1, routed)           0.000     5.382    alu_design_i/alu_0/inst/res0/DSP_ALU.ALU_OUT<47>
    DSP48E2_X1Y46        DSP_OUTPUT (Prop_DSP_OUTPUT_DSP48E2_ALU_OUT[47]_PCOUT[47])
                                                      0.167     5.549 r  alu_design_i/alu_0/inst/res0/DSP_OUTPUT_INST/PCOUT[47]
                         net (fo=1, routed)           0.014     5.563    alu_design_i/alu_0/inst/res0__0/PCIN[47]
    DSP48E2_X1Y47        DSP_ALU (Prop_DSP_ALU_DSP48E2_PCIN[47]_ALU_OUT[0])
                                                      0.739     6.302 f  alu_design_i/alu_0/inst/res0__0/DSP_ALU_INST/ALU_OUT[0]
                         net (fo=1, routed)           0.000     6.302    alu_design_i/alu_0/inst/res0__0/DSP_ALU.ALU_OUT<0>
    DSP48E2_X1Y47        DSP_OUTPUT (Prop_DSP_OUTPUT_DSP48E2_ALU_OUT[0]_P[0])
                                                      0.146     6.448 r  alu_design_i/alu_0/inst/res0__0/DSP_OUTPUT_INST/P[0]
                         net (fo=1, routed)           0.309     6.757    alu_design_i/alu_0/inst/res0__0_n_105
    SLICE_X4Y117         LUT2 (Prop_B6LUT_SLICEM_I1_O)
                                                      0.082     6.839 r  alu_design_i/alu_0/inst/res[23]_i_9/O
                         net (fo=1, routed)           0.022     6.861    alu_design_i/alu_0/inst/res[23]_i_9_n_0
    SLICE_X4Y117         CARRY8 (Prop_CARRY8_SLICEM_S[1]_CO[7])
                                                      0.267     7.128 r  alu_design_i/alu_0/inst/res_reg[23]_i_2/CO[7]
                         net (fo=1, routed)           0.030     7.158    alu_design_i/alu_0/inst/res_reg[23]_i_2_n_0
    SLICE_X4Y118         CARRY8 (Prop_CARRY8_SLICEM_CI_O[4])
                                                      0.119     7.277 r  alu_design_i/alu_0/inst/res_reg[31]_i_3/O[4]
                         net (fo=1, routed)           0.208     7.485    alu_design_i/alu_0/inst/res_reg[31]_i_3_n_11
    SLICE_X6Y119         LUT6 (Prop_C6LUT_SLICEL_I0_O)
                                                      0.150     7.635 r  alu_design_i/alu_0/inst/res[28]_i_1/O
                         net (fo=1, routed)           0.069     7.704    alu_design_i/alu_0/inst/res[28]_i_1_n_0
    SLICE_X6Y119         FDRE                                         r  alu_design_i/alu_0/inst/res_reg[28]/D
  -------------------------------------------------------------------    -------------------

                         (clock clk rise edge)       10.000    10.000 r  
    BUFG_PS_X0Y80        BUFG_PS                      0.000    10.000 r  alu_design_i/zynq_ultra_ps_e_0/inst/buffer_pl_clk_0.PL_CLK_0_BUFG/O
    X0Y1 (CLOCK_ROOT)    net (fo=1756, routed)        1.892    11.892    alu_design_i/alu_0/inst/clk
    SLICE_X6Y119         FDRE                                         r  alu_design_i/alu_0/inst/res_reg[28]/C
                         clock pessimism              0.122    12.014    
                         clock uncertainty           -0.130    11.885    
    SLICE_X6Y119         FDRE (Setup_CFF_SLICEL_C_D)
                                                      0.044    11.929    alu_design_i/alu_0/inst/res_reg[28]
  -------------------------------------------------------------------
                         required time                         11.929    
                         arrival time                          -7.704    
  -------------------------------------------------------------------
                         slack                                  4.225    

Slack (MET) :             4.248ns  (required time - arrival time)
  Source:                 alu_design_i/alu_0/inst/r_op_reg[0]/C
                            (rising edge-triggered cell FDRE clocked by clk  {rise@0.000ns fall@5.000ns period=10.000ns})
  Destination:            alu_design_i/alu_0/inst/res_reg[21]/D
                            (rising edge-triggered cell FDRE clocked by clk  {rise@0.000ns fall@5.000ns period=10.000ns})
  Path Group:             clk
  Path Type:              Setup (Max at Slow Process Corner)
  Requirement:            10.000ns  (clk rise@10.000ns - clk rise@0.000ns)
  Data Path Delay:        5.601ns  (logic 3.744ns (66.844%)  route 1.857ns (33.156%))
  Logic Levels:           12  (CARRY8=1 DSP_A_B_DATA=1 DSP_ALU=2 DSP_M_DATA=1 DSP_MULTIPLIER=1 DSP_OUTPUT=2 DSP_PREADD_DATA=1 LUT2=1 LUT3=1 LUT6=1)
  Clock Path Skew:        -0.064ns (DCD - SCD + CPR)
    Destination Clock Delay (DCD):    1.944ns = ( 11.944 - 10.000 ) 
    Source Clock Delay      (SCD):    2.099ns
    Clock Pessimism Removal (CPR):    0.090ns
  Clock Uncertainty:      0.130ns  ((TSJ^2 + DJ^2)^1/2) / 2 + PE
    Total System Jitter     (TSJ):    0.071ns
    Discrete Jitter          (DJ):    0.250ns
    Phase Error              (PE):    0.000ns
  Clock Net Delay (Source):      2.099ns (routing 1.045ns, distribution 1.054ns)
  Clock Net Delay (Destination): 1.944ns (routing 0.955ns, distribution 0.989ns)

    Location             Delay type                Incr(ns)  Path(ns)    Netlist Resource(s)
  -------------------------------------------------------------------    -------------------
                         (clock clk rise edge)        0.000     0.000 r  
    BUFG_PS_X0Y80        BUFG_PS                      0.000     0.000 r  alu_design_i/zynq_ultra_ps_e_0/inst/buffer_pl_clk_0.PL_CLK_0_BUFG/O
    X0Y1 (CLOCK_ROOT)    net (fo=1756, routed)        2.099     2.099    alu_design_i/alu_0/inst/clk
    SLICE_X1Y109         FDRE                                         r  alu_design_i/alu_0/inst/r_op_reg[0]/C
  -------------------------------------------------------------------    -------------------
    SLICE_X1Y109         FDRE (Prop_EFF_SLICEM_C_Q)
                                                      0.113     2.212 r  alu_design_i/alu_0/inst/r_op_reg[0]/Q
                         net (fo=112, routed)         0.929     3.141    alu_design_i/alu_0/inst/r_op_reg_n_0_[0]
    SLICE_X4Y119         LUT3 (Prop_C6LUT_SLICEM_I2_O)
                                                      0.149     3.290 f  alu_design_i/alu_0/inst/res0_i_1/O
                         net (fo=1, routed)           0.226     3.516    alu_design_i/alu_0/inst/res0/A[16]
    DSP48E2_X1Y46        DSP_A_B_DATA (Prop_DSP_A_B_DATA_DSP48E2_A[16]_A2_DATA[16])
                                                      0.258     3.774 r  alu_design_i/alu_0/inst/res0/DSP_A_B_DATA_INST/A2_DATA[16]
                         net (fo=1, routed)           0.000     3.774    alu_design_i/alu_0/inst/res0/DSP_A_B_DATA.A2_DATA<16>
    DSP48E2_X1Y46        DSP_PREADD_DATA (Prop_DSP_PREADD_DATA_DSP48E2_A2_DATA[16]_A2A1[16])
                                                      0.114     3.888 r  alu_design_i/alu_0/inst/res0/DSP_PREADD_DATA_INST/A2A1[16]
                         net (fo=1, routed)           0.000     3.888    alu_design_i/alu_0/inst/res0/DSP_PREADD_DATA.A2A1<16>
    DSP48E2_X1Y46        DSP_MULTIPLIER (Prop_DSP_MULTIPLIER_DSP48E2_A2A1[16]_U[36])
                                                      0.700     4.588 f  alu_design_i/alu_0/inst/res0/DSP_MULTIPLIER_INST/U[36]
                         net (fo=1, routed)           0.000     4.588    alu_design_i/alu_0/inst/res0/DSP_MULTIPLIER.U<36>
    DSP48E2_X1Y46        DSP_M_DATA (Prop_DSP_M_DATA_DSP48E2_U[36]_U_DATA[36])
                                                      0.067     4.655 r  alu_design_i/alu_0/inst/res0/DSP_M_DATA_INST/U_DATA[36]
                         net (fo=1, routed)           0.000     4.655    alu_design_i/alu_0/inst/res0/DSP_M_DATA.U_DATA<36>
    DSP48E2_X1Y46        DSP_ALU (Prop_DSP_ALU_DSP48E2_U_DATA[36]_ALU_OUT[47])
                                                      0.727     5.382 f  alu_design_i/alu_0/inst/res0/DSP_ALU_INST/ALU_OUT[47]
                         net (fo=1, routed)           0.000     5.382    alu_design_i/alu_0/inst/res0/DSP_ALU.ALU_OUT<47>
    DSP48E2_X1Y46        DSP_OUTPUT (Prop_DSP_OUTPUT_DSP48E2_ALU_OUT[47]_PCOUT[47])
                                                      0.167     5.549 r  alu_design_i/alu_0/inst/res0/DSP_OUTPUT_INST/PCOUT[47]
                         net (fo=1, routed)           0.014     5.563    alu_design_i/alu_0/inst/res0__0/PCIN[47]
    DSP48E2_X1Y47        DSP_ALU (Prop_DSP_ALU_DSP48E2_PCIN[47]_ALU_OUT[0])
                                                      0.739     6.302 f  alu_design_i/alu_0/inst/res0__0/DSP_ALU_INST/ALU_OUT[0]
                         net (fo=1, routed)           0.000     6.302    alu_design_i/alu_0/inst/res0__0/DSP_ALU.ALU_OUT<0>
    DSP48E2_X1Y47        DSP_OUTPUT (Prop_DSP_OUTPUT_DSP48E2_ALU_OUT[0]_P[0])
                                                      0.146     6.448 r  alu_design_i/alu_0/inst/res0__0/DSP_OUTPUT_INST/P[0]
                         net (fo=1, routed)           0.309     6.757    alu_design_i/alu_0/inst/res0__0_n_105
    SLICE_X4Y117         LUT2 (Prop_B6LUT_SLICEM_I1_O)
                                                      0.082     6.839 r  alu_design_i/alu_0/inst/res[23]_i_9/O
                         net (fo=1, routed)           0.022     6.861    alu_design_i/alu_0/inst/res[23]_i_9_n_0
    SLICE_X4Y117         CARRY8 (Prop_CARRY8_SLICEM_S[1]_O[5])
                                                      0.333     7.194 r  alu_design_i/alu_0/inst/res_reg[23]_i_2/O[5]
                         net (fo=1, routed)           0.262     7.456    alu_design_i/alu_0/inst/res_reg[23]_i_2_n_10
    SLICE_X4Y121         LUT6 (Prop_C6LUT_SLICEM_I0_O)
                                                      0.149     7.605 r  alu_design_i/alu_0/inst/res[21]_i_1/O
                         net (fo=1, routed)           0.095     7.700    alu_design_i/alu_0/inst/res[21]_i_1_n_0
    SLICE_X4Y121         FDRE                                         r  alu_design_i/alu_0/inst/res_reg[21]/D
  -------------------------------------------------------------------    -------------------

                         (clock clk rise edge)       10.000    10.000 r  
    BUFG_PS_X0Y80        BUFG_PS                      0.000    10.000 r  alu_design_i/zynq_ultra_ps_e_0/inst/buffer_pl_clk_0.PL_CLK_0_BUFG/O
    X0Y1 (CLOCK_ROOT)    net (fo=1756, routed)        1.944    11.944    alu_design_i/alu_0/inst/clk
    SLICE_X4Y121         FDRE                                         r  alu_design_i/alu_0/inst/res_reg[21]/C
                         clock pessimism              0.090    12.034    
                         clock uncertainty           -0.130    11.905    
    SLICE_X4Y121         FDRE (Setup_CFF_SLICEM_C_D)
                                                      0.043    11.948    alu_design_i/alu_0/inst/res_reg[21]
  -------------------------------------------------------------------
                         required time                         11.948    
                         arrival time                          -7.700    
  -------------------------------------------------------------------
                         slack                                  4.248    

Slack (MET) :             4.251ns  (required time - arrival time)
  Source:                 alu_design_i/alu_0/inst/r_op_reg[0]/C
                            (rising edge-triggered cell FDRE clocked by clk  {rise@0.000ns fall@5.000ns period=10.000ns})
  Destination:            alu_design_i/alu_0/inst/res_reg[30]/D
                            (rising edge-triggered cell FDRE clocked by clk  {rise@0.000ns fall@5.000ns period=10.000ns})
  Path Group:             clk
  Path Type:              Setup (Max at Slow Process Corner)
  Requirement:            10.000ns  (clk rise@10.000ns - clk rise@0.000ns)
  Data Path Delay:        5.579ns  (logic 3.767ns (67.520%)  route 1.812ns (32.480%))
  Logic Levels:           13  (CARRY8=2 DSP_A_B_DATA=1 DSP_ALU=2 DSP_M_DATA=1 DSP_MULTIPLIER=1 DSP_OUTPUT=2 DSP_PREADD_DATA=1 LUT2=1 LUT3=1 LUT6=1)
  Clock Path Skew:        -0.085ns (DCD - SCD + CPR)
    Destination Clock Delay (DCD):    1.892ns = ( 11.892 - 10.000 ) 
    Source Clock Delay      (SCD):    2.099ns
    Clock Pessimism Removal (CPR):    0.122ns
  Clock Uncertainty:      0.130ns  ((TSJ^2 + DJ^2)^1/2) / 2 + PE
    Total System Jitter     (TSJ):    0.071ns
    Discrete Jitter          (DJ):    0.250ns
    Phase Error              (PE):    0.000ns
  Clock Net Delay (Source):      2.099ns (routing 1.045ns, distribution 1.054ns)
  Clock Net Delay (Destination): 1.892ns (routing 0.955ns, distribution 0.937ns)

    Location             Delay type                Incr(ns)  Path(ns)    Netlist Resource(s)
  -------------------------------------------------------------------    -------------------
                         (clock clk rise edge)        0.000     0.000 r  
    BUFG_PS_X0Y80        BUFG_PS                      0.000     0.000 r  alu_design_i/zynq_ultra_ps_e_0/inst/buffer_pl_clk_0.PL_CLK_0_BUFG/O
    X0Y1 (CLOCK_ROOT)    net (fo=1756, routed)        2.099     2.099    alu_design_i/alu_0/inst/clk
    SLICE_X1Y109         FDRE                                         r  alu_design_i/alu_0/inst/r_op_reg[0]/C
  -------------------------------------------------------------------    -------------------
    SLICE_X1Y109         FDRE (Prop_EFF_SLICEM_C_Q)
                                                      0.113     2.212 r  alu_design_i/alu_0/inst/r_op_reg[0]/Q
                         net (fo=112, routed)         0.929     3.141    alu_design_i/alu_0/inst/r_op_reg_n_0_[0]
    SLICE_X4Y119         LUT3 (Prop_C6LUT_SLICEM_I2_O)
                                                      0.149     3.290 f  alu_design_i/alu_0/inst/res0_i_1/O
                         net (fo=1, routed)           0.226     3.516    alu_design_i/alu_0/inst/res0/A[16]
    DSP48E2_X1Y46        DSP_A_B_DATA (Prop_DSP_A_B_DATA_DSP48E2_A[16]_A2_DATA[16])
                                                      0.258     3.774 r  alu_design_i/alu_0/inst/res0/DSP_A_B_DATA_INST/A2_DATA[16]
                         net (fo=1, routed)           0.000     3.774    alu_design_i/alu_0/inst/res0/DSP_A_B_DATA.A2_DATA<16>
    DSP48E2_X1Y46        DSP_PREADD_DATA (Prop_DSP_PREADD_DATA_DSP48E2_A2_DATA[16]_A2A1[16])
                                                      0.114     3.888 r  alu_design_i/alu_0/inst/res0/DSP_PREADD_DATA_INST/A2A1[16]
                         net (fo=1, routed)           0.000     3.888    alu_design_i/alu_0/inst/res0/DSP_PREADD_DATA.A2A1<16>
    DSP48E2_X1Y46        DSP_MULTIPLIER (Prop_DSP_MULTIPLIER_DSP48E2_A2A1[16]_U[36])
                                                      0.700     4.588 f  alu_design_i/alu_0/inst/res0/DSP_MULTIPLIER_INST/U[36]
                         net (fo=1, routed)           0.000     4.588    alu_design_i/alu_0/inst/res0/DSP_MULTIPLIER.U<36>
    DSP48E2_X1Y46        DSP_M_DATA (Prop_DSP_M_DATA_DSP48E2_U[36]_U_DATA[36])
                                                      0.067     4.655 r  alu_design_i/alu_0/inst/res0/DSP_M_DATA_INST/U_DATA[36]
                         net (fo=1, routed)           0.000     4.655    alu_design_i/alu_0/inst/res0/DSP_M_DATA.U_DATA<36>
    DSP48E2_X1Y46        DSP_ALU (Prop_DSP_ALU_DSP48E2_U_DATA[36]_ALU_OUT[47])
                                                      0.727     5.382 f  alu_design_i/alu_0/inst/res0/DSP_ALU_INST/ALU_OUT[47]
                         net (fo=1, routed)           0.000     5.382    alu_design_i/alu_0/inst/res0/DSP_ALU.ALU_OUT<47>
    DSP48E2_X1Y46        DSP_OUTPUT (Prop_DSP_OUTPUT_DSP48E2_ALU_OUT[47]_PCOUT[47])
                                                      0.167     5.549 r  alu_design_i/alu_0/inst/res0/DSP_OUTPUT_INST/PCOUT[47]
                         net (fo=1, routed)           0.014     5.563    alu_design_i/alu_0/inst/res0__0/PCIN[47]
    DSP48E2_X1Y47        DSP_ALU (Prop_DSP_ALU_DSP48E2_PCIN[47]_ALU_OUT[0])
                                                      0.739     6.302 f  alu_design_i/alu_0/inst/res0__0/DSP_ALU_INST/ALU_OUT[0]
                         net (fo=1, routed)           0.000     6.302    alu_design_i/alu_0/inst/res0__0/DSP_ALU.ALU_OUT<0>
    DSP48E2_X1Y47        DSP_OUTPUT (Prop_DSP_OUTPUT_DSP48E2_ALU_OUT[0]_P[0])
                                                      0.146     6.448 r  alu_design_i/alu_0/inst/res0__0/DSP_OUTPUT_INST/P[0]
                         net (fo=1, routed)           0.309     6.757    alu_design_i/alu_0/inst/res0__0_n_105
    SLICE_X4Y117         LUT2 (Prop_B6LUT_SLICEM_I1_O)
                                                      0.082     6.839 r  alu_design_i/alu_0/inst/res[23]_i_9/O
                         net (fo=1, routed)           0.022     6.861    alu_design_i/alu_0/inst/res[23]_i_9_n_0
    SLICE_X4Y117         CARRY8 (Prop_CARRY8_SLICEM_S[1]_CO[7])
                                                      0.267     7.128 r  alu_design_i/alu_0/inst/res_reg[23]_i_2/CO[7]
                         net (fo=1, routed)           0.030     7.158    alu_design_i/alu_0/inst/res_reg[23]_i_2_n_0
    SLICE_X4Y118         CARRY8 (Prop_CARRY8_SLICEM_CI_O[6])
                                                      0.157     7.315 r  alu_design_i/alu_0/inst/res_reg[31]_i_3/O[6]
                         net (fo=1, routed)           0.213     7.528    alu_design_i/alu_0/inst/res_reg[31]_i_3_n_9
    SLICE_X6Y118         LUT6 (Prop_C6LUT_SLICEL_I0_O)
                                                      0.081     7.609 r  alu_design_i/alu_0/inst/res[30]_i_1/O
                         net (fo=1, routed)           0.069     7.678    alu_design_i/alu_0/inst/res[30]_i_1_n_0
    SLICE_X6Y118         FDRE                                         r  alu_design_i/alu_0/inst/res_reg[30]/D
  -------------------------------------------------------------------    -------------------

                         (clock clk rise edge)       10.000    10.000 r  
    BUFG_PS_X0Y80        BUFG_PS                      0.000    10.000 r  alu_design_i/zynq_ultra_ps_e_0/inst/buffer_pl_clk_0.PL_CLK_0_BUFG/O
    X0Y1 (CLOCK_ROOT)    net (fo=1756, routed)        1.892    11.892    alu_design_i/alu_0/inst/clk
    SLICE_X6Y118         FDRE                                         r  alu_design_i/alu_0/inst/res_reg[30]/C
                         clock pessimism              0.122    12.014    
                         clock uncertainty           -0.130    11.885    
    SLICE_X6Y118         FDRE (Setup_CFF_SLICEL_C_D)
                                                      0.044    11.929    alu_design_i/alu_0/inst/res_reg[30]
  -------------------------------------------------------------------
                         required time                         11.929    
                         arrival time                          -7.678    
  -------------------------------------------------------------------
                         slack                                  4.251    

Slack (MET) :             4.271ns  (required time - arrival time)
  Source:                 alu_design_i/alu_0/inst/r_op_reg[0]/C
                            (rising edge-triggered cell FDRE clocked by clk  {rise@0.000ns fall@5.000ns period=10.000ns})
  Destination:            alu_design_i/alu_0/inst/res_reg[26]/D
                            (rising edge-triggered cell FDRE clocked by clk  {rise@0.000ns fall@5.000ns period=10.000ns})
  Path Group:             clk
  Path Type:              Setup (Max at Slow Process Corner)
  Requirement:            10.000ns  (clk rise@10.000ns - clk rise@0.000ns)
  Data Path Delay:        5.562ns  (logic 3.679ns (66.144%)  route 1.883ns (33.856%))
  Logic Levels:           13  (CARRY8=2 DSP_A_B_DATA=1 DSP_ALU=2 DSP_M_DATA=1 DSP_MULTIPLIER=1 DSP_OUTPUT=2 DSP_PREADD_DATA=1 LUT2=1 LUT3=1 LUT6=1)
  Clock Path Skew:        -0.081ns (DCD - SCD + CPR)
    Destination Clock Delay (DCD):    1.896ns = ( 11.896 - 10.000 ) 
    Source Clock Delay      (SCD):    2.099ns
    Clock Pessimism Removal (CPR):    0.122ns
  Clock Uncertainty:      0.130ns  ((TSJ^2 + DJ^2)^1/2) / 2 + PE
    Total System Jitter     (TSJ):    0.071ns
    Discrete Jitter          (DJ):    0.250ns
    Phase Error              (PE):    0.000ns
  Clock Net Delay (Source):      2.099ns (routing 1.045ns, distribution 1.054ns)
  Clock Net Delay (Destination): 1.896ns (routing 0.955ns, distribution 0.941ns)

    Location             Delay type                Incr(ns)  Path(ns)    Netlist Resource(s)
  -------------------------------------------------------------------    -------------------
                         (clock clk rise edge)        0.000     0.000 r  
    BUFG_PS_X0Y80        BUFG_PS                      0.000     0.000 r  alu_design_i/zynq_ultra_ps_e_0/inst/buffer_pl_clk_0.PL_CLK_0_BUFG/O
    X0Y1 (CLOCK_ROOT)    net (fo=1756, routed)        2.099     2.099    alu_design_i/alu_0/inst/clk
    SLICE_X1Y109         FDRE                                         r  alu_design_i/alu_0/inst/r_op_reg[0]/C
  -------------------------------------------------------------------    -------------------
    SLICE_X1Y109         FDRE (Prop_EFF_SLICEM_C_Q)
                                                      0.113     2.212 r  alu_design_i/alu_0/inst/r_op_reg[0]/Q
                         net (fo=112, routed)         0.929     3.141    alu_design_i/alu_0/inst/r_op_reg_n_0_[0]
    SLICE_X4Y119         LUT3 (Prop_C6LUT_SLICEM_I2_O)
                                                      0.149     3.290 f  alu_design_i/alu_0/inst/res0_i_1/O
                         net (fo=1, routed)           0.226     3.516    alu_design_i/alu_0/inst/res0/A[16]
    DSP48E2_X1Y46        DSP_A_B_DATA (Prop_DSP_A_B_DATA_DSP48E2_A[16]_A2_DATA[16])
                                                      0.258     3.774 r  alu_design_i/alu_0/inst/res0/DSP_A_B_DATA_INST/A2_DATA[16]
                         net (fo=1, routed)           0.000     3.774    alu_design_i/alu_0/inst/res0/DSP_A_B_DATA.A2_DATA<16>
    DSP48E2_X1Y46        DSP_PREADD_DATA (Prop_DSP_PREADD_DATA_DSP48E2_A2_DATA[16]_A2A1[16])
                                                      0.114     3.888 r  alu_design_i/alu_0/inst/res0/DSP_PREADD_DATA_INST/A2A1[16]
                         net (fo=1, routed)           0.000     3.888    alu_design_i/alu_0/inst/res0/DSP_PREADD_DATA.A2A1<16>
    DSP48E2_X1Y46        DSP_MULTIPLIER (Prop_DSP_MULTIPLIER_DSP48E2_A2A1[16]_U[36])
                                                      0.700     4.588 f  alu_design_i/alu_0/inst/res0/DSP_MULTIPLIER_INST/U[36]
                         net (fo=1, routed)           0.000     4.588    alu_design_i/alu_0/inst/res0/DSP_MULTIPLIER.U<36>
    DSP48E2_X1Y46        DSP_M_DATA (Prop_DSP_M_DATA_DSP48E2_U[36]_U_DATA[36])
                                                      0.067     4.655 r  alu_design_i/alu_0/inst/res0/DSP_M_DATA_INST/U_DATA[36]
                         net (fo=1, routed)           0.000     4.655    alu_design_i/alu_0/inst/res0/DSP_M_DATA.U_DATA<36>
    DSP48E2_X1Y46        DSP_ALU (Prop_DSP_ALU_DSP48E2_U_DATA[36]_ALU_OUT[47])
                                                      0.727     5.382 f  alu_design_i/alu_0/inst/res0/DSP_ALU_INST/ALU_OUT[47]
                         net (fo=1, routed)           0.000     5.382    alu_design_i/alu_0/inst/res0/DSP_ALU.ALU_OUT<47>
    DSP48E2_X1Y46        DSP_OUTPUT (Prop_DSP_OUTPUT_DSP48E2_ALU_OUT[47]_PCOUT[47])
                                                      0.167     5.549 r  alu_design_i/alu_0/inst/res0/DSP_OUTPUT_INST/PCOUT[47]
                         net (fo=1, routed)           0.014     5.563    alu_design_i/alu_0/inst/res0__0/PCIN[47]
    DSP48E2_X1Y47        DSP_ALU (Prop_DSP_ALU_DSP48E2_PCIN[47]_ALU_OUT[0])
                                                      0.739     6.302 f  alu_design_i/alu_0/inst/res0__0/DSP_ALU_INST/ALU_OUT[0]
                         net (fo=1, routed)           0.000     6.302    alu_design_i/alu_0/inst/res0__0/DSP_ALU.ALU_OUT<0>
    DSP48E2_X1Y47        DSP_OUTPUT (Prop_DSP_OUTPUT_DSP48E2_ALU_OUT[0]_P[0])
                                                      0.146     6.448 r  alu_design_i/alu_0/inst/res0__0/DSP_OUTPUT_INST/P[0]
                         net (fo=1, routed)           0.309     6.757    alu_design_i/alu_0/inst/res0__0_n_105
    SLICE_X4Y117         LUT2 (Prop_B6LUT_SLICEM_I1_O)
                                                      0.082     6.839 r  alu_design_i/alu_0/inst/res[23]_i_9/O
                         net (fo=1, routed)           0.022     6.861    alu_design_i/alu_0/inst/res[23]_i_9_n_0
    SLICE_X4Y117         CARRY8 (Prop_CARRY8_SLICEM_S[1]_CO[7])
                                                      0.267     7.128 r  alu_design_i/alu_0/inst/res_reg[23]_i_2/CO[7]
                         net (fo=1, routed)           0.030     7.158    alu_design_i/alu_0/inst/res_reg[23]_i_2_n_0
    SLICE_X4Y118         CARRY8 (Prop_CARRY8_SLICEM_CI_O[2])
                                                      0.093     7.251 r  alu_design_i/alu_0/inst/res_reg[31]_i_3/O[2]
                         net (fo=1, routed)           0.272     7.523    alu_design_i/alu_0/inst/res_reg[31]_i_3_n_13
    SLICE_X5Y118         LUT6 (Prop_B6LUT_SLICEM_I0_O)
                                                      0.057     7.580 r  alu_design_i/alu_0/inst/res[26]_i_1/O
                         net (fo=1, routed)           0.081     7.661    alu_design_i/alu_0/inst/res[26]_i_1_n_0
    SLICE_X5Y118         FDRE                                         r  alu_design_i/alu_0/inst/res_reg[26]/D
  -------------------------------------------------------------------    -------------------

                         (clock clk rise edge)       10.000    10.000 r  
    BUFG_PS_X0Y80        BUFG_PS                      0.000    10.000 r  alu_design_i/zynq_ultra_ps_e_0/inst/buffer_pl_clk_0.PL_CLK_0_BUFG/O
    X0Y1 (CLOCK_ROOT)    net (fo=1756, routed)        1.896    11.896    alu_design_i/alu_0/inst/clk
    SLICE_X5Y118         FDRE                                         r  alu_design_i/alu_0/inst/res_reg[26]/C
                         clock pessimism              0.122    12.018    
                         clock uncertainty           -0.130    11.889    
    SLICE_X5Y118         FDRE (Setup_BFF_SLICEM_C_D)
                                                      0.043    11.932    alu_design_i/alu_0/inst/res_reg[26]
  -------------------------------------------------------------------
                         required time                         11.932    
                         arrival time                          -7.661    
  -------------------------------------------------------------------
                         slack                                  4.271    

Slack (MET) :             4.309ns  (required time - arrival time)
  Source:                 alu_design_i/alu_0/inst/r_op_reg[0]/C
                            (rising edge-triggered cell FDRE clocked by clk  {rise@0.000ns fall@5.000ns period=10.000ns})
  Destination:            alu_design_i/alu_0/inst/res_reg[23]/D
                            (rising edge-triggered cell FDRE clocked by clk  {rise@0.000ns fall@5.000ns period=10.000ns})
  Path Group:             clk
  Path Type:              Setup (Max at Slow Process Corner)
  Requirement:            10.000ns  (clk rise@10.000ns - clk rise@0.000ns)
  Data Path Delay:        5.534ns  (logic 3.748ns (67.726%)  route 1.786ns (32.274%))
  Logic Levels:           12  (CARRY8=1 DSP_A_B_DATA=1 DSP_ALU=2 DSP_M_DATA=1 DSP_MULTIPLIER=1 DSP_OUTPUT=2 DSP_PREADD_DATA=1 LUT2=1 LUT3=1 LUT6=1)
  Clock Path Skew:        -0.071ns (DCD - SCD + CPR)
    Destination Clock Delay (DCD):    1.938ns = ( 11.938 - 10.000 ) 
    Source Clock Delay      (SCD):    2.099ns
    Clock Pessimism Removal (CPR):    0.090ns
  Clock Uncertainty:      0.130ns  ((TSJ^2 + DJ^2)^1/2) / 2 + PE
    Total System Jitter     (TSJ):    0.071ns
    Discrete Jitter          (DJ):    0.250ns
    Phase Error              (PE):    0.000ns
  Clock Net Delay (Source):      2.099ns (routing 1.045ns, distribution 1.054ns)
  Clock Net Delay (Destination): 1.938ns (routing 0.955ns, distribution 0.983ns)

    Location             Delay type                Incr(ns)  Path(ns)    Netlist Resource(s)
  -------------------------------------------------------------------    -------------------
                         (clock clk rise edge)        0.000     0.000 r  
    BUFG_PS_X0Y80        BUFG_PS                      0.000     0.000 r  alu_design_i/zynq_ultra_ps_e_0/inst/buffer_pl_clk_0.PL_CLK_0_BUFG/O
    X0Y1 (CLOCK_ROOT)    net (fo=1756, routed)        2.099     2.099    alu_design_i/alu_0/inst/clk
    SLICE_X1Y109         FDRE                                         r  alu_design_i/alu_0/inst/r_op_reg[0]/C
  -------------------------------------------------------------------    -------------------
    SLICE_X1Y109         FDRE (Prop_EFF_SLICEM_C_Q)
                                                      0.113     2.212 r  alu_design_i/alu_0/inst/r_op_reg[0]/Q
                         net (fo=112, routed)         0.929     3.141    alu_design_i/alu_0/inst/r_op_reg_n_0_[0]
    SLICE_X4Y119         LUT3 (Prop_C6LUT_SLICEM_I2_O)
                                                      0.149     3.290 f  alu_design_i/alu_0/inst/res0_i_1/O
                         net (fo=1, routed)           0.226     3.516    alu_design_i/alu_0/inst/res0/A[16]
    DSP48E2_X1Y46        DSP_A_B_DATA (Prop_DSP_A_B_DATA_DSP48E2_A[16]_A2_DATA[16])
                                                      0.258     3.774 r  alu_design_i/alu_0/inst/res0/DSP_A_B_DATA_INST/A2_DATA[16]
                         net (fo=1, routed)           0.000     3.774    alu_design_i/alu_0/inst/res0/DSP_A_B_DATA.A2_DATA<16>
    DSP48E2_X1Y46        DSP_PREADD_DATA (Prop_DSP_PREADD_DATA_DSP48E2_A2_DATA[16]_A2A1[16])
                                                      0.114     3.888 r  alu_design_i/alu_0/inst/res0/DSP_PREADD_DATA_INST/A2A1[16]
                         net (fo=1, routed)           0.000     3.888    alu_design_i/alu_0/inst/res0/DSP_PREADD_DATA.A2A1<16>
    DSP48E2_X1Y46        DSP_MULTIPLIER (Prop_DSP_MULTIPLIER_DSP48E2_A2A1[16]_U[36])
                                                      0.700     4.588 f  alu_design_i/alu_0/inst/res0/DSP_MULTIPLIER_INST/U[36]
                         net (fo=1, routed)           0.000     4.588    alu_design_i/alu_0/inst/res0/DSP_MULTIPLIER.U<36>
    DSP48E2_X1Y46        DSP_M_DATA (Prop_DSP_M_DATA_DSP48E2_U[36]_U_DATA[36])
                                                      0.067     4.655 r  alu_design_i/alu_0/inst/res0/DSP_M_DATA_INST/U_DATA[36]
                         net (fo=1, routed)           0.000     4.655    alu_design_i/alu_0/inst/res0/DSP_M_DATA.U_DATA<36>
    DSP48E2_X1Y46        DSP_ALU (Prop_DSP_ALU_DSP48E2_U_DATA[36]_ALU_OUT[47])
                                                      0.727     5.382 f  alu_design_i/alu_0/inst/res0/DSP_ALU_INST/ALU_OUT[47]
                         net (fo=1, routed)           0.000     5.382    alu_design_i/alu_0/inst/res0/DSP_ALU.ALU_OUT<47>
    DSP48E2_X1Y46        DSP_OUTPUT (Prop_DSP_OUTPUT_DSP48E2_ALU_OUT[47]_PCOUT[47])
                                                      0.167     5.549 r  alu_design_i/alu_0/inst/res0/DSP_OUTPUT_INST/PCOUT[47]
                         net (fo=1, routed)           0.014     5.563    alu_design_i/alu_0/inst/res0__0/PCIN[47]
    DSP48E2_X1Y47        DSP_ALU (Prop_DSP_ALU_DSP48E2_PCIN[47]_ALU_OUT[0])
                                                      0.739     6.302 f  alu_design_i/alu_0/inst/res0__0/DSP_ALU_INST/ALU_OUT[0]
                         net (fo=1, routed)           0.000     6.302    alu_design_i/alu_0/inst/res0__0/DSP_ALU.ALU_OUT<0>
    DSP48E2_X1Y47        DSP_OUTPUT (Prop_DSP_OUTPUT_DSP48E2_ALU_OUT[0]_P[0])
                                                      0.146     6.448 r  alu_design_i/alu_0/inst/res0__0/DSP_OUTPUT_INST/P[0]
                         net (fo=1, routed)           0.309     6.757    alu_design_i/alu_0/inst/res0__0_n_105
    SLICE_X4Y117         LUT2 (Prop_B6LUT_SLICEM_I1_O)
                                                      0.082     6.839 r  alu_design_i/alu_0/inst/res[23]_i_9/O
                         net (fo=1, routed)           0.022     6.861    alu_design_i/alu_0/inst/res[23]_i_9_n_0
    SLICE_X4Y117         CARRY8 (Prop_CARRY8_SLICEM_S[1]_O[7])
                                                      0.334     7.195 r  alu_design_i/alu_0/inst/res_reg[23]_i_2/O[7]
                         net (fo=1, routed)           0.205     7.400    alu_design_i/alu_0/inst/res_reg[23]_i_2_n_8
    SLICE_X4Y120         LUT6 (Prop_B6LUT_SLICEM_I0_O)
                                                      0.152     7.552 r  alu_design_i/alu_0/inst/res[23]_i_1/O
                         net (fo=1, routed)           0.081     7.633    alu_design_i/alu_0/inst/res[23]_i_1_n_0
    SLICE_X4Y120         FDRE                                         r  alu_design_i/alu_0/inst/res_reg[23]/D
  -------------------------------------------------------------------    -------------------

                         (clock clk rise edge)       10.000    10.000 r  
    BUFG_PS_X0Y80        BUFG_PS                      0.000    10.000 r  alu_design_i/zynq_ultra_ps_e_0/inst/buffer_pl_clk_0.PL_CLK_0_BUFG/O
    X0Y1 (CLOCK_ROOT)    net (fo=1756, routed)        1.938    11.938    alu_design_i/alu_0/inst/clk
    SLICE_X4Y120         FDRE                                         r  alu_design_i/alu_0/inst/res_reg[23]/C
                         clock pessimism              0.090    12.028    
                         clock uncertainty           -0.130    11.898    
    SLICE_X4Y120         FDRE (Setup_BFF_SLICEM_C_D)
                                                      0.043    11.941    alu_design_i/alu_0/inst/res_reg[23]
  -------------------------------------------------------------------
                         required time                         11.941    
                         arrival time                          -7.633    
  -------------------------------------------------------------------
                         slack                                  4.309    





Min Delay Paths
--------------------------------------------------------------------------------------
Slack (MET) :             0.014ns  (arrival time - required time)
  Source:                 <hidden>
                            (rising edge-triggered cell FDRE clocked by clk  {rise@0.000ns fall@5.000ns period=10.000ns})
  Destination:            <hidden>
                            (rising edge-triggered cell FDRE clocked by clk  {rise@0.000ns fall@5.000ns period=10.000ns})
  Path Group:             clk
  Path Type:              Hold (Min at Slow Process Corner)
  Requirement:            0.000ns  (clk rise@0.000ns - clk rise@0.000ns)
  Data Path Delay:        0.237ns  (logic 0.112ns (47.257%)  route 0.125ns (52.743%))
  Logic Levels:           0  
  Clock Path Skew:        0.122ns (DCD - SCD - CPR)
    Destination Clock Delay (DCD):    2.124ns
    Source Clock Delay      (SCD):    1.879ns
    Clock Pessimism Removal (CPR):    0.122ns
  Clock Net Delay (Source):      1.879ns (routing 0.955ns, distribution 0.924ns)
  Clock Net Delay (Destination): 2.124ns (routing 1.045ns, distribution 1.079ns)

    Location             Delay type                Incr(ns)  Path(ns)    Netlist Resource(s)
  -------------------------------------------------------------------    -------------------
                         (clock clk rise edge)        0.000     0.000 r  
    BUFG_PS_X0Y80        BUFG_PS                      0.000     0.000 r  alu_design_i/zynq_ultra_ps_e_0/inst/buffer_pl_clk_0.PL_CLK_0_BUFG/O
    X0Y1 (CLOCK_ROOT)    net (fo=1756, routed)        1.879     1.879    <hidden>
    SLICE_X1Y103         FDRE                                         r  <hidden>
  -------------------------------------------------------------------    -------------------
    SLICE_X1Y103         FDRE (Prop_AFF_SLICEM_C_Q)
                                                      0.112     1.991 r  <hidden>
                         net (fo=1, routed)           0.125     2.116    <hidden>
    SLICE_X2Y103         FDRE                                         r  <hidden>
  -------------------------------------------------------------------    -------------------

                         (clock clk rise edge)        0.000     0.000 r  
    BUFG_PS_X0Y80        BUFG_PS                      0.000     0.000 r  alu_design_i/zynq_ultra_ps_e_0/inst/buffer_pl_clk_0.PL_CLK_0_BUFG/O
    X0Y1 (CLOCK_ROOT)    net (fo=1756, routed)        2.124     2.124    <hidden>
    SLICE_X2Y103         FDRE                                         r  <hidden>
                         clock pessimism             -0.122     2.001    
    SLICE_X2Y103         FDRE (Hold_HFF_SLICEM_C_D)
                                                      0.101     2.102    <hidden>
  -------------------------------------------------------------------
                         required time                         -2.102    
                         arrival time                           2.116    
  -------------------------------------------------------------------
                         slack                                  0.014    

Slack (MET) :             0.015ns  (arrival time - required time)
  Source:                 alu_design_i/dataa/U0/AXI_LITE_IPIF_I/I_SLAVE_ATTACHMENT/s_axi_rdata_i_reg[28]/C
                            (rising edge-triggered cell FDRE clocked by clk  {rise@0.000ns fall@5.000ns period=10.000ns})
  Destination:            <hidden>
                            (rising edge-triggered cell FDRE clocked by clk  {rise@0.000ns fall@5.000ns period=10.000ns})
  Path Group:             clk
  Path Type:              Hold (Min at Slow Process Corner)
  Requirement:            0.000ns  (clk rise@0.000ns - clk rise@0.000ns)
  Data Path Delay:        0.318ns  (logic 0.147ns (46.226%)  route 0.171ns (53.774%))
  Logic Levels:           1  (LUT6=1)
  Clock Path Skew:        0.203ns (DCD - SCD - CPR)
    Destination Clock Delay (DCD):    2.191ns
    Source Clock Delay      (SCD):    1.897ns
    Clock Pessimism Removal (CPR):    0.090ns
  Clock Net Delay (Source):      1.897ns (routing 0.955ns, distribution 0.942ns)
  Clock Net Delay (Destination): 2.191ns (routing 1.045ns, distribution 1.146ns)

    Location             Delay type                Incr(ns)  Path(ns)    Netlist Resource(s)
  -------------------------------------------------------------------    -------------------
                         (clock clk rise edge)        0.000     0.000 r  
    BUFG_PS_X0Y80        BUFG_PS                      0.000     0.000 r  alu_design_i/zynq_ultra_ps_e_0/inst/buffer_pl_clk_0.PL_CLK_0_BUFG/O
    X0Y1 (CLOCK_ROOT)    net (fo=1756, routed)        1.897     1.897    alu_design_i/dataa/U0/AXI_LITE_IPIF_I/I_SLAVE_ATTACHMENT/s_axi_aclk
    SLICE_X2Y119         FDRE                                         r  alu_design_i/dataa/U0/AXI_LITE_IPIF_I/I_SLAVE_ATTACHMENT/s_axi_rdata_i_reg[28]/C
  -------------------------------------------------------------------    -------------------
    SLICE_X2Y119         FDRE (Prop_FFF2_SLICEM_C_Q)
                                                      0.115     2.012 r  alu_design_i/dataa/U0/AXI_LITE_IPIF_I/I_SLAVE_ATTACHMENT/s_axi_rdata_i_reg[28]/Q
                         net (fo=1, routed)           0.126     2.138    <hidden>
    SLICE_X2Y120         LUT6 (Prop_C6LUT_SLICEM_I1_O)
                                                      0.032     2.170 r  <hidden>
                         net (fo=1, routed)           0.045     2.215    <hidden>
    SLICE_X2Y120         FDRE                                         r  <hidden>
  -------------------------------------------------------------------    -------------------

                         (clock clk rise edge)        0.000     0.000 r  
    BUFG_PS_X0Y80        BUFG_PS                      0.000     0.000 r  alu_design_i/zynq_ultra_ps_e_0/inst/buffer_pl_clk_0.PL_CLK_0_BUFG/O
    X0Y1 (CLOCK_ROOT)    net (fo=1756, routed)        2.191     2.191    <hidden>
    SLICE_X2Y120         FDRE                                         r  <hidden>
                         clock pessimism             -0.090     2.101    
    SLICE_X2Y120         FDRE (Hold_CFF_SLICEM_C_D)
                                                      0.100     2.201    <hidden>
  -------------------------------------------------------------------
                         required time                         -2.201    
                         arrival time                           2.215    
  -------------------------------------------------------------------
                         slack                                  0.015    

Slack (MET) :             0.018ns  (arrival time - required time)
  Source:                 alu_design_i/dataa/U0/gpio_core_1/Not_Dual.ALLOUT_ND.READ_REG_GEN[15].reg1_reg[15]/C
                            (rising edge-triggered cell FDRE clocked by clk  {rise@0.000ns fall@5.000ns period=10.000ns})
  Destination:            alu_design_i/dataa/U0/ip2bus_data_i_D1_reg[15]/D
                            (rising edge-triggered cell FDRE clocked by clk  {rise@0.000ns fall@5.000ns period=10.000ns})
  Path Group:             clk
  Path Type:              Hold (Min at Slow Process Corner)
  Requirement:            0.000ns  (clk rise@0.000ns - clk rise@0.000ns)
  Data Path Delay:        0.321ns  (logic 0.195ns (60.748%)  route 0.126ns (39.252%))
  Logic Levels:           1  (LUT6=1)
  Clock Path Skew:        0.203ns (DCD - SCD - CPR)
    Destination Clock Delay (DCD):    2.191ns
    Source Clock Delay      (SCD):    1.897ns
    Clock Pessimism Removal (CPR):    0.090ns
  Clock Net Delay (Source):      1.897ns (routing 0.955ns, distribution 0.942ns)
  Clock Net Delay (Destination): 2.191ns (routing 1.045ns, distribution 1.146ns)

    Location             Delay type                Incr(ns)  Path(ns)    Netlist Resource(s)
  -------------------------------------------------------------------    -------------------
                         (clock clk rise edge)        0.000     0.000 r  
    BUFG_PS_X0Y80        BUFG_PS                      0.000     0.000 r  alu_design_i/zynq_ultra_ps_e_0/inst/buffer_pl_clk_0.PL_CLK_0_BUFG/O
    X0Y1 (CLOCK_ROOT)    net (fo=1756, routed)        1.897     1.897    alu_design_i/dataa/U0/gpio_core_1/s_axi_aclk
    SLICE_X2Y119         FDRE                                         r  alu_design_i/dataa/U0/gpio_core_1/Not_Dual.ALLOUT_ND.READ_REG_GEN[15].reg1_reg[15]/C
  -------------------------------------------------------------------    -------------------
    SLICE_X2Y119         FDRE (Prop_BFF_SLICEM_C_Q)
                                                      0.111     2.008 r  alu_design_i/dataa/U0/gpio_core_1/Not_Dual.ALLOUT_ND.READ_REG_GEN[15].reg1_reg[15]/Q
                         net (fo=1, routed)           0.078     2.086    alu_design_i/dataa/U0/gpio_core_1/Not_Dual.ALLOUT_ND.READ_REG_GEN[15].reg1_reg
    SLICE_X2Y121         LUT6 (Prop_D6LUT_SLICEM_I1_O)
                                                      0.084     2.170 r  alu_design_i/dataa/U0/gpio_core_1/ip2bus_data_i_D1[15]_i_1/O
                         net (fo=1, routed)           0.048     2.218    alu_design_i/dataa/U0/ip2bus_data[15]
    SLICE_X2Y121         FDRE                                         r  alu_design_i/dataa/U0/ip2bus_data_i_D1_reg[15]/D
  -------------------------------------------------------------------    -------------------

                         (clock clk rise edge)        0.000     0.000 r  
    BUFG_PS_X0Y80        BUFG_PS                      0.000     0.000 r  alu_design_i/zynq_ultra_ps_e_0/inst/buffer_pl_clk_0.PL_CLK_0_BUFG/O
    X0Y1 (CLOCK_ROOT)    net (fo=1756, routed)        2.191     2.191    alu_design_i/dataa/U0/s_axi_aclk
    SLICE_X2Y121         FDRE                                         r  alu_design_i/dataa/U0/ip2bus_data_i_D1_reg[15]/C
                         clock pessimism             -0.090     2.101    
    SLICE_X2Y121         FDRE (Hold_DFF_SLICEM_C_D)
                                                      0.100     2.201    alu_design_i/dataa/U0/ip2bus_data_i_D1_reg[15]
  -------------------------------------------------------------------
                         required time                         -2.201    
                         arrival time                           2.218    
  -------------------------------------------------------------------
                         slack                                  0.018    

Slack (MET) :             0.019ns  (arrival time - required time)
  Source:                 <hidden>
                            (rising edge-triggered cell FDRE clocked by clk  {rise@0.000ns fall@5.000ns period=10.000ns})
  Destination:            <hidden>
                            (rising edge-triggered cell FDRE clocked by clk  {rise@0.000ns fall@5.000ns period=10.000ns})
  Path Group:             clk
  Path Type:              Hold (Min at Slow Process Corner)
  Requirement:            0.000ns  (clk rise@0.000ns - clk rise@0.000ns)
  Data Path Delay:        0.237ns  (logic 0.112ns (47.257%)  route 0.125ns (52.743%))
  Logic Levels:           0  
  Clock Path Skew:        0.116ns (DCD - SCD - CPR)
    Destination Clock Delay (DCD):    2.116ns
    Source Clock Delay      (SCD):    1.877ns
    Clock Pessimism Removal (CPR):    0.122ns
  Clock Net Delay (Source):      1.877ns (routing 0.955ns, distribution 0.922ns)
  Clock Net Delay (Destination): 2.116ns (routing 1.045ns, distribution 1.071ns)

    Location             Delay type                Incr(ns)  Path(ns)    Netlist Resource(s)
  -------------------------------------------------------------------    -------------------
                         (clock clk rise edge)        0.000     0.000 r  
    BUFG_PS_X0Y80        BUFG_PS                      0.000     0.000 r  alu_design_i/zynq_ultra_ps_e_0/inst/buffer_pl_clk_0.PL_CLK_0_BUFG/O
    X0Y1 (CLOCK_ROOT)    net (fo=1756, routed)        1.877     1.877    <hidden>
    SLICE_X1Y101         FDRE                                         r  <hidden>
  -------------------------------------------------------------------    -------------------
    SLICE_X1Y101         FDRE (Prop_GFF_SLICEM_C_Q)
                                                      0.112     1.989 r  <hidden>
                         net (fo=1, routed)           0.125     2.114    <hidden>
    SLICE_X3Y101         FDRE                                         r  <hidden>
  -------------------------------------------------------------------    -------------------

                         (clock clk rise edge)        0.000     0.000 r  
    BUFG_PS_X0Y80        BUFG_PS                      0.000     0.000 r  alu_design_i/zynq_ultra_ps_e_0/inst/buffer_pl_clk_0.PL_CLK_0_BUFG/O
    X0Y1 (CLOCK_ROOT)    net (fo=1756, routed)        2.116     2.116    <hidden>
    SLICE_X3Y101         FDRE                                         r  <hidden>
                         clock pessimism             -0.122     1.993    
    SLICE_X3Y101         FDRE (Hold_DFF2_SLICEL_C_D)
                                                      0.102     2.095    <hidden>
  -------------------------------------------------------------------
                         required time                         -2.095    
                         arrival time                           2.114    
  -------------------------------------------------------------------
                         slack                                  0.019    

Slack (MET) :             0.023ns  (arrival time - required time)
  Source:                 <hidden>
                            (rising edge-triggered cell FDRE clocked by clk  {rise@0.000ns fall@5.000ns period=10.000ns})
  Destination:            <hidden>
                            (rising edge-triggered cell FDRE clocked by clk  {rise@0.000ns fall@5.000ns period=10.000ns})
  Path Group:             clk
  Path Type:              Hold (Min at Slow Process Corner)
  Requirement:            0.000ns  (clk rise@0.000ns - clk rise@0.000ns)
  Data Path Delay:        0.246ns  (logic 0.111ns (45.122%)  route 0.135ns (54.878%))
  Logic Levels:           0  
  Clock Path Skew:        0.122ns (DCD - SCD - CPR)
    Destination Clock Delay (DCD):    2.124ns
    Source Clock Delay      (SCD):    1.879ns
    Clock Pessimism Removal (CPR):    0.122ns
  Clock Net Delay (Source):      1.879ns (routing 0.955ns, distribution 0.924ns)
  Clock Net Delay (Destination): 2.124ns (routing 1.045ns, distribution 1.079ns)

    Location             Delay type                Incr(ns)  Path(ns)    Netlist Resource(s)
  -------------------------------------------------------------------    -------------------
                         (clock clk rise edge)        0.000     0.000 r  
    BUFG_PS_X0Y80        BUFG_PS                      0.000     0.000 r  alu_design_i/zynq_ultra_ps_e_0/inst/buffer_pl_clk_0.PL_CLK_0_BUFG/O
    X0Y1 (CLOCK_ROOT)    net (fo=1756, routed)        1.879     1.879    <hidden>
    SLICE_X1Y103         FDRE                                         r  <hidden>
  -------------------------------------------------------------------    -------------------
    SLICE_X1Y103         FDRE (Prop_BFF_SLICEM_C_Q)
                                                      0.111     1.990 r  <hidden>
                         net (fo=1, routed)           0.135     2.125    <hidden>
    SLICE_X2Y103         FDRE                                         r  <hidden>
  -------------------------------------------------------------------    -------------------

                         (clock clk rise edge)        0.000     0.000 r  
    BUFG_PS_X0Y80        BUFG_PS                      0.000     0.000 r  alu_design_i/zynq_ultra_ps_e_0/inst/buffer_pl_clk_0.PL_CLK_0_BUFG/O
    X0Y1 (CLOCK_ROOT)    net (fo=1756, routed)        2.124     2.124    <hidden>
    SLICE_X2Y103         FDRE                                         r  <hidden>
                         clock pessimism             -0.122     2.001    
    SLICE_X2Y103         FDRE (Hold_EFF_SLICEM_C_D)
                                                      0.101     2.102    <hidden>
  -------------------------------------------------------------------
                         required time                         -2.102    
                         arrival time                           2.125    
  -------------------------------------------------------------------
                         slack                                  0.023    

Slack (MET) :             0.023ns  (arrival time - required time)
  Source:                 <hidden>
                            (rising edge-triggered cell FDRE clocked by clk  {rise@0.000ns fall@5.000ns period=10.000ns})
  Destination:            <hidden>
                            (rising edge-triggered cell FDRE clocked by clk  {rise@0.000ns fall@5.000ns period=10.000ns})
  Path Group:             clk
  Path Type:              Hold (Min at Slow Process Corner)
  Requirement:            0.000ns  (clk rise@0.000ns - clk rise@0.000ns)
  Data Path Delay:        0.247ns  (logic 0.111ns (44.939%)  route 0.136ns (55.061%))
  Logic Levels:           0  
  Clock Path Skew:        0.124ns (DCD - SCD - CPR)
    Destination Clock Delay (DCD):    2.124ns
    Source Clock Delay      (SCD):    1.877ns
    Clock Pessimism Removal (CPR):    0.122ns
  Clock Net Delay (Source):      1.877ns (routing 0.955ns, distribution 0.922ns)
  Clock Net Delay (Destination): 2.124ns (routing 1.045ns, distribution 1.079ns)

    Location             Delay type                Incr(ns)  Path(ns)    Netlist Resource(s)
  -------------------------------------------------------------------    -------------------
                         (clock clk rise edge)        0.000     0.000 r  
    BUFG_PS_X0Y80        BUFG_PS                      0.000     0.000 r  alu_design_i/zynq_ultra_ps_e_0/inst/buffer_pl_clk_0.PL_CLK_0_BUFG/O
    X0Y1 (CLOCK_ROOT)    net (fo=1756, routed)        1.877     1.877    <hidden>
    SLICE_X1Y101         FDRE                                         r  <hidden>
  -------------------------------------------------------------------    -------------------
    SLICE_X1Y101         FDRE (Prop_BFF_SLICEM_C_Q)
                                                      0.111     1.988 r  <hidden>
                         net (fo=1, routed)           0.136     2.124    <hidden>
    SLICE_X2Y101         FDRE                                         r  <hidden>
  -------------------------------------------------------------------    -------------------

                         (clock clk rise edge)        0.000     0.000 r  
    BUFG_PS_X0Y80        BUFG_PS                      0.000     0.000 r  alu_design_i/zynq_ultra_ps_e_0/inst/buffer_pl_clk_0.PL_CLK_0_BUFG/O
    X0Y1 (CLOCK_ROOT)    net (fo=1756, routed)        2.124     2.124    <hidden>
    SLICE_X2Y101         FDRE                                         r  <hidden>
                         clock pessimism             -0.122     2.001    
    SLICE_X2Y101         FDRE (Hold_CFF_SLICEM_C_D)
                                                      0.100     2.101    <hidden>
  -------------------------------------------------------------------
                         required time                         -2.101    
                         arrival time                           2.124    
  -------------------------------------------------------------------
                         slack                                  0.023    

Slack (MET) :             0.025ns  (arrival time - required time)
  Source:                 alu_design_i/result/U0/gpio_core_1/Not_Dual.INPUT_DOUBLE_REGS3/GENERATE_LEVEL_P_S_CDC.MULTI_BIT.FOR_CROSS_PLEVEL_IN2SCNDRY_bus_d4[1].CROSS2_PLEVEL_IN2SCNDRY_s_level_out_bus_d4/C
                            (rising edge-triggered cell FDRE clocked by clk  {rise@0.000ns fall@5.000ns period=10.000ns})
  Destination:            alu_design_i/result/U0/gpio_core_1/Not_Dual.gpio_Data_In_reg[30]/D
                            (rising edge-triggered cell FDRE clocked by clk  {rise@0.000ns fall@5.000ns period=10.000ns})
  Path Group:             clk
  Path Type:              Hold (Min at Slow Process Corner)
  Requirement:            0.000ns  (clk rise@0.000ns - clk rise@0.000ns)
  Data Path Delay:        0.253ns  (logic 0.114ns (45.059%)  route 0.139ns (54.941%))
  Logic Levels:           0  
  Clock Path Skew:        0.126ns (DCD - SCD - CPR)
    Destination Clock Delay (DCD):    2.130ns
    Source Clock Delay      (SCD):    1.882ns
    Clock Pessimism Removal (CPR):    0.122ns
  Clock Net Delay (Source):      1.882ns (routing 0.955ns, distribution 0.927ns)
  Clock Net Delay (Destination): 2.130ns (routing 1.045ns, distribution 1.085ns)

    Location             Delay type                Incr(ns)  Path(ns)    Netlist Resource(s)
  -------------------------------------------------------------------    -------------------
                         (clock clk rise edge)        0.000     0.000 r  
    BUFG_PS_X0Y80        BUFG_PS                      0.000     0.000 r  alu_design_i/zynq_ultra_ps_e_0/inst/buffer_pl_clk_0.PL_CLK_0_BUFG/O
    X0Y1 (CLOCK_ROOT)    net (fo=1756, routed)        1.882     1.882    alu_design_i/result/U0/gpio_core_1/Not_Dual.INPUT_DOUBLE_REGS3/s_axi_aclk
    SLICE_X8Y117         FDRE                                         r  alu_design_i/result/U0/gpio_core_1/Not_Dual.INPUT_DOUBLE_REGS3/GENERATE_LEVEL_P_S_CDC.MULTI_BIT.FOR_CROSS_PLEVEL_IN2SCNDRY_bus_d4[1].CROSS2_PLEVEL_IN2SCNDRY_s_level_out_bus_d4/C
  -------------------------------------------------------------------    -------------------
    SLICE_X8Y117         FDRE (Prop_BFF2_SLICEM_C_Q)
                                                      0.114     1.996 r  alu_design_i/result/U0/gpio_core_1/Not_Dual.INPUT_DOUBLE_REGS3/GENERATE_LEVEL_P_S_CDC.MULTI_BIT.FOR_CROSS_PLEVEL_IN2SCNDRY_bus_d4[1].CROSS2_PLEVEL_IN2SCNDRY_s_level_out_bus_d4/Q
                         net (fo=1, routed)           0.139     2.135    alu_design_i/result/U0/gpio_core_1/gpio_io_i_d2[30]
    SLICE_X6Y117         FDRE                                         r  alu_design_i/result/U0/gpio_core_1/Not_Dual.gpio_Data_In_reg[30]/D
  -------------------------------------------------------------------    -------------------

                         (clock clk rise edge)        0.000     0.000 r  
    BUFG_PS_X0Y80        BUFG_PS                      0.000     0.000 r  alu_design_i/zynq_ultra_ps_e_0/inst/buffer_pl_clk_0.PL_CLK_0_BUFG/O
    X0Y1 (CLOCK_ROOT)    net (fo=1756, routed)        2.130     2.130    alu_design_i/result/U0/gpio_core_1/s_axi_aclk
    SLICE_X6Y117         FDRE                                         r  alu_design_i/result/U0/gpio_core_1/Not_Dual.gpio_Data_In_reg[30]/C
                         clock pessimism             -0.122     2.008    
    SLICE_X6Y117         FDRE (Hold_EFF2_SLICEL_C_D)
                                                      0.102     2.110    alu_design_i/result/U0/gpio_core_1/Not_Dual.gpio_Data_In_reg[30]
  -------------------------------------------------------------------
                         required time                         -2.110    
                         arrival time                           2.135    
  -------------------------------------------------------------------
                         slack                                  0.025    

Slack (MET) :             0.032ns  (arrival time - required time)
  Source:                 alu_design_i/result/U0/ip2bus_data_i_D1_reg[16]/C
                            (rising edge-triggered cell FDRE clocked by clk  {rise@0.000ns fall@5.000ns period=10.000ns})
  Destination:            alu_design_i/result/U0/AXI_LITE_IPIF_I/I_SLAVE_ATTACHMENT/s_axi_rdata_i_reg[15]/D
                            (rising edge-triggered cell FDRE clocked by clk  {rise@0.000ns fall@5.000ns period=10.000ns})
  Path Group:             clk
  Path Type:              Hold (Min at Slow Process Corner)
  Requirement:            0.000ns  (clk rise@0.000ns - clk rise@0.000ns)
  Data Path Delay:        0.323ns  (logic 0.112ns (34.675%)  route 0.211ns (65.325%))
  Logic Levels:           0  
  Clock Path Skew:        0.188ns (DCD - SCD - CPR)
    Destination Clock Delay (DCD):    2.160ns
    Source Clock Delay      (SCD):    1.882ns
    Clock Pessimism Removal (CPR):    0.090ns
  Clock Net Delay (Source):      1.882ns (routing 0.955ns, distribution 0.927ns)
  Clock Net Delay (Destination): 2.160ns (routing 1.045ns, distribution 1.115ns)

    Location             Delay type                Incr(ns)  Path(ns)    Netlist Resource(s)
  -------------------------------------------------------------------    -------------------
                         (clock clk rise edge)        0.000     0.000 r  
    BUFG_PS_X0Y80        BUFG_PS                      0.000     0.000 r  alu_design_i/zynq_ultra_ps_e_0/inst/buffer_pl_clk_0.PL_CLK_0_BUFG/O
    X0Y1 (CLOCK_ROOT)    net (fo=1756, routed)        1.882     1.882    alu_design_i/result/U0/s_axi_aclk
    SLICE_X0Y119         FDRE                                         r  alu_design_i/result/U0/ip2bus_data_i_D1_reg[16]/C
  -------------------------------------------------------------------    -------------------
    SLICE_X0Y119         FDRE (Prop_CFF_SLICEL_C_Q)
                                                      0.112     1.994 r  alu_design_i/result/U0/ip2bus_data_i_D1_reg[16]/Q
                         net (fo=1, routed)           0.211     2.205    alu_design_i/result/U0/AXI_LITE_IPIF_I/I_SLAVE_ATTACHMENT/s_axi_rdata_i_reg[31]_0[15]
    SLICE_X1Y121         FDRE                                         r  alu_design_i/result/U0/AXI_LITE_IPIF_I/I_SLAVE_ATTACHMENT/s_axi_rdata_i_reg[15]/D
  -------------------------------------------------------------------    -------------------

                         (clock clk rise edge)        0.000     0.000 r  
    BUFG_PS_X0Y80        BUFG_PS                      0.000     0.000 r  alu_design_i/zynq_ultra_ps_e_0/inst/buffer_pl_clk_0.PL_CLK_0_BUFG/O
    X0Y1 (CLOCK_ROOT)    net (fo=1756, routed)        2.160     2.160    alu_design_i/result/U0/AXI_LITE_IPIF_I/I_SLAVE_ATTACHMENT/s_axi_aclk
    SLICE_X1Y121         FDRE                                         r  alu_design_i/result/U0/AXI_LITE_IPIF_I/I_SLAVE_ATTACHMENT/s_axi_rdata_i_reg[15]/C
                         clock pessimism             -0.090     2.070    
    SLICE_X1Y121         FDRE (Hold_HFF2_SLICEM_C_D)
                                                      0.103     2.173    alu_design_i/result/U0/AXI_LITE_IPIF_I/I_SLAVE_ATTACHMENT/s_axi_rdata_i_reg[15]
  -------------------------------------------------------------------
                         required time                         -2.173    
                         arrival time                           2.205    
  -------------------------------------------------------------------
                         slack                                  0.032    

Slack (MET) :             0.032ns  (arrival time - required time)
  Source:                 alu_design_i/dataa/U0/ip2bus_data_i_D1_reg[7]/C
                            (rising edge-triggered cell FDRE clocked by clk  {rise@0.000ns fall@5.000ns period=10.000ns})
  Destination:            alu_design_i/dataa/U0/AXI_LITE_IPIF_I/I_SLAVE_ATTACHMENT/s_axi_rdata_i_reg[24]/D
                            (rising edge-triggered cell FDRE clocked by clk  {rise@0.000ns fall@5.000ns period=10.000ns})
  Path Group:             clk
  Path Type:              Hold (Min at Slow Process Corner)
  Requirement:            0.000ns  (clk rise@0.000ns - clk rise@0.000ns)
  Data Path Delay:        0.305ns  (logic 0.112ns (36.721%)  route 0.193ns (63.279%))
  Logic Levels:           0  
  Clock Path Skew:        0.171ns (DCD - SCD - CPR)
    Destination Clock Delay (DCD):    2.154ns
    Source Clock Delay      (SCD):    1.893ns
    Clock Pessimism Removal (CPR):    0.090ns
  Clock Net Delay (Source):      1.893ns (routing 0.955ns, distribution 0.938ns)
  Clock Net Delay (Destination): 2.154ns (routing 1.045ns, distribution 1.109ns)

    Location             Delay type                Incr(ns)  Path(ns)    Netlist Resource(s)
  -------------------------------------------------------------------    -------------------
                         (clock clk rise edge)        0.000     0.000 r  
    BUFG_PS_X0Y80        BUFG_PS                      0.000     0.000 r  alu_design_i/zynq_ultra_ps_e_0/inst/buffer_pl_clk_0.PL_CLK_0_BUFG/O
    X0Y1 (CLOCK_ROOT)    net (fo=1756, routed)        1.893     1.893    alu_design_i/dataa/U0/s_axi_aclk
    SLICE_X3Y119         FDRE                                         r  alu_design_i/dataa/U0/ip2bus_data_i_D1_reg[7]/C
  -------------------------------------------------------------------    -------------------
    SLICE_X3Y119         FDRE (Prop_AFF_SLICEL_C_Q)
                                                      0.112     2.005 r  alu_design_i/dataa/U0/ip2bus_data_i_D1_reg[7]/Q
                         net (fo=1, routed)           0.193     2.198    alu_design_i/dataa/U0/AXI_LITE_IPIF_I/I_SLAVE_ATTACHMENT/Q[24]
    SLICE_X0Y121         FDRE                                         r  alu_design_i/dataa/U0/AXI_LITE_IPIF_I/I_SLAVE_ATTACHMENT/s_axi_rdata_i_reg[24]/D
  -------------------------------------------------------------------    -------------------

                         (clock clk rise edge)        0.000     0.000 r  
    BUFG_PS_X0Y80        BUFG_PS                      0.000     0.000 r  alu_design_i/zynq_ultra_ps_e_0/inst/buffer_pl_clk_0.PL_CLK_0_BUFG/O
    X0Y1 (CLOCK_ROOT)    net (fo=1756, routed)        2.154     2.154    alu_design_i/dataa/U0/AXI_LITE_IPIF_I/I_SLAVE_ATTACHMENT/s_axi_aclk
    SLICE_X0Y121         FDRE                                         r  alu_design_i/dataa/U0/AXI_LITE_IPIF_I/I_SLAVE_ATTACHMENT/s_axi_rdata_i_reg[24]/C
                         clock pessimism             -0.090     2.064    
    SLICE_X0Y121         FDRE (Hold_EFF2_SLICEL_C_D)
                                                      0.102     2.166    alu_design_i/dataa/U0/AXI_LITE_IPIF_I/I_SLAVE_ATTACHMENT/s_axi_rdata_i_reg[24]
  -------------------------------------------------------------------
                         required time                         -2.166    
                         arrival time                           2.198    
  -------------------------------------------------------------------
                         slack                                  0.032    

Slack (MET) :             0.034ns  (arrival time - required time)
  Source:                 alu_design_i/alu_0/inst/r_a_reg[23]/C
                            (rising edge-triggered cell FDRE clocked by clk  {rise@0.000ns fall@5.000ns period=10.000ns})
  Destination:            alu_design_i/alu_0/inst/res_reg[24]/D
                            (rising edge-triggered cell FDRE clocked by clk  {rise@0.000ns fall@5.000ns period=10.000ns})
  Path Group:             clk
  Path Type:              Hold (Min at Slow Process Corner)
  Requirement:            0.000ns  (clk rise@0.000ns - clk rise@0.000ns)
  Data Path Delay:        0.322ns  (logic 0.201ns (62.448%)  route 0.121ns (37.552%))
  Logic Levels:           1  (LUT6=1)
  Clock Path Skew:        0.187ns (DCD - SCD - CPR)
    Destination Clock Delay (DCD):    2.173ns
    Source Clock Delay      (SCD):    1.896ns
    Clock Pessimism Removal (CPR):    0.090ns
  Clock Net Delay (Source):      1.896ns (routing 0.955ns, distribution 0.941ns)
  Clock Net Delay (Destination): 2.173ns (routing 1.045ns, distribution 1.128ns)

    Location             Delay type                Incr(ns)  Path(ns)    Netlist Resource(s)
  -------------------------------------------------------------------    -------------------
                         (clock clk rise edge)        0.000     0.000 r  
    BUFG_PS_X0Y80        BUFG_PS                      0.000     0.000 r  alu_design_i/zynq_ultra_ps_e_0/inst/buffer_pl_clk_0.PL_CLK_0_BUFG/O
    X0Y1 (CLOCK_ROOT)    net (fo=1756, routed)        1.896     1.896    alu_design_i/alu_0/inst/clk
    SLICE_X5Y119         FDRE                                         r  alu_design_i/alu_0/inst/r_a_reg[23]/C
  -------------------------------------------------------------------    -------------------
    SLICE_X5Y119         FDRE (Prop_AFF2_SLICEM_C_Q)
                                                      0.114     2.010 r  alu_design_i/alu_0/inst/r_a_reg[23]/Q
                         net (fo=5, routed)           0.083     2.093    alu_design_i/alu_0/inst/r_a[23]
    SLICE_X5Y120         LUT6 (Prop_H6LUT_SLICEM_I2_O)
                                                      0.087     2.180 r  alu_design_i/alu_0/inst/res[24]_i_1/O
                         net (fo=1, routed)           0.038     2.218    alu_design_i/alu_0/inst/res[24]_i_1_n_0
    SLICE_X5Y120         FDRE                                         r  alu_design_i/alu_0/inst/res_reg[24]/D
  -------------------------------------------------------------------    -------------------

                         (clock clk rise edge)        0.000     0.000 r  
    BUFG_PS_X0Y80        BUFG_PS                      0.000     0.000 r  alu_design_i/zynq_ultra_ps_e_0/inst/buffer_pl_clk_0.PL_CLK_0_BUFG/O
    X0Y1 (CLOCK_ROOT)    net (fo=1756, routed)        2.173     2.173    alu_design_i/alu_0/inst/clk
    SLICE_X5Y120         FDRE                                         r  alu_design_i/alu_0/inst/res_reg[24]/C
                         clock pessimism             -0.090     2.083    
    SLICE_X5Y120         FDRE (Hold_HFF_SLICEM_C_D)
                                                      0.101     2.184    alu_design_i/alu_0/inst/res_reg[24]
  -------------------------------------------------------------------
                         required time                         -2.184    
                         arrival time                           2.218    
  -------------------------------------------------------------------
                         slack                                  0.034    





Pulse Width Checks
--------------------------------------------------------------------------------------
Clock Name:         clk
Waveform(ns):       { 0.000 5.000 }
Period(ns):         10.000
Sources:            { alu_design_i/zynq_ultra_ps_e_0/inst/buffer_pl_clk_0.PL_CLK_0_BUFG/O }

Check Type        Corner  Lib Pin          Reference Pin  Required(ns)  Actual(ns)  Slack(ns)  Location      Pin
Min Period        n/a     PS8/MAXIGP0ACLK  n/a            3.000         10.000      7.000      PS8_X0Y0      alu_design_i/zynq_ultra_ps_e_0/inst/PS8_i/MAXIGP0ACLK
Min Period        n/a     SRL16E/CLK       n/a            1.524         10.000      8.476      SLICE_X7Y112  alu_design_i/axi_smc/inst/clk_map/psr_aclk/U0/EXT_LPF/POR_SRL_I/CLK
Min Period        n/a     SRL16E/CLK       n/a            1.524         10.000      8.476      SLICE_X5Y126  alu_design_i/rst_ps8_0_99M/U0/EXT_LPF/POR_SRL_I/CLK
Min Period        n/a     FDRE/C           n/a            0.550         10.000      9.450      SLICE_X6Y116  alu_design_i/alu_0/inst/r_a_reg[0]/C
Min Period        n/a     FDRE/C           n/a            0.550         10.000      9.450      SLICE_X5Y115  alu_design_i/alu_0/inst/r_a_reg[10]/C
Min Period        n/a     FDRE/C           n/a            0.550         10.000      9.450      SLICE_X5Y116  alu_design_i/alu_0/inst/r_a_reg[11]/C
Min Period        n/a     FDRE/C           n/a            0.550         10.000      9.450      SLICE_X5Y116  alu_design_i/alu_0/inst/r_a_reg[12]/C
Min Period        n/a     FDRE/C           n/a            0.550         10.000      9.450      SLICE_X5Y117  alu_design_i/alu_0/inst/r_a_reg[13]/C
Min Period        n/a     FDRE/C           n/a            0.550         10.000      9.450      SLICE_X5Y117  alu_design_i/alu_0/inst/r_a_reg[14]/C
Min Period        n/a     FDRE/C           n/a            0.550         10.000      9.450      SLICE_X5Y117  alu_design_i/alu_0/inst/r_a_reg[15]/C
Low Pulse Width   Slow    PS8/MAXIGP0ACLK  n/a            1.500         5.000       3.500      PS8_X0Y0      alu_design_i/zynq_ultra_ps_e_0/inst/PS8_i/MAXIGP0ACLK
Low Pulse Width   Fast    PS8/MAXIGP0ACLK  n/a            1.500         5.000       3.500      PS8_X0Y0      alu_design_i/zynq_ultra_ps_e_0/inst/PS8_i/MAXIGP0ACLK
Low Pulse Width   Slow    SRL16E/CLK       n/a            0.762         5.000       4.238      SLICE_X7Y112  alu_design_i/axi_smc/inst/clk_map/psr_aclk/U0/EXT_LPF/POR_SRL_I/CLK
Low Pulse Width   Fast    SRL16E/CLK       n/a            0.762         5.000       4.238      SLICE_X7Y112  alu_design_i/axi_smc/inst/clk_map/psr_aclk/U0/EXT_LPF/POR_SRL_I/CLK
Low Pulse Width   Slow    SRL16E/CLK       n/a            0.762         5.000       4.238      SLICE_X5Y126  alu_design_i/rst_ps8_0_99M/U0/EXT_LPF/POR_SRL_I/CLK
Low Pulse Width   Fast    SRL16E/CLK       n/a            0.762         5.000       4.238      SLICE_X5Y126  alu_design_i/rst_ps8_0_99M/U0/EXT_LPF/POR_SRL_I/CLK
Low Pulse Width   Slow    FDRE/C           n/a            0.275         5.000       4.725      SLICE_X6Y116  alu_design_i/alu_0/inst/r_a_reg[0]/C
Low Pulse Width   Fast    FDRE/C           n/a            0.275         5.000       4.725      SLICE_X6Y116  alu_design_i/alu_0/inst/r_a_reg[0]/C
Low Pulse Width   Slow    FDRE/C           n/a            0.275         5.000       4.725      SLICE_X5Y115  alu_design_i/alu_0/inst/r_a_reg[10]/C
Low Pulse Width   Fast    FDRE/C           n/a            0.275         5.000       4.725      SLICE_X5Y115  alu_design_i/alu_0/inst/r_a_reg[10]/C
High Pulse Width  Slow    PS8/MAXIGP0ACLK  n/a            1.500         5.000       3.500      PS8_X0Y0      alu_design_i/zynq_ultra_ps_e_0/inst/PS8_i/MAXIGP0ACLK
High Pulse Width  Fast    PS8/MAXIGP0ACLK  n/a            1.500         5.000       3.500      PS8_X0Y0      alu_design_i/zynq_ultra_ps_e_0/inst/PS8_i/MAXIGP0ACLK
High Pulse Width  Slow    SRL16E/CLK       n/a            0.762         5.000       4.238      SLICE_X7Y112  alu_design_i/axi_smc/inst/clk_map/psr_aclk/U0/EXT_LPF/POR_SRL_I/CLK
High Pulse Width  Fast    SRL16E/CLK       n/a            0.762         5.000       4.238      SLICE_X7Y112  alu_design_i/axi_smc/inst/clk_map/psr_aclk/U0/EXT_LPF/POR_SRL_I/CLK
High Pulse Width  Slow    SRL16E/CLK       n/a            0.762         5.000       4.238      SLICE_X5Y126  alu_design_i/rst_ps8_0_99M/U0/EXT_LPF/POR_SRL_I/CLK
High Pulse Width  Fast    SRL16E/CLK       n/a            0.762         5.000       4.238      SLICE_X5Y126  alu_design_i/rst_ps8_0_99M/U0/EXT_LPF/POR_SRL_I/CLK
High Pulse Width  Slow    FDRE/C           n/a            0.275         5.000       4.725      SLICE_X6Y116  alu_design_i/alu_0/inst/r_a_reg[0]/C
High Pulse Width  Fast    FDRE/C           n/a            0.275         5.000       4.725      SLICE_X6Y116  alu_design_i/alu_0/inst/r_a_reg[0]/C
High Pulse Width  Slow    FDRE/C           n/a            0.275         5.000       4.725      SLICE_X5Y115  alu_design_i/alu_0/inst/r_a_reg[10]/C
High Pulse Width  Fast    FDRE/C           n/a            0.275         5.000       4.725      SLICE_X5Y115  alu_design_i/alu_0/inst/r_a_reg[10]/C



--------------------------------------------------------------------------------------
Path Group:  (none)
From Clock:  
  To Clock:  clk

Max Delay             1 Endpoint
Min Delay             1 Endpoint
--------------------------------------------------------------------------------------


Max Delay Paths
--------------------------------------------------------------------------------------
Slack:                    inf
  Source:                 alu_design_i/zynq_ultra_ps_e_0/inst/PS8_i/EMIOGPIOO[95]
                            (internal pin)
  Destination:            alu_design_i/rst_ps8_0_99M/U0/EXT_LPF/ACTIVE_LOW_EXT.ACT_LO_EXT/GENERATE_LEVEL_P_S_CDC.SINGLE_BIT.CROSS_PLEVEL_IN2SCNDRY_IN_cdc_to/D
                            (rising edge-triggered cell FDRE clocked by clk  {rise@0.000ns fall@5.000ns period=10.000ns})
  Path Group:             (none)
  Path Type:              Setup (Max at Slow Process Corner)
  Data Path Delay:        1.873ns  (logic 0.186ns (9.931%)  route 1.687ns (90.069%))
  Logic Levels:           1  (LUT1=1)
  Clock Uncertainty:      0.127ns  ((TSJ^2 + DJ^2)^1/2) / 2 + PE
    Total System Jitter     (TSJ):    0.050ns
    Discrete Jitter          (DJ):    0.250ns
    Phase Error              (PE):    0.000ns
  Clock Net Delay (Destination): 1.935ns (routing 0.955ns, distribution 0.980ns)
  Timing Exception:       False Path

    Location             Delay type                Incr(ns)  Path(ns)    Netlist Resource(s)
  -------------------------------------------------------------------    -------------------
    PS8_X0Y0             PS8                          0.000     0.000 f  alu_design_i/zynq_ultra_ps_e_0/inst/PS8_i/EMIOGPIOO[95]
                         net (fo=1, routed)           1.457     1.457    alu_design_i/rst_ps8_0_99M/U0/EXT_LPF/ACTIVE_LOW_EXT.ACT_LO_EXT/ext_reset_in
    SLICE_X5Y131         LUT1 (Prop_F6LUT_SLICEM_I0_O)
                                                      0.186     1.643 r  alu_design_i/rst_ps8_0_99M/U0/EXT_LPF/ACTIVE_LOW_EXT.ACT_LO_EXT/GENERATE_LEVEL_P_S_CDC.SINGLE_BIT.CROSS_PLEVEL_IN2SCNDRY_IN_cdc_to_i_1/O
                         net (fo=1, routed)           0.230     1.873    alu_design_i/rst_ps8_0_99M/U0/EXT_LPF/ACTIVE_LOW_EXT.ACT_LO_EXT/exr_d1
    SLICE_X5Y131         FDRE                                         r  alu_design_i/rst_ps8_0_99M/U0/EXT_LPF/ACTIVE_LOW_EXT.ACT_LO_EXT/GENERATE_LEVEL_P_S_CDC.SINGLE_BIT.CROSS_PLEVEL_IN2SCNDRY_IN_cdc_to/D
  -------------------------------------------------------------------    -------------------

                         (clock clk rise edge)        0.000     0.000 r  
    BUFG_PS_X0Y80        BUFG_PS                      0.000     0.000 r  alu_design_i/zynq_ultra_ps_e_0/inst/buffer_pl_clk_0.PL_CLK_0_BUFG/O
    X0Y1 (CLOCK_ROOT)    net (fo=1756, routed)        1.935     1.935    alu_design_i/rst_ps8_0_99M/U0/EXT_LPF/ACTIVE_LOW_EXT.ACT_LO_EXT/slowest_sync_clk
    SLICE_X5Y131         FDRE                                         r  alu_design_i/rst_ps8_0_99M/U0/EXT_LPF/ACTIVE_LOW_EXT.ACT_LO_EXT/GENERATE_LEVEL_P_S_CDC.SINGLE_BIT.CROSS_PLEVEL_IN2SCNDRY_IN_cdc_to/C





Min Delay Paths
--------------------------------------------------------------------------------------
Slack:                    inf
  Source:                 alu_design_i/zynq_ultra_ps_e_0/inst/PS8_i/EMIOGPIOO[95]
                            (internal pin)
  Destination:            alu_design_i/rst_ps8_0_99M/U0/EXT_LPF/ACTIVE_LOW_EXT.ACT_LO_EXT/GENERATE_LEVEL_P_S_CDC.SINGLE_BIT.CROSS_PLEVEL_IN2SCNDRY_IN_cdc_to/D
                            (rising edge-triggered cell FDRE clocked by clk  {rise@0.000ns fall@5.000ns period=10.000ns})
  Path Group:             (none)
  Path Type:              Hold (Min at Fast Process Corner)
  Data Path Delay:        0.716ns  (logic 0.090ns (12.570%)  route 0.626ns (87.430%))
  Logic Levels:           1  (LUT1=1)
  Clock Uncertainty:      0.127ns  ((TSJ^2 + DJ^2)^1/2) / 2 + PE
    Total System Jitter     (TSJ):    0.050ns
    Discrete Jitter          (DJ):    0.250ns
    Phase Error              (PE):    0.000ns
  Clock Net Delay (Destination): 1.289ns (routing 0.623ns, distribution 0.666ns)
  Timing Exception:       False Path

    Location             Delay type                Incr(ns)  Path(ns)    Netlist Resource(s)
  -------------------------------------------------------------------    -------------------
    PS8_X0Y0             PS8                          0.000     0.000 f  alu_design_i/zynq_ultra_ps_e_0/inst/PS8_i/EMIOGPIOO[95]
                         net (fo=1, routed)           0.564     0.564    alu_design_i/rst_ps8_0_99M/U0/EXT_LPF/ACTIVE_LOW_EXT.ACT_LO_EXT/ext_reset_in
    SLICE_X5Y131         LUT1 (Prop_F6LUT_SLICEM_I0_O)
                                                      0.090     0.654 r  alu_design_i/rst_ps8_0_99M/U0/EXT_LPF/ACTIVE_LOW_EXT.ACT_LO_EXT/GENERATE_LEVEL_P_S_CDC.SINGLE_BIT.CROSS_PLEVEL_IN2SCNDRY_IN_cdc_to_i_1/O
                         net (fo=1, routed)           0.062     0.716    alu_design_i/rst_ps8_0_99M/U0/EXT_LPF/ACTIVE_LOW_EXT.ACT_LO_EXT/exr_d1
    SLICE_X5Y131         FDRE                                         r  alu_design_i/rst_ps8_0_99M/U0/EXT_LPF/ACTIVE_LOW_EXT.ACT_LO_EXT/GENERATE_LEVEL_P_S_CDC.SINGLE_BIT.CROSS_PLEVEL_IN2SCNDRY_IN_cdc_to/D
  -------------------------------------------------------------------    -------------------

                         (clock clk rise edge)        0.000     0.000 r  
    BUFG_PS_X0Y80        BUFG_PS                      0.000     0.000 r  alu_design_i/zynq_ultra_ps_e_0/inst/buffer_pl_clk_0.PL_CLK_0_BUFG/O
    X0Y1 (CLOCK_ROOT)    net (fo=1756, routed)        1.289     1.289    alu_design_i/rst_ps8_0_99M/U0/EXT_LPF/ACTIVE_LOW_EXT.ACT_LO_EXT/slowest_sync_clk
    SLICE_X5Y131         FDRE                                         r  alu_design_i/rst_ps8_0_99M/U0/EXT_LPF/ACTIVE_LOW_EXT.ACT_LO_EXT/GENERATE_LEVEL_P_S_CDC.SINGLE_BIT.CROSS_PLEVEL_IN2SCNDRY_IN_cdc_to/C





--------------------------------------------------------------------------------------
Path Group:  (none)
From Clock:  clk
  To Clock:  clk

Max Delay           144 Endpoints
Min Delay           144 Endpoints
--------------------------------------------------------------------------------------


Max Delay Paths
--------------------------------------------------------------------------------------
Slack:                    inf
  Source:                 alu_design_i/rst_ps8_0_99M/U0/ACTIVE_LOW_PR_OUT_DFF[0].FDRE_PER_N/C
                            (rising edge-triggered cell FDRE clocked by clk  {rise@0.000ns fall@5.000ns period=10.000ns})
  Destination:            alu_design_i/axi_smc/inst/clk_map/psr_aclk/U0/EXT_LPF/ACTIVE_LOW_AUX.ACT_LO_AUX/GENERATE_LEVEL_P_S_CDC.SINGLE_BIT.CROSS_PLEVEL_IN2SCNDRY_IN_cdc_to/D
                            (rising edge-triggered cell FDRE clocked by clk  {rise@0.000ns fall@5.000ns period=10.000ns})
  Path Group:             (none)
  Path Type:              Setup (Max at Slow Process Corner)
  Data Path Delay:        1.676ns  (logic 0.203ns (12.110%)  route 1.473ns (87.890%))
  Logic Levels:           1  (LUT1=1)
  Clock Path Skew:        -0.287ns (DCD - SCD + CPR)
    Destination Clock Delay (DCD):    1.885ns
    Source Clock Delay      (SCD):    2.172ns
    Clock Pessimism Removal (CPR):    0.000ns
  Clock Uncertainty:      0.130ns  ((TSJ^2 + DJ^2)^1/2) / 2 + PE
    Total System Jitter     (TSJ):    0.071ns
    Discrete Jitter          (DJ):    0.250ns
    Phase Error              (PE):    0.000ns
  Clock Net Delay (Source):      2.172ns (routing 1.045ns, distribution 1.127ns)
  Clock Net Delay (Destination): 1.885ns (routing 0.955ns, distribution 0.930ns)
  Timing Exception:       False Path

    Location             Delay type                Incr(ns)  Path(ns)    Netlist Resource(s)
  -------------------------------------------------------------------    -------------------
                         (clock clk rise edge)        0.000     0.000 r  
    BUFG_PS_X0Y80        BUFG_PS                      0.000     0.000 r  alu_design_i/zynq_ultra_ps_e_0/inst/buffer_pl_clk_0.PL_CLK_0_BUFG/O
    X0Y1 (CLOCK_ROOT)    net (fo=1756, routed)        2.172     2.172    alu_design_i/rst_ps8_0_99M/U0/slowest_sync_clk
    SLICE_X5Y126         FDRE                                         r  alu_design_i/rst_ps8_0_99M/U0/ACTIVE_LOW_PR_OUT_DFF[0].FDRE_PER_N/C
  -------------------------------------------------------------------    -------------------
    SLICE_X5Y126         FDRE (Prop_EFF_SLICEM_C_Q)
                                                      0.113     2.285 f  alu_design_i/rst_ps8_0_99M/U0/ACTIVE_LOW_PR_OUT_DFF[0].FDRE_PER_N/Q
                         net (fo=114, routed)         1.135     3.421    alu_design_i/axi_smc/inst/clk_map/psr_aclk/U0/EXT_LPF/ACTIVE_LOW_AUX.ACT_LO_AUX/aresetn
    SLICE_X1Y112         LUT1 (Prop_H5LUT_SLICEM_I0_O)
                                                      0.090     3.511 r  alu_design_i/axi_smc/inst/clk_map/psr_aclk/U0/EXT_LPF/ACTIVE_LOW_AUX.ACT_LO_AUX/GENERATE_LEVEL_P_S_CDC.SINGLE_BIT.CROSS_PLEVEL_IN2SCNDRY_IN_cdc_to_i_1/O
                         net (fo=1, routed)           0.338     3.849    alu_design_i/axi_smc/inst/clk_map/psr_aclk/U0/EXT_LPF/ACTIVE_LOW_AUX.ACT_LO_AUX/asr_d1
    SLICE_X1Y115         FDRE                                         r  alu_design_i/axi_smc/inst/clk_map/psr_aclk/U0/EXT_LPF/ACTIVE_LOW_AUX.ACT_LO_AUX/GENERATE_LEVEL_P_S_CDC.SINGLE_BIT.CROSS_PLEVEL_IN2SCNDRY_IN_cdc_to/D
  -------------------------------------------------------------------    -------------------

                         (clock clk rise edge)        0.000     0.000 r  
    BUFG_PS_X0Y80        BUFG_PS                      0.000     0.000 r  alu_design_i/zynq_ultra_ps_e_0/inst/buffer_pl_clk_0.PL_CLK_0_BUFG/O
    X0Y1 (CLOCK_ROOT)    net (fo=1756, routed)        1.885     1.885    alu_design_i/axi_smc/inst/clk_map/psr_aclk/U0/EXT_LPF/ACTIVE_LOW_AUX.ACT_LO_AUX/aclk
    SLICE_X1Y115         FDRE                                         r  alu_design_i/axi_smc/inst/clk_map/psr_aclk/U0/EXT_LPF/ACTIVE_LOW_AUX.ACT_LO_AUX/GENERATE_LEVEL_P_S_CDC.SINGLE_BIT.CROSS_PLEVEL_IN2SCNDRY_IN_cdc_to/C

Slack:                    inf
  Source:                 alu_design_i/axi_smc/inst/clk_map/psr_aclk/U0/ACTIVE_LOW_BSR_OUT_DFF[0].FDRE_BSR_N/C
                            (rising edge-triggered cell FDRE clocked by clk  {rise@0.000ns fall@5.000ns period=10.000ns})
  Destination:            <hidden>
                            (recovery check against rising-edge clock clk  {rise@0.000ns fall@5.000ns period=10.000ns})
  Path Group:             (none)
  Path Type:              Recovery (Max at Slow Process Corner)
  Data Path Delay:        1.503ns  (logic 0.113ns (7.519%)  route 1.390ns (92.481%))
  Logic Levels:           0  
  Clock Path Skew:        -0.225ns (DCD - SCD + CPR)
    Destination Clock Delay (DCD):    1.870ns
    Source Clock Delay      (SCD):    2.095ns
    Clock Pessimism Removal (CPR):    0.000ns
  Clock Uncertainty:      0.130ns  ((TSJ^2 + DJ^2)^1/2) / 2 + PE
    Total System Jitter     (TSJ):    0.071ns
    Discrete Jitter          (DJ):    0.250ns
    Phase Error              (PE):    0.000ns
  Clock Net Delay (Source):      2.095ns (routing 1.045ns, distribution 1.050ns)
  Clock Net Delay (Destination): 1.870ns (routing 0.955ns, distribution 0.915ns)
  Timing Exception:       False Path

    Location             Delay type                Incr(ns)  Path(ns)    Netlist Resource(s)
  -------------------------------------------------------------------    -------------------
                         (clock clk rise edge)        0.000     0.000 r  
    BUFG_PS_X0Y80        BUFG_PS                      0.000     0.000 r  alu_design_i/zynq_ultra_ps_e_0/inst/buffer_pl_clk_0.PL_CLK_0_BUFG/O
    X0Y1 (CLOCK_ROOT)    net (fo=1756, routed)        2.095     2.095    alu_design_i/axi_smc/inst/clk_map/psr_aclk/U0/aclk
    SLICE_X7Y110         FDRE                                         r  alu_design_i/axi_smc/inst/clk_map/psr_aclk/U0/ACTIVE_LOW_BSR_OUT_DFF[0].FDRE_BSR_N/C
  -------------------------------------------------------------------    -------------------
    SLICE_X7Y110         FDRE (Prop_EFF_SLICEM_C_Q)
                                                      0.113     2.208 r  alu_design_i/axi_smc/inst/clk_map/psr_aclk/U0/ACTIVE_LOW_BSR_OUT_DFF[0].FDRE_BSR_N/Q
                         net (fo=111, routed)         1.390     3.598    <hidden>
    SLICE_X7Y97          FDCE                                         f  <hidden>  (IS_INVERTED)
  -------------------------------------------------------------------    -------------------

                         (clock clk rise edge)        0.000     0.000 r  
    BUFG_PS_X0Y80        BUFG_PS                      0.000     0.000 r  alu_design_i/zynq_ultra_ps_e_0/inst/buffer_pl_clk_0.PL_CLK_0_BUFG/O
    X0Y1 (CLOCK_ROOT)    net (fo=1756, routed)        1.870     1.870    <hidden>
    SLICE_X7Y97          FDCE                                         r  <hidden>

Slack:                    inf
  Source:                 alu_design_i/axi_smc/inst/clk_map/psr_aclk/U0/ACTIVE_LOW_BSR_OUT_DFF[0].FDRE_BSR_N/C
                            (rising edge-triggered cell FDRE clocked by clk  {rise@0.000ns fall@5.000ns period=10.000ns})
  Destination:            <hidden>
                            (recovery check against rising-edge clock clk  {rise@0.000ns fall@5.000ns period=10.000ns})
  Path Group:             (none)
  Path Type:              Recovery (Max at Slow Process Corner)
  Data Path Delay:        1.503ns  (logic 0.113ns (7.519%)  route 1.390ns (92.481%))
  Logic Levels:           0  
  Clock Path Skew:        -0.225ns (DCD - SCD + CPR)
    Destination Clock Delay (DCD):    1.870ns
    Source Clock Delay      (SCD):    2.095ns
    Clock Pessimism Removal (CPR):    0.000ns
  Clock Uncertainty:      0.130ns  ((TSJ^2 + DJ^2)^1/2) / 2 + PE
    Total System Jitter     (TSJ):    0.071ns
    Discrete Jitter          (DJ):    0.250ns
    Phase Error              (PE):    0.000ns
  Clock Net Delay (Source):      2.095ns (routing 1.045ns, distribution 1.050ns)
  Clock Net Delay (Destination): 1.870ns (routing 0.955ns, distribution 0.915ns)
  Timing Exception:       False Path

    Location             Delay type                Incr(ns)  Path(ns)    Netlist Resource(s)
  -------------------------------------------------------------------    -------------------
                         (clock clk rise edge)        0.000     0.000 r  
    BUFG_PS_X0Y80        BUFG_PS                      0.000     0.000 r  alu_design_i/zynq_ultra_ps_e_0/inst/buffer_pl_clk_0.PL_CLK_0_BUFG/O
    X0Y1 (CLOCK_ROOT)    net (fo=1756, routed)        2.095     2.095    alu_design_i/axi_smc/inst/clk_map/psr_aclk/U0/aclk
    SLICE_X7Y110         FDRE                                         r  alu_design_i/axi_smc/inst/clk_map/psr_aclk/U0/ACTIVE_LOW_BSR_OUT_DFF[0].FDRE_BSR_N/C
  -------------------------------------------------------------------    -------------------
    SLICE_X7Y110         FDRE (Prop_EFF_SLICEM_C_Q)
                                                      0.113     2.208 r  alu_design_i/axi_smc/inst/clk_map/psr_aclk/U0/ACTIVE_LOW_BSR_OUT_DFF[0].FDRE_BSR_N/Q
                         net (fo=111, routed)         1.390     3.598    <hidden>
    SLICE_X7Y97          FDCE                                         f  <hidden>  (IS_INVERTED)
  -------------------------------------------------------------------    -------------------

                         (clock clk rise edge)        0.000     0.000 r  
    BUFG_PS_X0Y80        BUFG_PS                      0.000     0.000 r  alu_design_i/zynq_ultra_ps_e_0/inst/buffer_pl_clk_0.PL_CLK_0_BUFG/O
    X0Y1 (CLOCK_ROOT)    net (fo=1756, routed)        1.870     1.870    <hidden>
    SLICE_X7Y97          FDCE                                         r  <hidden>

Slack:                    inf
  Source:                 alu_design_i/axi_smc/inst/clk_map/psr_aclk/U0/ACTIVE_LOW_BSR_OUT_DFF[0].FDRE_BSR_N/C
                            (rising edge-triggered cell FDRE clocked by clk  {rise@0.000ns fall@5.000ns period=10.000ns})
  Destination:            <hidden>
                            (recovery check against rising-edge clock clk  {rise@0.000ns fall@5.000ns period=10.000ns})
  Path Group:             (none)
  Path Type:              Recovery (Max at Slow Process Corner)
  Data Path Delay:        1.503ns  (logic 0.113ns (7.519%)  route 1.390ns (92.481%))
  Logic Levels:           0  
  Clock Path Skew:        -0.225ns (DCD - SCD + CPR)
    Destination Clock Delay (DCD):    1.870ns
    Source Clock Delay      (SCD):    2.095ns
    Clock Pessimism Removal (CPR):    0.000ns
  Clock Uncertainty:      0.130ns  ((TSJ^2 + DJ^2)^1/2) / 2 + PE
    Total System Jitter     (TSJ):    0.071ns
    Discrete Jitter          (DJ):    0.250ns
    Phase Error              (PE):    0.000ns
  Clock Net Delay (Source):      2.095ns (routing 1.045ns, distribution 1.050ns)
  Clock Net Delay (Destination): 1.870ns (routing 0.955ns, distribution 0.915ns)
  Timing Exception:       False Path

    Location             Delay type                Incr(ns)  Path(ns)    Netlist Resource(s)
  -------------------------------------------------------------------    -------------------
                         (clock clk rise edge)        0.000     0.000 r  
    BUFG_PS_X0Y80        BUFG_PS                      0.000     0.000 r  alu_design_i/zynq_ultra_ps_e_0/inst/buffer_pl_clk_0.PL_CLK_0_BUFG/O
    X0Y1 (CLOCK_ROOT)    net (fo=1756, routed)        2.095     2.095    alu_design_i/axi_smc/inst/clk_map/psr_aclk/U0/aclk
    SLICE_X7Y110         FDRE                                         r  alu_design_i/axi_smc/inst/clk_map/psr_aclk/U0/ACTIVE_LOW_BSR_OUT_DFF[0].FDRE_BSR_N/C
  -------------------------------------------------------------------    -------------------
    SLICE_X7Y110         FDRE (Prop_EFF_SLICEM_C_Q)
                                                      0.113     2.208 r  alu_design_i/axi_smc/inst/clk_map/psr_aclk/U0/ACTIVE_LOW_BSR_OUT_DFF[0].FDRE_BSR_N/Q
                         net (fo=111, routed)         1.390     3.598    <hidden>
    SLICE_X7Y97          FDCE                                         f  <hidden>  (IS_INVERTED)
  -------------------------------------------------------------------    -------------------

                         (clock clk rise edge)        0.000     0.000 r  
    BUFG_PS_X0Y80        BUFG_PS                      0.000     0.000 r  alu_design_i/zynq_ultra_ps_e_0/inst/buffer_pl_clk_0.PL_CLK_0_BUFG/O
    X0Y1 (CLOCK_ROOT)    net (fo=1756, routed)        1.870     1.870    <hidden>
    SLICE_X7Y97          FDCE                                         r  <hidden>

Slack:                    inf
  Source:                 alu_design_i/axi_smc/inst/clk_map/psr_aclk/U0/ACTIVE_LOW_BSR_OUT_DFF[0].FDRE_BSR_N/C
                            (rising edge-triggered cell FDRE clocked by clk  {rise@0.000ns fall@5.000ns period=10.000ns})
  Destination:            <hidden>
                            (recovery check against rising-edge clock clk  {rise@0.000ns fall@5.000ns period=10.000ns})
  Path Group:             (none)
  Path Type:              Recovery (Max at Slow Process Corner)
  Data Path Delay:        1.500ns  (logic 0.113ns (7.534%)  route 1.387ns (92.466%))
  Logic Levels:           0  
  Clock Path Skew:        -0.225ns (DCD - SCD + CPR)
    Destination Clock Delay (DCD):    1.870ns
    Source Clock Delay      (SCD):    2.095ns
    Clock Pessimism Removal (CPR):    0.000ns
  Clock Uncertainty:      0.130ns  ((TSJ^2 + DJ^2)^1/2) / 2 + PE
    Total System Jitter     (TSJ):    0.071ns
    Discrete Jitter          (DJ):    0.250ns
    Phase Error              (PE):    0.000ns
  Clock Net Delay (Source):      2.095ns (routing 1.045ns, distribution 1.050ns)
  Clock Net Delay (Destination): 1.870ns (routing 0.955ns, distribution 0.915ns)
  Timing Exception:       False Path

    Location             Delay type                Incr(ns)  Path(ns)    Netlist Resource(s)
  -------------------------------------------------------------------    -------------------
                         (clock clk rise edge)        0.000     0.000 r  
    BUFG_PS_X0Y80        BUFG_PS                      0.000     0.000 r  alu_design_i/zynq_ultra_ps_e_0/inst/buffer_pl_clk_0.PL_CLK_0_BUFG/O
    X0Y1 (CLOCK_ROOT)    net (fo=1756, routed)        2.095     2.095    alu_design_i/axi_smc/inst/clk_map/psr_aclk/U0/aclk
    SLICE_X7Y110         FDRE                                         r  alu_design_i/axi_smc/inst/clk_map/psr_aclk/U0/ACTIVE_LOW_BSR_OUT_DFF[0].FDRE_BSR_N/C
  -------------------------------------------------------------------    -------------------
    SLICE_X7Y110         FDRE (Prop_EFF_SLICEM_C_Q)
                                                      0.113     2.208 r  alu_design_i/axi_smc/inst/clk_map/psr_aclk/U0/ACTIVE_LOW_BSR_OUT_DFF[0].FDRE_BSR_N/Q
                         net (fo=111, routed)         1.387     3.595    <hidden>
    SLICE_X7Y97          FDCE                                         f  <hidden>  (IS_INVERTED)
  -------------------------------------------------------------------    -------------------

                         (clock clk rise edge)        0.000     0.000 r  
    BUFG_PS_X0Y80        BUFG_PS                      0.000     0.000 r  alu_design_i/zynq_ultra_ps_e_0/inst/buffer_pl_clk_0.PL_CLK_0_BUFG/O
    X0Y1 (CLOCK_ROOT)    net (fo=1756, routed)        1.870     1.870    <hidden>
    SLICE_X7Y97          FDCE                                         r  <hidden>

Slack:                    inf
  Source:                 alu_design_i/axi_smc/inst/clk_map/psr_aclk/U0/ACTIVE_LOW_BSR_OUT_DFF[0].FDRE_BSR_N/C
                            (rising edge-triggered cell FDRE clocked by clk  {rise@0.000ns fall@5.000ns period=10.000ns})
  Destination:            <hidden>
                            (recovery check against rising-edge clock clk  {rise@0.000ns fall@5.000ns period=10.000ns})
  Path Group:             (none)
  Path Type:              Recovery (Max at Slow Process Corner)
  Data Path Delay:        1.500ns  (logic 0.113ns (7.534%)  route 1.387ns (92.466%))
  Logic Levels:           0  
  Clock Path Skew:        -0.225ns (DCD - SCD + CPR)
    Destination Clock Delay (DCD):    1.870ns
    Source Clock Delay      (SCD):    2.095ns
    Clock Pessimism Removal (CPR):    0.000ns
  Clock Uncertainty:      0.130ns  ((TSJ^2 + DJ^2)^1/2) / 2 + PE
    Total System Jitter     (TSJ):    0.071ns
    Discrete Jitter          (DJ):    0.250ns
    Phase Error              (PE):    0.000ns
  Clock Net Delay (Source):      2.095ns (routing 1.045ns, distribution 1.050ns)
  Clock Net Delay (Destination): 1.870ns (routing 0.955ns, distribution 0.915ns)
  Timing Exception:       False Path

    Location             Delay type                Incr(ns)  Path(ns)    Netlist Resource(s)
  -------------------------------------------------------------------    -------------------
                         (clock clk rise edge)        0.000     0.000 r  
    BUFG_PS_X0Y80        BUFG_PS                      0.000     0.000 r  alu_design_i/zynq_ultra_ps_e_0/inst/buffer_pl_clk_0.PL_CLK_0_BUFG/O
    X0Y1 (CLOCK_ROOT)    net (fo=1756, routed)        2.095     2.095    alu_design_i/axi_smc/inst/clk_map/psr_aclk/U0/aclk
    SLICE_X7Y110         FDRE                                         r  alu_design_i/axi_smc/inst/clk_map/psr_aclk/U0/ACTIVE_LOW_BSR_OUT_DFF[0].FDRE_BSR_N/C
  -------------------------------------------------------------------    -------------------
    SLICE_X7Y110         FDRE (Prop_EFF_SLICEM_C_Q)
                                                      0.113     2.208 r  alu_design_i/axi_smc/inst/clk_map/psr_aclk/U0/ACTIVE_LOW_BSR_OUT_DFF[0].FDRE_BSR_N/Q
                         net (fo=111, routed)         1.387     3.595    <hidden>
    SLICE_X7Y97          FDCE                                         f  <hidden>  (IS_INVERTED)
  -------------------------------------------------------------------    -------------------

                         (clock clk rise edge)        0.000     0.000 r  
    BUFG_PS_X0Y80        BUFG_PS                      0.000     0.000 r  alu_design_i/zynq_ultra_ps_e_0/inst/buffer_pl_clk_0.PL_CLK_0_BUFG/O
    X0Y1 (CLOCK_ROOT)    net (fo=1756, routed)        1.870     1.870    <hidden>
    SLICE_X7Y97          FDCE                                         r  <hidden>

Slack:                    inf
  Source:                 alu_design_i/axi_smc/inst/clk_map/psr_aclk/U0/ACTIVE_LOW_BSR_OUT_DFF[0].FDRE_BSR_N/C
                            (rising edge-triggered cell FDRE clocked by clk  {rise@0.000ns fall@5.000ns period=10.000ns})
  Destination:            <hidden>
                            (recovery check against rising-edge clock clk  {rise@0.000ns fall@5.000ns period=10.000ns})
  Path Group:             (none)
  Path Type:              Recovery (Max at Slow Process Corner)
  Data Path Delay:        1.500ns  (logic 0.113ns (7.534%)  route 1.387ns (92.466%))
  Logic Levels:           0  
  Clock Path Skew:        -0.225ns (DCD - SCD + CPR)
    Destination Clock Delay (DCD):    1.870ns
    Source Clock Delay      (SCD):    2.095ns
    Clock Pessimism Removal (CPR):    0.000ns
  Clock Uncertainty:      0.130ns  ((TSJ^2 + DJ^2)^1/2) / 2 + PE
    Total System Jitter     (TSJ):    0.071ns
    Discrete Jitter          (DJ):    0.250ns
    Phase Error              (PE):    0.000ns
  Clock Net Delay (Source):      2.095ns (routing 1.045ns, distribution 1.050ns)
  Clock Net Delay (Destination): 1.870ns (routing 0.955ns, distribution 0.915ns)
  Timing Exception:       False Path

    Location             Delay type                Incr(ns)  Path(ns)    Netlist Resource(s)
  -------------------------------------------------------------------    -------------------
                         (clock clk rise edge)        0.000     0.000 r  
    BUFG_PS_X0Y80        BUFG_PS                      0.000     0.000 r  alu_design_i/zynq_ultra_ps_e_0/inst/buffer_pl_clk_0.PL_CLK_0_BUFG/O
    X0Y1 (CLOCK_ROOT)    net (fo=1756, routed)        2.095     2.095    alu_design_i/axi_smc/inst/clk_map/psr_aclk/U0/aclk
    SLICE_X7Y110         FDRE                                         r  alu_design_i/axi_smc/inst/clk_map/psr_aclk/U0/ACTIVE_LOW_BSR_OUT_DFF[0].FDRE_BSR_N/C
  -------------------------------------------------------------------    -------------------
    SLICE_X7Y110         FDRE (Prop_EFF_SLICEM_C_Q)
                                                      0.113     2.208 r  alu_design_i/axi_smc/inst/clk_map/psr_aclk/U0/ACTIVE_LOW_BSR_OUT_DFF[0].FDRE_BSR_N/Q
                         net (fo=111, routed)         1.387     3.595    <hidden>
    SLICE_X7Y97          FDCE                                         f  <hidden>  (IS_INVERTED)
  -------------------------------------------------------------------    -------------------

                         (clock clk rise edge)        0.000     0.000 r  
    BUFG_PS_X0Y80        BUFG_PS                      0.000     0.000 r  alu_design_i/zynq_ultra_ps_e_0/inst/buffer_pl_clk_0.PL_CLK_0_BUFG/O
    X0Y1 (CLOCK_ROOT)    net (fo=1756, routed)        1.870     1.870    <hidden>
    SLICE_X7Y97          FDCE                                         r  <hidden>

Slack:                    inf
  Source:                 alu_design_i/axi_smc/inst/clk_map/psr_aclk/U0/ACTIVE_LOW_BSR_OUT_DFF[0].FDRE_BSR_N/C
                            (rising edge-triggered cell FDRE clocked by clk  {rise@0.000ns fall@5.000ns period=10.000ns})
  Destination:            <hidden>
                            (recovery check against rising-edge clock clk  {rise@0.000ns fall@5.000ns period=10.000ns})
  Path Group:             (none)
  Path Type:              Recovery (Max at Slow Process Corner)
  Data Path Delay:        1.424ns  (logic 0.113ns (7.938%)  route 1.311ns (92.062%))
  Logic Levels:           0  
  Clock Path Skew:        -0.208ns (DCD - SCD + CPR)
    Destination Clock Delay (DCD):    1.887ns
    Source Clock Delay      (SCD):    2.095ns
    Clock Pessimism Removal (CPR):    0.000ns
  Clock Uncertainty:      0.130ns  ((TSJ^2 + DJ^2)^1/2) / 2 + PE
    Total System Jitter     (TSJ):    0.071ns
    Discrete Jitter          (DJ):    0.250ns
    Phase Error              (PE):    0.000ns
  Clock Net Delay (Source):      2.095ns (routing 1.045ns, distribution 1.050ns)
  Clock Net Delay (Destination): 1.887ns (routing 0.955ns, distribution 0.932ns)
  Timing Exception:       False Path

    Location             Delay type                Incr(ns)  Path(ns)    Netlist Resource(s)
  -------------------------------------------------------------------    -------------------
                         (clock clk rise edge)        0.000     0.000 r  
    BUFG_PS_X0Y80        BUFG_PS                      0.000     0.000 r  alu_design_i/zynq_ultra_ps_e_0/inst/buffer_pl_clk_0.PL_CLK_0_BUFG/O
    X0Y1 (CLOCK_ROOT)    net (fo=1756, routed)        2.095     2.095    alu_design_i/axi_smc/inst/clk_map/psr_aclk/U0/aclk
    SLICE_X7Y110         FDRE                                         r  alu_design_i/axi_smc/inst/clk_map/psr_aclk/U0/ACTIVE_LOW_BSR_OUT_DFF[0].FDRE_BSR_N/C
  -------------------------------------------------------------------    -------------------
    SLICE_X7Y110         FDRE (Prop_EFF_SLICEM_C_Q)
                                                      0.113     2.208 r  alu_design_i/axi_smc/inst/clk_map/psr_aclk/U0/ACTIVE_LOW_BSR_OUT_DFF[0].FDRE_BSR_N/Q
                         net (fo=111, routed)         1.311     3.518    <hidden>
    SLICE_X2Y99          FDCE                                         f  <hidden>  (IS_INVERTED)
  -------------------------------------------------------------------    -------------------

                         (clock clk rise edge)        0.000     0.000 r  
    BUFG_PS_X0Y80        BUFG_PS                      0.000     0.000 r  alu_design_i/zynq_ultra_ps_e_0/inst/buffer_pl_clk_0.PL_CLK_0_BUFG/O
    X0Y1 (CLOCK_ROOT)    net (fo=1756, routed)        1.887     1.887    <hidden>
    SLICE_X2Y99          FDCE                                         r  <hidden>

Slack:                    inf
  Source:                 alu_design_i/axi_smc/inst/clk_map/psr_aclk/U0/ACTIVE_LOW_BSR_OUT_DFF[0].FDRE_BSR_N/C
                            (rising edge-triggered cell FDRE clocked by clk  {rise@0.000ns fall@5.000ns period=10.000ns})
  Destination:            <hidden>
                            (recovery check against rising-edge clock clk  {rise@0.000ns fall@5.000ns period=10.000ns})
  Path Group:             (none)
  Path Type:              Recovery (Max at Slow Process Corner)
  Data Path Delay:        1.424ns  (logic 0.113ns (7.938%)  route 1.311ns (92.062%))
  Logic Levels:           0  
  Clock Path Skew:        -0.208ns (DCD - SCD + CPR)
    Destination Clock Delay (DCD):    1.887ns
    Source Clock Delay      (SCD):    2.095ns
    Clock Pessimism Removal (CPR):    0.000ns
  Clock Uncertainty:      0.130ns  ((TSJ^2 + DJ^2)^1/2) / 2 + PE
    Total System Jitter     (TSJ):    0.071ns
    Discrete Jitter          (DJ):    0.250ns
    Phase Error              (PE):    0.000ns
  Clock Net Delay (Source):      2.095ns (routing 1.045ns, distribution 1.050ns)
  Clock Net Delay (Destination): 1.887ns (routing 0.955ns, distribution 0.932ns)
  Timing Exception:       False Path

    Location             Delay type                Incr(ns)  Path(ns)    Netlist Resource(s)
  -------------------------------------------------------------------    -------------------
                         (clock clk rise edge)        0.000     0.000 r  
    BUFG_PS_X0Y80        BUFG_PS                      0.000     0.000 r  alu_design_i/zynq_ultra_ps_e_0/inst/buffer_pl_clk_0.PL_CLK_0_BUFG/O
    X0Y1 (CLOCK_ROOT)    net (fo=1756, routed)        2.095     2.095    alu_design_i/axi_smc/inst/clk_map/psr_aclk/U0/aclk
    SLICE_X7Y110         FDRE                                         r  alu_design_i/axi_smc/inst/clk_map/psr_aclk/U0/ACTIVE_LOW_BSR_OUT_DFF[0].FDRE_BSR_N/C
  -------------------------------------------------------------------    -------------------
    SLICE_X7Y110         FDRE (Prop_EFF_SLICEM_C_Q)
                                                      0.113     2.208 r  alu_design_i/axi_smc/inst/clk_map/psr_aclk/U0/ACTIVE_LOW_BSR_OUT_DFF[0].FDRE_BSR_N/Q
                         net (fo=111, routed)         1.311     3.518    <hidden>
    SLICE_X2Y99          FDCE                                         f  <hidden>  (IS_INVERTED)
  -------------------------------------------------------------------    -------------------

                         (clock clk rise edge)        0.000     0.000 r  
    BUFG_PS_X0Y80        BUFG_PS                      0.000     0.000 r  alu_design_i/zynq_ultra_ps_e_0/inst/buffer_pl_clk_0.PL_CLK_0_BUFG/O
    X0Y1 (CLOCK_ROOT)    net (fo=1756, routed)        1.887     1.887    <hidden>
    SLICE_X2Y99          FDCE                                         r  <hidden>

Slack:                    inf
  Source:                 alu_design_i/axi_smc/inst/clk_map/psr_aclk/U0/ACTIVE_LOW_BSR_OUT_DFF[0].FDRE_BSR_N/C
                            (rising edge-triggered cell FDRE clocked by clk  {rise@0.000ns fall@5.000ns period=10.000ns})
  Destination:            <hidden>
                            (recovery check against rising-edge clock clk  {rise@0.000ns fall@5.000ns period=10.000ns})
  Path Group:             (none)
  Path Type:              Recovery (Max at Slow Process Corner)
  Data Path Delay:        1.424ns  (logic 0.113ns (7.938%)  route 1.311ns (92.062%))
  Logic Levels:           0  
  Clock Path Skew:        -0.208ns (DCD - SCD + CPR)
    Destination Clock Delay (DCD):    1.887ns
    Source Clock Delay      (SCD):    2.095ns
    Clock Pessimism Removal (CPR):    0.000ns
  Clock Uncertainty:      0.130ns  ((TSJ^2 + DJ^2)^1/2) / 2 + PE
    Total System Jitter     (TSJ):    0.071ns
    Discrete Jitter          (DJ):    0.250ns
    Phase Error              (PE):    0.000ns
  Clock Net Delay (Source):      2.095ns (routing 1.045ns, distribution 1.050ns)
  Clock Net Delay (Destination): 1.887ns (routing 0.955ns, distribution 0.932ns)
  Timing Exception:       False Path

    Location             Delay type                Incr(ns)  Path(ns)    Netlist Resource(s)
  -------------------------------------------------------------------    -------------------
                         (clock clk rise edge)        0.000     0.000 r  
    BUFG_PS_X0Y80        BUFG_PS                      0.000     0.000 r  alu_design_i/zynq_ultra_ps_e_0/inst/buffer_pl_clk_0.PL_CLK_0_BUFG/O
    X0Y1 (CLOCK_ROOT)    net (fo=1756, routed)        2.095     2.095    alu_design_i/axi_smc/inst/clk_map/psr_aclk/U0/aclk
    SLICE_X7Y110         FDRE                                         r  alu_design_i/axi_smc/inst/clk_map/psr_aclk/U0/ACTIVE_LOW_BSR_OUT_DFF[0].FDRE_BSR_N/C
  -------------------------------------------------------------------    -------------------
    SLICE_X7Y110         FDRE (Prop_EFF_SLICEM_C_Q)
                                                      0.113     2.208 r  alu_design_i/axi_smc/inst/clk_map/psr_aclk/U0/ACTIVE_LOW_BSR_OUT_DFF[0].FDRE_BSR_N/Q
                         net (fo=111, routed)         1.311     3.518    <hidden>
    SLICE_X2Y99          FDCE                                         f  <hidden>  (IS_INVERTED)
  -------------------------------------------------------------------    -------------------

                         (clock clk rise edge)        0.000     0.000 r  
    BUFG_PS_X0Y80        BUFG_PS                      0.000     0.000 r  alu_design_i/zynq_ultra_ps_e_0/inst/buffer_pl_clk_0.PL_CLK_0_BUFG/O
    X0Y1 (CLOCK_ROOT)    net (fo=1756, routed)        1.887     1.887    <hidden>
    SLICE_X2Y99          FDCE                                         r  <hidden>





Min Delay Paths
--------------------------------------------------------------------------------------
Slack:                    inf
  Source:                 alu_design_i/alu_0/inst/res_reg[29]/C
                            (rising edge-triggered cell FDRE clocked by clk  {rise@0.000ns fall@5.000ns period=10.000ns})
  Destination:            alu_design_i/result/U0/gpio_core_1/Not_Dual.INPUT_DOUBLE_REGS3/GENERATE_LEVEL_P_S_CDC.MULTI_BIT.FOR_IN_cdc_to[29].CROSS2_PLEVEL_IN2SCNDRY_IN_cdc_to/D
                            (rising edge-triggered cell FDRE clocked by clk  {rise@0.000ns fall@5.000ns period=10.000ns})
  Path Group:             (none)
  Path Type:              Hold (Min at Fast Process Corner)
  Data Path Delay:        0.147ns  (logic 0.084ns (57.143%)  route 0.063ns (42.857%))
  Logic Levels:           0  
  Clock Path Skew:        0.144ns (DCD - SCD - CPR)
    Destination Clock Delay (DCD):    1.293ns
    Source Clock Delay      (SCD):    1.149ns
    Clock Pessimism Removal (CPR):    -0.000ns
  Clock Uncertainty:      0.130ns  ((TSJ^2 + DJ^2)^1/2) / 2 + PE
    Total System Jitter     (TSJ):    0.071ns
    Discrete Jitter          (DJ):    0.250ns
    Phase Error              (PE):    0.000ns
  Clock Net Delay (Source):      1.149ns (routing 0.572ns, distribution 0.577ns)
  Clock Net Delay (Destination): 1.293ns (routing 0.623ns, distribution 0.670ns)
  Timing Exception:       False Path

    Location             Delay type                Incr(ns)  Path(ns)    Netlist Resource(s)
  -------------------------------------------------------------------    -------------------
                         (clock clk rise edge)        0.000     0.000 r  
    BUFG_PS_X0Y80        BUFG_PS                      0.000     0.000 r  alu_design_i/zynq_ultra_ps_e_0/inst/buffer_pl_clk_0.PL_CLK_0_BUFG/O
    X0Y1 (CLOCK_ROOT)    net (fo=1756, routed)        1.149     1.149    alu_design_i/alu_0/inst/clk
    SLICE_X6Y119         FDRE                                         r  alu_design_i/alu_0/inst/res_reg[29]/C
  -------------------------------------------------------------------    -------------------
    SLICE_X6Y119         FDRE (Prop_BFF_SLICEL_C_Q)
                                                      0.084     1.233 r  alu_design_i/alu_0/inst/res_reg[29]/Q
                         net (fo=1, routed)           0.063     1.296    alu_design_i/result/U0/gpio_core_1/Not_Dual.INPUT_DOUBLE_REGS3/gpio_io_i[29]
    SLICE_X6Y121         FDRE                                         r  alu_design_i/result/U0/gpio_core_1/Not_Dual.INPUT_DOUBLE_REGS3/GENERATE_LEVEL_P_S_CDC.MULTI_BIT.FOR_IN_cdc_to[29].CROSS2_PLEVEL_IN2SCNDRY_IN_cdc_to/D
  -------------------------------------------------------------------    -------------------

                         (clock clk rise edge)        0.000     0.000 r  
    BUFG_PS_X0Y80        BUFG_PS                      0.000     0.000 r  alu_design_i/zynq_ultra_ps_e_0/inst/buffer_pl_clk_0.PL_CLK_0_BUFG/O
    X0Y1 (CLOCK_ROOT)    net (fo=1756, routed)        1.293     1.293    alu_design_i/result/U0/gpio_core_1/Not_Dual.INPUT_DOUBLE_REGS3/s_axi_aclk
    SLICE_X6Y121         FDRE                                         r  alu_design_i/result/U0/gpio_core_1/Not_Dual.INPUT_DOUBLE_REGS3/GENERATE_LEVEL_P_S_CDC.MULTI_BIT.FOR_IN_cdc_to[29].CROSS2_PLEVEL_IN2SCNDRY_IN_cdc_to/C

Slack:                    inf
  Source:                 alu_design_i/alu_0/inst/res_reg[11]/C
                            (rising edge-triggered cell FDRE clocked by clk  {rise@0.000ns fall@5.000ns period=10.000ns})
  Destination:            alu_design_i/result/U0/gpio_core_1/Not_Dual.INPUT_DOUBLE_REGS3/GENERATE_LEVEL_P_S_CDC.MULTI_BIT.FOR_IN_cdc_to[11].CROSS2_PLEVEL_IN2SCNDRY_IN_cdc_to/D
                            (rising edge-triggered cell FDRE clocked by clk  {rise@0.000ns fall@5.000ns period=10.000ns})
  Path Group:             (none)
  Path Type:              Hold (Min at Fast Process Corner)
  Data Path Delay:        0.151ns  (logic 0.082ns (54.305%)  route 0.069ns (45.695%))
  Logic Levels:           0  
  Clock Path Skew:        0.118ns (DCD - SCD - CPR)
    Destination Clock Delay (DCD):    1.263ns
    Source Clock Delay      (SCD):    1.145ns
    Clock Pessimism Removal (CPR):    -0.000ns
  Clock Uncertainty:      0.130ns  ((TSJ^2 + DJ^2)^1/2) / 2 + PE
    Total System Jitter     (TSJ):    0.071ns
    Discrete Jitter          (DJ):    0.250ns
    Phase Error              (PE):    0.000ns
  Clock Net Delay (Source):      1.145ns (routing 0.572ns, distribution 0.573ns)
  Clock Net Delay (Destination): 1.263ns (routing 0.623ns, distribution 0.640ns)
  Timing Exception:       False Path

    Location             Delay type                Incr(ns)  Path(ns)    Netlist Resource(s)
  -------------------------------------------------------------------    -------------------
                         (clock clk rise edge)        0.000     0.000 r  
    BUFG_PS_X0Y80        BUFG_PS                      0.000     0.000 r  alu_design_i/zynq_ultra_ps_e_0/inst/buffer_pl_clk_0.PL_CLK_0_BUFG/O
    X0Y1 (CLOCK_ROOT)    net (fo=1756, routed)        1.145     1.145    alu_design_i/alu_0/inst/clk
    SLICE_X5Y116         FDRE                                         r  alu_design_i/alu_0/inst/res_reg[11]/C
  -------------------------------------------------------------------    -------------------
    SLICE_X5Y116         FDRE (Prop_BFF_SLICEM_C_Q)
                                                      0.082     1.227 r  alu_design_i/alu_0/inst/res_reg[11]/Q
                         net (fo=1, routed)           0.069     1.296    alu_design_i/result/U0/gpio_core_1/Not_Dual.INPUT_DOUBLE_REGS3/gpio_io_i[11]
    SLICE_X5Y114         FDRE                                         r  alu_design_i/result/U0/gpio_core_1/Not_Dual.INPUT_DOUBLE_REGS3/GENERATE_LEVEL_P_S_CDC.MULTI_BIT.FOR_IN_cdc_to[11].CROSS2_PLEVEL_IN2SCNDRY_IN_cdc_to/D
  -------------------------------------------------------------------    -------------------

                         (clock clk rise edge)        0.000     0.000 r  
    BUFG_PS_X0Y80        BUFG_PS                      0.000     0.000 r  alu_design_i/zynq_ultra_ps_e_0/inst/buffer_pl_clk_0.PL_CLK_0_BUFG/O
    X0Y1 (CLOCK_ROOT)    net (fo=1756, routed)        1.263     1.263    alu_design_i/result/U0/gpio_core_1/Not_Dual.INPUT_DOUBLE_REGS3/s_axi_aclk
    SLICE_X5Y114         FDRE                                         r  alu_design_i/result/U0/gpio_core_1/Not_Dual.INPUT_DOUBLE_REGS3/GENERATE_LEVEL_P_S_CDC.MULTI_BIT.FOR_IN_cdc_to[11].CROSS2_PLEVEL_IN2SCNDRY_IN_cdc_to/C

Slack:                    inf
  Source:                 alu_design_i/alu_0/inst/res_reg[15]/C
                            (rising edge-triggered cell FDRE clocked by clk  {rise@0.000ns fall@5.000ns period=10.000ns})
  Destination:            alu_design_i/result/U0/gpio_core_1/Not_Dual.INPUT_DOUBLE_REGS3/GENERATE_LEVEL_P_S_CDC.MULTI_BIT.FOR_IN_cdc_to[15].CROSS2_PLEVEL_IN2SCNDRY_IN_cdc_to/D
                            (rising edge-triggered cell FDRE clocked by clk  {rise@0.000ns fall@5.000ns period=10.000ns})
  Path Group:             (none)
  Path Type:              Hold (Min at Fast Process Corner)
  Data Path Delay:        0.152ns  (logic 0.082ns (53.947%)  route 0.070ns (46.053%))
  Logic Levels:           0  
  Clock Path Skew:        0.103ns (DCD - SCD - CPR)
    Destination Clock Delay (DCD):    1.252ns
    Source Clock Delay      (SCD):    1.150ns
    Clock Pessimism Removal (CPR):    -0.000ns
  Clock Uncertainty:      0.130ns  ((TSJ^2 + DJ^2)^1/2) / 2 + PE
    Total System Jitter     (TSJ):    0.071ns
    Discrete Jitter          (DJ):    0.250ns
    Phase Error              (PE):    0.000ns
  Clock Net Delay (Source):      1.150ns (routing 0.572ns, distribution 0.578ns)
  Clock Net Delay (Destination): 1.252ns (routing 0.623ns, distribution 0.629ns)
  Timing Exception:       False Path

    Location             Delay type                Incr(ns)  Path(ns)    Netlist Resource(s)
  -------------------------------------------------------------------    -------------------
                         (clock clk rise edge)        0.000     0.000 r  
    BUFG_PS_X0Y80        BUFG_PS                      0.000     0.000 r  alu_design_i/zynq_ultra_ps_e_0/inst/buffer_pl_clk_0.PL_CLK_0_BUFG/O
    X0Y1 (CLOCK_ROOT)    net (fo=1756, routed)        1.150     1.150    alu_design_i/alu_0/inst/clk
    SLICE_X5Y117         FDRE                                         r  alu_design_i/alu_0/inst/res_reg[15]/C
  -------------------------------------------------------------------    -------------------
    SLICE_X5Y117         FDRE (Prop_AFF_SLICEM_C_Q)
                                                      0.082     1.232 r  alu_design_i/alu_0/inst/res_reg[15]/Q
                         net (fo=1, routed)           0.070     1.302    alu_design_i/result/U0/gpio_core_1/Not_Dual.INPUT_DOUBLE_REGS3/gpio_io_i[15]
    SLICE_X7Y117         FDRE                                         r  alu_design_i/result/U0/gpio_core_1/Not_Dual.INPUT_DOUBLE_REGS3/GENERATE_LEVEL_P_S_CDC.MULTI_BIT.FOR_IN_cdc_to[15].CROSS2_PLEVEL_IN2SCNDRY_IN_cdc_to/D
  -------------------------------------------------------------------    -------------------

                         (clock clk rise edge)        0.000     0.000 r  
    BUFG_PS_X0Y80        BUFG_PS                      0.000     0.000 r  alu_design_i/zynq_ultra_ps_e_0/inst/buffer_pl_clk_0.PL_CLK_0_BUFG/O
    X0Y1 (CLOCK_ROOT)    net (fo=1756, routed)        1.252     1.252    alu_design_i/result/U0/gpio_core_1/Not_Dual.INPUT_DOUBLE_REGS3/s_axi_aclk
    SLICE_X7Y117         FDRE                                         r  alu_design_i/result/U0/gpio_core_1/Not_Dual.INPUT_DOUBLE_REGS3/GENERATE_LEVEL_P_S_CDC.MULTI_BIT.FOR_IN_cdc_to[15].CROSS2_PLEVEL_IN2SCNDRY_IN_cdc_to/C

Slack:                    inf
  Source:                 alu_design_i/axi_smc/inst/clk_map/psr_aclk/U0/ACTIVE_LOW_BSR_OUT_DFF[0].FDRE_BSR_N/C
                            (rising edge-triggered cell FDRE clocked by clk  {rise@0.000ns fall@5.000ns period=10.000ns})
  Destination:            <hidden>
                            (removal check against rising-edge clock clk  {rise@0.000ns fall@5.000ns period=10.000ns})
  Path Group:             (none)
  Path Type:              Removal (Min at Fast Process Corner)
  Data Path Delay:        0.170ns  (logic 0.082ns (48.158%)  route 0.088ns (51.842%))
  Logic Levels:           0  
  Clock Path Skew:        0.114ns (DCD - SCD - CPR)
    Destination Clock Delay (DCD):    1.251ns
    Source Clock Delay      (SCD):    1.138ns
    Clock Pessimism Removal (CPR):    -0.000ns
  Clock Uncertainty:      0.130ns  ((TSJ^2 + DJ^2)^1/2) / 2 + PE
    Total System Jitter     (TSJ):    0.071ns
    Discrete Jitter          (DJ):    0.250ns
    Phase Error              (PE):    0.000ns
  Clock Net Delay (Source):      1.138ns (routing 0.572ns, distribution 0.566ns)
  Clock Net Delay (Destination): 1.251ns (routing 0.623ns, distribution 0.628ns)
  Timing Exception:       False Path

    Location             Delay type                Incr(ns)  Path(ns)    Netlist Resource(s)
  -------------------------------------------------------------------    -------------------
                         (clock clk rise edge)        0.000     0.000 r  
    BUFG_PS_X0Y80        BUFG_PS                      0.000     0.000 r  alu_design_i/zynq_ultra_ps_e_0/inst/buffer_pl_clk_0.PL_CLK_0_BUFG/O
    X0Y1 (CLOCK_ROOT)    net (fo=1756, routed)        1.138     1.138    alu_design_i/axi_smc/inst/clk_map/psr_aclk/U0/aclk
    SLICE_X7Y110         FDRE                                         r  alu_design_i/axi_smc/inst/clk_map/psr_aclk/U0/ACTIVE_LOW_BSR_OUT_DFF[0].FDRE_BSR_N/C
  -------------------------------------------------------------------    -------------------
    SLICE_X7Y110         FDRE (Prop_EFF_SLICEM_C_Q)
                                                      0.082     1.220 r  alu_design_i/axi_smc/inst/clk_map/psr_aclk/U0/ACTIVE_LOW_BSR_OUT_DFF[0].FDRE_BSR_N/Q
                         net (fo=111, routed)         0.088     1.308    <hidden>
    SLICE_X7Y110         FDCE                                         f  <hidden>  (IS_INVERTED)
  -------------------------------------------------------------------    -------------------

                         (clock clk rise edge)        0.000     0.000 r  
    BUFG_PS_X0Y80        BUFG_PS                      0.000     0.000 r  alu_design_i/zynq_ultra_ps_e_0/inst/buffer_pl_clk_0.PL_CLK_0_BUFG/O
    X0Y1 (CLOCK_ROOT)    net (fo=1756, routed)        1.251     1.251    <hidden>
    SLICE_X7Y110         FDCE                                         r  <hidden>

Slack:                    inf
  Source:                 alu_design_i/axi_smc/inst/clk_map/psr_aclk/U0/ACTIVE_LOW_BSR_OUT_DFF[0].FDRE_BSR_N/C
                            (rising edge-triggered cell FDRE clocked by clk  {rise@0.000ns fall@5.000ns period=10.000ns})
  Destination:            <hidden>
                            (removal check against rising-edge clock clk  {rise@0.000ns fall@5.000ns period=10.000ns})
  Path Group:             (none)
  Path Type:              Removal (Min at Fast Process Corner)
  Data Path Delay:        0.170ns  (logic 0.082ns (48.158%)  route 0.088ns (51.842%))
  Logic Levels:           0  
  Clock Path Skew:        0.114ns (DCD - SCD - CPR)
    Destination Clock Delay (DCD):    1.251ns
    Source Clock Delay      (SCD):    1.138ns
    Clock Pessimism Removal (CPR):    -0.000ns
  Clock Uncertainty:      0.130ns  ((TSJ^2 + DJ^2)^1/2) / 2 + PE
    Total System Jitter     (TSJ):    0.071ns
    Discrete Jitter          (DJ):    0.250ns
    Phase Error              (PE):    0.000ns
  Clock Net Delay (Source):      1.138ns (routing 0.572ns, distribution 0.566ns)
  Clock Net Delay (Destination): 1.251ns (routing 0.623ns, distribution 0.628ns)
  Timing Exception:       False Path

    Location             Delay type                Incr(ns)  Path(ns)    Netlist Resource(s)
  -------------------------------------------------------------------    -------------------
                         (clock clk rise edge)        0.000     0.000 r  
    BUFG_PS_X0Y80        BUFG_PS                      0.000     0.000 r  alu_design_i/zynq_ultra_ps_e_0/inst/buffer_pl_clk_0.PL_CLK_0_BUFG/O
    X0Y1 (CLOCK_ROOT)    net (fo=1756, routed)        1.138     1.138    alu_design_i/axi_smc/inst/clk_map/psr_aclk/U0/aclk
    SLICE_X7Y110         FDRE                                         r  alu_design_i/axi_smc/inst/clk_map/psr_aclk/U0/ACTIVE_LOW_BSR_OUT_DFF[0].FDRE_BSR_N/C
  -------------------------------------------------------------------    -------------------
    SLICE_X7Y110         FDRE (Prop_EFF_SLICEM_C_Q)
                                                      0.082     1.220 r  alu_design_i/axi_smc/inst/clk_map/psr_aclk/U0/ACTIVE_LOW_BSR_OUT_DFF[0].FDRE_BSR_N/Q
                         net (fo=111, routed)         0.088     1.308    <hidden>
    SLICE_X7Y110         FDCE                                         f  <hidden>  (IS_INVERTED)
  -------------------------------------------------------------------    -------------------

                         (clock clk rise edge)        0.000     0.000 r  
    BUFG_PS_X0Y80        BUFG_PS                      0.000     0.000 r  alu_design_i/zynq_ultra_ps_e_0/inst/buffer_pl_clk_0.PL_CLK_0_BUFG/O
    X0Y1 (CLOCK_ROOT)    net (fo=1756, routed)        1.251     1.251    <hidden>
    SLICE_X7Y110         FDCE                                         r  <hidden>

Slack:                    inf
  Source:                 alu_design_i/axi_smc/inst/clk_map/psr_aclk/U0/ACTIVE_LOW_BSR_OUT_DFF[0].FDRE_BSR_N/C
                            (rising edge-triggered cell FDRE clocked by clk  {rise@0.000ns fall@5.000ns period=10.000ns})
  Destination:            <hidden>
                            (removal check against rising-edge clock clk  {rise@0.000ns fall@5.000ns period=10.000ns})
  Path Group:             (none)
  Path Type:              Removal (Min at Fast Process Corner)
  Data Path Delay:        0.170ns  (logic 0.082ns (48.158%)  route 0.088ns (51.842%))
  Logic Levels:           0  
  Clock Path Skew:        0.114ns (DCD - SCD - CPR)
    Destination Clock Delay (DCD):    1.251ns
    Source Clock Delay      (SCD):    1.138ns
    Clock Pessimism Removal (CPR):    -0.000ns
  Clock Uncertainty:      0.130ns  ((TSJ^2 + DJ^2)^1/2) / 2 + PE
    Total System Jitter     (TSJ):    0.071ns
    Discrete Jitter          (DJ):    0.250ns
    Phase Error              (PE):    0.000ns
  Clock Net Delay (Source):      1.138ns (routing 0.572ns, distribution 0.566ns)
  Clock Net Delay (Destination): 1.251ns (routing 0.623ns, distribution 0.628ns)
  Timing Exception:       False Path

    Location             Delay type                Incr(ns)  Path(ns)    Netlist Resource(s)
  -------------------------------------------------------------------    -------------------
                         (clock clk rise edge)        0.000     0.000 r  
    BUFG_PS_X0Y80        BUFG_PS                      0.000     0.000 r  alu_design_i/zynq_ultra_ps_e_0/inst/buffer_pl_clk_0.PL_CLK_0_BUFG/O
    X0Y1 (CLOCK_ROOT)    net (fo=1756, routed)        1.138     1.138    alu_design_i/axi_smc/inst/clk_map/psr_aclk/U0/aclk
    SLICE_X7Y110         FDRE                                         r  alu_design_i/axi_smc/inst/clk_map/psr_aclk/U0/ACTIVE_LOW_BSR_OUT_DFF[0].FDRE_BSR_N/C
  -------------------------------------------------------------------    -------------------
    SLICE_X7Y110         FDRE (Prop_EFF_SLICEM_C_Q)
                                                      0.082     1.220 r  alu_design_i/axi_smc/inst/clk_map/psr_aclk/U0/ACTIVE_LOW_BSR_OUT_DFF[0].FDRE_BSR_N/Q
                         net (fo=111, routed)         0.088     1.308    <hidden>
    SLICE_X7Y110         FDCE                                         f  <hidden>  (IS_INVERTED)
  -------------------------------------------------------------------    -------------------

                         (clock clk rise edge)        0.000     0.000 r  
    BUFG_PS_X0Y80        BUFG_PS                      0.000     0.000 r  alu_design_i/zynq_ultra_ps_e_0/inst/buffer_pl_clk_0.PL_CLK_0_BUFG/O
    X0Y1 (CLOCK_ROOT)    net (fo=1756, routed)        1.251     1.251    <hidden>
    SLICE_X7Y110         FDCE                                         r  <hidden>

Slack:                    inf
  Source:                 alu_design_i/alu_0/inst/res_reg[17]/C
                            (rising edge-triggered cell FDRE clocked by clk  {rise@0.000ns fall@5.000ns period=10.000ns})
  Destination:            alu_design_i/result/U0/gpio_core_1/Not_Dual.INPUT_DOUBLE_REGS3/GENERATE_LEVEL_P_S_CDC.MULTI_BIT.FOR_IN_cdc_to[17].CROSS2_PLEVEL_IN2SCNDRY_IN_cdc_to/D
                            (rising edge-triggered cell FDRE clocked by clk  {rise@0.000ns fall@5.000ns period=10.000ns})
  Path Group:             (none)
  Path Type:              Hold (Min at Fast Process Corner)
  Data Path Delay:        0.169ns  (logic 0.082ns (48.521%)  route 0.087ns (51.479%))
  Logic Levels:           0  
  Clock Path Skew:        0.150ns (DCD - SCD - CPR)
    Destination Clock Delay (DCD):    1.292ns
    Source Clock Delay      (SCD):    1.143ns
    Clock Pessimism Removal (CPR):    -0.000ns
  Clock Uncertainty:      0.130ns  ((TSJ^2 + DJ^2)^1/2) / 2 + PE
    Total System Jitter     (TSJ):    0.071ns
    Discrete Jitter          (DJ):    0.250ns
    Phase Error              (PE):    0.000ns
  Clock Net Delay (Source):      1.143ns (routing 0.572ns, distribution 0.571ns)
  Clock Net Delay (Destination): 1.292ns (routing 0.623ns, distribution 0.669ns)
  Timing Exception:       False Path

    Location             Delay type                Incr(ns)  Path(ns)    Netlist Resource(s)
  -------------------------------------------------------------------    -------------------
                         (clock clk rise edge)        0.000     0.000 r  
    BUFG_PS_X0Y80        BUFG_PS                      0.000     0.000 r  alu_design_i/zynq_ultra_ps_e_0/inst/buffer_pl_clk_0.PL_CLK_0_BUFG/O
    X0Y1 (CLOCK_ROOT)    net (fo=1756, routed)        1.143     1.143    alu_design_i/alu_0/inst/clk
    SLICE_X4Y119         FDRE                                         r  alu_design_i/alu_0/inst/res_reg[17]/C
  -------------------------------------------------------------------    -------------------
    SLICE_X4Y119         FDRE (Prop_AFF_SLICEM_C_Q)
                                                      0.082     1.225 r  alu_design_i/alu_0/inst/res_reg[17]/Q
                         net (fo=1, routed)           0.087     1.312    alu_design_i/result/U0/gpio_core_1/Not_Dual.INPUT_DOUBLE_REGS3/gpio_io_i[17]
    SLICE_X4Y122         FDRE                                         r  alu_design_i/result/U0/gpio_core_1/Not_Dual.INPUT_DOUBLE_REGS3/GENERATE_LEVEL_P_S_CDC.MULTI_BIT.FOR_IN_cdc_to[17].CROSS2_PLEVEL_IN2SCNDRY_IN_cdc_to/D
  -------------------------------------------------------------------    -------------------

                         (clock clk rise edge)        0.000     0.000 r  
    BUFG_PS_X0Y80        BUFG_PS                      0.000     0.000 r  alu_design_i/zynq_ultra_ps_e_0/inst/buffer_pl_clk_0.PL_CLK_0_BUFG/O
    X0Y1 (CLOCK_ROOT)    net (fo=1756, routed)        1.292     1.292    alu_design_i/result/U0/gpio_core_1/Not_Dual.INPUT_DOUBLE_REGS3/s_axi_aclk
    SLICE_X4Y122         FDRE                                         r  alu_design_i/result/U0/gpio_core_1/Not_Dual.INPUT_DOUBLE_REGS3/GENERATE_LEVEL_P_S_CDC.MULTI_BIT.FOR_IN_cdc_to[17].CROSS2_PLEVEL_IN2SCNDRY_IN_cdc_to/C

Slack:                    inf
  Source:                 alu_design_i/alu_0/inst/res_reg[3]/C
                            (rising edge-triggered cell FDRE clocked by clk  {rise@0.000ns fall@5.000ns period=10.000ns})
  Destination:            alu_design_i/result/U0/gpio_core_1/Not_Dual.INPUT_DOUBLE_REGS3/GENERATE_LEVEL_P_S_CDC.MULTI_BIT.FOR_IN_cdc_to[3].CROSS2_PLEVEL_IN2SCNDRY_IN_cdc_to/D
                            (rising edge-triggered cell FDRE clocked by clk  {rise@0.000ns fall@5.000ns period=10.000ns})
  Path Group:             (none)
  Path Type:              Hold (Min at Fast Process Corner)
  Data Path Delay:        0.171ns  (logic 0.083ns (48.538%)  route 0.088ns (51.462%))
  Logic Levels:           0  
  Clock Path Skew:        0.115ns (DCD - SCD - CPR)
    Destination Clock Delay (DCD):    1.257ns
    Source Clock Delay      (SCD):    1.142ns
    Clock Pessimism Removal (CPR):    -0.000ns
  Clock Uncertainty:      0.130ns  ((TSJ^2 + DJ^2)^1/2) / 2 + PE
    Total System Jitter     (TSJ):    0.071ns
    Discrete Jitter          (DJ):    0.250ns
    Phase Error              (PE):    0.000ns
  Clock Net Delay (Source):      1.142ns (routing 0.572ns, distribution 0.570ns)
  Clock Net Delay (Destination): 1.257ns (routing 0.623ns, distribution 0.634ns)
  Timing Exception:       False Path

    Location             Delay type                Incr(ns)  Path(ns)    Netlist Resource(s)
  -------------------------------------------------------------------    -------------------
                         (clock clk rise edge)        0.000     0.000 r  
    BUFG_PS_X0Y80        BUFG_PS                      0.000     0.000 r  alu_design_i/zynq_ultra_ps_e_0/inst/buffer_pl_clk_0.PL_CLK_0_BUFG/O
    X0Y1 (CLOCK_ROOT)    net (fo=1756, routed)        1.142     1.142    alu_design_i/alu_0/inst/clk
    SLICE_X4Y113         FDRE                                         r  alu_design_i/alu_0/inst/res_reg[3]/C
  -------------------------------------------------------------------    -------------------
    SLICE_X4Y113         FDRE (Prop_CFF_SLICEM_C_Q)
                                                      0.083     1.225 r  alu_design_i/alu_0/inst/res_reg[3]/Q
                         net (fo=1, routed)           0.088     1.313    alu_design_i/result/U0/gpio_core_1/Not_Dual.INPUT_DOUBLE_REGS3/gpio_io_i[3]
    SLICE_X3Y113         FDRE                                         r  alu_design_i/result/U0/gpio_core_1/Not_Dual.INPUT_DOUBLE_REGS3/GENERATE_LEVEL_P_S_CDC.MULTI_BIT.FOR_IN_cdc_to[3].CROSS2_PLEVEL_IN2SCNDRY_IN_cdc_to/D
  -------------------------------------------------------------------    -------------------

                         (clock clk rise edge)        0.000     0.000 r  
    BUFG_PS_X0Y80        BUFG_PS                      0.000     0.000 r  alu_design_i/zynq_ultra_ps_e_0/inst/buffer_pl_clk_0.PL_CLK_0_BUFG/O
    X0Y1 (CLOCK_ROOT)    net (fo=1756, routed)        1.257     1.257    alu_design_i/result/U0/gpio_core_1/Not_Dual.INPUT_DOUBLE_REGS3/s_axi_aclk
    SLICE_X3Y113         FDRE                                         r  alu_design_i/result/U0/gpio_core_1/Not_Dual.INPUT_DOUBLE_REGS3/GENERATE_LEVEL_P_S_CDC.MULTI_BIT.FOR_IN_cdc_to[3].CROSS2_PLEVEL_IN2SCNDRY_IN_cdc_to/C

Slack:                    inf
  Source:                 alu_design_i/alu_0/inst/res_reg[8]/C
                            (rising edge-triggered cell FDRE clocked by clk  {rise@0.000ns fall@5.000ns period=10.000ns})
  Destination:            alu_design_i/result/U0/gpio_core_1/Not_Dual.INPUT_DOUBLE_REGS3/GENERATE_LEVEL_P_S_CDC.MULTI_BIT.FOR_IN_cdc_to[8].CROSS2_PLEVEL_IN2SCNDRY_IN_cdc_to/D
                            (rising edge-triggered cell FDRE clocked by clk  {rise@0.000ns fall@5.000ns period=10.000ns})
  Path Group:             (none)
  Path Type:              Hold (Min at Fast Process Corner)
  Data Path Delay:        0.167ns  (logic 0.084ns (50.299%)  route 0.083ns (49.701%))
  Logic Levels:           0  
  Clock Path Skew:        0.113ns (DCD - SCD - CPR)
    Destination Clock Delay (DCD):    1.262ns
    Source Clock Delay      (SCD):    1.149ns
    Clock Pessimism Removal (CPR):    -0.000ns
  Clock Uncertainty:      0.130ns  ((TSJ^2 + DJ^2)^1/2) / 2 + PE
    Total System Jitter     (TSJ):    0.071ns
    Discrete Jitter          (DJ):    0.250ns
    Phase Error              (PE):    0.000ns
  Clock Net Delay (Source):      1.149ns (routing 0.572ns, distribution 0.577ns)
  Clock Net Delay (Destination): 1.262ns (routing 0.623ns, distribution 0.639ns)
  Timing Exception:       False Path

    Location             Delay type                Incr(ns)  Path(ns)    Netlist Resource(s)
  -------------------------------------------------------------------    -------------------
                         (clock clk rise edge)        0.000     0.000 r  
    BUFG_PS_X0Y80        BUFG_PS                      0.000     0.000 r  alu_design_i/zynq_ultra_ps_e_0/inst/buffer_pl_clk_0.PL_CLK_0_BUFG/O
    X0Y1 (CLOCK_ROOT)    net (fo=1756, routed)        1.149     1.149    alu_design_i/alu_0/inst/clk
    SLICE_X3Y115         FDRE                                         r  alu_design_i/alu_0/inst/res_reg[8]/C
  -------------------------------------------------------------------    -------------------
    SLICE_X3Y115         FDRE (Prop_CFF_SLICEL_C_Q)
                                                      0.084     1.233 r  alu_design_i/alu_0/inst/res_reg[8]/Q
                         net (fo=1, routed)           0.083     1.316    alu_design_i/result/U0/gpio_core_1/Not_Dual.INPUT_DOUBLE_REGS3/gpio_io_i[8]
    SLICE_X3Y115         FDRE                                         r  alu_design_i/result/U0/gpio_core_1/Not_Dual.INPUT_DOUBLE_REGS3/GENERATE_LEVEL_P_S_CDC.MULTI_BIT.FOR_IN_cdc_to[8].CROSS2_PLEVEL_IN2SCNDRY_IN_cdc_to/D
  -------------------------------------------------------------------    -------------------

                         (clock clk rise edge)        0.000     0.000 r  
    BUFG_PS_X0Y80        BUFG_PS                      0.000     0.000 r  alu_design_i/zynq_ultra_ps_e_0/inst/buffer_pl_clk_0.PL_CLK_0_BUFG/O
    X0Y1 (CLOCK_ROOT)    net (fo=1756, routed)        1.262     1.262    alu_design_i/result/U0/gpio_core_1/Not_Dual.INPUT_DOUBLE_REGS3/s_axi_aclk
    SLICE_X3Y115         FDRE                                         r  alu_design_i/result/U0/gpio_core_1/Not_Dual.INPUT_DOUBLE_REGS3/GENERATE_LEVEL_P_S_CDC.MULTI_BIT.FOR_IN_cdc_to[8].CROSS2_PLEVEL_IN2SCNDRY_IN_cdc_to/C

Slack:                    inf
  Source:                 alu_design_i/alu_0/inst/res_reg[14]/C
                            (rising edge-triggered cell FDRE clocked by clk  {rise@0.000ns fall@5.000ns period=10.000ns})
  Destination:            alu_design_i/result/U0/gpio_core_1/Not_Dual.INPUT_DOUBLE_REGS3/GENERATE_LEVEL_P_S_CDC.MULTI_BIT.FOR_IN_cdc_to[14].CROSS2_PLEVEL_IN2SCNDRY_IN_cdc_to/D
                            (rising edge-triggered cell FDRE clocked by clk  {rise@0.000ns fall@5.000ns period=10.000ns})
  Path Group:             (none)
  Path Type:              Hold (Min at Fast Process Corner)
  Data Path Delay:        0.166ns  (logic 0.082ns (49.398%)  route 0.084ns (50.602%))
  Logic Levels:           0  
  Clock Path Skew:        0.103ns (DCD - SCD - CPR)
    Destination Clock Delay (DCD):    1.252ns
    Source Clock Delay      (SCD):    1.150ns
    Clock Pessimism Removal (CPR):    -0.000ns
  Clock Uncertainty:      0.130ns  ((TSJ^2 + DJ^2)^1/2) / 2 + PE
    Total System Jitter     (TSJ):    0.071ns
    Discrete Jitter          (DJ):    0.250ns
    Phase Error              (PE):    0.000ns
  Clock Net Delay (Source):      1.150ns (routing 0.572ns, distribution 0.578ns)
  Clock Net Delay (Destination): 1.252ns (routing 0.623ns, distribution 0.629ns)
  Timing Exception:       False Path

    Location             Delay type                Incr(ns)  Path(ns)    Netlist Resource(s)
  -------------------------------------------------------------------    -------------------
                         (clock clk rise edge)        0.000     0.000 r  
    BUFG_PS_X0Y80        BUFG_PS                      0.000     0.000 r  alu_design_i/zynq_ultra_ps_e_0/inst/buffer_pl_clk_0.PL_CLK_0_BUFG/O
    X0Y1 (CLOCK_ROOT)    net (fo=1756, routed)        1.150     1.150    alu_design_i/alu_0/inst/clk
    SLICE_X5Y117         FDRE                                         r  alu_design_i/alu_0/inst/res_reg[14]/C
  -------------------------------------------------------------------    -------------------
    SLICE_X5Y117         FDRE (Prop_BFF_SLICEM_C_Q)
                                                      0.082     1.232 r  alu_design_i/alu_0/inst/res_reg[14]/Q
                         net (fo=1, routed)           0.084     1.316    alu_design_i/result/U0/gpio_core_1/Not_Dual.INPUT_DOUBLE_REGS3/gpio_io_i[14]
    SLICE_X7Y118         FDRE                                         r  alu_design_i/result/U0/gpio_core_1/Not_Dual.INPUT_DOUBLE_REGS3/GENERATE_LEVEL_P_S_CDC.MULTI_BIT.FOR_IN_cdc_to[14].CROSS2_PLEVEL_IN2SCNDRY_IN_cdc_to/D
  -------------------------------------------------------------------    -------------------

                         (clock clk rise edge)        0.000     0.000 r  
    BUFG_PS_X0Y80        BUFG_PS                      0.000     0.000 r  alu_design_i/zynq_ultra_ps_e_0/inst/buffer_pl_clk_0.PL_CLK_0_BUFG/O
    X0Y1 (CLOCK_ROOT)    net (fo=1756, routed)        1.252     1.252    alu_design_i/result/U0/gpio_core_1/Not_Dual.INPUT_DOUBLE_REGS3/s_axi_aclk
    SLICE_X7Y118         FDRE                                         r  alu_design_i/result/U0/gpio_core_1/Not_Dual.INPUT_DOUBLE_REGS3/GENERATE_LEVEL_P_S_CDC.MULTI_BIT.FOR_IN_cdc_to[14].CROSS2_PLEVEL_IN2SCNDRY_IN_cdc_to/C





--------------------------------------------------------------------------------------
Path Group:  (none)
From Clock:  
  To Clock:  clk

Max Delay            15 Endpoints
Min Delay            15 Endpoints
--------------------------------------------------------------------------------------


Max Delay Paths
--------------------------------------------------------------------------------------
Slack:                    inf
  Source:                 alu_design_i/alu_0/inst/res0/DSP_A_B_DATA_INST/A2_DATA[26]
                            (internal pin)
  Destination:            alu_design_i/alu_0/inst/res_reg[20]/D
                            (rising edge-triggered cell FDRE clocked by clk  {rise@0.000ns fall@5.000ns period=10.000ns})
  Path Group:             (none)
  Path Type:              Setup (Max at Slow Process Corner)
  Data Path Delay:        4.046ns  (logic 3.215ns (79.461%)  route 0.831ns (20.539%))
  Logic Levels:           10  (CARRY8=1 DSP_ALU=2 DSP_M_DATA=1 DSP_MULTIPLIER=1 DSP_OUTPUT=2 DSP_PREADD_DATA=1 LUT2=1 LUT6=1)
  Clock Uncertainty:      0.127ns  ((TSJ^2 + DJ^2)^1/2) / 2 + PE
    Total System Jitter     (TSJ):    0.050ns
    Discrete Jitter          (DJ):    0.250ns
    Phase Error              (PE):    0.000ns
  Clock Net Delay (Destination): 1.943ns (routing 0.955ns, distribution 0.988ns)

    Location             Delay type                Incr(ns)  Path(ns)    Netlist Resource(s)
  -------------------------------------------------------------------    -------------------
    DSP48E2_X1Y46        DSP_A_B_DATA                 0.000     0.000 r  alu_design_i/alu_0/inst/res0/DSP_A_B_DATA_INST/A2_DATA[26]
                         net (fo=1, routed)           0.000     0.000    alu_design_i/alu_0/inst/res0/DSP_A_B_DATA.A2_DATA<26>
    DSP48E2_X1Y46        DSP_PREADD_DATA (Prop_DSP_PREADD_DATA_DSP48E2_A2_DATA[26]_A2A1[26])
                                                      0.114     0.114 r  alu_design_i/alu_0/inst/res0/DSP_PREADD_DATA_INST/A2A1[26]
                         net (fo=1, routed)           0.000     0.114    alu_design_i/alu_0/inst/res0/DSP_PREADD_DATA.A2A1<26>
    DSP48E2_X1Y46        DSP_MULTIPLIER (Prop_DSP_MULTIPLIER_DSP48E2_A2A1[26]_U[43])
                                                      0.700     0.814 f  alu_design_i/alu_0/inst/res0/DSP_MULTIPLIER_INST/U[43]
                         net (fo=1, routed)           0.000     0.814    alu_design_i/alu_0/inst/res0/DSP_MULTIPLIER.U<43>
    DSP48E2_X1Y46        DSP_M_DATA (Prop_DSP_M_DATA_DSP48E2_U[43]_U_DATA[43])
                                                      0.067     0.881 r  alu_design_i/alu_0/inst/res0/DSP_M_DATA_INST/U_DATA[43]
                         net (fo=1, routed)           0.000     0.881    alu_design_i/alu_0/inst/res0/DSP_M_DATA.U_DATA<43>
    DSP48E2_X1Y46        DSP_ALU (Prop_DSP_ALU_DSP48E2_U_DATA[43]_ALU_OUT[47])
                                                      0.727     1.608 f  alu_design_i/alu_0/inst/res0/DSP_ALU_INST/ALU_OUT[47]
                         net (fo=1, routed)           0.000     1.608    alu_design_i/alu_0/inst/res0/DSP_ALU.ALU_OUT<47>
    DSP48E2_X1Y46        DSP_OUTPUT (Prop_DSP_OUTPUT_DSP48E2_ALU_OUT[47]_PCOUT[47])
                                                      0.167     1.775 r  alu_design_i/alu_0/inst/res0/DSP_OUTPUT_INST/PCOUT[47]
                         net (fo=1, routed)           0.014     1.789    alu_design_i/alu_0/inst/res0__0/PCIN[47]
    DSP48E2_X1Y47        DSP_ALU (Prop_DSP_ALU_DSP48E2_PCIN[47]_ALU_OUT[0])
                                                      0.739     2.528 f  alu_design_i/alu_0/inst/res0__0/DSP_ALU_INST/ALU_OUT[0]
                         net (fo=1, routed)           0.000     2.528    alu_design_i/alu_0/inst/res0__0/DSP_ALU.ALU_OUT<0>
    DSP48E2_X1Y47        DSP_OUTPUT (Prop_DSP_OUTPUT_DSP48E2_ALU_OUT[0]_P[0])
                                                      0.146     2.674 r  alu_design_i/alu_0/inst/res0__0/DSP_OUTPUT_INST/P[0]
                         net (fo=1, routed)           0.309     2.983    alu_design_i/alu_0/inst/res0__0_n_105
    SLICE_X4Y117         LUT2 (Prop_B6LUT_SLICEM_I1_O)
                                                      0.082     3.065 r  alu_design_i/alu_0/inst/res[23]_i_9/O
                         net (fo=1, routed)           0.022     3.087    alu_design_i/alu_0/inst/res[23]_i_9_n_0
    SLICE_X4Y117         CARRY8 (Prop_CARRY8_SLICEM_S[1]_O[4])
                                                      0.286     3.373 r  alu_design_i/alu_0/inst/res_reg[23]_i_2/O[4]
                         net (fo=1, routed)           0.417     3.790    alu_design_i/alu_0/inst/res_reg[23]_i_2_n_11
    SLICE_X3Y122         LUT6 (Prop_C6LUT_SLICEL_I0_O)
                                                      0.187     3.977 r  alu_design_i/alu_0/inst/res[20]_i_1/O
                         net (fo=1, routed)           0.069     4.046    alu_design_i/alu_0/inst/res[20]_i_1_n_0
    SLICE_X3Y122         FDRE                                         r  alu_design_i/alu_0/inst/res_reg[20]/D
  -------------------------------------------------------------------    -------------------

                         (clock clk rise edge)        0.000     0.000 r  
    BUFG_PS_X0Y80        BUFG_PS                      0.000     0.000 r  alu_design_i/zynq_ultra_ps_e_0/inst/buffer_pl_clk_0.PL_CLK_0_BUFG/O
    X0Y1 (CLOCK_ROOT)    net (fo=1756, routed)        1.943     1.943    alu_design_i/alu_0/inst/clk
    SLICE_X3Y122         FDRE                                         r  alu_design_i/alu_0/inst/res_reg[20]/C

Slack:                    inf
  Source:                 alu_design_i/alu_0/inst/res0/DSP_A_B_DATA_INST/A2_DATA[26]
                            (internal pin)
  Destination:            alu_design_i/alu_0/inst/res_reg[31]/D
                            (rising edge-triggered cell FDRE clocked by clk  {rise@0.000ns fall@5.000ns period=10.000ns})
  Path Group:             (none)
  Path Type:              Setup (Max at Slow Process Corner)
  Data Path Delay:        4.031ns  (logic 3.368ns (83.552%)  route 0.663ns (16.448%))
  Logic Levels:           11  (CARRY8=2 DSP_ALU=2 DSP_M_DATA=1 DSP_MULTIPLIER=1 DSP_OUTPUT=2 DSP_PREADD_DATA=1 LUT2=1 LUT6=1)
  Clock Uncertainty:      0.127ns  ((TSJ^2 + DJ^2)^1/2) / 2 + PE
    Total System Jitter     (TSJ):    0.050ns
    Discrete Jitter          (DJ):    0.250ns
    Phase Error              (PE):    0.000ns
  Clock Net Delay (Destination): 1.892ns (routing 0.955ns, distribution 0.937ns)

    Location             Delay type                Incr(ns)  Path(ns)    Netlist Resource(s)
  -------------------------------------------------------------------    -------------------
    DSP48E2_X1Y46        DSP_A_B_DATA                 0.000     0.000 r  alu_design_i/alu_0/inst/res0/DSP_A_B_DATA_INST/A2_DATA[26]
                         net (fo=1, routed)           0.000     0.000    alu_design_i/alu_0/inst/res0/DSP_A_B_DATA.A2_DATA<26>
    DSP48E2_X1Y46        DSP_PREADD_DATA (Prop_DSP_PREADD_DATA_DSP48E2_A2_DATA[26]_A2A1[26])
                                                      0.114     0.114 r  alu_design_i/alu_0/inst/res0/DSP_PREADD_DATA_INST/A2A1[26]
                         net (fo=1, routed)           0.000     0.114    alu_design_i/alu_0/inst/res0/DSP_PREADD_DATA.A2A1<26>
    DSP48E2_X1Y46        DSP_MULTIPLIER (Prop_DSP_MULTIPLIER_DSP48E2_A2A1[26]_U[43])
                                                      0.700     0.814 f  alu_design_i/alu_0/inst/res0/DSP_MULTIPLIER_INST/U[43]
                         net (fo=1, routed)           0.000     0.814    alu_design_i/alu_0/inst/res0/DSP_MULTIPLIER.U<43>
    DSP48E2_X1Y46        DSP_M_DATA (Prop_DSP_M_DATA_DSP48E2_U[43]_U_DATA[43])
                                                      0.067     0.881 r  alu_design_i/alu_0/inst/res0/DSP_M_DATA_INST/U_DATA[43]
                         net (fo=1, routed)           0.000     0.881    alu_design_i/alu_0/inst/res0/DSP_M_DATA.U_DATA<43>
    DSP48E2_X1Y46        DSP_ALU (Prop_DSP_ALU_DSP48E2_U_DATA[43]_ALU_OUT[47])
                                                      0.727     1.608 f  alu_design_i/alu_0/inst/res0/DSP_ALU_INST/ALU_OUT[47]
                         net (fo=1, routed)           0.000     1.608    alu_design_i/alu_0/inst/res0/DSP_ALU.ALU_OUT<47>
    DSP48E2_X1Y46        DSP_OUTPUT (Prop_DSP_OUTPUT_DSP48E2_ALU_OUT[47]_PCOUT[47])
                                                      0.167     1.775 r  alu_design_i/alu_0/inst/res0/DSP_OUTPUT_INST/PCOUT[47]
                         net (fo=1, routed)           0.014     1.789    alu_design_i/alu_0/inst/res0__0/PCIN[47]
    DSP48E2_X1Y47        DSP_ALU (Prop_DSP_ALU_DSP48E2_PCIN[47]_ALU_OUT[0])
                                                      0.739     2.528 f  alu_design_i/alu_0/inst/res0__0/DSP_ALU_INST/ALU_OUT[0]
                         net (fo=1, routed)           0.000     2.528    alu_design_i/alu_0/inst/res0__0/DSP_ALU.ALU_OUT<0>
    DSP48E2_X1Y47        DSP_OUTPUT (Prop_DSP_OUTPUT_DSP48E2_ALU_OUT[0]_P[0])
                                                      0.146     2.674 r  alu_design_i/alu_0/inst/res0__0/DSP_OUTPUT_INST/P[0]
                         net (fo=1, routed)           0.309     2.983    alu_design_i/alu_0/inst/res0__0_n_105
    SLICE_X4Y117         LUT2 (Prop_B6LUT_SLICEM_I1_O)
                                                      0.082     3.065 r  alu_design_i/alu_0/inst/res[23]_i_9/O
                         net (fo=1, routed)           0.022     3.087    alu_design_i/alu_0/inst/res[23]_i_9_n_0
    SLICE_X4Y117         CARRY8 (Prop_CARRY8_SLICEM_S[1]_CO[7])
                                                      0.267     3.354 r  alu_design_i/alu_0/inst/res_reg[23]_i_2/CO[7]
                         net (fo=1, routed)           0.030     3.384    alu_design_i/alu_0/inst/res_reg[23]_i_2_n_0
    SLICE_X4Y118         CARRY8 (Prop_CARRY8_SLICEM_CI_O[7])
                                                      0.171     3.555 r  alu_design_i/alu_0/inst/res_reg[31]_i_3/O[7]
                         net (fo=1, routed)           0.221     3.776    alu_design_i/alu_0/inst/res_reg[31]_i_3_n_8
    SLICE_X6Y118         LUT6 (Prop_B6LUT_SLICEL_I0_O)
                                                      0.188     3.964 r  alu_design_i/alu_0/inst/res[31]_i_2/O
                         net (fo=1, routed)           0.067     4.031    alu_design_i/alu_0/inst/res[31]_i_2_n_0
    SLICE_X6Y118         FDRE                                         r  alu_design_i/alu_0/inst/res_reg[31]/D
  -------------------------------------------------------------------    -------------------

                         (clock clk rise edge)        0.000     0.000 r  
    BUFG_PS_X0Y80        BUFG_PS                      0.000     0.000 r  alu_design_i/zynq_ultra_ps_e_0/inst/buffer_pl_clk_0.PL_CLK_0_BUFG/O
    X0Y1 (CLOCK_ROOT)    net (fo=1756, routed)        1.892     1.892    alu_design_i/alu_0/inst/clk
    SLICE_X6Y118         FDRE                                         r  alu_design_i/alu_0/inst/res_reg[31]/C

Slack:                    inf
  Source:                 alu_design_i/alu_0/inst/res0/DSP_A_B_DATA_INST/A2_DATA[26]
                            (internal pin)
  Destination:            alu_design_i/alu_0/inst/res_reg[27]/D
                            (rising edge-triggered cell FDRE clocked by clk  {rise@0.000ns fall@5.000ns period=10.000ns})
  Path Group:             (none)
  Path Type:              Setup (Max at Slow Process Corner)
  Data Path Delay:        3.957ns  (logic 3.259ns (82.360%)  route 0.698ns (17.640%))
  Logic Levels:           11  (CARRY8=2 DSP_ALU=2 DSP_M_DATA=1 DSP_MULTIPLIER=1 DSP_OUTPUT=2 DSP_PREADD_DATA=1 LUT2=1 LUT6=1)
  Clock Uncertainty:      0.127ns  ((TSJ^2 + DJ^2)^1/2) / 2 + PE
    Total System Jitter     (TSJ):    0.050ns
    Discrete Jitter          (DJ):    0.250ns
    Phase Error              (PE):    0.000ns
  Clock Net Delay (Destination): 1.892ns (routing 0.955ns, distribution 0.937ns)

    Location             Delay type                Incr(ns)  Path(ns)    Netlist Resource(s)
  -------------------------------------------------------------------    -------------------
    DSP48E2_X1Y46        DSP_A_B_DATA                 0.000     0.000 r  alu_design_i/alu_0/inst/res0/DSP_A_B_DATA_INST/A2_DATA[26]
                         net (fo=1, routed)           0.000     0.000    alu_design_i/alu_0/inst/res0/DSP_A_B_DATA.A2_DATA<26>
    DSP48E2_X1Y46        DSP_PREADD_DATA (Prop_DSP_PREADD_DATA_DSP48E2_A2_DATA[26]_A2A1[26])
                                                      0.114     0.114 r  alu_design_i/alu_0/inst/res0/DSP_PREADD_DATA_INST/A2A1[26]
                         net (fo=1, routed)           0.000     0.114    alu_design_i/alu_0/inst/res0/DSP_PREADD_DATA.A2A1<26>
    DSP48E2_X1Y46        DSP_MULTIPLIER (Prop_DSP_MULTIPLIER_DSP48E2_A2A1[26]_U[43])
                                                      0.700     0.814 f  alu_design_i/alu_0/inst/res0/DSP_MULTIPLIER_INST/U[43]
                         net (fo=1, routed)           0.000     0.814    alu_design_i/alu_0/inst/res0/DSP_MULTIPLIER.U<43>
    DSP48E2_X1Y46        DSP_M_DATA (Prop_DSP_M_DATA_DSP48E2_U[43]_U_DATA[43])
                                                      0.067     0.881 r  alu_design_i/alu_0/inst/res0/DSP_M_DATA_INST/U_DATA[43]
                         net (fo=1, routed)           0.000     0.881    alu_design_i/alu_0/inst/res0/DSP_M_DATA.U_DATA<43>
    DSP48E2_X1Y46        DSP_ALU (Prop_DSP_ALU_DSP48E2_U_DATA[43]_ALU_OUT[47])
                                                      0.727     1.608 f  alu_design_i/alu_0/inst/res0/DSP_ALU_INST/ALU_OUT[47]
                         net (fo=1, routed)           0.000     1.608    alu_design_i/alu_0/inst/res0/DSP_ALU.ALU_OUT<47>
    DSP48E2_X1Y46        DSP_OUTPUT (Prop_DSP_OUTPUT_DSP48E2_ALU_OUT[47]_PCOUT[47])
                                                      0.167     1.775 r  alu_design_i/alu_0/inst/res0/DSP_OUTPUT_INST/PCOUT[47]
                         net (fo=1, routed)           0.014     1.789    alu_design_i/alu_0/inst/res0__0/PCIN[47]
    DSP48E2_X1Y47        DSP_ALU (Prop_DSP_ALU_DSP48E2_PCIN[47]_ALU_OUT[0])
                                                      0.739     2.528 f  alu_design_i/alu_0/inst/res0__0/DSP_ALU_INST/ALU_OUT[0]
                         net (fo=1, routed)           0.000     2.528    alu_design_i/alu_0/inst/res0__0/DSP_ALU.ALU_OUT<0>
    DSP48E2_X1Y47        DSP_OUTPUT (Prop_DSP_OUTPUT_DSP48E2_ALU_OUT[0]_P[0])
                                                      0.146     2.674 r  alu_design_i/alu_0/inst/res0__0/DSP_OUTPUT_INST/P[0]
                         net (fo=1, routed)           0.309     2.983    alu_design_i/alu_0/inst/res0__0_n_105
    SLICE_X4Y117         LUT2 (Prop_B6LUT_SLICEM_I1_O)
                                                      0.082     3.065 r  alu_design_i/alu_0/inst/res[23]_i_9/O
                         net (fo=1, routed)           0.022     3.087    alu_design_i/alu_0/inst/res[23]_i_9_n_0
    SLICE_X4Y117         CARRY8 (Prop_CARRY8_SLICEM_S[1]_CO[7])
                                                      0.267     3.354 r  alu_design_i/alu_0/inst/res_reg[23]_i_2/CO[7]
                         net (fo=1, routed)           0.030     3.384    alu_design_i/alu_0/inst/res_reg[23]_i_2_n_0
    SLICE_X4Y118         CARRY8 (Prop_CARRY8_SLICEM_CI_O[3])
                                                      0.114     3.498 r  alu_design_i/alu_0/inst/res_reg[31]_i_3/O[3]
                         net (fo=1, routed)           0.256     3.754    alu_design_i/alu_0/inst/res_reg[31]_i_3_n_12
    SLICE_X6Y119         LUT6 (Prop_D6LUT_SLICEL_I0_O)
                                                      0.136     3.890 r  alu_design_i/alu_0/inst/res[27]_i_1/O
                         net (fo=1, routed)           0.067     3.957    alu_design_i/alu_0/inst/res[27]_i_1_n_0
    SLICE_X6Y119         FDRE                                         r  alu_design_i/alu_0/inst/res_reg[27]/D
  -------------------------------------------------------------------    -------------------

                         (clock clk rise edge)        0.000     0.000 r  
    BUFG_PS_X0Y80        BUFG_PS                      0.000     0.000 r  alu_design_i/zynq_ultra_ps_e_0/inst/buffer_pl_clk_0.PL_CLK_0_BUFG/O
    X0Y1 (CLOCK_ROOT)    net (fo=1756, routed)        1.892     1.892    alu_design_i/alu_0/inst/clk
    SLICE_X6Y119         FDRE                                         r  alu_design_i/alu_0/inst/res_reg[27]/C

Slack:                    inf
  Source:                 alu_design_i/alu_0/inst/res0/DSP_A_B_DATA_INST/A2_DATA[26]
                            (internal pin)
  Destination:            alu_design_i/alu_0/inst/res_reg[29]/D
                            (rising edge-triggered cell FDRE clocked by clk  {rise@0.000ns fall@5.000ns period=10.000ns})
  Path Group:             (none)
  Path Type:              Setup (Max at Slow Process Corner)
  Data Path Delay:        3.937ns  (logic 3.228ns (81.991%)  route 0.709ns (18.009%))
  Logic Levels:           11  (CARRY8=2 DSP_ALU=2 DSP_M_DATA=1 DSP_MULTIPLIER=1 DSP_OUTPUT=2 DSP_PREADD_DATA=1 LUT2=1 LUT6=1)
  Clock Uncertainty:      0.127ns  ((TSJ^2 + DJ^2)^1/2) / 2 + PE
    Total System Jitter     (TSJ):    0.050ns
    Discrete Jitter          (DJ):    0.250ns
    Phase Error              (PE):    0.000ns
  Clock Net Delay (Destination): 1.892ns (routing 0.955ns, distribution 0.937ns)

    Location             Delay type                Incr(ns)  Path(ns)    Netlist Resource(s)
  -------------------------------------------------------------------    -------------------
    DSP48E2_X1Y46        DSP_A_B_DATA                 0.000     0.000 r  alu_design_i/alu_0/inst/res0/DSP_A_B_DATA_INST/A2_DATA[26]
                         net (fo=1, routed)           0.000     0.000    alu_design_i/alu_0/inst/res0/DSP_A_B_DATA.A2_DATA<26>
    DSP48E2_X1Y46        DSP_PREADD_DATA (Prop_DSP_PREADD_DATA_DSP48E2_A2_DATA[26]_A2A1[26])
                                                      0.114     0.114 r  alu_design_i/alu_0/inst/res0/DSP_PREADD_DATA_INST/A2A1[26]
                         net (fo=1, routed)           0.000     0.114    alu_design_i/alu_0/inst/res0/DSP_PREADD_DATA.A2A1<26>
    DSP48E2_X1Y46        DSP_MULTIPLIER (Prop_DSP_MULTIPLIER_DSP48E2_A2A1[26]_U[43])
                                                      0.700     0.814 f  alu_design_i/alu_0/inst/res0/DSP_MULTIPLIER_INST/U[43]
                         net (fo=1, routed)           0.000     0.814    alu_design_i/alu_0/inst/res0/DSP_MULTIPLIER.U<43>
    DSP48E2_X1Y46        DSP_M_DATA (Prop_DSP_M_DATA_DSP48E2_U[43]_U_DATA[43])
                                                      0.067     0.881 r  alu_design_i/alu_0/inst/res0/DSP_M_DATA_INST/U_DATA[43]
                         net (fo=1, routed)           0.000     0.881    alu_design_i/alu_0/inst/res0/DSP_M_DATA.U_DATA<43>
    DSP48E2_X1Y46        DSP_ALU (Prop_DSP_ALU_DSP48E2_U_DATA[43]_ALU_OUT[47])
                                                      0.727     1.608 f  alu_design_i/alu_0/inst/res0/DSP_ALU_INST/ALU_OUT[47]
                         net (fo=1, routed)           0.000     1.608    alu_design_i/alu_0/inst/res0/DSP_ALU.ALU_OUT<47>
    DSP48E2_X1Y46        DSP_OUTPUT (Prop_DSP_OUTPUT_DSP48E2_ALU_OUT[47]_PCOUT[47])
                                                      0.167     1.775 r  alu_design_i/alu_0/inst/res0/DSP_OUTPUT_INST/PCOUT[47]
                         net (fo=1, routed)           0.014     1.789    alu_design_i/alu_0/inst/res0__0/PCIN[47]
    DSP48E2_X1Y47        DSP_ALU (Prop_DSP_ALU_DSP48E2_PCIN[47]_ALU_OUT[0])
                                                      0.739     2.528 f  alu_design_i/alu_0/inst/res0__0/DSP_ALU_INST/ALU_OUT[0]
                         net (fo=1, routed)           0.000     2.528    alu_design_i/alu_0/inst/res0__0/DSP_ALU.ALU_OUT<0>
    DSP48E2_X1Y47        DSP_OUTPUT (Prop_DSP_OUTPUT_DSP48E2_ALU_OUT[0]_P[0])
                                                      0.146     2.674 r  alu_design_i/alu_0/inst/res0__0/DSP_OUTPUT_INST/P[0]
                         net (fo=1, routed)           0.309     2.983    alu_design_i/alu_0/inst/res0__0_n_105
    SLICE_X4Y117         LUT2 (Prop_B6LUT_SLICEM_I1_O)
                                                      0.082     3.065 r  alu_design_i/alu_0/inst/res[23]_i_9/O
                         net (fo=1, routed)           0.022     3.087    alu_design_i/alu_0/inst/res[23]_i_9_n_0
    SLICE_X4Y117         CARRY8 (Prop_CARRY8_SLICEM_S[1]_CO[7])
                                                      0.267     3.354 r  alu_design_i/alu_0/inst/res_reg[23]_i_2/CO[7]
                         net (fo=1, routed)           0.030     3.384    alu_design_i/alu_0/inst/res_reg[23]_i_2_n_0
    SLICE_X4Y118         CARRY8 (Prop_CARRY8_SLICEM_CI_O[5])
                                                      0.161     3.545 r  alu_design_i/alu_0/inst/res_reg[31]_i_3/O[5]
                         net (fo=1, routed)           0.267     3.812    alu_design_i/alu_0/inst/res_reg[31]_i_3_n_10
    SLICE_X6Y119         LUT6 (Prop_B6LUT_SLICEL_I0_O)
                                                      0.058     3.870 r  alu_design_i/alu_0/inst/res[29]_i_1/O
                         net (fo=1, routed)           0.067     3.937    alu_design_i/alu_0/inst/res[29]_i_1_n_0
    SLICE_X6Y119         FDRE                                         r  alu_design_i/alu_0/inst/res_reg[29]/D
  -------------------------------------------------------------------    -------------------

                         (clock clk rise edge)        0.000     0.000 r  
    BUFG_PS_X0Y80        BUFG_PS                      0.000     0.000 r  alu_design_i/zynq_ultra_ps_e_0/inst/buffer_pl_clk_0.PL_CLK_0_BUFG/O
    X0Y1 (CLOCK_ROOT)    net (fo=1756, routed)        1.892     1.892    alu_design_i/alu_0/inst/clk
    SLICE_X6Y119         FDRE                                         r  alu_design_i/alu_0/inst/res_reg[29]/C

Slack:                    inf
  Source:                 alu_design_i/alu_0/inst/res0/DSP_A_B_DATA_INST/A2_DATA[26]
                            (internal pin)
  Destination:            alu_design_i/alu_0/inst/res_reg[25]/D
                            (rising edge-triggered cell FDRE clocked by clk  {rise@0.000ns fall@5.000ns period=10.000ns})
  Path Group:             (none)
  Path Type:              Setup (Max at Slow Process Corner)
  Data Path Delay:        3.933ns  (logic 3.195ns (81.236%)  route 0.738ns (18.764%))
  Logic Levels:           11  (CARRY8=2 DSP_ALU=2 DSP_M_DATA=1 DSP_MULTIPLIER=1 DSP_OUTPUT=2 DSP_PREADD_DATA=1 LUT2=1 LUT6=1)
  Clock Uncertainty:      0.127ns  ((TSJ^2 + DJ^2)^1/2) / 2 + PE
    Total System Jitter     (TSJ):    0.050ns
    Discrete Jitter          (DJ):    0.250ns
    Phase Error              (PE):    0.000ns
  Clock Net Delay (Destination): 1.896ns (routing 0.955ns, distribution 0.941ns)

    Location             Delay type                Incr(ns)  Path(ns)    Netlist Resource(s)
  -------------------------------------------------------------------    -------------------
    DSP48E2_X1Y46        DSP_A_B_DATA                 0.000     0.000 r  alu_design_i/alu_0/inst/res0/DSP_A_B_DATA_INST/A2_DATA[26]
                         net (fo=1, routed)           0.000     0.000    alu_design_i/alu_0/inst/res0/DSP_A_B_DATA.A2_DATA<26>
    DSP48E2_X1Y46        DSP_PREADD_DATA (Prop_DSP_PREADD_DATA_DSP48E2_A2_DATA[26]_A2A1[26])
                                                      0.114     0.114 r  alu_design_i/alu_0/inst/res0/DSP_PREADD_DATA_INST/A2A1[26]
                         net (fo=1, routed)           0.000     0.114    alu_design_i/alu_0/inst/res0/DSP_PREADD_DATA.A2A1<26>
    DSP48E2_X1Y46        DSP_MULTIPLIER (Prop_DSP_MULTIPLIER_DSP48E2_A2A1[26]_U[43])
                                                      0.700     0.814 f  alu_design_i/alu_0/inst/res0/DSP_MULTIPLIER_INST/U[43]
                         net (fo=1, routed)           0.000     0.814    alu_design_i/alu_0/inst/res0/DSP_MULTIPLIER.U<43>
    DSP48E2_X1Y46        DSP_M_DATA (Prop_DSP_M_DATA_DSP48E2_U[43]_U_DATA[43])
                                                      0.067     0.881 r  alu_design_i/alu_0/inst/res0/DSP_M_DATA_INST/U_DATA[43]
                         net (fo=1, routed)           0.000     0.881    alu_design_i/alu_0/inst/res0/DSP_M_DATA.U_DATA<43>
    DSP48E2_X1Y46        DSP_ALU (Prop_DSP_ALU_DSP48E2_U_DATA[43]_ALU_OUT[47])
                                                      0.727     1.608 f  alu_design_i/alu_0/inst/res0/DSP_ALU_INST/ALU_OUT[47]
                         net (fo=1, routed)           0.000     1.608    alu_design_i/alu_0/inst/res0/DSP_ALU.ALU_OUT<47>
    DSP48E2_X1Y46        DSP_OUTPUT (Prop_DSP_OUTPUT_DSP48E2_ALU_OUT[47]_PCOUT[47])
                                                      0.167     1.775 r  alu_design_i/alu_0/inst/res0/DSP_OUTPUT_INST/PCOUT[47]
                         net (fo=1, routed)           0.014     1.789    alu_design_i/alu_0/inst/res0__0/PCIN[47]
    DSP48E2_X1Y47        DSP_ALU (Prop_DSP_ALU_DSP48E2_PCIN[47]_ALU_OUT[0])
                                                      0.739     2.528 f  alu_design_i/alu_0/inst/res0__0/DSP_ALU_INST/ALU_OUT[0]
                         net (fo=1, routed)           0.000     2.528    alu_design_i/alu_0/inst/res0__0/DSP_ALU.ALU_OUT<0>
    DSP48E2_X1Y47        DSP_OUTPUT (Prop_DSP_OUTPUT_DSP48E2_ALU_OUT[0]_P[0])
                                                      0.146     2.674 r  alu_design_i/alu_0/inst/res0__0/DSP_OUTPUT_INST/P[0]
                         net (fo=1, routed)           0.309     2.983    alu_design_i/alu_0/inst/res0__0_n_105
    SLICE_X4Y117         LUT2 (Prop_B6LUT_SLICEM_I1_O)
                                                      0.082     3.065 r  alu_design_i/alu_0/inst/res[23]_i_9/O
                         net (fo=1, routed)           0.022     3.087    alu_design_i/alu_0/inst/res[23]_i_9_n_0
    SLICE_X4Y117         CARRY8 (Prop_CARRY8_SLICEM_S[1]_CO[7])
                                                      0.267     3.354 r  alu_design_i/alu_0/inst/res_reg[23]_i_2/CO[7]
                         net (fo=1, routed)           0.030     3.384    alu_design_i/alu_0/inst/res_reg[23]_i_2_n_0
    SLICE_X4Y118         CARRY8 (Prop_CARRY8_SLICEM_CI_O[1])
                                                      0.106     3.490 r  alu_design_i/alu_0/inst/res_reg[31]_i_3/O[1]
                         net (fo=1, routed)           0.268     3.758    alu_design_i/alu_0/inst/res_reg[31]_i_3_n_14
    SLICE_X5Y119         LUT6 (Prop_C6LUT_SLICEM_I0_O)
                                                      0.080     3.838 r  alu_design_i/alu_0/inst/res[25]_i_1/O
                         net (fo=1, routed)           0.095     3.933    alu_design_i/alu_0/inst/res[25]_i_1_n_0
    SLICE_X5Y119         FDRE                                         r  alu_design_i/alu_0/inst/res_reg[25]/D
  -------------------------------------------------------------------    -------------------

                         (clock clk rise edge)        0.000     0.000 r  
    BUFG_PS_X0Y80        BUFG_PS                      0.000     0.000 r  alu_design_i/zynq_ultra_ps_e_0/inst/buffer_pl_clk_0.PL_CLK_0_BUFG/O
    X0Y1 (CLOCK_ROOT)    net (fo=1756, routed)        1.896     1.896    alu_design_i/alu_0/inst/clk
    SLICE_X5Y119         FDRE                                         r  alu_design_i/alu_0/inst/res_reg[25]/C

Slack:                    inf
  Source:                 alu_design_i/alu_0/inst/res0/DSP_A_B_DATA_INST/A2_DATA[26]
                            (internal pin)
  Destination:            alu_design_i/alu_0/inst/res_reg[28]/D
                            (rising edge-triggered cell FDRE clocked by clk  {rise@0.000ns fall@5.000ns period=10.000ns})
  Path Group:             (none)
  Path Type:              Setup (Max at Slow Process Corner)
  Data Path Delay:        3.930ns  (logic 3.278ns (83.410%)  route 0.652ns (16.590%))
  Logic Levels:           11  (CARRY8=2 DSP_ALU=2 DSP_M_DATA=1 DSP_MULTIPLIER=1 DSP_OUTPUT=2 DSP_PREADD_DATA=1 LUT2=1 LUT6=1)
  Clock Uncertainty:      0.127ns  ((TSJ^2 + DJ^2)^1/2) / 2 + PE
    Total System Jitter     (TSJ):    0.050ns
    Discrete Jitter          (DJ):    0.250ns
    Phase Error              (PE):    0.000ns
  Clock Net Delay (Destination): 1.892ns (routing 0.955ns, distribution 0.937ns)

    Location             Delay type                Incr(ns)  Path(ns)    Netlist Resource(s)
  -------------------------------------------------------------------    -------------------
    DSP48E2_X1Y46        DSP_A_B_DATA                 0.000     0.000 r  alu_design_i/alu_0/inst/res0/DSP_A_B_DATA_INST/A2_DATA[26]
                         net (fo=1, routed)           0.000     0.000    alu_design_i/alu_0/inst/res0/DSP_A_B_DATA.A2_DATA<26>
    DSP48E2_X1Y46        DSP_PREADD_DATA (Prop_DSP_PREADD_DATA_DSP48E2_A2_DATA[26]_A2A1[26])
                                                      0.114     0.114 r  alu_design_i/alu_0/inst/res0/DSP_PREADD_DATA_INST/A2A1[26]
                         net (fo=1, routed)           0.000     0.114    alu_design_i/alu_0/inst/res0/DSP_PREADD_DATA.A2A1<26>
    DSP48E2_X1Y46        DSP_MULTIPLIER (Prop_DSP_MULTIPLIER_DSP48E2_A2A1[26]_U[43])
                                                      0.700     0.814 f  alu_design_i/alu_0/inst/res0/DSP_MULTIPLIER_INST/U[43]
                         net (fo=1, routed)           0.000     0.814    alu_design_i/alu_0/inst/res0/DSP_MULTIPLIER.U<43>
    DSP48E2_X1Y46        DSP_M_DATA (Prop_DSP_M_DATA_DSP48E2_U[43]_U_DATA[43])
                                                      0.067     0.881 r  alu_design_i/alu_0/inst/res0/DSP_M_DATA_INST/U_DATA[43]
                         net (fo=1, routed)           0.000     0.881    alu_design_i/alu_0/inst/res0/DSP_M_DATA.U_DATA<43>
    DSP48E2_X1Y46        DSP_ALU (Prop_DSP_ALU_DSP48E2_U_DATA[43]_ALU_OUT[47])
                                                      0.727     1.608 f  alu_design_i/alu_0/inst/res0/DSP_ALU_INST/ALU_OUT[47]
                         net (fo=1, routed)           0.000     1.608    alu_design_i/alu_0/inst/res0/DSP_ALU.ALU_OUT<47>
    DSP48E2_X1Y46        DSP_OUTPUT (Prop_DSP_OUTPUT_DSP48E2_ALU_OUT[47]_PCOUT[47])
                                                      0.167     1.775 r  alu_design_i/alu_0/inst/res0/DSP_OUTPUT_INST/PCOUT[47]
                         net (fo=1, routed)           0.014     1.789    alu_design_i/alu_0/inst/res0__0/PCIN[47]
    DSP48E2_X1Y47        DSP_ALU (Prop_DSP_ALU_DSP48E2_PCIN[47]_ALU_OUT[0])
                                                      0.739     2.528 f  alu_design_i/alu_0/inst/res0__0/DSP_ALU_INST/ALU_OUT[0]
                         net (fo=1, routed)           0.000     2.528    alu_design_i/alu_0/inst/res0__0/DSP_ALU.ALU_OUT<0>
    DSP48E2_X1Y47        DSP_OUTPUT (Prop_DSP_OUTPUT_DSP48E2_ALU_OUT[0]_P[0])
                                                      0.146     2.674 r  alu_design_i/alu_0/inst/res0__0/DSP_OUTPUT_INST/P[0]
                         net (fo=1, routed)           0.309     2.983    alu_design_i/alu_0/inst/res0__0_n_105
    SLICE_X4Y117         LUT2 (Prop_B6LUT_SLICEM_I1_O)
                                                      0.082     3.065 r  alu_design_i/alu_0/inst/res[23]_i_9/O
                         net (fo=1, routed)           0.022     3.087    alu_design_i/alu_0/inst/res[23]_i_9_n_0
    SLICE_X4Y117         CARRY8 (Prop_CARRY8_SLICEM_S[1]_CO[7])
                                                      0.267     3.354 r  alu_design_i/alu_0/inst/res_reg[23]_i_2/CO[7]
                         net (fo=1, routed)           0.030     3.384    alu_design_i/alu_0/inst/res_reg[23]_i_2_n_0
    SLICE_X4Y118         CARRY8 (Prop_CARRY8_SLICEM_CI_O[4])
                                                      0.119     3.503 r  alu_design_i/alu_0/inst/res_reg[31]_i_3/O[4]
                         net (fo=1, routed)           0.208     3.711    alu_design_i/alu_0/inst/res_reg[31]_i_3_n_11
    SLICE_X6Y119         LUT6 (Prop_C6LUT_SLICEL_I0_O)
                                                      0.150     3.861 r  alu_design_i/alu_0/inst/res[28]_i_1/O
                         net (fo=1, routed)           0.069     3.930    alu_design_i/alu_0/inst/res[28]_i_1_n_0
    SLICE_X6Y119         FDRE                                         r  alu_design_i/alu_0/inst/res_reg[28]/D
  -------------------------------------------------------------------    -------------------

                         (clock clk rise edge)        0.000     0.000 r  
    BUFG_PS_X0Y80        BUFG_PS                      0.000     0.000 r  alu_design_i/zynq_ultra_ps_e_0/inst/buffer_pl_clk_0.PL_CLK_0_BUFG/O
    X0Y1 (CLOCK_ROOT)    net (fo=1756, routed)        1.892     1.892    alu_design_i/alu_0/inst/clk
    SLICE_X6Y119         FDRE                                         r  alu_design_i/alu_0/inst/res_reg[28]/C

Slack:                    inf
  Source:                 alu_design_i/alu_0/inst/res0/DSP_A_B_DATA_INST/A2_DATA[26]
                            (internal pin)
  Destination:            alu_design_i/alu_0/inst/res_reg[21]/D
                            (rising edge-triggered cell FDRE clocked by clk  {rise@0.000ns fall@5.000ns period=10.000ns})
  Path Group:             (none)
  Path Type:              Setup (Max at Slow Process Corner)
  Data Path Delay:        3.926ns  (logic 3.224ns (82.119%)  route 0.702ns (17.881%))
  Logic Levels:           10  (CARRY8=1 DSP_ALU=2 DSP_M_DATA=1 DSP_MULTIPLIER=1 DSP_OUTPUT=2 DSP_PREADD_DATA=1 LUT2=1 LUT6=1)
  Clock Uncertainty:      0.127ns  ((TSJ^2 + DJ^2)^1/2) / 2 + PE
    Total System Jitter     (TSJ):    0.050ns
    Discrete Jitter          (DJ):    0.250ns
    Phase Error              (PE):    0.000ns
  Clock Net Delay (Destination): 1.944ns (routing 0.955ns, distribution 0.989ns)

    Location             Delay type                Incr(ns)  Path(ns)    Netlist Resource(s)
  -------------------------------------------------------------------    -------------------
    DSP48E2_X1Y46        DSP_A_B_DATA                 0.000     0.000 r  alu_design_i/alu_0/inst/res0/DSP_A_B_DATA_INST/A2_DATA[26]
                         net (fo=1, routed)           0.000     0.000    alu_design_i/alu_0/inst/res0/DSP_A_B_DATA.A2_DATA<26>
    DSP48E2_X1Y46        DSP_PREADD_DATA (Prop_DSP_PREADD_DATA_DSP48E2_A2_DATA[26]_A2A1[26])
                                                      0.114     0.114 r  alu_design_i/alu_0/inst/res0/DSP_PREADD_DATA_INST/A2A1[26]
                         net (fo=1, routed)           0.000     0.114    alu_design_i/alu_0/inst/res0/DSP_PREADD_DATA.A2A1<26>
    DSP48E2_X1Y46        DSP_MULTIPLIER (Prop_DSP_MULTIPLIER_DSP48E2_A2A1[26]_U[43])
                                                      0.700     0.814 f  alu_design_i/alu_0/inst/res0/DSP_MULTIPLIER_INST/U[43]
                         net (fo=1, routed)           0.000     0.814    alu_design_i/alu_0/inst/res0/DSP_MULTIPLIER.U<43>
    DSP48E2_X1Y46        DSP_M_DATA (Prop_DSP_M_DATA_DSP48E2_U[43]_U_DATA[43])
                                                      0.067     0.881 r  alu_design_i/alu_0/inst/res0/DSP_M_DATA_INST/U_DATA[43]
                         net (fo=1, routed)           0.000     0.881    alu_design_i/alu_0/inst/res0/DSP_M_DATA.U_DATA<43>
    DSP48E2_X1Y46        DSP_ALU (Prop_DSP_ALU_DSP48E2_U_DATA[43]_ALU_OUT[47])
                                                      0.727     1.608 f  alu_design_i/alu_0/inst/res0/DSP_ALU_INST/ALU_OUT[47]
                         net (fo=1, routed)           0.000     1.608    alu_design_i/alu_0/inst/res0/DSP_ALU.ALU_OUT<47>
    DSP48E2_X1Y46        DSP_OUTPUT (Prop_DSP_OUTPUT_DSP48E2_ALU_OUT[47]_PCOUT[47])
                                                      0.167     1.775 r  alu_design_i/alu_0/inst/res0/DSP_OUTPUT_INST/PCOUT[47]
                         net (fo=1, routed)           0.014     1.789    alu_design_i/alu_0/inst/res0__0/PCIN[47]
    DSP48E2_X1Y47        DSP_ALU (Prop_DSP_ALU_DSP48E2_PCIN[47]_ALU_OUT[0])
                                                      0.739     2.528 f  alu_design_i/alu_0/inst/res0__0/DSP_ALU_INST/ALU_OUT[0]
                         net (fo=1, routed)           0.000     2.528    alu_design_i/alu_0/inst/res0__0/DSP_ALU.ALU_OUT<0>
    DSP48E2_X1Y47        DSP_OUTPUT (Prop_DSP_OUTPUT_DSP48E2_ALU_OUT[0]_P[0])
                                                      0.146     2.674 r  alu_design_i/alu_0/inst/res0__0/DSP_OUTPUT_INST/P[0]
                         net (fo=1, routed)           0.309     2.983    alu_design_i/alu_0/inst/res0__0_n_105
    SLICE_X4Y117         LUT2 (Prop_B6LUT_SLICEM_I1_O)
                                                      0.082     3.065 r  alu_design_i/alu_0/inst/res[23]_i_9/O
                         net (fo=1, routed)           0.022     3.087    alu_design_i/alu_0/inst/res[23]_i_9_n_0
    SLICE_X4Y117         CARRY8 (Prop_CARRY8_SLICEM_S[1]_O[5])
                                                      0.333     3.420 r  alu_design_i/alu_0/inst/res_reg[23]_i_2/O[5]
                         net (fo=1, routed)           0.262     3.682    alu_design_i/alu_0/inst/res_reg[23]_i_2_n_10
    SLICE_X4Y121         LUT6 (Prop_C6LUT_SLICEM_I0_O)
                                                      0.149     3.831 r  alu_design_i/alu_0/inst/res[21]_i_1/O
                         net (fo=1, routed)           0.095     3.926    alu_design_i/alu_0/inst/res[21]_i_1_n_0
    SLICE_X4Y121         FDRE                                         r  alu_design_i/alu_0/inst/res_reg[21]/D
  -------------------------------------------------------------------    -------------------

                         (clock clk rise edge)        0.000     0.000 r  
    BUFG_PS_X0Y80        BUFG_PS                      0.000     0.000 r  alu_design_i/zynq_ultra_ps_e_0/inst/buffer_pl_clk_0.PL_CLK_0_BUFG/O
    X0Y1 (CLOCK_ROOT)    net (fo=1756, routed)        1.944     1.944    alu_design_i/alu_0/inst/clk
    SLICE_X4Y121         FDRE                                         r  alu_design_i/alu_0/inst/res_reg[21]/C

Slack:                    inf
  Source:                 alu_design_i/alu_0/inst/res0/DSP_A_B_DATA_INST/A2_DATA[26]
                            (internal pin)
  Destination:            alu_design_i/alu_0/inst/res_reg[30]/D
                            (rising edge-triggered cell FDRE clocked by clk  {rise@0.000ns fall@5.000ns period=10.000ns})
  Path Group:             (none)
  Path Type:              Setup (Max at Slow Process Corner)
  Data Path Delay:        3.904ns  (logic 3.247ns (83.171%)  route 0.657ns (16.829%))
  Logic Levels:           11  (CARRY8=2 DSP_ALU=2 DSP_M_DATA=1 DSP_MULTIPLIER=1 DSP_OUTPUT=2 DSP_PREADD_DATA=1 LUT2=1 LUT6=1)
  Clock Uncertainty:      0.127ns  ((TSJ^2 + DJ^2)^1/2) / 2 + PE
    Total System Jitter     (TSJ):    0.050ns
    Discrete Jitter          (DJ):    0.250ns
    Phase Error              (PE):    0.000ns
  Clock Net Delay (Destination): 1.892ns (routing 0.955ns, distribution 0.937ns)

    Location             Delay type                Incr(ns)  Path(ns)    Netlist Resource(s)
  -------------------------------------------------------------------    -------------------
    DSP48E2_X1Y46        DSP_A_B_DATA                 0.000     0.000 r  alu_design_i/alu_0/inst/res0/DSP_A_B_DATA_INST/A2_DATA[26]
                         net (fo=1, routed)           0.000     0.000    alu_design_i/alu_0/inst/res0/DSP_A_B_DATA.A2_DATA<26>
    DSP48E2_X1Y46        DSP_PREADD_DATA (Prop_DSP_PREADD_DATA_DSP48E2_A2_DATA[26]_A2A1[26])
                                                      0.114     0.114 r  alu_design_i/alu_0/inst/res0/DSP_PREADD_DATA_INST/A2A1[26]
                         net (fo=1, routed)           0.000     0.114    alu_design_i/alu_0/inst/res0/DSP_PREADD_DATA.A2A1<26>
    DSP48E2_X1Y46        DSP_MULTIPLIER (Prop_DSP_MULTIPLIER_DSP48E2_A2A1[26]_U[43])
                                                      0.700     0.814 f  alu_design_i/alu_0/inst/res0/DSP_MULTIPLIER_INST/U[43]
                         net (fo=1, routed)           0.000     0.814    alu_design_i/alu_0/inst/res0/DSP_MULTIPLIER.U<43>
    DSP48E2_X1Y46        DSP_M_DATA (Prop_DSP_M_DATA_DSP48E2_U[43]_U_DATA[43])
                                                      0.067     0.881 r  alu_design_i/alu_0/inst/res0/DSP_M_DATA_INST/U_DATA[43]
                         net (fo=1, routed)           0.000     0.881    alu_design_i/alu_0/inst/res0/DSP_M_DATA.U_DATA<43>
    DSP48E2_X1Y46        DSP_ALU (Prop_DSP_ALU_DSP48E2_U_DATA[43]_ALU_OUT[47])
                                                      0.727     1.608 f  alu_design_i/alu_0/inst/res0/DSP_ALU_INST/ALU_OUT[47]
                         net (fo=1, routed)           0.000     1.608    alu_design_i/alu_0/inst/res0/DSP_ALU.ALU_OUT<47>
    DSP48E2_X1Y46        DSP_OUTPUT (Prop_DSP_OUTPUT_DSP48E2_ALU_OUT[47]_PCOUT[47])
                                                      0.167     1.775 r  alu_design_i/alu_0/inst/res0/DSP_OUTPUT_INST/PCOUT[47]
                         net (fo=1, routed)           0.014     1.789    alu_design_i/alu_0/inst/res0__0/PCIN[47]
    DSP48E2_X1Y47        DSP_ALU (Prop_DSP_ALU_DSP48E2_PCIN[47]_ALU_OUT[0])
                                                      0.739     2.528 f  alu_design_i/alu_0/inst/res0__0/DSP_ALU_INST/ALU_OUT[0]
                         net (fo=1, routed)           0.000     2.528    alu_design_i/alu_0/inst/res0__0/DSP_ALU.ALU_OUT<0>
    DSP48E2_X1Y47        DSP_OUTPUT (Prop_DSP_OUTPUT_DSP48E2_ALU_OUT[0]_P[0])
                                                      0.146     2.674 r  alu_design_i/alu_0/inst/res0__0/DSP_OUTPUT_INST/P[0]
                         net (fo=1, routed)           0.309     2.983    alu_design_i/alu_0/inst/res0__0_n_105
    SLICE_X4Y117         LUT2 (Prop_B6LUT_SLICEM_I1_O)
                                                      0.082     3.065 r  alu_design_i/alu_0/inst/res[23]_i_9/O
                         net (fo=1, routed)           0.022     3.087    alu_design_i/alu_0/inst/res[23]_i_9_n_0
    SLICE_X4Y117         CARRY8 (Prop_CARRY8_SLICEM_S[1]_CO[7])
                                                      0.267     3.354 r  alu_design_i/alu_0/inst/res_reg[23]_i_2/CO[7]
                         net (fo=1, routed)           0.030     3.384    alu_design_i/alu_0/inst/res_reg[23]_i_2_n_0
    SLICE_X4Y118         CARRY8 (Prop_CARRY8_SLICEM_CI_O[6])
                                                      0.157     3.541 r  alu_design_i/alu_0/inst/res_reg[31]_i_3/O[6]
                         net (fo=1, routed)           0.213     3.754    alu_design_i/alu_0/inst/res_reg[31]_i_3_n_9
    SLICE_X6Y118         LUT6 (Prop_C6LUT_SLICEL_I0_O)
                                                      0.081     3.835 r  alu_design_i/alu_0/inst/res[30]_i_1/O
                         net (fo=1, routed)           0.069     3.904    alu_design_i/alu_0/inst/res[30]_i_1_n_0
    SLICE_X6Y118         FDRE                                         r  alu_design_i/alu_0/inst/res_reg[30]/D
  -------------------------------------------------------------------    -------------------

                         (clock clk rise edge)        0.000     0.000 r  
    BUFG_PS_X0Y80        BUFG_PS                      0.000     0.000 r  alu_design_i/zynq_ultra_ps_e_0/inst/buffer_pl_clk_0.PL_CLK_0_BUFG/O
    X0Y1 (CLOCK_ROOT)    net (fo=1756, routed)        1.892     1.892    alu_design_i/alu_0/inst/clk
    SLICE_X6Y118         FDRE                                         r  alu_design_i/alu_0/inst/res_reg[30]/C

Slack:                    inf
  Source:                 alu_design_i/alu_0/inst/res0/DSP_A_B_DATA_INST/A2_DATA[26]
                            (internal pin)
  Destination:            alu_design_i/alu_0/inst/res_reg[26]/D
                            (rising edge-triggered cell FDRE clocked by clk  {rise@0.000ns fall@5.000ns period=10.000ns})
  Path Group:             (none)
  Path Type:              Setup (Max at Slow Process Corner)
  Data Path Delay:        3.887ns  (logic 3.159ns (81.271%)  route 0.728ns (18.729%))
  Logic Levels:           11  (CARRY8=2 DSP_ALU=2 DSP_M_DATA=1 DSP_MULTIPLIER=1 DSP_OUTPUT=2 DSP_PREADD_DATA=1 LUT2=1 LUT6=1)
  Clock Uncertainty:      0.127ns  ((TSJ^2 + DJ^2)^1/2) / 2 + PE
    Total System Jitter     (TSJ):    0.050ns
    Discrete Jitter          (DJ):    0.250ns
    Phase Error              (PE):    0.000ns
  Clock Net Delay (Destination): 1.896ns (routing 0.955ns, distribution 0.941ns)

    Location             Delay type                Incr(ns)  Path(ns)    Netlist Resource(s)
  -------------------------------------------------------------------    -------------------
    DSP48E2_X1Y46        DSP_A_B_DATA                 0.000     0.000 r  alu_design_i/alu_0/inst/res0/DSP_A_B_DATA_INST/A2_DATA[26]
                         net (fo=1, routed)           0.000     0.000    alu_design_i/alu_0/inst/res0/DSP_A_B_DATA.A2_DATA<26>
    DSP48E2_X1Y46        DSP_PREADD_DATA (Prop_DSP_PREADD_DATA_DSP48E2_A2_DATA[26]_A2A1[26])
                                                      0.114     0.114 r  alu_design_i/alu_0/inst/res0/DSP_PREADD_DATA_INST/A2A1[26]
                         net (fo=1, routed)           0.000     0.114    alu_design_i/alu_0/inst/res0/DSP_PREADD_DATA.A2A1<26>
    DSP48E2_X1Y46        DSP_MULTIPLIER (Prop_DSP_MULTIPLIER_DSP48E2_A2A1[26]_U[43])
                                                      0.700     0.814 f  alu_design_i/alu_0/inst/res0/DSP_MULTIPLIER_INST/U[43]
                         net (fo=1, routed)           0.000     0.814    alu_design_i/alu_0/inst/res0/DSP_MULTIPLIER.U<43>
    DSP48E2_X1Y46        DSP_M_DATA (Prop_DSP_M_DATA_DSP48E2_U[43]_U_DATA[43])
                                                      0.067     0.881 r  alu_design_i/alu_0/inst/res0/DSP_M_DATA_INST/U_DATA[43]
                         net (fo=1, routed)           0.000     0.881    alu_design_i/alu_0/inst/res0/DSP_M_DATA.U_DATA<43>
    DSP48E2_X1Y46        DSP_ALU (Prop_DSP_ALU_DSP48E2_U_DATA[43]_ALU_OUT[47])
                                                      0.727     1.608 f  alu_design_i/alu_0/inst/res0/DSP_ALU_INST/ALU_OUT[47]
                         net (fo=1, routed)           0.000     1.608    alu_design_i/alu_0/inst/res0/DSP_ALU.ALU_OUT<47>
    DSP48E2_X1Y46        DSP_OUTPUT (Prop_DSP_OUTPUT_DSP48E2_ALU_OUT[47]_PCOUT[47])
                                                      0.167     1.775 r  alu_design_i/alu_0/inst/res0/DSP_OUTPUT_INST/PCOUT[47]
                         net (fo=1, routed)           0.014     1.789    alu_design_i/alu_0/inst/res0__0/PCIN[47]
    DSP48E2_X1Y47        DSP_ALU (Prop_DSP_ALU_DSP48E2_PCIN[47]_ALU_OUT[0])
                                                      0.739     2.528 f  alu_design_i/alu_0/inst/res0__0/DSP_ALU_INST/ALU_OUT[0]
                         net (fo=1, routed)           0.000     2.528    alu_design_i/alu_0/inst/res0__0/DSP_ALU.ALU_OUT<0>
    DSP48E2_X1Y47        DSP_OUTPUT (Prop_DSP_OUTPUT_DSP48E2_ALU_OUT[0]_P[0])
                                                      0.146     2.674 r  alu_design_i/alu_0/inst/res0__0/DSP_OUTPUT_INST/P[0]
                         net (fo=1, routed)           0.309     2.983    alu_design_i/alu_0/inst/res0__0_n_105
    SLICE_X4Y117         LUT2 (Prop_B6LUT_SLICEM_I1_O)
                                                      0.082     3.065 r  alu_design_i/alu_0/inst/res[23]_i_9/O
                         net (fo=1, routed)           0.022     3.087    alu_design_i/alu_0/inst/res[23]_i_9_n_0
    SLICE_X4Y117         CARRY8 (Prop_CARRY8_SLICEM_S[1]_CO[7])
                                                      0.267     3.354 r  alu_design_i/alu_0/inst/res_reg[23]_i_2/CO[7]
                         net (fo=1, routed)           0.030     3.384    alu_design_i/alu_0/inst/res_reg[23]_i_2_n_0
    SLICE_X4Y118         CARRY8 (Prop_CARRY8_SLICEM_CI_O[2])
                                                      0.093     3.477 r  alu_design_i/alu_0/inst/res_reg[31]_i_3/O[2]
                         net (fo=1, routed)           0.272     3.749    alu_design_i/alu_0/inst/res_reg[31]_i_3_n_13
    SLICE_X5Y118         LUT6 (Prop_B6LUT_SLICEM_I0_O)
                                                      0.057     3.806 r  alu_design_i/alu_0/inst/res[26]_i_1/O
                         net (fo=1, routed)           0.081     3.887    alu_design_i/alu_0/inst/res[26]_i_1_n_0
    SLICE_X5Y118         FDRE                                         r  alu_design_i/alu_0/inst/res_reg[26]/D
  -------------------------------------------------------------------    -------------------

                         (clock clk rise edge)        0.000     0.000 r  
    BUFG_PS_X0Y80        BUFG_PS                      0.000     0.000 r  alu_design_i/zynq_ultra_ps_e_0/inst/buffer_pl_clk_0.PL_CLK_0_BUFG/O
    X0Y1 (CLOCK_ROOT)    net (fo=1756, routed)        1.896     1.896    alu_design_i/alu_0/inst/clk
    SLICE_X5Y118         FDRE                                         r  alu_design_i/alu_0/inst/res_reg[26]/C

Slack:                    inf
  Source:                 alu_design_i/alu_0/inst/res0/DSP_A_B_DATA_INST/A2_DATA[26]
                            (internal pin)
  Destination:            alu_design_i/alu_0/inst/res_reg[23]/D
                            (rising edge-triggered cell FDRE clocked by clk  {rise@0.000ns fall@5.000ns period=10.000ns})
  Path Group:             (none)
  Path Type:              Setup (Max at Slow Process Corner)
  Data Path Delay:        3.859ns  (logic 3.228ns (83.649%)  route 0.631ns (16.351%))
  Logic Levels:           10  (CARRY8=1 DSP_ALU=2 DSP_M_DATA=1 DSP_MULTIPLIER=1 DSP_OUTPUT=2 DSP_PREADD_DATA=1 LUT2=1 LUT6=1)
  Clock Uncertainty:      0.127ns  ((TSJ^2 + DJ^2)^1/2) / 2 + PE
    Total System Jitter     (TSJ):    0.050ns
    Discrete Jitter          (DJ):    0.250ns
    Phase Error              (PE):    0.000ns
  Clock Net Delay (Destination): 1.938ns (routing 0.955ns, distribution 0.983ns)

    Location             Delay type                Incr(ns)  Path(ns)    Netlist Resource(s)
  -------------------------------------------------------------------    -------------------
    DSP48E2_X1Y46        DSP_A_B_DATA                 0.000     0.000 r  alu_design_i/alu_0/inst/res0/DSP_A_B_DATA_INST/A2_DATA[26]
                         net (fo=1, routed)           0.000     0.000    alu_design_i/alu_0/inst/res0/DSP_A_B_DATA.A2_DATA<26>
    DSP48E2_X1Y46        DSP_PREADD_DATA (Prop_DSP_PREADD_DATA_DSP48E2_A2_DATA[26]_A2A1[26])
                                                      0.114     0.114 r  alu_design_i/alu_0/inst/res0/DSP_PREADD_DATA_INST/A2A1[26]
                         net (fo=1, routed)           0.000     0.114    alu_design_i/alu_0/inst/res0/DSP_PREADD_DATA.A2A1<26>
    DSP48E2_X1Y46        DSP_MULTIPLIER (Prop_DSP_MULTIPLIER_DSP48E2_A2A1[26]_U[43])
                                                      0.700     0.814 f  alu_design_i/alu_0/inst/res0/DSP_MULTIPLIER_INST/U[43]
                         net (fo=1, routed)           0.000     0.814    alu_design_i/alu_0/inst/res0/DSP_MULTIPLIER.U<43>
    DSP48E2_X1Y46        DSP_M_DATA (Prop_DSP_M_DATA_DSP48E2_U[43]_U_DATA[43])
                                                      0.067     0.881 r  alu_design_i/alu_0/inst/res0/DSP_M_DATA_INST/U_DATA[43]
                         net (fo=1, routed)           0.000     0.881    alu_design_i/alu_0/inst/res0/DSP_M_DATA.U_DATA<43>
    DSP48E2_X1Y46        DSP_ALU (Prop_DSP_ALU_DSP48E2_U_DATA[43]_ALU_OUT[47])
                                                      0.727     1.608 f  alu_design_i/alu_0/inst/res0/DSP_ALU_INST/ALU_OUT[47]
                         net (fo=1, routed)           0.000     1.608    alu_design_i/alu_0/inst/res0/DSP_ALU.ALU_OUT<47>
    DSP48E2_X1Y46        DSP_OUTPUT (Prop_DSP_OUTPUT_DSP48E2_ALU_OUT[47]_PCOUT[47])
                                                      0.167     1.775 r  alu_design_i/alu_0/inst/res0/DSP_OUTPUT_INST/PCOUT[47]
                         net (fo=1, routed)           0.014     1.789    alu_design_i/alu_0/inst/res0__0/PCIN[47]
    DSP48E2_X1Y47        DSP_ALU (Prop_DSP_ALU_DSP48E2_PCIN[47]_ALU_OUT[0])
                                                      0.739     2.528 f  alu_design_i/alu_0/inst/res0__0/DSP_ALU_INST/ALU_OUT[0]
                         net (fo=1, routed)           0.000     2.528    alu_design_i/alu_0/inst/res0__0/DSP_ALU.ALU_OUT<0>
    DSP48E2_X1Y47        DSP_OUTPUT (Prop_DSP_OUTPUT_DSP48E2_ALU_OUT[0]_P[0])
                                                      0.146     2.674 r  alu_design_i/alu_0/inst/res0__0/DSP_OUTPUT_INST/P[0]
                         net (fo=1, routed)           0.309     2.983    alu_design_i/alu_0/inst/res0__0_n_105
    SLICE_X4Y117         LUT2 (Prop_B6LUT_SLICEM_I1_O)
                                                      0.082     3.065 r  alu_design_i/alu_0/inst/res[23]_i_9/O
                         net (fo=1, routed)           0.022     3.087    alu_design_i/alu_0/inst/res[23]_i_9_n_0
    SLICE_X4Y117         CARRY8 (Prop_CARRY8_SLICEM_S[1]_O[7])
                                                      0.334     3.421 r  alu_design_i/alu_0/inst/res_reg[23]_i_2/O[7]
                         net (fo=1, routed)           0.205     3.626    alu_design_i/alu_0/inst/res_reg[23]_i_2_n_8
    SLICE_X4Y120         LUT6 (Prop_B6LUT_SLICEM_I0_O)
                                                      0.152     3.778 r  alu_design_i/alu_0/inst/res[23]_i_1/O
                         net (fo=1, routed)           0.081     3.859    alu_design_i/alu_0/inst/res[23]_i_1_n_0
    SLICE_X4Y120         FDRE                                         r  alu_design_i/alu_0/inst/res_reg[23]/D
  -------------------------------------------------------------------    -------------------

                         (clock clk rise edge)        0.000     0.000 r  
    BUFG_PS_X0Y80        BUFG_PS                      0.000     0.000 r  alu_design_i/zynq_ultra_ps_e_0/inst/buffer_pl_clk_0.PL_CLK_0_BUFG/O
    X0Y1 (CLOCK_ROOT)    net (fo=1756, routed)        1.938     1.938    alu_design_i/alu_0/inst/clk
    SLICE_X4Y120         FDRE                                         r  alu_design_i/alu_0/inst/res_reg[23]/C





Min Delay Paths
--------------------------------------------------------------------------------------
Slack:                    inf
  Source:                 alu_design_i/alu_0/inst/res0__1/DSP_A_B_DATA_INST/B2_DATA[15]
                            (internal pin)
  Destination:            alu_design_i/alu_0/inst/res_reg[31]/D
                            (rising edge-triggered cell FDRE clocked by clk  {rise@0.000ns fall@5.000ns period=10.000ns})
  Path Group:             (none)
  Path Type:              Hold (Min at Fast Process Corner)
  Data Path Delay:        0.644ns  (logic 0.430ns (66.770%)  route 0.214ns (33.230%))
  Logic Levels:           8  (CARRY8=1 DSP_ALU=1 DSP_M_DATA=1 DSP_MULTIPLIER=1 DSP_OUTPUT=1 DSP_PREADD_DATA=1 LUT2=1 LUT6=1)
  Clock Uncertainty:      0.127ns  ((TSJ^2 + DJ^2)^1/2) / 2 + PE
    Total System Jitter     (TSJ):    0.050ns
    Discrete Jitter          (DJ):    0.250ns
    Phase Error              (PE):    0.000ns
  Clock Net Delay (Destination): 1.257ns (routing 0.623ns, distribution 0.634ns)

    Location             Delay type                Incr(ns)  Path(ns)    Netlist Resource(s)
  -------------------------------------------------------------------    -------------------
    DSP48E2_X1Y48        DSP_A_B_DATA                 0.000     0.000 r  alu_design_i/alu_0/inst/res0__1/DSP_A_B_DATA_INST/B2_DATA[15]
                         net (fo=1, routed)           0.000     0.000    alu_design_i/alu_0/inst/res0__1/DSP_A_B_DATA.B2_DATA<15>
    DSP48E2_X1Y48        DSP_PREADD_DATA (Prop_DSP_PREADD_DATA_DSP48E2_B2_DATA[15]_B2B1[15])
                                                      0.022     0.022 r  alu_design_i/alu_0/inst/res0__1/DSP_PREADD_DATA_INST/B2B1[15]
                         net (fo=1, routed)           0.000     0.022    alu_design_i/alu_0/inst/res0__1/DSP_PREADD_DATA.B2B1<15>
    DSP48E2_X1Y48        DSP_MULTIPLIER (Prop_DSP_MULTIPLIER_DSP48E2_B2B1[15]_V[14])
                                                      0.089     0.111 f  alu_design_i/alu_0/inst/res0__1/DSP_MULTIPLIER_INST/V[14]
                         net (fo=1, routed)           0.000     0.111    alu_design_i/alu_0/inst/res0__1/DSP_MULTIPLIER.V<14>
    DSP48E2_X1Y48        DSP_M_DATA (Prop_DSP_M_DATA_DSP48E2_V[14]_V_DATA[14])
                                                      0.013     0.124 r  alu_design_i/alu_0/inst/res0__1/DSP_M_DATA_INST/V_DATA[14]
                         net (fo=1, routed)           0.000     0.124    alu_design_i/alu_0/inst/res0__1/DSP_M_DATA.V_DATA<14>
    DSP48E2_X1Y48        DSP_ALU (Prop_DSP_ALU_DSP48E2_V_DATA[14]_ALU_OUT[14])
                                                      0.124     0.248 f  alu_design_i/alu_0/inst/res0__1/DSP_ALU_INST/ALU_OUT[14]
                         net (fo=1, routed)           0.000     0.248    alu_design_i/alu_0/inst/res0__1/DSP_ALU.ALU_OUT<14>
    DSP48E2_X1Y48        DSP_OUTPUT (Prop_DSP_OUTPUT_DSP48E2_ALU_OUT[14]_P[14])
                                                      0.033     0.281 r  alu_design_i/alu_0/inst/res0__1/DSP_OUTPUT_INST/P[14]
                         net (fo=1, routed)           0.093     0.374    alu_design_i/alu_0/inst/res0__1_n_91
    SLICE_X4Y118         LUT2 (Prop_H6LUT_SLICEM_I0_O)
                                                      0.038     0.412 r  alu_design_i/alu_0/inst/res[31]_i_7/O
                         net (fo=1, routed)           0.013     0.425    alu_design_i/alu_0/inst/res[31]_i_7_n_0
    SLICE_X4Y118         CARRY8 (Prop_CARRY8_SLICEM_S[7]_O[7])
                                                      0.021     0.446 r  alu_design_i/alu_0/inst/res_reg[31]_i_3/O[7]
                         net (fo=1, routed)           0.091     0.537    alu_design_i/alu_0/inst/res_reg[31]_i_3_n_8
    SLICE_X6Y118         LUT6 (Prop_B6LUT_SLICEL_I0_O)
                                                      0.090     0.627 r  alu_design_i/alu_0/inst/res[31]_i_2/O
                         net (fo=1, routed)           0.017     0.644    alu_design_i/alu_0/inst/res[31]_i_2_n_0
    SLICE_X6Y118         FDRE                                         r  alu_design_i/alu_0/inst/res_reg[31]/D
  -------------------------------------------------------------------    -------------------

                         (clock clk rise edge)        0.000     0.000 r  
    BUFG_PS_X0Y80        BUFG_PS                      0.000     0.000 r  alu_design_i/zynq_ultra_ps_e_0/inst/buffer_pl_clk_0.PL_CLK_0_BUFG/O
    X0Y1 (CLOCK_ROOT)    net (fo=1756, routed)        1.257     1.257    alu_design_i/alu_0/inst/clk
    SLICE_X6Y118         FDRE                                         r  alu_design_i/alu_0/inst/res_reg[31]/C

Slack:                    inf
  Source:                 alu_design_i/alu_0/inst/res0/DSP_A_B_DATA_INST/A2_DATA[20]
                            (internal pin)
  Destination:            alu_design_i/alu_0/inst/res_reg[22]/D
                            (rising edge-triggered cell FDRE clocked by clk  {rise@0.000ns fall@5.000ns period=10.000ns})
  Path Group:             (none)
  Path Type:              Hold (Min at Fast Process Corner)
  Data Path Delay:        0.851ns  (logic 0.637ns (74.853%)  route 0.214ns (25.147%))
  Logic Levels:           10  (CARRY8=1 DSP_ALU=2 DSP_M_DATA=1 DSP_MULTIPLIER=1 DSP_OUTPUT=2 DSP_PREADD_DATA=1 LUT2=1 LUT6=1)
  Clock Uncertainty:      0.127ns  ((TSJ^2 + DJ^2)^1/2) / 2 + PE
    Total System Jitter     (TSJ):    0.050ns
    Discrete Jitter          (DJ):    0.250ns
    Phase Error              (PE):    0.000ns
  Clock Net Delay (Destination): 1.297ns (routing 0.623ns, distribution 0.674ns)

    Location             Delay type                Incr(ns)  Path(ns)    Netlist Resource(s)
  -------------------------------------------------------------------    -------------------
    DSP48E2_X1Y46        DSP_A_B_DATA                 0.000     0.000 r  alu_design_i/alu_0/inst/res0/DSP_A_B_DATA_INST/A2_DATA[20]
                         net (fo=1, routed)           0.000     0.000    alu_design_i/alu_0/inst/res0/DSP_A_B_DATA.A2_DATA<20>
    DSP48E2_X1Y46        DSP_PREADD_DATA (Prop_DSP_PREADD_DATA_DSP48E2_A2_DATA[20]_A2A1[20])
                                                      0.021     0.021 r  alu_design_i/alu_0/inst/res0/DSP_PREADD_DATA_INST/A2A1[20]
                         net (fo=1, routed)           0.000     0.021    alu_design_i/alu_0/inst/res0/DSP_PREADD_DATA.A2A1<20>
    DSP48E2_X1Y46        DSP_MULTIPLIER (Prop_DSP_MULTIPLIER_DSP48E2_A2A1[20]_U[21])
                                                      0.074     0.095 f  alu_design_i/alu_0/inst/res0/DSP_MULTIPLIER_INST/U[21]
                         net (fo=1, routed)           0.000     0.095    alu_design_i/alu_0/inst/res0/DSP_MULTIPLIER.U<21>
    DSP48E2_X1Y46        DSP_M_DATA (Prop_DSP_M_DATA_DSP48E2_U[21]_U_DATA[21])
                                                      0.014     0.109 r  alu_design_i/alu_0/inst/res0/DSP_M_DATA_INST/U_DATA[21]
                         net (fo=1, routed)           0.000     0.109    alu_design_i/alu_0/inst/res0/DSP_M_DATA.U_DATA<21>
    DSP48E2_X1Y46        DSP_ALU (Prop_DSP_ALU_DSP48E2_U_DATA[21]_ALU_OUT[21])
                                                      0.127     0.236 f  alu_design_i/alu_0/inst/res0/DSP_ALU_INST/ALU_OUT[21]
                         net (fo=1, routed)           0.000     0.236    alu_design_i/alu_0/inst/res0/DSP_ALU.ALU_OUT<21>
    DSP48E2_X1Y46        DSP_OUTPUT (Prop_DSP_OUTPUT_DSP48E2_ALU_OUT[21]_PCOUT[21])
                                                      0.039     0.275 r  alu_design_i/alu_0/inst/res0/DSP_OUTPUT_INST/PCOUT[21]
                         net (fo=1, routed)           0.002     0.277    alu_design_i/alu_0/inst/res0__0/PCIN[21]
    DSP48E2_X1Y47        DSP_ALU (Prop_DSP_ALU_DSP48E2_PCIN[21]_ALU_OUT[4])
                                                      0.232     0.509 f  alu_design_i/alu_0/inst/res0__0/DSP_ALU_INST/ALU_OUT[4]
                         net (fo=1, routed)           0.000     0.509    alu_design_i/alu_0/inst/res0__0/DSP_ALU.ALU_OUT<4>
    DSP48E2_X1Y47        DSP_OUTPUT (Prop_DSP_OUTPUT_DSP48E2_ALU_OUT[4]_P[4])
                                                      0.033     0.542 r  alu_design_i/alu_0/inst/res0__0/DSP_OUTPUT_INST/P[4]
                         net (fo=1, routed)           0.083     0.625    alu_design_i/alu_0/inst/res0__0_n_101
    SLICE_X4Y117         LUT2 (Prop_F6LUT_SLICEM_I1_O)
                                                      0.021     0.646 r  alu_design_i/alu_0/inst/res[23]_i_5/O
                         net (fo=1, routed)           0.017     0.663    alu_design_i/alu_0/inst/res[23]_i_5_n_0
    SLICE_X4Y117         CARRY8 (Prop_CARRY8_SLICEM_S[5]_O[6])
                                                      0.039     0.702 r  alu_design_i/alu_0/inst/res_reg[23]_i_2/O[6]
                         net (fo=1, routed)           0.088     0.790    alu_design_i/alu_0/inst/res_reg[23]_i_2_n_9
    SLICE_X4Y121         LUT6 (Prop_B6LUT_SLICEM_I0_O)
                                                      0.037     0.827 r  alu_design_i/alu_0/inst/res[22]_i_1/O
                         net (fo=1, routed)           0.024     0.851    alu_design_i/alu_0/inst/res[22]_i_1_n_0
    SLICE_X4Y121         FDRE                                         r  alu_design_i/alu_0/inst/res_reg[22]/D
  -------------------------------------------------------------------    -------------------

                         (clock clk rise edge)        0.000     0.000 r  
    BUFG_PS_X0Y80        BUFG_PS                      0.000     0.000 r  alu_design_i/zynq_ultra_ps_e_0/inst/buffer_pl_clk_0.PL_CLK_0_BUFG/O
    X0Y1 (CLOCK_ROOT)    net (fo=1756, routed)        1.297     1.297    alu_design_i/alu_0/inst/clk
    SLICE_X4Y121         FDRE                                         r  alu_design_i/alu_0/inst/res_reg[22]/C

Slack:                    inf
  Source:                 alu_design_i/alu_0/inst/res0/DSP_A_B_DATA_INST/A2_DATA[26]
                            (internal pin)
  Destination:            alu_design_i/alu_0/inst/res_reg[29]/D
                            (rising edge-triggered cell FDRE clocked by clk  {rise@0.000ns fall@5.000ns period=10.000ns})
  Path Group:             (none)
  Path Type:              Hold (Min at Fast Process Corner)
  Data Path Delay:        0.856ns  (logic 0.604ns (70.561%)  route 0.252ns (29.439%))
  Logic Levels:           10  (CARRY8=1 DSP_ALU=2 DSP_M_DATA=1 DSP_MULTIPLIER=1 DSP_OUTPUT=2 DSP_PREADD_DATA=1 LUT2=1 LUT6=1)
  Clock Uncertainty:      0.127ns  ((TSJ^2 + DJ^2)^1/2) / 2 + PE
    Total System Jitter     (TSJ):    0.050ns
    Discrete Jitter          (DJ):    0.250ns
    Phase Error              (PE):    0.000ns
  Clock Net Delay (Destination): 1.257ns (routing 0.623ns, distribution 0.634ns)

    Location             Delay type                Incr(ns)  Path(ns)    Netlist Resource(s)
  -------------------------------------------------------------------    -------------------
    DSP48E2_X1Y46        DSP_A_B_DATA                 0.000     0.000 r  alu_design_i/alu_0/inst/res0/DSP_A_B_DATA_INST/A2_DATA[26]
                         net (fo=1, routed)           0.000     0.000    alu_design_i/alu_0/inst/res0/DSP_A_B_DATA.A2_DATA<26>
    DSP48E2_X1Y46        DSP_PREADD_DATA (Prop_DSP_PREADD_DATA_DSP48E2_A2_DATA[26]_A2A1[26])
                                                      0.021     0.021 r  alu_design_i/alu_0/inst/res0/DSP_PREADD_DATA_INST/A2A1[26]
                         net (fo=1, routed)           0.000     0.021    alu_design_i/alu_0/inst/res0/DSP_PREADD_DATA.A2A1<26>
    DSP48E2_X1Y46        DSP_MULTIPLIER (Prop_DSP_MULTIPLIER_DSP48E2_A2A1[26]_U[29])
                                                      0.074     0.095 f  alu_design_i/alu_0/inst/res0/DSP_MULTIPLIER_INST/U[29]
                         net (fo=1, routed)           0.000     0.095    alu_design_i/alu_0/inst/res0/DSP_MULTIPLIER.U<29>
    DSP48E2_X1Y46        DSP_M_DATA (Prop_DSP_M_DATA_DSP48E2_U[29]_U_DATA[29])
                                                      0.014     0.109 r  alu_design_i/alu_0/inst/res0/DSP_M_DATA_INST/U_DATA[29]
                         net (fo=1, routed)           0.000     0.109    alu_design_i/alu_0/inst/res0/DSP_M_DATA.U_DATA<29>
    DSP48E2_X1Y46        DSP_ALU (Prop_DSP_ALU_DSP48E2_U_DATA[29]_ALU_OUT[29])
                                                      0.127     0.236 f  alu_design_i/alu_0/inst/res0/DSP_ALU_INST/ALU_OUT[29]
                         net (fo=1, routed)           0.000     0.236    alu_design_i/alu_0/inst/res0/DSP_ALU.ALU_OUT<29>
    DSP48E2_X1Y46        DSP_OUTPUT (Prop_DSP_OUTPUT_DSP48E2_ALU_OUT[29]_PCOUT[29])
                                                      0.039     0.275 r  alu_design_i/alu_0/inst/res0/DSP_OUTPUT_INST/PCOUT[29]
                         net (fo=1, routed)           0.001     0.276    alu_design_i/alu_0/inst/res0__0/PCIN[29]
    DSP48E2_X1Y47        DSP_ALU (Prop_DSP_ALU_DSP48E2_PCIN[29]_ALU_OUT[12])
                                                      0.232     0.508 f  alu_design_i/alu_0/inst/res0__0/DSP_ALU_INST/ALU_OUT[12]
                         net (fo=1, routed)           0.000     0.508    alu_design_i/alu_0/inst/res0__0/DSP_ALU.ALU_OUT<12>
    DSP48E2_X1Y47        DSP_OUTPUT (Prop_DSP_OUTPUT_DSP48E2_ALU_OUT[12]_P[12])
                                                      0.033     0.541 r  alu_design_i/alu_0/inst/res0__0/DSP_OUTPUT_INST/P[12]
                         net (fo=1, routed)           0.111     0.652    alu_design_i/alu_0/inst/res0__0_n_93
    SLICE_X4Y118         LUT2 (Prop_F6LUT_SLICEM_I1_O)
                                                      0.021     0.673 r  alu_design_i/alu_0/inst/res[31]_i_9/O
                         net (fo=1, routed)           0.017     0.690    alu_design_i/alu_0/inst/res[31]_i_9_n_0
    SLICE_X4Y118         CARRY8 (Prop_CARRY8_SLICEM_S[5]_O[5])
                                                      0.021     0.711 r  alu_design_i/alu_0/inst/res_reg[31]_i_3/O[5]
                         net (fo=1, routed)           0.106     0.817    alu_design_i/alu_0/inst/res_reg[31]_i_3_n_10
    SLICE_X6Y119         LUT6 (Prop_B6LUT_SLICEL_I0_O)
                                                      0.022     0.839 r  alu_design_i/alu_0/inst/res[29]_i_1/O
                         net (fo=1, routed)           0.017     0.856    alu_design_i/alu_0/inst/res[29]_i_1_n_0
    SLICE_X6Y119         FDRE                                         r  alu_design_i/alu_0/inst/res_reg[29]/D
  -------------------------------------------------------------------    -------------------

                         (clock clk rise edge)        0.000     0.000 r  
    BUFG_PS_X0Y80        BUFG_PS                      0.000     0.000 r  alu_design_i/zynq_ultra_ps_e_0/inst/buffer_pl_clk_0.PL_CLK_0_BUFG/O
    X0Y1 (CLOCK_ROOT)    net (fo=1756, routed)        1.257     1.257    alu_design_i/alu_0/inst/clk
    SLICE_X6Y119         FDRE                                         r  alu_design_i/alu_0/inst/res_reg[29]/C

Slack:                    inf
  Source:                 alu_design_i/alu_0/inst/res0/DSP_A_B_DATA_INST/A2_DATA[26]
                            (internal pin)
  Destination:            alu_design_i/alu_0/inst/res_reg[30]/D
                            (rising edge-triggered cell FDRE clocked by clk  {rise@0.000ns fall@5.000ns period=10.000ns})
  Path Group:             (none)
  Path Type:              Hold (Min at Fast Process Corner)
  Data Path Delay:        0.864ns  (logic 0.634ns (73.380%)  route 0.230ns (26.620%))
  Logic Levels:           10  (CARRY8=1 DSP_ALU=2 DSP_M_DATA=1 DSP_MULTIPLIER=1 DSP_OUTPUT=2 DSP_PREADD_DATA=1 LUT2=1 LUT6=1)
  Clock Uncertainty:      0.127ns  ((TSJ^2 + DJ^2)^1/2) / 2 + PE
    Total System Jitter     (TSJ):    0.050ns
    Discrete Jitter          (DJ):    0.250ns
    Phase Error              (PE):    0.000ns
  Clock Net Delay (Destination): 1.257ns (routing 0.623ns, distribution 0.634ns)

    Location             Delay type                Incr(ns)  Path(ns)    Netlist Resource(s)
  -------------------------------------------------------------------    -------------------
    DSP48E2_X1Y46        DSP_A_B_DATA                 0.000     0.000 r  alu_design_i/alu_0/inst/res0/DSP_A_B_DATA_INST/A2_DATA[26]
                         net (fo=1, routed)           0.000     0.000    alu_design_i/alu_0/inst/res0/DSP_A_B_DATA.A2_DATA<26>
    DSP48E2_X1Y46        DSP_PREADD_DATA (Prop_DSP_PREADD_DATA_DSP48E2_A2_DATA[26]_A2A1[26])
                                                      0.021     0.021 r  alu_design_i/alu_0/inst/res0/DSP_PREADD_DATA_INST/A2A1[26]
                         net (fo=1, routed)           0.000     0.021    alu_design_i/alu_0/inst/res0/DSP_PREADD_DATA.A2A1<26>
    DSP48E2_X1Y46        DSP_MULTIPLIER (Prop_DSP_MULTIPLIER_DSP48E2_A2A1[26]_U[29])
                                                      0.074     0.095 f  alu_design_i/alu_0/inst/res0/DSP_MULTIPLIER_INST/U[29]
                         net (fo=1, routed)           0.000     0.095    alu_design_i/alu_0/inst/res0/DSP_MULTIPLIER.U<29>
    DSP48E2_X1Y46        DSP_M_DATA (Prop_DSP_M_DATA_DSP48E2_U[29]_U_DATA[29])
                                                      0.014     0.109 r  alu_design_i/alu_0/inst/res0/DSP_M_DATA_INST/U_DATA[29]
                         net (fo=1, routed)           0.000     0.109    alu_design_i/alu_0/inst/res0/DSP_M_DATA.U_DATA<29>
    DSP48E2_X1Y46        DSP_ALU (Prop_DSP_ALU_DSP48E2_U_DATA[29]_ALU_OUT[29])
                                                      0.127     0.236 f  alu_design_i/alu_0/inst/res0/DSP_ALU_INST/ALU_OUT[29]
                         net (fo=1, routed)           0.000     0.236    alu_design_i/alu_0/inst/res0/DSP_ALU.ALU_OUT<29>
    DSP48E2_X1Y46        DSP_OUTPUT (Prop_DSP_OUTPUT_DSP48E2_ALU_OUT[29]_PCOUT[29])
                                                      0.039     0.275 r  alu_design_i/alu_0/inst/res0/DSP_OUTPUT_INST/PCOUT[29]
                         net (fo=1, routed)           0.001     0.276    alu_design_i/alu_0/inst/res0__0/PCIN[29]
    DSP48E2_X1Y47        DSP_ALU (Prop_DSP_ALU_DSP48E2_PCIN[29]_ALU_OUT[13])
                                                      0.232     0.508 f  alu_design_i/alu_0/inst/res0__0/DSP_ALU_INST/ALU_OUT[13]
                         net (fo=1, routed)           0.000     0.508    alu_design_i/alu_0/inst/res0__0/DSP_ALU.ALU_OUT<13>
    DSP48E2_X1Y47        DSP_OUTPUT (Prop_DSP_OUTPUT_DSP48E2_ALU_OUT[13]_P[13])
                                                      0.033     0.541 r  alu_design_i/alu_0/inst/res0__0/DSP_OUTPUT_INST/P[13]
                         net (fo=1, routed)           0.108     0.649    alu_design_i/alu_0/inst/res0__0_n_92
    SLICE_X4Y118         LUT2 (Prop_G6LUT_SLICEM_I1_O)
                                                      0.037     0.686 r  alu_design_i/alu_0/inst/res[31]_i_8/O
                         net (fo=1, routed)           0.013     0.699    alu_design_i/alu_0/inst/res[31]_i_8_n_0
    SLICE_X4Y118         CARRY8 (Prop_CARRY8_SLICEM_S[6]_O[6])
                                                      0.020     0.719 r  alu_design_i/alu_0/inst/res_reg[31]_i_3/O[6]
                         net (fo=1, routed)           0.089     0.808    alu_design_i/alu_0/inst/res_reg[31]_i_3_n_9
    SLICE_X6Y118         LUT6 (Prop_C6LUT_SLICEL_I0_O)
                                                      0.037     0.845 r  alu_design_i/alu_0/inst/res[30]_i_1/O
                         net (fo=1, routed)           0.019     0.864    alu_design_i/alu_0/inst/res[30]_i_1_n_0
    SLICE_X6Y118         FDRE                                         r  alu_design_i/alu_0/inst/res_reg[30]/D
  -------------------------------------------------------------------    -------------------

                         (clock clk rise edge)        0.000     0.000 r  
    BUFG_PS_X0Y80        BUFG_PS                      0.000     0.000 r  alu_design_i/zynq_ultra_ps_e_0/inst/buffer_pl_clk_0.PL_CLK_0_BUFG/O
    X0Y1 (CLOCK_ROOT)    net (fo=1756, routed)        1.257     1.257    alu_design_i/alu_0/inst/clk
    SLICE_X6Y118         FDRE                                         r  alu_design_i/alu_0/inst/res_reg[30]/C

Slack:                    inf
  Source:                 alu_design_i/alu_0/inst/res0/DSP_A_B_DATA_INST/A2_DATA[22]
                            (internal pin)
  Destination:            alu_design_i/alu_0/inst/res_reg[23]/D
                            (rising edge-triggered cell FDRE clocked by clk  {rise@0.000ns fall@5.000ns period=10.000ns})
  Path Group:             (none)
  Path Type:              Hold (Min at Fast Process Corner)
  Data Path Delay:        0.868ns  (logic 0.658ns (75.806%)  route 0.210ns (24.194%))
  Logic Levels:           10  (CARRY8=1 DSP_ALU=2 DSP_M_DATA=1 DSP_MULTIPLIER=1 DSP_OUTPUT=2 DSP_PREADD_DATA=1 LUT2=1 LUT6=1)
  Clock Uncertainty:      0.127ns  ((TSJ^2 + DJ^2)^1/2) / 2 + PE
    Total System Jitter     (TSJ):    0.050ns
    Discrete Jitter          (DJ):    0.250ns
    Phase Error              (PE):    0.000ns
  Clock Net Delay (Destination): 1.292ns (routing 0.623ns, distribution 0.669ns)

    Location             Delay type                Incr(ns)  Path(ns)    Netlist Resource(s)
  -------------------------------------------------------------------    -------------------
    DSP48E2_X1Y46        DSP_A_B_DATA                 0.000     0.000 r  alu_design_i/alu_0/inst/res0/DSP_A_B_DATA_INST/A2_DATA[22]
                         net (fo=1, routed)           0.000     0.000    alu_design_i/alu_0/inst/res0/DSP_A_B_DATA.A2_DATA<22>
    DSP48E2_X1Y46        DSP_PREADD_DATA (Prop_DSP_PREADD_DATA_DSP48E2_A2_DATA[22]_A2A1[22])
                                                      0.021     0.021 r  alu_design_i/alu_0/inst/res0/DSP_PREADD_DATA_INST/A2A1[22]
                         net (fo=1, routed)           0.000     0.021    alu_design_i/alu_0/inst/res0/DSP_PREADD_DATA.A2A1<22>
    DSP48E2_X1Y46        DSP_MULTIPLIER (Prop_DSP_MULTIPLIER_DSP48E2_A2A1[22]_U[23])
                                                      0.074     0.095 f  alu_design_i/alu_0/inst/res0/DSP_MULTIPLIER_INST/U[23]
                         net (fo=1, routed)           0.000     0.095    alu_design_i/alu_0/inst/res0/DSP_MULTIPLIER.U<23>
    DSP48E2_X1Y46        DSP_M_DATA (Prop_DSP_M_DATA_DSP48E2_U[23]_U_DATA[23])
                                                      0.014     0.109 r  alu_design_i/alu_0/inst/res0/DSP_M_DATA_INST/U_DATA[23]
                         net (fo=1, routed)           0.000     0.109    alu_design_i/alu_0/inst/res0/DSP_M_DATA.U_DATA<23>
    DSP48E2_X1Y46        DSP_ALU (Prop_DSP_ALU_DSP48E2_U_DATA[23]_ALU_OUT[23])
                                                      0.127     0.236 f  alu_design_i/alu_0/inst/res0/DSP_ALU_INST/ALU_OUT[23]
                         net (fo=1, routed)           0.000     0.236    alu_design_i/alu_0/inst/res0/DSP_ALU.ALU_OUT<23>
    DSP48E2_X1Y46        DSP_OUTPUT (Prop_DSP_OUTPUT_DSP48E2_ALU_OUT[23]_PCOUT[23])
                                                      0.039     0.275 r  alu_design_i/alu_0/inst/res0/DSP_OUTPUT_INST/PCOUT[23]
                         net (fo=1, routed)           0.002     0.277    alu_design_i/alu_0/inst/res0__0/PCIN[23]
    DSP48E2_X1Y47        DSP_ALU (Prop_DSP_ALU_DSP48E2_PCIN[23]_ALU_OUT[6])
                                                      0.232     0.509 f  alu_design_i/alu_0/inst/res0__0/DSP_ALU_INST/ALU_OUT[6]
                         net (fo=1, routed)           0.000     0.509    alu_design_i/alu_0/inst/res0__0/DSP_ALU.ALU_OUT<6>
    DSP48E2_X1Y47        DSP_OUTPUT (Prop_DSP_OUTPUT_DSP48E2_ALU_OUT[6]_P[6])
                                                      0.033     0.542 r  alu_design_i/alu_0/inst/res0__0/DSP_OUTPUT_INST/P[6]
                         net (fo=1, routed)           0.085     0.627    alu_design_i/alu_0/inst/res0__0_n_99
    SLICE_X4Y117         LUT2 (Prop_H6LUT_SLICEM_I1_O)
                                                      0.021     0.648 r  alu_design_i/alu_0/inst/res[23]_i_3/O
                         net (fo=1, routed)           0.013     0.661    alu_design_i/alu_0/inst/res[23]_i_3_n_0
    SLICE_X4Y117         CARRY8 (Prop_CARRY8_SLICEM_S[7]_O[7])
                                                      0.021     0.682 r  alu_design_i/alu_0/inst/res_reg[23]_i_2/O[7]
                         net (fo=1, routed)           0.086     0.768    alu_design_i/alu_0/inst/res_reg[23]_i_2_n_8
    SLICE_X4Y120         LUT6 (Prop_B6LUT_SLICEM_I0_O)
                                                      0.076     0.844 r  alu_design_i/alu_0/inst/res[23]_i_1/O
                         net (fo=1, routed)           0.024     0.868    alu_design_i/alu_0/inst/res[23]_i_1_n_0
    SLICE_X4Y120         FDRE                                         r  alu_design_i/alu_0/inst/res_reg[23]/D
  -------------------------------------------------------------------    -------------------

                         (clock clk rise edge)        0.000     0.000 r  
    BUFG_PS_X0Y80        BUFG_PS                      0.000     0.000 r  alu_design_i/zynq_ultra_ps_e_0/inst/buffer_pl_clk_0.PL_CLK_0_BUFG/O
    X0Y1 (CLOCK_ROOT)    net (fo=1756, routed)        1.292     1.292    alu_design_i/alu_0/inst/clk
    SLICE_X4Y120         FDRE                                         r  alu_design_i/alu_0/inst/res_reg[23]/C

Slack:                    inf
  Source:                 alu_design_i/alu_0/inst/res0/DSP_A_B_DATA_INST/A2_DATA[17]
                            (internal pin)
  Destination:            alu_design_i/alu_0/inst/res_reg[19]/D
                            (rising edge-triggered cell FDRE clocked by clk  {rise@0.000ns fall@5.000ns period=10.000ns})
  Path Group:             (none)
  Path Type:              Hold (Min at Fast Process Corner)
  Data Path Delay:        0.871ns  (logic 0.660ns (75.775%)  route 0.211ns (24.225%))
  Logic Levels:           10  (CARRY8=1 DSP_ALU=2 DSP_M_DATA=1 DSP_MULTIPLIER=1 DSP_OUTPUT=2 DSP_PREADD_DATA=1 LUT2=1 LUT6=1)
  Clock Uncertainty:      0.127ns  ((TSJ^2 + DJ^2)^1/2) / 2 + PE
    Total System Jitter     (TSJ):    0.050ns
    Discrete Jitter          (DJ):    0.250ns
    Phase Error              (PE):    0.000ns
  Clock Net Delay (Destination): 1.292ns (routing 0.623ns, distribution 0.669ns)

    Location             Delay type                Incr(ns)  Path(ns)    Netlist Resource(s)
  -------------------------------------------------------------------    -------------------
    DSP48E2_X1Y46        DSP_A_B_DATA                 0.000     0.000 r  alu_design_i/alu_0/inst/res0/DSP_A_B_DATA_INST/A2_DATA[17]
                         net (fo=1, routed)           0.000     0.000    alu_design_i/alu_0/inst/res0/DSP_A_B_DATA.A2_DATA<17>
    DSP48E2_X1Y46        DSP_PREADD_DATA (Prop_DSP_PREADD_DATA_DSP48E2_A2_DATA[17]_A2A1[17])
                                                      0.021     0.021 r  alu_design_i/alu_0/inst/res0/DSP_PREADD_DATA_INST/A2A1[17]
                         net (fo=1, routed)           0.000     0.021    alu_design_i/alu_0/inst/res0/DSP_PREADD_DATA.A2A1<17>
    DSP48E2_X1Y46        DSP_MULTIPLIER (Prop_DSP_MULTIPLIER_DSP48E2_A2A1[17]_U[18])
                                                      0.074     0.095 f  alu_design_i/alu_0/inst/res0/DSP_MULTIPLIER_INST/U[18]
                         net (fo=1, routed)           0.000     0.095    alu_design_i/alu_0/inst/res0/DSP_MULTIPLIER.U<18>
    DSP48E2_X1Y46        DSP_M_DATA (Prop_DSP_M_DATA_DSP48E2_U[18]_U_DATA[18])
                                                      0.014     0.109 r  alu_design_i/alu_0/inst/res0/DSP_M_DATA_INST/U_DATA[18]
                         net (fo=1, routed)           0.000     0.109    alu_design_i/alu_0/inst/res0/DSP_M_DATA.U_DATA<18>
    DSP48E2_X1Y46        DSP_ALU (Prop_DSP_ALU_DSP48E2_U_DATA[18]_ALU_OUT[18])
                                                      0.127     0.236 f  alu_design_i/alu_0/inst/res0/DSP_ALU_INST/ALU_OUT[18]
                         net (fo=1, routed)           0.000     0.236    alu_design_i/alu_0/inst/res0/DSP_ALU.ALU_OUT<18>
    DSP48E2_X1Y46        DSP_OUTPUT (Prop_DSP_OUTPUT_DSP48E2_ALU_OUT[18]_PCOUT[18])
                                                      0.039     0.275 r  alu_design_i/alu_0/inst/res0/DSP_OUTPUT_INST/PCOUT[18]
                         net (fo=1, routed)           0.002     0.277    alu_design_i/alu_0/inst/res0__0/PCIN[18]
    DSP48E2_X1Y47        DSP_ALU (Prop_DSP_ALU_DSP48E2_PCIN[18]_ALU_OUT[1])
                                                      0.232     0.509 f  alu_design_i/alu_0/inst/res0__0/DSP_ALU_INST/ALU_OUT[1]
                         net (fo=1, routed)           0.000     0.509    alu_design_i/alu_0/inst/res0__0/DSP_ALU.ALU_OUT<1>
    DSP48E2_X1Y47        DSP_OUTPUT (Prop_DSP_OUTPUT_DSP48E2_ALU_OUT[1]_P[1])
                                                      0.033     0.542 r  alu_design_i/alu_0/inst/res0__0/DSP_OUTPUT_INST/P[1]
                         net (fo=1, routed)           0.082     0.624    alu_design_i/alu_0/inst/res0__0_n_104
    SLICE_X4Y117         LUT2 (Prop_C6LUT_SLICEM_I1_O)
                                                      0.021     0.645 r  alu_design_i/alu_0/inst/res[23]_i_8/O
                         net (fo=1, routed)           0.016     0.661    alu_design_i/alu_0/inst/res[23]_i_8_n_0
    SLICE_X4Y117         CARRY8 (Prop_CARRY8_SLICEM_S[2]_O[3])
                                                      0.032     0.693 r  alu_design_i/alu_0/inst/res_reg[23]_i_2/O[3]
                         net (fo=1, routed)           0.084     0.777    alu_design_i/alu_0/inst/res_reg[23]_i_2_n_12
    SLICE_X4Y120         LUT6 (Prop_C6LUT_SLICEM_I0_O)
                                                      0.067     0.844 r  alu_design_i/alu_0/inst/res[19]_i_1/O
                         net (fo=1, routed)           0.027     0.871    alu_design_i/alu_0/inst/res[19]_i_1_n_0
    SLICE_X4Y120         FDRE                                         r  alu_design_i/alu_0/inst/res_reg[19]/D
  -------------------------------------------------------------------    -------------------

                         (clock clk rise edge)        0.000     0.000 r  
    BUFG_PS_X0Y80        BUFG_PS                      0.000     0.000 r  alu_design_i/zynq_ultra_ps_e_0/inst/buffer_pl_clk_0.PL_CLK_0_BUFG/O
    X0Y1 (CLOCK_ROOT)    net (fo=1756, routed)        1.292     1.292    alu_design_i/alu_0/inst/clk
    SLICE_X4Y120         FDRE                                         r  alu_design_i/alu_0/inst/res_reg[19]/C

Slack:                    inf
  Source:                 alu_design_i/alu_0/inst/res0/DSP_A_B_DATA_INST/A2_DATA[24]
                            (internal pin)
  Destination:            alu_design_i/alu_0/inst/res_reg[25]/D
                            (rising edge-triggered cell FDRE clocked by clk  {rise@0.000ns fall@5.000ns period=10.000ns})
  Path Group:             (none)
  Path Type:              Hold (Min at Fast Process Corner)
  Data Path Delay:        0.875ns  (logic 0.618ns (70.629%)  route 0.257ns (29.371%))
  Logic Levels:           10  (CARRY8=1 DSP_ALU=2 DSP_M_DATA=1 DSP_MULTIPLIER=1 DSP_OUTPUT=2 DSP_PREADD_DATA=1 LUT2=1 LUT6=1)
  Clock Uncertainty:      0.127ns  ((TSJ^2 + DJ^2)^1/2) / 2 + PE
    Total System Jitter     (TSJ):    0.050ns
    Discrete Jitter          (DJ):    0.250ns
    Phase Error              (PE):    0.000ns
  Clock Net Delay (Destination): 1.263ns (routing 0.623ns, distribution 0.640ns)

    Location             Delay type                Incr(ns)  Path(ns)    Netlist Resource(s)
  -------------------------------------------------------------------    -------------------
    DSP48E2_X1Y46        DSP_A_B_DATA                 0.000     0.000 r  alu_design_i/alu_0/inst/res0/DSP_A_B_DATA_INST/A2_DATA[24]
                         net (fo=1, routed)           0.000     0.000    alu_design_i/alu_0/inst/res0/DSP_A_B_DATA.A2_DATA<24>
    DSP48E2_X1Y46        DSP_PREADD_DATA (Prop_DSP_PREADD_DATA_DSP48E2_A2_DATA[24]_A2A1[24])
                                                      0.021     0.021 r  alu_design_i/alu_0/inst/res0/DSP_PREADD_DATA_INST/A2A1[24]
                         net (fo=1, routed)           0.000     0.021    alu_design_i/alu_0/inst/res0/DSP_PREADD_DATA.A2A1<24>
    DSP48E2_X1Y46        DSP_MULTIPLIER (Prop_DSP_MULTIPLIER_DSP48E2_A2A1[24]_U[25])
                                                      0.074     0.095 f  alu_design_i/alu_0/inst/res0/DSP_MULTIPLIER_INST/U[25]
                         net (fo=1, routed)           0.000     0.095    alu_design_i/alu_0/inst/res0/DSP_MULTIPLIER.U<25>
    DSP48E2_X1Y46        DSP_M_DATA (Prop_DSP_M_DATA_DSP48E2_U[25]_U_DATA[25])
                                                      0.014     0.109 r  alu_design_i/alu_0/inst/res0/DSP_M_DATA_INST/U_DATA[25]
                         net (fo=1, routed)           0.000     0.109    alu_design_i/alu_0/inst/res0/DSP_M_DATA.U_DATA<25>
    DSP48E2_X1Y46        DSP_ALU (Prop_DSP_ALU_DSP48E2_U_DATA[25]_ALU_OUT[25])
                                                      0.127     0.236 f  alu_design_i/alu_0/inst/res0/DSP_ALU_INST/ALU_OUT[25]
                         net (fo=1, routed)           0.000     0.236    alu_design_i/alu_0/inst/res0/DSP_ALU.ALU_OUT<25>
    DSP48E2_X1Y46        DSP_OUTPUT (Prop_DSP_OUTPUT_DSP48E2_ALU_OUT[25]_PCOUT[25])
                                                      0.039     0.275 r  alu_design_i/alu_0/inst/res0/DSP_OUTPUT_INST/PCOUT[25]
                         net (fo=1, routed)           0.002     0.277    alu_design_i/alu_0/inst/res0__0/PCIN[25]
    DSP48E2_X1Y47        DSP_ALU (Prop_DSP_ALU_DSP48E2_PCIN[25]_ALU_OUT[8])
                                                      0.232     0.509 f  alu_design_i/alu_0/inst/res0__0/DSP_ALU_INST/ALU_OUT[8]
                         net (fo=1, routed)           0.000     0.509    alu_design_i/alu_0/inst/res0__0/DSP_ALU.ALU_OUT<8>
    DSP48E2_X1Y47        DSP_OUTPUT (Prop_DSP_OUTPUT_DSP48E2_ALU_OUT[8]_P[8])
                                                      0.033     0.542 r  alu_design_i/alu_0/inst/res0__0/DSP_OUTPUT_INST/P[8]
                         net (fo=1, routed)           0.106     0.648    alu_design_i/alu_0/inst/res0__0_n_97
    SLICE_X4Y118         LUT2 (Prop_B6LUT_SLICEM_I1_O)
                                                      0.021     0.669 r  alu_design_i/alu_0/inst/res[31]_i_13/O
                         net (fo=1, routed)           0.014     0.683    alu_design_i/alu_0/inst/res[31]_i_13_n_0
    SLICE_X4Y118         CARRY8 (Prop_CARRY8_SLICEM_S[1]_O[1])
                                                      0.020     0.703 r  alu_design_i/alu_0/inst/res_reg[31]_i_3/O[1]
                         net (fo=1, routed)           0.108     0.811    alu_design_i/alu_0/inst/res_reg[31]_i_3_n_14
    SLICE_X5Y119         LUT6 (Prop_C6LUT_SLICEM_I0_O)
                                                      0.037     0.848 r  alu_design_i/alu_0/inst/res[25]_i_1/O
                         net (fo=1, routed)           0.027     0.875    alu_design_i/alu_0/inst/res[25]_i_1_n_0
    SLICE_X5Y119         FDRE                                         r  alu_design_i/alu_0/inst/res_reg[25]/D
  -------------------------------------------------------------------    -------------------

                         (clock clk rise edge)        0.000     0.000 r  
    BUFG_PS_X0Y80        BUFG_PS                      0.000     0.000 r  alu_design_i/zynq_ultra_ps_e_0/inst/buffer_pl_clk_0.PL_CLK_0_BUFG/O
    X0Y1 (CLOCK_ROOT)    net (fo=1756, routed)        1.263     1.263    alu_design_i/alu_0/inst/clk
    SLICE_X5Y119         FDRE                                         r  alu_design_i/alu_0/inst/res_reg[25]/C

Slack:                    inf
  Source:                 alu_design_i/alu_0/inst/res0/DSP_A_B_DATA_INST/A2_DATA[22]
                            (internal pin)
  Destination:            alu_design_i/alu_0/inst/res_reg[24]/D
                            (rising edge-triggered cell FDRE clocked by clk  {rise@0.000ns fall@5.000ns period=10.000ns})
  Path Group:             (none)
  Path Type:              Hold (Min at Fast Process Corner)
  Data Path Delay:        0.877ns  (logic 0.653ns (74.458%)  route 0.224ns (25.542%))
  Logic Levels:           11  (CARRY8=2 DSP_ALU=2 DSP_M_DATA=1 DSP_MULTIPLIER=1 DSP_OUTPUT=2 DSP_PREADD_DATA=1 LUT2=1 LUT6=1)
  Clock Uncertainty:      0.127ns  ((TSJ^2 + DJ^2)^1/2) / 2 + PE
    Total System Jitter     (TSJ):    0.050ns
    Discrete Jitter          (DJ):    0.250ns
    Phase Error              (PE):    0.000ns
  Clock Net Delay (Destination): 1.295ns (routing 0.623ns, distribution 0.672ns)

    Location             Delay type                Incr(ns)  Path(ns)    Netlist Resource(s)
  -------------------------------------------------------------------    -------------------
    DSP48E2_X1Y46        DSP_A_B_DATA                 0.000     0.000 r  alu_design_i/alu_0/inst/res0/DSP_A_B_DATA_INST/A2_DATA[22]
                         net (fo=1, routed)           0.000     0.000    alu_design_i/alu_0/inst/res0/DSP_A_B_DATA.A2_DATA<22>
    DSP48E2_X1Y46        DSP_PREADD_DATA (Prop_DSP_PREADD_DATA_DSP48E2_A2_DATA[22]_A2A1[22])
                                                      0.021     0.021 r  alu_design_i/alu_0/inst/res0/DSP_PREADD_DATA_INST/A2A1[22]
                         net (fo=1, routed)           0.000     0.021    alu_design_i/alu_0/inst/res0/DSP_PREADD_DATA.A2A1<22>
    DSP48E2_X1Y46        DSP_MULTIPLIER (Prop_DSP_MULTIPLIER_DSP48E2_A2A1[22]_U[23])
                                                      0.074     0.095 f  alu_design_i/alu_0/inst/res0/DSP_MULTIPLIER_INST/U[23]
                         net (fo=1, routed)           0.000     0.095    alu_design_i/alu_0/inst/res0/DSP_MULTIPLIER.U<23>
    DSP48E2_X1Y46        DSP_M_DATA (Prop_DSP_M_DATA_DSP48E2_U[23]_U_DATA[23])
                                                      0.014     0.109 r  alu_design_i/alu_0/inst/res0/DSP_M_DATA_INST/U_DATA[23]
                         net (fo=1, routed)           0.000     0.109    alu_design_i/alu_0/inst/res0/DSP_M_DATA.U_DATA<23>
    DSP48E2_X1Y46        DSP_ALU (Prop_DSP_ALU_DSP48E2_U_DATA[23]_ALU_OUT[23])
                                                      0.127     0.236 f  alu_design_i/alu_0/inst/res0/DSP_ALU_INST/ALU_OUT[23]
                         net (fo=1, routed)           0.000     0.236    alu_design_i/alu_0/inst/res0/DSP_ALU.ALU_OUT<23>
    DSP48E2_X1Y46        DSP_OUTPUT (Prop_DSP_OUTPUT_DSP48E2_ALU_OUT[23]_PCOUT[23])
                                                      0.039     0.275 r  alu_design_i/alu_0/inst/res0/DSP_OUTPUT_INST/PCOUT[23]
                         net (fo=1, routed)           0.002     0.277    alu_design_i/alu_0/inst/res0__0/PCIN[23]
    DSP48E2_X1Y47        DSP_ALU (Prop_DSP_ALU_DSP48E2_PCIN[23]_ALU_OUT[6])
                                                      0.232     0.509 f  alu_design_i/alu_0/inst/res0__0/DSP_ALU_INST/ALU_OUT[6]
                         net (fo=1, routed)           0.000     0.509    alu_design_i/alu_0/inst/res0__0/DSP_ALU.ALU_OUT<6>
    DSP48E2_X1Y47        DSP_OUTPUT (Prop_DSP_OUTPUT_DSP48E2_ALU_OUT[6]_P[6])
                                                      0.033     0.542 r  alu_design_i/alu_0/inst/res0__0/DSP_OUTPUT_INST/P[6]
                         net (fo=1, routed)           0.085     0.627    alu_design_i/alu_0/inst/res0__0_n_99
    SLICE_X4Y117         LUT2 (Prop_H6LUT_SLICEM_I1_O)
                                                      0.021     0.648 r  alu_design_i/alu_0/inst/res[23]_i_3/O
                         net (fo=1, routed)           0.013     0.661    alu_design_i/alu_0/inst/res[23]_i_3_n_0
    SLICE_X4Y117         CARRY8 (Prop_CARRY8_SLICEM_S[7]_CO[7])
                                                      0.032     0.693 r  alu_design_i/alu_0/inst/res_reg[23]_i_2/CO[7]
                         net (fo=1, routed)           0.003     0.696    alu_design_i/alu_0/inst/res_reg[23]_i_2_n_0
    SLICE_X4Y118         CARRY8 (Prop_CARRY8_SLICEM_CI_O[0])
                                                      0.022     0.718 r  alu_design_i/alu_0/inst/res_reg[31]_i_3/O[0]
                         net (fo=1, routed)           0.098     0.816    alu_design_i/alu_0/inst/res_reg[31]_i_3_n_15
    SLICE_X5Y120         LUT6 (Prop_H6LUT_SLICEM_I0_O)
                                                      0.038     0.854 r  alu_design_i/alu_0/inst/res[24]_i_1/O
                         net (fo=1, routed)           0.023     0.877    alu_design_i/alu_0/inst/res[24]_i_1_n_0
    SLICE_X5Y120         FDRE                                         r  alu_design_i/alu_0/inst/res_reg[24]/D
  -------------------------------------------------------------------    -------------------

                         (clock clk rise edge)        0.000     0.000 r  
    BUFG_PS_X0Y80        BUFG_PS                      0.000     0.000 r  alu_design_i/zynq_ultra_ps_e_0/inst/buffer_pl_clk_0.PL_CLK_0_BUFG/O
    X0Y1 (CLOCK_ROOT)    net (fo=1756, routed)        1.295     1.295    alu_design_i/alu_0/inst/clk
    SLICE_X5Y120         FDRE                                         r  alu_design_i/alu_0/inst/res_reg[24]/C

Slack:                    inf
  Source:                 alu_design_i/alu_0/inst/res0/DSP_A_B_DATA_INST/A2_DATA[24]
                            (internal pin)
  Destination:            alu_design_i/alu_0/inst/res_reg[26]/D
                            (rising edge-triggered cell FDRE clocked by clk  {rise@0.000ns fall@5.000ns period=10.000ns})
  Path Group:             (none)
  Path Type:              Hold (Min at Fast Process Corner)
  Data Path Delay:        0.881ns  (logic 0.619ns (70.261%)  route 0.262ns (29.739%))
  Logic Levels:           10  (CARRY8=1 DSP_ALU=2 DSP_M_DATA=1 DSP_MULTIPLIER=1 DSP_OUTPUT=2 DSP_PREADD_DATA=1 LUT2=1 LUT6=1)
  Clock Uncertainty:      0.127ns  ((TSJ^2 + DJ^2)^1/2) / 2 + PE
    Total System Jitter     (TSJ):    0.050ns
    Discrete Jitter          (DJ):    0.250ns
    Phase Error              (PE):    0.000ns
  Clock Net Delay (Destination): 1.263ns (routing 0.623ns, distribution 0.640ns)

    Location             Delay type                Incr(ns)  Path(ns)    Netlist Resource(s)
  -------------------------------------------------------------------    -------------------
    DSP48E2_X1Y46        DSP_A_B_DATA                 0.000     0.000 r  alu_design_i/alu_0/inst/res0/DSP_A_B_DATA_INST/A2_DATA[24]
                         net (fo=1, routed)           0.000     0.000    alu_design_i/alu_0/inst/res0/DSP_A_B_DATA.A2_DATA<24>
    DSP48E2_X1Y46        DSP_PREADD_DATA (Prop_DSP_PREADD_DATA_DSP48E2_A2_DATA[24]_A2A1[24])
                                                      0.021     0.021 r  alu_design_i/alu_0/inst/res0/DSP_PREADD_DATA_INST/A2A1[24]
                         net (fo=1, routed)           0.000     0.021    alu_design_i/alu_0/inst/res0/DSP_PREADD_DATA.A2A1<24>
    DSP48E2_X1Y46        DSP_MULTIPLIER (Prop_DSP_MULTIPLIER_DSP48E2_A2A1[24]_U[25])
                                                      0.074     0.095 f  alu_design_i/alu_0/inst/res0/DSP_MULTIPLIER_INST/U[25]
                         net (fo=1, routed)           0.000     0.095    alu_design_i/alu_0/inst/res0/DSP_MULTIPLIER.U<25>
    DSP48E2_X1Y46        DSP_M_DATA (Prop_DSP_M_DATA_DSP48E2_U[25]_U_DATA[25])
                                                      0.014     0.109 r  alu_design_i/alu_0/inst/res0/DSP_M_DATA_INST/U_DATA[25]
                         net (fo=1, routed)           0.000     0.109    alu_design_i/alu_0/inst/res0/DSP_M_DATA.U_DATA<25>
    DSP48E2_X1Y46        DSP_ALU (Prop_DSP_ALU_DSP48E2_U_DATA[25]_ALU_OUT[25])
                                                      0.127     0.236 f  alu_design_i/alu_0/inst/res0/DSP_ALU_INST/ALU_OUT[25]
                         net (fo=1, routed)           0.000     0.236    alu_design_i/alu_0/inst/res0/DSP_ALU.ALU_OUT<25>
    DSP48E2_X1Y46        DSP_OUTPUT (Prop_DSP_OUTPUT_DSP48E2_ALU_OUT[25]_PCOUT[25])
                                                      0.039     0.275 r  alu_design_i/alu_0/inst/res0/DSP_OUTPUT_INST/PCOUT[25]
                         net (fo=1, routed)           0.002     0.277    alu_design_i/alu_0/inst/res0__0/PCIN[25]
    DSP48E2_X1Y47        DSP_ALU (Prop_DSP_ALU_DSP48E2_PCIN[25]_ALU_OUT[8])
                                                      0.232     0.509 f  alu_design_i/alu_0/inst/res0__0/DSP_ALU_INST/ALU_OUT[8]
                         net (fo=1, routed)           0.000     0.509    alu_design_i/alu_0/inst/res0__0/DSP_ALU.ALU_OUT<8>
    DSP48E2_X1Y47        DSP_OUTPUT (Prop_DSP_OUTPUT_DSP48E2_ALU_OUT[8]_P[8])
                                                      0.033     0.542 r  alu_design_i/alu_0/inst/res0__0/DSP_OUTPUT_INST/P[8]
                         net (fo=1, routed)           0.106     0.648    alu_design_i/alu_0/inst/res0__0_n_97
    SLICE_X4Y118         LUT2 (Prop_B6LUT_SLICEM_I1_O)
                                                      0.021     0.669 r  alu_design_i/alu_0/inst/res[31]_i_13/O
                         net (fo=1, routed)           0.014     0.683    alu_design_i/alu_0/inst/res[31]_i_13_n_0
    SLICE_X4Y118         CARRY8 (Prop_CARRY8_SLICEM_S[1]_O[2])
                                                      0.037     0.720 r  alu_design_i/alu_0/inst/res_reg[31]_i_3/O[2]
                         net (fo=1, routed)           0.116     0.836    alu_design_i/alu_0/inst/res_reg[31]_i_3_n_13
    SLICE_X5Y118         LUT6 (Prop_B6LUT_SLICEM_I0_O)
                                                      0.021     0.857 r  alu_design_i/alu_0/inst/res[26]_i_1/O
                         net (fo=1, routed)           0.024     0.881    alu_design_i/alu_0/inst/res[26]_i_1_n_0
    SLICE_X5Y118         FDRE                                         r  alu_design_i/alu_0/inst/res_reg[26]/D
  -------------------------------------------------------------------    -------------------

                         (clock clk rise edge)        0.000     0.000 r  
    BUFG_PS_X0Y80        BUFG_PS                      0.000     0.000 r  alu_design_i/zynq_ultra_ps_e_0/inst/buffer_pl_clk_0.PL_CLK_0_BUFG/O
    X0Y1 (CLOCK_ROOT)    net (fo=1756, routed)        1.263     1.263    alu_design_i/alu_0/inst/clk
    SLICE_X5Y118         FDRE                                         r  alu_design_i/alu_0/inst/res_reg[26]/C

Slack:                    inf
  Source:                 alu_design_i/alu_0/inst/res0/DSP_A_B_DATA_INST/A2_DATA[20]
                            (internal pin)
  Destination:            alu_design_i/alu_0/inst/res_reg[21]/D
                            (rising edge-triggered cell FDRE clocked by clk  {rise@0.000ns fall@5.000ns period=10.000ns})
  Path Group:             (none)
  Path Type:              Hold (Min at Fast Process Corner)
  Data Path Delay:        0.899ns  (logic 0.658ns (73.192%)  route 0.241ns (26.808%))
  Logic Levels:           10  (CARRY8=1 DSP_ALU=2 DSP_M_DATA=1 DSP_MULTIPLIER=1 DSP_OUTPUT=2 DSP_PREADD_DATA=1 LUT2=1 LUT6=1)
  Clock Uncertainty:      0.127ns  ((TSJ^2 + DJ^2)^1/2) / 2 + PE
    Total System Jitter     (TSJ):    0.050ns
    Discrete Jitter          (DJ):    0.250ns
    Phase Error              (PE):    0.000ns
  Clock Net Delay (Destination): 1.297ns (routing 0.623ns, distribution 0.674ns)

    Location             Delay type                Incr(ns)  Path(ns)    Netlist Resource(s)
  -------------------------------------------------------------------    -------------------
    DSP48E2_X1Y46        DSP_A_B_DATA                 0.000     0.000 r  alu_design_i/alu_0/inst/res0/DSP_A_B_DATA_INST/A2_DATA[20]
                         net (fo=1, routed)           0.000     0.000    alu_design_i/alu_0/inst/res0/DSP_A_B_DATA.A2_DATA<20>
    DSP48E2_X1Y46        DSP_PREADD_DATA (Prop_DSP_PREADD_DATA_DSP48E2_A2_DATA[20]_A2A1[20])
                                                      0.021     0.021 r  alu_design_i/alu_0/inst/res0/DSP_PREADD_DATA_INST/A2A1[20]
                         net (fo=1, routed)           0.000     0.021    alu_design_i/alu_0/inst/res0/DSP_PREADD_DATA.A2A1<20>
    DSP48E2_X1Y46        DSP_MULTIPLIER (Prop_DSP_MULTIPLIER_DSP48E2_A2A1[20]_U[21])
                                                      0.074     0.095 f  alu_design_i/alu_0/inst/res0/DSP_MULTIPLIER_INST/U[21]
                         net (fo=1, routed)           0.000     0.095    alu_design_i/alu_0/inst/res0/DSP_MULTIPLIER.U<21>
    DSP48E2_X1Y46        DSP_M_DATA (Prop_DSP_M_DATA_DSP48E2_U[21]_U_DATA[21])
                                                      0.014     0.109 r  alu_design_i/alu_0/inst/res0/DSP_M_DATA_INST/U_DATA[21]
                         net (fo=1, routed)           0.000     0.109    alu_design_i/alu_0/inst/res0/DSP_M_DATA.U_DATA<21>
    DSP48E2_X1Y46        DSP_ALU (Prop_DSP_ALU_DSP48E2_U_DATA[21]_ALU_OUT[21])
                                                      0.127     0.236 f  alu_design_i/alu_0/inst/res0/DSP_ALU_INST/ALU_OUT[21]
                         net (fo=1, routed)           0.000     0.236    alu_design_i/alu_0/inst/res0/DSP_ALU.ALU_OUT<21>
    DSP48E2_X1Y46        DSP_OUTPUT (Prop_DSP_OUTPUT_DSP48E2_ALU_OUT[21]_PCOUT[21])
                                                      0.039     0.275 r  alu_design_i/alu_0/inst/res0/DSP_OUTPUT_INST/PCOUT[21]
                         net (fo=1, routed)           0.002     0.277    alu_design_i/alu_0/inst/res0__0/PCIN[21]
    DSP48E2_X1Y47        DSP_ALU (Prop_DSP_ALU_DSP48E2_PCIN[21]_ALU_OUT[4])
                                                      0.232     0.509 f  alu_design_i/alu_0/inst/res0__0/DSP_ALU_INST/ALU_OUT[4]
                         net (fo=1, routed)           0.000     0.509    alu_design_i/alu_0/inst/res0__0/DSP_ALU.ALU_OUT<4>
    DSP48E2_X1Y47        DSP_OUTPUT (Prop_DSP_OUTPUT_DSP48E2_ALU_OUT[4]_P[4])
                                                      0.033     0.542 r  alu_design_i/alu_0/inst/res0__0/DSP_OUTPUT_INST/P[4]
                         net (fo=1, routed)           0.083     0.625    alu_design_i/alu_0/inst/res0__0_n_101
    SLICE_X4Y117         LUT2 (Prop_F6LUT_SLICEM_I1_O)
                                                      0.021     0.646 r  alu_design_i/alu_0/inst/res[23]_i_5/O
                         net (fo=1, routed)           0.017     0.663    alu_design_i/alu_0/inst/res[23]_i_5_n_0
    SLICE_X4Y117         CARRY8 (Prop_CARRY8_SLICEM_S[5]_O[5])
                                                      0.021     0.684 r  alu_design_i/alu_0/inst/res_reg[23]_i_2/O[5]
                         net (fo=1, routed)           0.112     0.796    alu_design_i/alu_0/inst/res_reg[23]_i_2_n_10
    SLICE_X4Y121         LUT6 (Prop_C6LUT_SLICEM_I0_O)
                                                      0.076     0.872 r  alu_design_i/alu_0/inst/res[21]_i_1/O
                         net (fo=1, routed)           0.027     0.899    alu_design_i/alu_0/inst/res[21]_i_1_n_0
    SLICE_X4Y121         FDRE                                         r  alu_design_i/alu_0/inst/res_reg[21]/D
  -------------------------------------------------------------------    -------------------

                         (clock clk rise edge)        0.000     0.000 r  
    BUFG_PS_X0Y80        BUFG_PS                      0.000     0.000 r  alu_design_i/zynq_ultra_ps_e_0/inst/buffer_pl_clk_0.PL_CLK_0_BUFG/O
    X0Y1 (CLOCK_ROOT)    net (fo=1756, routed)        1.297     1.297    alu_design_i/alu_0/inst/clk
    SLICE_X4Y121         FDRE                                         r  alu_design_i/alu_0/inst/res_reg[21]/C





