Copyright 1986-2022 Xilinx, Inc. All Rights Reserved. Copyright 2022-2025 Advanced Micro Devices, Inc. All Rights Reserved.
-----------------------------------------------------------------------------------------------------------------------------------------------------------------------------------------------------------------------------------------------------------------
| Tool Version      : Vivado v.2024.2.2 (win64) Build 6060944 Thu Mar 06 19:10:01 MST 2025
| Date              : Fri Jun 12 12:09:51 2026
| Host              : ECE-MCU2-21 running 64-bit major release  (build 9200)
| Command           : report_timing_summary -max_paths 10 -report_unconstrained -file wordle_design_wrapper_timing_summary_routed.rpt -pb wordle_design_wrapper_timing_summary_routed.pb -rpx wordle_design_wrapper_timing_summary_routed.rpx -warn_on_violation
| Design            : wordle_design_wrapper
| Device            : xck26-sfvc784
| Speed File        : -2LV  PRODUCTION 1.30 05-15-2022
| Design State      : Routed
| Temperature Grade : C
-----------------------------------------------------------------------------------------------------------------------------------------------------------------------------------------------------------------------------------------------------------------

Timing Summary Report

------------------------------------------------------------------------------------------------
| Timer Settings
| --------------
------------------------------------------------------------------------------------------------

  Enable Multi Corner Analysis               :  Yes
  Enable Pessimism Removal                   :  Yes
  Pessimism Removal Resolution               :  Nearest Common Node
  Enable Input Delay Default Clock           :  No
  Enable Preset / Clear Arcs                 :  No
  Disable Flight Delays                      :  No
  Ignore I/O Paths                           :  No
  Timing Early Launch at Borrowing Latches   :  No
  Borrow Time for Max Delay Exceptions       :  Yes
  Merge Timing Exceptions                    :  Yes
  Inter-SLR Compensation                     :  Conservative

  Corner  Analyze    Analyze    
  Name    Max Paths  Min Paths  
  ------  ---------  ---------  
  Slow    Yes        Yes        
  Fast    Yes        Yes        


------------------------------------------------------------------------------------------------
| Report Methodology
| ------------------
------------------------------------------------------------------------------------------------

Rule      Severity          Description                                         Violations  
--------  ----------------  --------------------------------------------------  ----------  
TIMING-2  Critical Warning  Invalid primary clock source pin                    1           
TIMING-4  Critical Warning  Invalid primary clock redefinition on a clock tree  1           

Note: This report is based on the most recent report_methodology run and may not be up-to-date. Run report_methodology on the current design for the latest report.



check_timing report

Table of Contents
-----------------
1. checking no_clock (0)
2. checking constant_clock (0)
3. checking pulse_width_clock (0)
4. checking unconstrained_internal_endpoints (0)
5. checking no_input_delay (0)
6. checking no_output_delay (0)
7. checking multiple_clock (0)
8. checking generated_clocks (0)
9. checking loops (0)
10. checking partial_input_delay (0)
11. checking partial_output_delay (0)
12. checking latch_loops (0)

1. checking no_clock (0)
------------------------
 There are 0 register/latch pins with no clock.


2. checking constant_clock (0)
------------------------------
 There are 0 register/latch pins with constant_clock.


3. checking pulse_width_clock (0)
---------------------------------
 There are 0 register/latch pins which need pulse_width check


4. checking unconstrained_internal_endpoints (0)
------------------------------------------------
 There are 0 pins that are not constrained for maximum delay.

 There are 0 pins that are not constrained for maximum delay due to constant clock.


5. checking no_input_delay (0)
------------------------------
 There are 0 input ports with no input delay specified.

 There are 0 input ports with no input delay but user has a false path constraint.


6. checking no_output_delay (0)
-------------------------------
 There are 0 ports with no output delay specified.

 There are 0 ports with no output delay but user has a false path constraint

 There are 0 ports with no output delay but with a timing clock defined on it or propagating through it


7. checking multiple_clock (0)
------------------------------
 There are 0 register/latch pins with multiple clocks.


8. checking generated_clocks (0)
--------------------------------
 There are 0 generated clocks that are not connected to a clock source.


9. checking loops (0)
---------------------
 There are 0 combinational loops in the design.


10. checking partial_input_delay (0)
------------------------------------
 There are 0 input ports with partial input delay specified.


11. checking partial_output_delay (0)
-------------------------------------
 There are 0 ports with partial output delay specified.


12. checking latch_loops (0)
----------------------------
 There are 0 combinational latch loops in the design through latch input



------------------------------------------------------------------------------------------------
| Design Timing Summary
| ---------------------
------------------------------------------------------------------------------------------------

    WNS(ns)      TNS(ns)  TNS Failing Endpoints  TNS Total Endpoints      WHS(ns)      THS(ns)  THS Failing Endpoints  THS Total Endpoints     WPWS(ns)     TPWS(ns)  TPWS Failing Endpoints  TPWS Total Endpoints  
    -------      -------  ---------------------  -------------------      -------      -------  ---------------------  -------------------     --------     --------  ----------------------  --------------------  
      5.924        0.000                      0                 3690        0.010        0.000                      0                 3690        3.500        0.000                       0                  1727  


All user specified timing constraints are met.


------------------------------------------------------------------------------------------------
| Clock Summary
| -------------
------------------------------------------------------------------------------------------------

Clock     Waveform(ns)       Period(ns)      Frequency(MHz)
-----     ------------       ----------      --------------
clk       {0.000 5.000}      10.000          100.000         
clk_pl_0  {0.000 5.000}      10.000          100.000         


------------------------------------------------------------------------------------------------
| Intra Clock Table
| -----------------
------------------------------------------------------------------------------------------------

Clock             WNS(ns)      TNS(ns)  TNS Failing Endpoints  TNS Total Endpoints      WHS(ns)      THS(ns)  THS Failing Endpoints  THS Total Endpoints     WPWS(ns)     TPWS(ns)  TPWS Failing Endpoints  TPWS Total Endpoints  
-----             -------      -------  ---------------------  -------------------      -------      -------  ---------------------  -------------------     --------     --------  ----------------------  --------------------  
clk                 5.924        0.000                      0                 3690        0.010        0.000                      0                 3690        3.500        0.000                       0                  1727  


------------------------------------------------------------------------------------------------
| Inter Clock Table
| -----------------
------------------------------------------------------------------------------------------------

From Clock    To Clock          WNS(ns)      TNS(ns)  TNS Failing Endpoints  TNS Total Endpoints      WHS(ns)      THS(ns)  THS Failing Endpoints  THS Total Endpoints  
----------    --------          -------      -------  ---------------------  -------------------      -------      -------  ---------------------  -------------------  


------------------------------------------------------------------------------------------------
| Other Path Groups Table
| -----------------------
------------------------------------------------------------------------------------------------

Path Group    From Clock    To Clock          WNS(ns)      TNS(ns)  TNS Failing Endpoints  TNS Total Endpoints      WHS(ns)      THS(ns)  THS Failing Endpoints  THS Total Endpoints  
----------    ----------    --------          -------      -------  ---------------------  -------------------      -------      -------  ---------------------  -------------------  


------------------------------------------------------------------------------------------------
| User Ignored Path Table
| -----------------------
------------------------------------------------------------------------------------------------

Path Group    From Clock    To Clock    
----------    ----------    --------    
(none)                      clk           
(none)        clk           clk           


------------------------------------------------------------------------------------------------
| Unconstrained Path Table
| ------------------------
------------------------------------------------------------------------------------------------

Path Group    From Clock    To Clock    
----------    ----------    --------    


------------------------------------------------------------------------------------------------
| Timing Details
| --------------
------------------------------------------------------------------------------------------------


---------------------------------------------------------------------------------------------------
From Clock:  clk
  To Clock:  clk

Setup :            0  Failing Endpoints,  Worst Slack        5.924ns,  Total Violation        0.000ns
Hold  :            0  Failing Endpoints,  Worst Slack        0.010ns,  Total Violation        0.000ns
PW    :            0  Failing Endpoints,  Worst Slack        3.500ns,  Total Violation        0.000ns
---------------------------------------------------------------------------------------------------


Max Delay Paths
--------------------------------------------------------------------------------------
Slack (MET) :             5.924ns  (required time - arrival time)
  Source:                 wordle_design_i/wordle_top_0/inst/rom_inst/data_reg/CLKARDCLK
                            (rising edge-triggered cell RAMB36E2 clocked by clk  {rise@0.000ns fall@5.000ns period=10.000ns})
  Destination:            wordle_design_i/wordle_top_0/inst/fsm_inst/r_result_reg[3][1]/D
                            (rising edge-triggered cell FDRE clocked by clk  {rise@0.000ns fall@5.000ns period=10.000ns})
  Path Group:             clk
  Path Type:              Setup (Max at Slow Process Corner)
  Requirement:            10.000ns  (clk rise@10.000ns - clk rise@0.000ns)
  Data Path Delay:        3.602ns  (logic 1.198ns (33.261%)  route 2.404ns (66.739%))
  Logic Levels:           5  (LUT6=5)
  Clock Path Skew:        -0.388ns (DCD - SCD + CPR)
    Destination Clock Delay (DCD):    1.876ns = ( 11.876 - 10.000 ) 
    Source Clock Delay      (SCD):    2.389ns
    Clock Pessimism Removal (CPR):    0.125ns
  Clock Uncertainty:      0.130ns  ((TSJ^2 + DJ^2)^1/2) / 2 + PE
    Total System Jitter     (TSJ):    0.071ns
    Discrete Jitter          (DJ):    0.250ns
    Phase Error              (PE):    0.000ns
  Clock Net Delay (Source):      2.389ns (routing 1.045ns, distribution 1.344ns)
  Clock Net Delay (Destination): 1.876ns (routing 0.955ns, distribution 0.921ns)

    Location             Delay type                Incr(ns)  Path(ns)    Netlist Resource(s)
  -------------------------------------------------------------------    -------------------
                         (clock clk rise edge)        0.000     0.000 r  
    BUFG_PS_X0Y80        BUFG_PS                      0.000     0.000 r  wordle_design_i/zynq_ultra_ps_e_0/inst/buffer_pl_clk_0.PL_CLK_0_BUFG/O
    X0Y1 (CLOCK_ROOT)    net (fo=1727, routed)        2.389     2.389    wordle_design_i/wordle_top_0/inst/rom_inst/clk
    RAMB36_X0Y19         RAMB36E2                                     r  wordle_design_i/wordle_top_0/inst/rom_inst/data_reg/CLKARDCLK
  -------------------------------------------------------------------    -------------------
    RAMB36_X0Y19         RAMB36E2 (Prop_RAMB36E2_RAMB36_CLKARDCLK_DOUTADOUT[16])
                                                      0.305     2.694 r  wordle_design_i/wordle_top_0/inst/rom_inst/data_reg/DOUTADOUT[16]
                         net (fo=4, routed)           1.572     4.266    wordle_design_i/wordle_top_0/inst/rom_inst/DOUTADOUT[16]
    SLICE_X8Y93          LUT6 (Prop_D6LUT_SLICEM_I3_O)
                                                      0.151     4.417 r  wordle_design_i/wordle_top_0/inst/rom_inst/r_result[2][1]_i_16/O
                         net (fo=1, routed)           0.063     4.480    wordle_design_i/wordle_top_0/inst/rom_inst/r_result[2][1]_i_16_n_0
    SLICE_X8Y93          LUT6 (Prop_C6LUT_SLICEM_I5_O)
                                                      0.220     4.700 f  wordle_design_i/wordle_top_0/inst/rom_inst/r_result[2][1]_i_5/O
                         net (fo=8, routed)           0.283     4.983    wordle_design_i/wordle_top_0/inst/fsm_inst/r_result_reg[2][1]_0
    SLICE_X9Y95          LUT6 (Prop_H6LUT_SLICEL_I5_O)
                                                      0.188     5.171 r  wordle_design_i/wordle_top_0/inst/fsm_inst/r_result[2][1]_i_2/O
                         net (fo=3, routed)           0.224     5.396    wordle_design_i/wordle_top_0/inst/fsm_inst/r_result[2][1]_i_2_n_0
    SLICE_X10Y93         LUT6 (Prop_F6LUT_SLICEM_I3_O)
                                                      0.149     5.545 f  wordle_design_i/wordle_top_0/inst/fsm_inst/r_result[3][1]_i_5/O
                         net (fo=1, routed)           0.165     5.710    wordle_design_i/wordle_top_0/inst/fsm_inst/r_result[3][1]_i_5_n_0
    SLICE_X10Y93         LUT6 (Prop_D6LUT_SLICEM_I2_O)
                                                      0.185     5.895 r  wordle_design_i/wordle_top_0/inst/fsm_inst/r_result[3][1]_i_2/O
                         net (fo=1, routed)           0.096     5.991    wordle_design_i/wordle_top_0/inst/fsm_inst/r_result[3][1]_i_2_n_0
    SLICE_X10Y93         FDRE                                         r  wordle_design_i/wordle_top_0/inst/fsm_inst/r_result_reg[3][1]/D
  -------------------------------------------------------------------    -------------------

                         (clock clk rise edge)       10.000    10.000 r  
    BUFG_PS_X0Y80        BUFG_PS                      0.000    10.000 r  wordle_design_i/zynq_ultra_ps_e_0/inst/buffer_pl_clk_0.PL_CLK_0_BUFG/O
    X0Y1 (CLOCK_ROOT)    net (fo=1727, routed)        1.876    11.876    wordle_design_i/wordle_top_0/inst/fsm_inst/clk
    SLICE_X10Y93         FDRE                                         r  wordle_design_i/wordle_top_0/inst/fsm_inst/r_result_reg[3][1]/C
                         clock pessimism              0.125    12.001    
                         clock uncertainty           -0.130    11.872    
    SLICE_X10Y93         FDRE (Setup_DFF_SLICEM_C_D)
                                                      0.043    11.915    wordle_design_i/wordle_top_0/inst/fsm_inst/r_result_reg[3][1]
  -------------------------------------------------------------------
                         required time                         11.915    
                         arrival time                          -5.991    
  -------------------------------------------------------------------
                         slack                                  5.924    

Slack (MET) :             5.990ns  (required time - arrival time)
  Source:                 wordle_design_i/wordle_top_0/inst/rom_inst/data_reg/CLKARDCLK
                            (rising edge-triggered cell RAMB36E2 clocked by clk  {rise@0.000ns fall@5.000ns period=10.000ns})
  Destination:            wordle_design_i/wordle_top_0/inst/fsm_inst/r_game_status_reg[1]/D
                            (rising edge-triggered cell FDRE clocked by clk  {rise@0.000ns fall@5.000ns period=10.000ns})
  Path Group:             clk
  Path Type:              Setup (Max at Slow Process Corner)
  Requirement:            10.000ns  (clk rise@10.000ns - clk rise@0.000ns)
  Data Path Delay:        3.544ns  (logic 0.953ns (26.889%)  route 2.591ns (73.111%))
  Logic Levels:           4  (LUT4=1 LUT5=1 LUT6=2)
  Clock Path Skew:        -0.379ns (DCD - SCD + CPR)
    Destination Clock Delay (DCD):    1.885ns = ( 11.885 - 10.000 ) 
    Source Clock Delay      (SCD):    2.389ns
    Clock Pessimism Removal (CPR):    0.125ns
  Clock Uncertainty:      0.130ns  ((TSJ^2 + DJ^2)^1/2) / 2 + PE
    Total System Jitter     (TSJ):    0.071ns
    Discrete Jitter          (DJ):    0.250ns
    Phase Error              (PE):    0.000ns
  Clock Net Delay (Source):      2.389ns (routing 1.045ns, distribution 1.344ns)
  Clock Net Delay (Destination): 1.885ns (routing 0.955ns, distribution 0.930ns)

    Location             Delay type                Incr(ns)  Path(ns)    Netlist Resource(s)
  -------------------------------------------------------------------    -------------------
                         (clock clk rise edge)        0.000     0.000 r  
    BUFG_PS_X0Y80        BUFG_PS                      0.000     0.000 r  wordle_design_i/zynq_ultra_ps_e_0/inst/buffer_pl_clk_0.PL_CLK_0_BUFG/O
    X0Y1 (CLOCK_ROOT)    net (fo=1727, routed)        2.389     2.389    wordle_design_i/wordle_top_0/inst/rom_inst/clk
    RAMB36_X0Y19         RAMB36E2                                     r  wordle_design_i/wordle_top_0/inst/rom_inst/data_reg/CLKARDCLK
  -------------------------------------------------------------------    -------------------
    RAMB36_X0Y19         RAMB36E2 (Prop_RAMB36E2_RAMB36_CLKARDCLK_DOUTADOUT[16])
                                                      0.305     2.694 r  wordle_design_i/wordle_top_0/inst/rom_inst/data_reg/DOUTADOUT[16]
                         net (fo=4, routed)           1.572     4.266    wordle_design_i/wordle_top_0/inst/rom_inst/DOUTADOUT[16]
    SLICE_X8Y93          LUT6 (Prop_D6LUT_SLICEM_I3_O)
                                                      0.151     4.417 f  wordle_design_i/wordle_top_0/inst/rom_inst/r_result[2][1]_i_16/O
                         net (fo=1, routed)           0.063     4.480    wordle_design_i/wordle_top_0/inst/rom_inst/r_result[2][1]_i_16_n_0
    SLICE_X8Y93          LUT6 (Prop_C6LUT_SLICEM_I5_O)
                                                      0.220     4.700 r  wordle_design_i/wordle_top_0/inst/rom_inst/r_result[2][1]_i_5/O
                         net (fo=8, routed)           0.245     4.945    wordle_design_i/wordle_top_0/inst/rom_inst/data_reg_0[0]
    SLICE_X10Y95         LUT4 (Prop_E6LUT_SLICEM_I2_O)
                                                      0.187     5.132 r  wordle_design_i/wordle_top_0/inst/rom_inst/r_game_status[0]_i_1/O
                         net (fo=2, routed)           0.284     5.415    wordle_design_i/wordle_top_0/inst/fsm_inst/D[0]
    SLICE_X10Y101        LUT5 (Prop_H5LUT_SLICEM_I0_O)
                                                      0.090     5.505 r  wordle_design_i/wordle_top_0/inst/fsm_inst/r_ready_i_3/O
                         net (fo=2, routed)           0.428     5.933    wordle_design_i/wordle_top_0/inst/fsm_inst/r_game_status[1]
    SLICE_X10Y101        FDRE                                         r  wordle_design_i/wordle_top_0/inst/fsm_inst/r_game_status_reg[1]/D
  -------------------------------------------------------------------    -------------------

                         (clock clk rise edge)       10.000    10.000 r  
    BUFG_PS_X0Y80        BUFG_PS                      0.000    10.000 r  wordle_design_i/zynq_ultra_ps_e_0/inst/buffer_pl_clk_0.PL_CLK_0_BUFG/O
    X0Y1 (CLOCK_ROOT)    net (fo=1727, routed)        1.885    11.885    wordle_design_i/wordle_top_0/inst/fsm_inst/clk
    SLICE_X10Y101        FDRE                                         r  wordle_design_i/wordle_top_0/inst/fsm_inst/r_game_status_reg[1]/C
                         clock pessimism              0.125    12.010    
                         clock uncertainty           -0.130    11.881    
    SLICE_X10Y101        FDRE (Setup_GFF_SLICEM_C_D)
                                                      0.043    11.924    wordle_design_i/wordle_top_0/inst/fsm_inst/r_game_status_reg[1]
  -------------------------------------------------------------------
                         required time                         11.924    
                         arrival time                          -5.933    
  -------------------------------------------------------------------
                         slack                                  5.990    

Slack (MET) :             6.110ns  (required time - arrival time)
  Source:                 wordle_design_i/wordle_top_0/inst/rom_inst/data_reg/CLKARDCLK
                            (rising edge-triggered cell RAMB36E2 clocked by clk  {rise@0.000ns fall@5.000ns period=10.000ns})
  Destination:            wordle_design_i/wordle_top_0/inst/fsm_inst/r_result_reg[2][1]/D
                            (rising edge-triggered cell FDRE clocked by clk  {rise@0.000ns fall@5.000ns period=10.000ns})
  Path Group:             clk
  Path Type:              Setup (Max at Slow Process Corner)
  Requirement:            10.000ns  (clk rise@10.000ns - clk rise@0.000ns)
  Data Path Delay:        3.420ns  (logic 1.072ns (31.348%)  route 2.348ns (68.652%))
  Logic Levels:           5  (LUT5=3 LUT6=2)
  Clock Path Skew:        -0.385ns (DCD - SCD + CPR)
    Destination Clock Delay (DCD):    1.879ns = ( 11.879 - 10.000 ) 
    Source Clock Delay      (SCD):    2.389ns
    Clock Pessimism Removal (CPR):    0.125ns
  Clock Uncertainty:      0.130ns  ((TSJ^2 + DJ^2)^1/2) / 2 + PE
    Total System Jitter     (TSJ):    0.071ns
    Discrete Jitter          (DJ):    0.250ns
    Phase Error              (PE):    0.000ns
  Clock Net Delay (Source):      2.389ns (routing 1.045ns, distribution 1.344ns)
  Clock Net Delay (Destination): 1.879ns (routing 0.955ns, distribution 0.924ns)

    Location             Delay type                Incr(ns)  Path(ns)    Netlist Resource(s)
  -------------------------------------------------------------------    -------------------
                         (clock clk rise edge)        0.000     0.000 r  
    BUFG_PS_X0Y80        BUFG_PS                      0.000     0.000 r  wordle_design_i/zynq_ultra_ps_e_0/inst/buffer_pl_clk_0.PL_CLK_0_BUFG/O
    X0Y1 (CLOCK_ROOT)    net (fo=1727, routed)        2.389     2.389    wordle_design_i/wordle_top_0/inst/rom_inst/clk
    RAMB36_X0Y19         RAMB36E2                                     r  wordle_design_i/wordle_top_0/inst/rom_inst/data_reg/CLKARDCLK
  -------------------------------------------------------------------    -------------------
    RAMB36_X0Y19         RAMB36E2 (Prop_RAMB36E2_RAMB36_CLKARDCLK_DOUTADOUT[19])
                                                      0.299     2.688 r  wordle_design_i/wordle_top_0/inst/rom_inst/data_reg/DOUTADOUT[19]
                         net (fo=4, routed)           1.471     4.159    wordle_design_i/wordle_top_0/inst/rom_inst/ref_letter[0][2]
    SLICE_X10Y95         LUT6 (Prop_G6LUT_SLICEM_I5_O)
                                                      0.226     4.385 f  wordle_design_i/wordle_top_0/inst/rom_inst/r_result[2][1]_i_21/O
                         net (fo=2, routed)           0.161     4.546    wordle_design_i/wordle_top_0/inst/rom_inst/r_result[2][1]_i_21_n_0
    SLICE_X9Y95          LUT5 (Prop_B6LUT_SLICEL_I0_O)
                                                      0.083     4.629 f  wordle_design_i/wordle_top_0/inst/rom_inst/r_result[2][1]_i_12/O
                         net (fo=4, routed)           0.233     4.862    wordle_design_i/wordle_top_0/inst/rom_inst/r_result[2][1]_i_12_n_0
    SLICE_X10Y94         LUT5 (Prop_D5LUT_SLICEM_I2_O)
                                                      0.220     5.082 f  wordle_design_i/wordle_top_0/inst/rom_inst/r_result[1][1]_i_4/O
                         net (fo=3, routed)           0.259     5.341    wordle_design_i/wordle_top_0/inst/rom_inst/data_reg_5
    SLICE_X10Y94         LUT5 (Prop_E6LUT_SLICEM_I3_O)
                                                      0.187     5.528 r  wordle_design_i/wordle_top_0/inst/rom_inst/r_result[3][1]_i_4/O
                         net (fo=2, routed)           0.157     5.685    wordle_design_i/wordle_top_0/inst/fsm_inst/r_result_reg[3][1]_1
    SLICE_X9Y93          LUT6 (Prop_D6LUT_SLICEL_I4_O)
                                                      0.057     5.742 r  wordle_design_i/wordle_top_0/inst/fsm_inst/r_result[2][1]_i_1/O
                         net (fo=1, routed)           0.067     5.809    wordle_design_i/wordle_top_0/inst/fsm_inst/r_result[2][1]_i_1_n_0
    SLICE_X9Y93          FDRE                                         r  wordle_design_i/wordle_top_0/inst/fsm_inst/r_result_reg[2][1]/D
  -------------------------------------------------------------------    -------------------

                         (clock clk rise edge)       10.000    10.000 r  
    BUFG_PS_X0Y80        BUFG_PS                      0.000    10.000 r  wordle_design_i/zynq_ultra_ps_e_0/inst/buffer_pl_clk_0.PL_CLK_0_BUFG/O
    X0Y1 (CLOCK_ROOT)    net (fo=1727, routed)        1.879    11.879    wordle_design_i/wordle_top_0/inst/fsm_inst/clk
    SLICE_X9Y93          FDRE                                         r  wordle_design_i/wordle_top_0/inst/fsm_inst/r_result_reg[2][1]/C
                         clock pessimism              0.125    12.004    
                         clock uncertainty           -0.130    11.875    
    SLICE_X9Y93          FDRE (Setup_DFF_SLICEL_C_D)
                                                      0.044    11.919    wordle_design_i/wordle_top_0/inst/fsm_inst/r_result_reg[2][1]
  -------------------------------------------------------------------
                         required time                         11.919    
                         arrival time                          -5.809    
  -------------------------------------------------------------------
                         slack                                  6.110    

Slack (MET) :             6.124ns  (required time - arrival time)
  Source:                 wordle_design_i/wordle_top_0/inst/rom_inst/data_reg/CLKARDCLK
                            (rising edge-triggered cell RAMB36E2 clocked by clk  {rise@0.000ns fall@5.000ns period=10.000ns})
  Destination:            wordle_design_i/wordle_top_0/inst/fsm_inst/r_ready_reg/D
                            (rising edge-triggered cell FDRE clocked by clk  {rise@0.000ns fall@5.000ns period=10.000ns})
  Path Group:             clk
  Path Type:              Setup (Max at Slow Process Corner)
  Requirement:            10.000ns  (clk rise@10.000ns - clk rise@0.000ns)
  Data Path Delay:        3.411ns  (logic 1.009ns (29.579%)  route 2.402ns (70.421%))
  Logic Levels:           5  (LUT4=1 LUT5=1 LUT6=3)
  Clock Path Skew:        -0.378ns (DCD - SCD + CPR)
    Destination Clock Delay (DCD):    1.886ns = ( 11.886 - 10.000 ) 
    Source Clock Delay      (SCD):    2.389ns
    Clock Pessimism Removal (CPR):    0.125ns
  Clock Uncertainty:      0.130ns  ((TSJ^2 + DJ^2)^1/2) / 2 + PE
    Total System Jitter     (TSJ):    0.071ns
    Discrete Jitter          (DJ):    0.250ns
    Phase Error              (PE):    0.000ns
  Clock Net Delay (Source):      2.389ns (routing 1.045ns, distribution 1.344ns)
  Clock Net Delay (Destination): 1.886ns (routing 0.955ns, distribution 0.931ns)

    Location             Delay type                Incr(ns)  Path(ns)    Netlist Resource(s)
  -------------------------------------------------------------------    -------------------
                         (clock clk rise edge)        0.000     0.000 r  
    BUFG_PS_X0Y80        BUFG_PS                      0.000     0.000 r  wordle_design_i/zynq_ultra_ps_e_0/inst/buffer_pl_clk_0.PL_CLK_0_BUFG/O
    X0Y1 (CLOCK_ROOT)    net (fo=1727, routed)        2.389     2.389    wordle_design_i/wordle_top_0/inst/rom_inst/clk
    RAMB36_X0Y19         RAMB36E2                                     r  wordle_design_i/wordle_top_0/inst/rom_inst/data_reg/CLKARDCLK
  -------------------------------------------------------------------    -------------------
    RAMB36_X0Y19         RAMB36E2 (Prop_RAMB36E2_RAMB36_CLKARDCLK_DOUTADOUT[16])
                                                      0.305     2.694 r  wordle_design_i/wordle_top_0/inst/rom_inst/data_reg/DOUTADOUT[16]
                         net (fo=4, routed)           1.572     4.266    wordle_design_i/wordle_top_0/inst/rom_inst/DOUTADOUT[16]
    SLICE_X8Y93          LUT6 (Prop_D6LUT_SLICEM_I3_O)
                                                      0.151     4.417 r  wordle_design_i/wordle_top_0/inst/rom_inst/r_result[2][1]_i_16/O
                         net (fo=1, routed)           0.063     4.480    wordle_design_i/wordle_top_0/inst/rom_inst/r_result[2][1]_i_16_n_0
    SLICE_X8Y93          LUT6 (Prop_C6LUT_SLICEM_I5_O)
                                                      0.220     4.700 f  wordle_design_i/wordle_top_0/inst/rom_inst/r_result[2][1]_i_5/O
                         net (fo=8, routed)           0.245     4.945    wordle_design_i/wordle_top_0/inst/rom_inst/data_reg_0[0]
    SLICE_X10Y95         LUT4 (Prop_E6LUT_SLICEM_I2_O)
                                                      0.187     5.132 f  wordle_design_i/wordle_top_0/inst/rom_inst/r_game_status[0]_i_1/O
                         net (fo=2, routed)           0.284     5.415    wordle_design_i/wordle_top_0/inst/fsm_inst/D[0]
    SLICE_X10Y101        LUT5 (Prop_H5LUT_SLICEM_I0_O)
                                                      0.090     5.505 f  wordle_design_i/wordle_top_0/inst/fsm_inst/r_ready_i_3/O
                         net (fo=2, routed)           0.143     5.648    wordle_design_i/wordle_top_0/inst/fsm_inst/r_game_status[1]
    SLICE_X10Y102        LUT6 (Prop_D6LUT_SLICEM_I0_O)
                                                      0.056     5.704 r  wordle_design_i/wordle_top_0/inst/fsm_inst/r_ready_i_2/O
                         net (fo=1, routed)           0.096     5.800    wordle_design_i/wordle_top_0/inst/fsm_inst/r_ready_i_2_n_0
    SLICE_X10Y102        FDRE                                         r  wordle_design_i/wordle_top_0/inst/fsm_inst/r_ready_reg/D
  -------------------------------------------------------------------    -------------------

                         (clock clk rise edge)       10.000    10.000 r  
    BUFG_PS_X0Y80        BUFG_PS                      0.000    10.000 r  wordle_design_i/zynq_ultra_ps_e_0/inst/buffer_pl_clk_0.PL_CLK_0_BUFG/O
    X0Y1 (CLOCK_ROOT)    net (fo=1727, routed)        1.886    11.886    wordle_design_i/wordle_top_0/inst/fsm_inst/clk
    SLICE_X10Y102        FDRE                                         r  wordle_design_i/wordle_top_0/inst/fsm_inst/r_ready_reg/C
                         clock pessimism              0.125    12.011    
                         clock uncertainty           -0.130    11.882    
    SLICE_X10Y102        FDRE (Setup_DFF_SLICEM_C_D)
                                                      0.043    11.925    wordle_design_i/wordle_top_0/inst/fsm_inst/r_ready_reg
  -------------------------------------------------------------------
                         required time                         11.925    
                         arrival time                          -5.800    
  -------------------------------------------------------------------
                         slack                                  6.124    

Slack (MET) :             6.344ns  (required time - arrival time)
  Source:                 wordle_design_i/wordle_top_0/inst/rom_inst/data_reg/CLKARDCLK
                            (rising edge-triggered cell RAMB36E2 clocked by clk  {rise@0.000ns fall@5.000ns period=10.000ns})
  Destination:            wordle_design_i/wordle_top_0/inst/fsm_inst/r_result_reg[1][1]/D
                            (rising edge-triggered cell FDRE clocked by clk  {rise@0.000ns fall@5.000ns period=10.000ns})
  Path Group:             clk
  Path Type:              Setup (Max at Slow Process Corner)
  Requirement:            10.000ns  (clk rise@10.000ns - clk rise@0.000ns)
  Data Path Delay:        3.177ns  (logic 0.963ns (30.310%)  route 2.214ns (69.690%))
  Logic Levels:           4  (LUT5=3 LUT6=1)
  Clock Path Skew:        -0.392ns (DCD - SCD + CPR)
    Destination Clock Delay (DCD):    1.872ns = ( 11.872 - 10.000 ) 
    Source Clock Delay      (SCD):    2.389ns
    Clock Pessimism Removal (CPR):    0.125ns
  Clock Uncertainty:      0.130ns  ((TSJ^2 + DJ^2)^1/2) / 2 + PE
    Total System Jitter     (TSJ):    0.071ns
    Discrete Jitter          (DJ):    0.250ns
    Phase Error              (PE):    0.000ns
  Clock Net Delay (Source):      2.389ns (routing 1.045ns, distribution 1.344ns)
  Clock Net Delay (Destination): 1.872ns (routing 0.955ns, distribution 0.917ns)

    Location             Delay type                Incr(ns)  Path(ns)    Netlist Resource(s)
  -------------------------------------------------------------------    -------------------
                         (clock clk rise edge)        0.000     0.000 r  
    BUFG_PS_X0Y80        BUFG_PS                      0.000     0.000 r  wordle_design_i/zynq_ultra_ps_e_0/inst/buffer_pl_clk_0.PL_CLK_0_BUFG/O
    X0Y1 (CLOCK_ROOT)    net (fo=1727, routed)        2.389     2.389    wordle_design_i/wordle_top_0/inst/rom_inst/clk
    RAMB36_X0Y19         RAMB36E2                                     r  wordle_design_i/wordle_top_0/inst/rom_inst/data_reg/CLKARDCLK
  -------------------------------------------------------------------    -------------------
    RAMB36_X0Y19         RAMB36E2 (Prop_RAMB36E2_RAMB36_CLKARDCLK_DOUTADOUT[19])
                                                      0.299     2.688 r  wordle_design_i/wordle_top_0/inst/rom_inst/data_reg/DOUTADOUT[19]
                         net (fo=4, routed)           1.471     4.159    wordle_design_i/wordle_top_0/inst/rom_inst/ref_letter[0][2]
    SLICE_X10Y95         LUT6 (Prop_G6LUT_SLICEM_I5_O)
                                                      0.226     4.385 f  wordle_design_i/wordle_top_0/inst/rom_inst/r_result[2][1]_i_21/O
                         net (fo=2, routed)           0.161     4.546    wordle_design_i/wordle_top_0/inst/rom_inst/r_result[2][1]_i_21_n_0
    SLICE_X9Y95          LUT5 (Prop_B6LUT_SLICEL_I0_O)
                                                      0.083     4.629 f  wordle_design_i/wordle_top_0/inst/rom_inst/r_result[2][1]_i_12/O
                         net (fo=4, routed)           0.233     4.862    wordle_design_i/wordle_top_0/inst/rom_inst/r_result[2][1]_i_12_n_0
    SLICE_X10Y94         LUT5 (Prop_D5LUT_SLICEM_I2_O)
                                                      0.220     5.082 f  wordle_design_i/wordle_top_0/inst/rom_inst/r_result[1][1]_i_4/O
                         net (fo=3, routed)           0.254     5.336    wordle_design_i/wordle_top_0/inst/rom_inst/data_reg_5
    SLICE_X10Y94         LUT5 (Prop_C6LUT_SLICEM_I2_O)
                                                      0.135     5.471 r  wordle_design_i/wordle_top_0/inst/rom_inst/r_result[1][1]_i_1/O
                         net (fo=1, routed)           0.095     5.566    wordle_design_i/wordle_top_0/inst/fsm_inst/r_result_reg[1][1]_0[0]
    SLICE_X10Y94         FDRE                                         r  wordle_design_i/wordle_top_0/inst/fsm_inst/r_result_reg[1][1]/D
  -------------------------------------------------------------------    -------------------

                         (clock clk rise edge)       10.000    10.000 r  
    BUFG_PS_X0Y80        BUFG_PS                      0.000    10.000 r  wordle_design_i/zynq_ultra_ps_e_0/inst/buffer_pl_clk_0.PL_CLK_0_BUFG/O
    X0Y1 (CLOCK_ROOT)    net (fo=1727, routed)        1.872    11.872    wordle_design_i/wordle_top_0/inst/fsm_inst/clk
    SLICE_X10Y94         FDRE                                         r  wordle_design_i/wordle_top_0/inst/fsm_inst/r_result_reg[1][1]/C
                         clock pessimism              0.125    11.997    
                         clock uncertainty           -0.130    11.868    
    SLICE_X10Y94         FDRE (Setup_CFF_SLICEM_C_D)
                                                      0.043    11.911    wordle_design_i/wordle_top_0/inst/fsm_inst/r_result_reg[1][1]
  -------------------------------------------------------------------
                         required time                         11.911    
                         arrival time                          -5.566    
  -------------------------------------------------------------------
                         slack                                  6.344    

Slack (MET) :             6.371ns  (required time - arrival time)
  Source:                 wordle_design_i/wordle_top_0/inst/rom_inst/data_reg/CLKARDCLK
                            (rising edge-triggered cell RAMB36E2 clocked by clk  {rise@0.000ns fall@5.000ns period=10.000ns})
  Destination:            wordle_design_i/wordle_top_0/inst/fsm_inst/r_game_status_reg[0]/D
                            (rising edge-triggered cell FDRE clocked by clk  {rise@0.000ns fall@5.000ns period=10.000ns})
  Path Group:             clk
  Path Type:              Setup (Max at Slow Process Corner)
  Requirement:            10.000ns  (clk rise@10.000ns - clk rise@0.000ns)
  Data Path Delay:        3.164ns  (logic 0.863ns (27.273%)  route 2.301ns (72.727%))
  Logic Levels:           3  (LUT4=1 LUT6=2)
  Clock Path Skew:        -0.379ns (DCD - SCD + CPR)
    Destination Clock Delay (DCD):    1.885ns = ( 11.885 - 10.000 ) 
    Source Clock Delay      (SCD):    2.389ns
    Clock Pessimism Removal (CPR):    0.125ns
  Clock Uncertainty:      0.130ns  ((TSJ^2 + DJ^2)^1/2) / 2 + PE
    Total System Jitter     (TSJ):    0.071ns
    Discrete Jitter          (DJ):    0.250ns
    Phase Error              (PE):    0.000ns
  Clock Net Delay (Source):      2.389ns (routing 1.045ns, distribution 1.344ns)
  Clock Net Delay (Destination): 1.885ns (routing 0.955ns, distribution 0.930ns)

    Location             Delay type                Incr(ns)  Path(ns)    Netlist Resource(s)
  -------------------------------------------------------------------    -------------------
                         (clock clk rise edge)        0.000     0.000 r  
    BUFG_PS_X0Y80        BUFG_PS                      0.000     0.000 r  wordle_design_i/zynq_ultra_ps_e_0/inst/buffer_pl_clk_0.PL_CLK_0_BUFG/O
    X0Y1 (CLOCK_ROOT)    net (fo=1727, routed)        2.389     2.389    wordle_design_i/wordle_top_0/inst/rom_inst/clk
    RAMB36_X0Y19         RAMB36E2                                     r  wordle_design_i/wordle_top_0/inst/rom_inst/data_reg/CLKARDCLK
  -------------------------------------------------------------------    -------------------
    RAMB36_X0Y19         RAMB36E2 (Prop_RAMB36E2_RAMB36_CLKARDCLK_DOUTADOUT[16])
                                                      0.305     2.694 r  wordle_design_i/wordle_top_0/inst/rom_inst/data_reg/DOUTADOUT[16]
                         net (fo=4, routed)           1.572     4.266    wordle_design_i/wordle_top_0/inst/rom_inst/DOUTADOUT[16]
    SLICE_X8Y93          LUT6 (Prop_D6LUT_SLICEM_I3_O)
                                                      0.151     4.417 f  wordle_design_i/wordle_top_0/inst/rom_inst/r_result[2][1]_i_16/O
                         net (fo=1, routed)           0.063     4.480    wordle_design_i/wordle_top_0/inst/rom_inst/r_result[2][1]_i_16_n_0
    SLICE_X8Y93          LUT6 (Prop_C6LUT_SLICEM_I5_O)
                                                      0.220     4.700 r  wordle_design_i/wordle_top_0/inst/rom_inst/r_result[2][1]_i_5/O
                         net (fo=8, routed)           0.245     4.945    wordle_design_i/wordle_top_0/inst/rom_inst/data_reg_0[0]
    SLICE_X10Y95         LUT4 (Prop_E6LUT_SLICEM_I2_O)
                                                      0.187     5.132 r  wordle_design_i/wordle_top_0/inst/rom_inst/r_game_status[0]_i_1/O
                         net (fo=2, routed)           0.422     5.553    wordle_design_i/wordle_top_0/inst/fsm_inst/D[0]
    SLICE_X10Y101        FDRE                                         r  wordle_design_i/wordle_top_0/inst/fsm_inst/r_game_status_reg[0]/D
  -------------------------------------------------------------------    -------------------

                         (clock clk rise edge)       10.000    10.000 r  
    BUFG_PS_X0Y80        BUFG_PS                      0.000    10.000 r  wordle_design_i/zynq_ultra_ps_e_0/inst/buffer_pl_clk_0.PL_CLK_0_BUFG/O
    X0Y1 (CLOCK_ROOT)    net (fo=1727, routed)        1.885    11.885    wordle_design_i/wordle_top_0/inst/fsm_inst/clk
    SLICE_X10Y101        FDRE                                         r  wordle_design_i/wordle_top_0/inst/fsm_inst/r_game_status_reg[0]/C
                         clock pessimism              0.125    12.010    
                         clock uncertainty           -0.130    11.881    
    SLICE_X10Y101        FDRE (Setup_HFF_SLICEM_C_D)
                                                      0.044    11.925    wordle_design_i/wordle_top_0/inst/fsm_inst/r_game_status_reg[0]
  -------------------------------------------------------------------
                         required time                         11.925    
                         arrival time                          -5.553    
  -------------------------------------------------------------------
                         slack                                  6.371    

Slack (MET) :             6.506ns  (required time - arrival time)
  Source:                 wordle_design_i/wordle_top_0/inst/rom_inst/data_reg/CLKARDCLK
                            (rising edge-triggered cell RAMB36E2 clocked by clk  {rise@0.000ns fall@5.000ns period=10.000ns})
  Destination:            wordle_design_i/wordle_top_0/inst/fsm_inst/r_result_reg[0][1]/D
                            (rising edge-triggered cell FDRE clocked by clk  {rise@0.000ns fall@5.000ns period=10.000ns})
  Path Group:             clk
  Path Type:              Setup (Max at Slow Process Corner)
  Requirement:            10.000ns  (clk rise@10.000ns - clk rise@0.000ns)
  Data Path Delay:        3.022ns  (logic 0.962ns (31.832%)  route 2.060ns (68.168%))
  Logic Levels:           4  (LUT4=1 LUT5=2 LUT6=1)
  Clock Path Skew:        -0.385ns (DCD - SCD + CPR)
    Destination Clock Delay (DCD):    1.879ns = ( 11.879 - 10.000 ) 
    Source Clock Delay      (SCD):    2.389ns
    Clock Pessimism Removal (CPR):    0.125ns
  Clock Uncertainty:      0.130ns  ((TSJ^2 + DJ^2)^1/2) / 2 + PE
    Total System Jitter     (TSJ):    0.071ns
    Discrete Jitter          (DJ):    0.250ns
    Phase Error              (PE):    0.000ns
  Clock Net Delay (Source):      2.389ns (routing 1.045ns, distribution 1.344ns)
  Clock Net Delay (Destination): 1.879ns (routing 0.955ns, distribution 0.924ns)

    Location             Delay type                Incr(ns)  Path(ns)    Netlist Resource(s)
  -------------------------------------------------------------------    -------------------
                         (clock clk rise edge)        0.000     0.000 r  
    BUFG_PS_X0Y80        BUFG_PS                      0.000     0.000 r  wordle_design_i/zynq_ultra_ps_e_0/inst/buffer_pl_clk_0.PL_CLK_0_BUFG/O
    X0Y1 (CLOCK_ROOT)    net (fo=1727, routed)        2.389     2.389    wordle_design_i/wordle_top_0/inst/rom_inst/clk
    RAMB36_X0Y19         RAMB36E2                                     r  wordle_design_i/wordle_top_0/inst/rom_inst/data_reg/CLKARDCLK
  -------------------------------------------------------------------    -------------------
    RAMB36_X0Y19         RAMB36E2 (Prop_RAMB36E2_RAMB36_CLKARDCLK_DOUTADOUT[19])
                                                      0.299     2.688 r  wordle_design_i/wordle_top_0/inst/rom_inst/data_reg/DOUTADOUT[19]
                         net (fo=4, routed)           1.471     4.159    wordle_design_i/wordle_top_0/inst/rom_inst/ref_letter[0][2]
    SLICE_X10Y95         LUT6 (Prop_G6LUT_SLICEM_I5_O)
                                                      0.226     4.385 f  wordle_design_i/wordle_top_0/inst/rom_inst/r_result[2][1]_i_21/O
                         net (fo=2, routed)           0.161     4.546    wordle_design_i/wordle_top_0/inst/rom_inst/r_result[2][1]_i_21_n_0
    SLICE_X9Y95          LUT5 (Prop_B6LUT_SLICEL_I0_O)
                                                      0.083     4.629 f  wordle_design_i/wordle_top_0/inst/rom_inst/r_result[2][1]_i_12/O
                         net (fo=4, routed)           0.233     4.862    wordle_design_i/wordle_top_0/inst/rom_inst/r_result[2][1]_i_12_n_0
    SLICE_X10Y94         LUT4 (Prop_D6LUT_SLICEM_I1_O)
                                                      0.220     5.082 f  wordle_design_i/wordle_top_0/inst/rom_inst/r_result[0][1]_i_4/O
                         net (fo=1, routed)           0.099     5.181    wordle_design_i/wordle_top_0/inst/fsm_inst/r_result_reg[0][1]_0
    SLICE_X10Y95         LUT5 (Prop_D6LUT_SLICEM_I3_O)
                                                      0.134     5.315 r  wordle_design_i/wordle_top_0/inst/fsm_inst/r_result[0][1]_i_1/O
                         net (fo=1, routed)           0.096     5.411    wordle_design_i/wordle_top_0/inst/fsm_inst/r_result[0][1]_i_1_n_0
    SLICE_X10Y95         FDRE                                         r  wordle_design_i/wordle_top_0/inst/fsm_inst/r_result_reg[0][1]/D
  -------------------------------------------------------------------    -------------------

                         (clock clk rise edge)       10.000    10.000 r  
    BUFG_PS_X0Y80        BUFG_PS                      0.000    10.000 r  wordle_design_i/zynq_ultra_ps_e_0/inst/buffer_pl_clk_0.PL_CLK_0_BUFG/O
    X0Y1 (CLOCK_ROOT)    net (fo=1727, routed)        1.879    11.879    wordle_design_i/wordle_top_0/inst/fsm_inst/clk
    SLICE_X10Y95         FDRE                                         r  wordle_design_i/wordle_top_0/inst/fsm_inst/r_result_reg[0][1]/C
                         clock pessimism              0.125    12.004    
                         clock uncertainty           -0.130    11.875    
    SLICE_X10Y95         FDRE (Setup_DFF_SLICEM_C_D)
                                                      0.043    11.918    wordle_design_i/wordle_top_0/inst/fsm_inst/r_result_reg[0][1]
  -------------------------------------------------------------------
                         required time                         11.918    
                         arrival time                          -5.411    
  -------------------------------------------------------------------
                         slack                                  6.506    

Slack (MET) :             6.596ns  (required time - arrival time)
  Source:                 <hidden>
                            (rising edge-triggered cell FDRE clocked by clk  {rise@0.000ns fall@5.000ns period=10.000ns})
  Destination:            <hidden>
                            (rising edge-triggered cell FDRE clocked by clk  {rise@0.000ns fall@5.000ns period=10.000ns})
  Path Group:             clk
  Path Type:              Setup (Max at Slow Process Corner)
  Requirement:            10.000ns  (clk rise@10.000ns - clk rise@0.000ns)
  Data Path Delay:        3.205ns  (logic 0.878ns (27.392%)  route 2.327ns (72.608%))
  Logic Levels:           4  (LUT2=1 LUT5=1 LUT6=1 MUXF7=1)
  Clock Path Skew:        -0.113ns (DCD - SCD + CPR)
    Destination Clock Delay (DCD):    1.888ns = ( 11.888 - 10.000 ) 
    Source Clock Delay      (SCD):    2.124ns
    Clock Pessimism Removal (CPR):    0.122ns
  Clock Uncertainty:      0.130ns  ((TSJ^2 + DJ^2)^1/2) / 2 + PE
    Total System Jitter     (TSJ):    0.071ns
    Discrete Jitter          (DJ):    0.250ns
    Phase Error              (PE):    0.000ns
  Clock Net Delay (Source):      2.124ns (routing 1.045ns, distribution 1.079ns)
  Clock Net Delay (Destination): 1.888ns (routing 0.955ns, distribution 0.933ns)

    Location             Delay type                Incr(ns)  Path(ns)    Netlist Resource(s)
  -------------------------------------------------------------------    -------------------
                         (clock clk rise edge)        0.000     0.000 r  
    BUFG_PS_X0Y80        BUFG_PS                      0.000     0.000 r  wordle_design_i/zynq_ultra_ps_e_0/inst/buffer_pl_clk_0.PL_CLK_0_BUFG/O
    X0Y1 (CLOCK_ROOT)    net (fo=1727, routed)        2.124     2.124    <hidden>
    SLICE_X3Y115         FDRE                                         r  <hidden>
  -------------------------------------------------------------------    -------------------
    SLICE_X3Y115         FDRE (Prop_AFF2_SLICEL_C_Q)
                                                      0.116     2.240 f  <hidden>
                         net (fo=39, routed)          0.347     2.586    <hidden>
    SLICE_X6Y115         LUT2 (Prop_C6LUT_SLICEL_I1_O)
                                                      0.221     2.807 f  <hidden>
                         net (fo=9, routed)           0.670     3.478    <hidden>
    SLICE_X5Y106         LUT5 (Prop_D5LUT_SLICEM_I0_O)
                                                      0.220     3.698 r  <hidden>
                         net (fo=32, routed)          1.255     4.953    <hidden>
    SLICE_X9Y98          LUT6 (Prop_G6LUT_SLICEL_I0_O)
                                                      0.226     5.179 r  <hidden>
                         net (fo=1, routed)           0.012     5.191    <hidden>
    SLICE_X9Y98          MUXF7 (Prop_F7MUX_GH_SLICEL_I1_O)
                                                      0.095     5.286 r  <hidden>
                         net (fo=1, routed)           0.043     5.329    <hidden>
    SLICE_X9Y98          FDRE                                         r  <hidden>
  -------------------------------------------------------------------    -------------------

                         (clock clk rise edge)       10.000    10.000 r  
    BUFG_PS_X0Y80        BUFG_PS                      0.000    10.000 r  wordle_design_i/zynq_ultra_ps_e_0/inst/buffer_pl_clk_0.PL_CLK_0_BUFG/O
    X0Y1 (CLOCK_ROOT)    net (fo=1727, routed)        1.888    11.888    <hidden>
    SLICE_X9Y98          FDRE                                         r  <hidden>
                         clock pessimism              0.122    12.010    
                         clock uncertainty           -0.130    11.880    
    SLICE_X9Y98          FDRE (Setup_HFF_SLICEL_C_D)
                                                      0.044    11.924    <hidden>
  -------------------------------------------------------------------
                         required time                         11.924    
                         arrival time                          -5.329    
  -------------------------------------------------------------------
                         slack                                  6.596    

Slack (MET) :             6.601ns  (required time - arrival time)
  Source:                 wordle_design_i/zynq_ultra_ps_e_0/inst/PS8_i/MAXIGP0ACLK
                            (rising edge-triggered cell PS8 clocked by clk  {rise@0.000ns fall@5.000ns period=10.000ns})
  Destination:            <hidden>
                            (rising edge-triggered cell FDRE clocked by clk  {rise@0.000ns fall@5.000ns period=10.000ns})
  Path Group:             clk
  Path Type:              Setup (Max at Slow Process Corner)
  Requirement:            10.000ns  (clk rise@10.000ns - clk rise@0.000ns)
  Data Path Delay:        3.158ns  (logic 1.365ns (43.228%)  route 1.793ns (56.772%))
  Logic Levels:           5  (LUT4=1 LUT5=1 LUT6=3)
  Clock Path Skew:        -0.031ns (DCD - SCD + CPR)
    Destination Clock Delay (DCD):    1.885ns = ( 11.885 - 10.000 ) 
    Source Clock Delay      (SCD):    2.038ns
    Clock Pessimism Removal (CPR):    0.122ns
  Clock Uncertainty:      0.130ns  ((TSJ^2 + DJ^2)^1/2) / 2 + PE
    Total System Jitter     (TSJ):    0.071ns
    Discrete Jitter          (DJ):    0.250ns
    Phase Error              (PE):    0.000ns
  Clock Net Delay (Source):      2.038ns (routing 1.045ns, distribution 0.993ns)
  Clock Net Delay (Destination): 1.885ns (routing 0.955ns, distribution 0.930ns)

    Location             Delay type                Incr(ns)  Path(ns)    Netlist Resource(s)
  -------------------------------------------------------------------    -------------------
                         (clock clk rise edge)        0.000     0.000 r  
    BUFG_PS_X0Y80        BUFG_PS                      0.000     0.000 r  wordle_design_i/zynq_ultra_ps_e_0/inst/buffer_pl_clk_0.PL_CLK_0_BUFG/O
    X0Y1 (CLOCK_ROOT)    net (fo=1727, routed)        2.038     2.038    wordle_design_i/zynq_ultra_ps_e_0/inst/maxihpm0_fpd_aclk
    PS8_X0Y0             PS8                                          r  wordle_design_i/zynq_ultra_ps_e_0/inst/PS8_i/MAXIGP0ACLK
  -------------------------------------------------------------------    -------------------
    PS8_X0Y0             PS8 (Prop_PS8_MAXIGP0ACLK_MAXIGP0WSTRB[9])
                                                      0.603     2.641 r  wordle_design_i/zynq_ultra_ps_e_0/inst/PS8_i/MAXIGP0WSTRB[9]
                         net (fo=1, routed)           0.670     3.311    <hidden>
    SLICE_X0Y99          LUT6 (Prop_B6LUT_SLICEL_I0_O)
                                                      0.083     3.394 r  <hidden>
                         net (fo=1, routed)           0.054     3.448    <hidden>
    SLICE_X0Y99          LUT4 (Prop_G6LUT_SLICEL_I0_O)
                                                      0.151     3.599 f  <hidden>
                         net (fo=7, routed)           0.434     4.033    <hidden>
    SLICE_X5Y99          LUT5 (Prop_D5LUT_SLICEM_I4_O)
                                                      0.220     4.253 r  <hidden>
                         net (fo=1, routed)           0.220     4.473    <hidden>
    SLICE_X5Y99          LUT6 (Prop_F6LUT_SLICEM_I2_O)
                                                      0.224     4.697 r  <hidden>
                         net (fo=1, routed)           0.119     4.816    <hidden>
    SLICE_X5Y101         LUT6 (Prop_H6LUT_SLICEM_I0_O)
                                                      0.084     4.900 r  <hidden>
                         net (fo=3, routed)           0.296     5.196    <hidden>
    SLICE_X5Y98          FDRE                                         r  <hidden>
  -------------------------------------------------------------------    -------------------

                         (clock clk rise edge)       10.000    10.000 r  
    BUFG_PS_X0Y80        BUFG_PS                      0.000    10.000 r  wordle_design_i/zynq_ultra_ps_e_0/inst/buffer_pl_clk_0.PL_CLK_0_BUFG/O
    X0Y1 (CLOCK_ROOT)    net (fo=1727, routed)        1.885    11.885    <hidden>
    SLICE_X5Y98          FDRE                                         r  <hidden>
                         clock pessimism              0.122    12.007    
                         clock uncertainty           -0.130    11.878    
    SLICE_X5Y98          FDRE (Setup_GFF_SLICEM_C_CE)
                                                     -0.081    11.797    <hidden>
  -------------------------------------------------------------------
                         required time                         11.797    
                         arrival time                          -5.196    
  -------------------------------------------------------------------
                         slack                                  6.601    

Slack (MET) :             6.601ns  (required time - arrival time)
  Source:                 wordle_design_i/zynq_ultra_ps_e_0/inst/PS8_i/MAXIGP0ACLK
                            (rising edge-triggered cell PS8 clocked by clk  {rise@0.000ns fall@5.000ns period=10.000ns})
  Destination:            <hidden>
                            (rising edge-triggered cell FDRE clocked by clk  {rise@0.000ns fall@5.000ns period=10.000ns})
  Path Group:             clk
  Path Type:              Setup (Max at Slow Process Corner)
  Requirement:            10.000ns  (clk rise@10.000ns - clk rise@0.000ns)
  Data Path Delay:        3.158ns  (logic 1.365ns (43.228%)  route 1.793ns (56.772%))
  Logic Levels:           5  (LUT4=1 LUT5=1 LUT6=3)
  Clock Path Skew:        -0.031ns (DCD - SCD + CPR)
    Destination Clock Delay (DCD):    1.885ns = ( 11.885 - 10.000 ) 
    Source Clock Delay      (SCD):    2.038ns
    Clock Pessimism Removal (CPR):    0.122ns
  Clock Uncertainty:      0.130ns  ((TSJ^2 + DJ^2)^1/2) / 2 + PE
    Total System Jitter     (TSJ):    0.071ns
    Discrete Jitter          (DJ):    0.250ns
    Phase Error              (PE):    0.000ns
  Clock Net Delay (Source):      2.038ns (routing 1.045ns, distribution 0.993ns)
  Clock Net Delay (Destination): 1.885ns (routing 0.955ns, distribution 0.930ns)

    Location             Delay type                Incr(ns)  Path(ns)    Netlist Resource(s)
  -------------------------------------------------------------------    -------------------
                         (clock clk rise edge)        0.000     0.000 r  
    BUFG_PS_X0Y80        BUFG_PS                      0.000     0.000 r  wordle_design_i/zynq_ultra_ps_e_0/inst/buffer_pl_clk_0.PL_CLK_0_BUFG/O
    X0Y1 (CLOCK_ROOT)    net (fo=1727, routed)        2.038     2.038    wordle_design_i/zynq_ultra_ps_e_0/inst/maxihpm0_fpd_aclk
    PS8_X0Y0             PS8                                          r  wordle_design_i/zynq_ultra_ps_e_0/inst/PS8_i/MAXIGP0ACLK
  -------------------------------------------------------------------    -------------------
    PS8_X0Y0             PS8 (Prop_PS8_MAXIGP0ACLK_MAXIGP0WSTRB[9])
                                                      0.603     2.641 r  wordle_design_i/zynq_ultra_ps_e_0/inst/PS8_i/MAXIGP0WSTRB[9]
                         net (fo=1, routed)           0.670     3.311    <hidden>
    SLICE_X0Y99          LUT6 (Prop_B6LUT_SLICEL_I0_O)
                                                      0.083     3.394 r  <hidden>
                         net (fo=1, routed)           0.054     3.448    <hidden>
    SLICE_X0Y99          LUT4 (Prop_G6LUT_SLICEL_I0_O)
                                                      0.151     3.599 f  <hidden>
                         net (fo=7, routed)           0.434     4.033    <hidden>
    SLICE_X5Y99          LUT5 (Prop_D5LUT_SLICEM_I4_O)
                                                      0.220     4.253 r  <hidden>
                         net (fo=1, routed)           0.220     4.473    <hidden>
    SLICE_X5Y99          LUT6 (Prop_F6LUT_SLICEM_I2_O)
                                                      0.224     4.697 r  <hidden>
                         net (fo=1, routed)           0.119     4.816    <hidden>
    SLICE_X5Y101         LUT6 (Prop_H6LUT_SLICEM_I0_O)
                                                      0.084     4.900 r  <hidden>
                         net (fo=3, routed)           0.296     5.196    <hidden>
    SLICE_X5Y98          FDRE                                         r  <hidden>
  -------------------------------------------------------------------    -------------------

                         (clock clk rise edge)       10.000    10.000 r  
    BUFG_PS_X0Y80        BUFG_PS                      0.000    10.000 r  wordle_design_i/zynq_ultra_ps_e_0/inst/buffer_pl_clk_0.PL_CLK_0_BUFG/O
    X0Y1 (CLOCK_ROOT)    net (fo=1727, routed)        1.885    11.885    <hidden>
    SLICE_X5Y98          FDRE                                         r  <hidden>
                         clock pessimism              0.122    12.007    
                         clock uncertainty           -0.130    11.878    
    SLICE_X5Y98          FDRE (Setup_FFF_SLICEM_C_CE)
                                                     -0.081    11.797    <hidden>
  -------------------------------------------------------------------
                         required time                         11.797    
                         arrival time                          -5.196    
  -------------------------------------------------------------------
                         slack                                  6.601    





Min Delay Paths
--------------------------------------------------------------------------------------
Slack (MET) :             0.010ns  (arrival time - required time)
  Source:                 wordle_design_i/guess_word/U0/ip2bus_data_i_D1_reg[18]/C
                            (rising edge-triggered cell FDRE clocked by clk  {rise@0.000ns fall@5.000ns period=10.000ns})
  Destination:            wordle_design_i/guess_word/U0/AXI_LITE_IPIF_I/I_SLAVE_ATTACHMENT/s_axi_rdata_i_reg[13]/D
                            (rising edge-triggered cell FDRE clocked by clk  {rise@0.000ns fall@5.000ns period=10.000ns})
  Path Group:             clk
  Path Type:              Hold (Min at Slow Process Corner)
  Requirement:            0.000ns  (clk rise@0.000ns - clk rise@0.000ns)
  Data Path Delay:        0.236ns  (logic 0.112ns (47.458%)  route 0.124ns (52.542%))
  Logic Levels:           0  
  Clock Path Skew:        0.123ns (DCD - SCD - CPR)
    Destination Clock Delay (DCD):    2.110ns
    Source Clock Delay      (SCD):    1.864ns
    Clock Pessimism Removal (CPR):    0.122ns
  Clock Net Delay (Source):      1.864ns (routing 0.955ns, distribution 0.909ns)
  Clock Net Delay (Destination): 2.110ns (routing 1.045ns, distribution 1.065ns)

    Location             Delay type                Incr(ns)  Path(ns)    Netlist Resource(s)
  -------------------------------------------------------------------    -------------------
                         (clock clk rise edge)        0.000     0.000 r  
    BUFG_PS_X0Y80        BUFG_PS                      0.000     0.000 r  wordle_design_i/zynq_ultra_ps_e_0/inst/buffer_pl_clk_0.PL_CLK_0_BUFG/O
    X0Y1 (CLOCK_ROOT)    net (fo=1727, routed)        1.864     1.864    wordle_design_i/guess_word/U0/s_axi_aclk
    SLICE_X7Y92          FDRE                                         r  wordle_design_i/guess_word/U0/ip2bus_data_i_D1_reg[18]/C
  -------------------------------------------------------------------    -------------------
    SLICE_X7Y92          FDRE (Prop_CFF_SLICEM_C_Q)
                                                      0.112     1.976 r  wordle_design_i/guess_word/U0/ip2bus_data_i_D1_reg[18]/Q
                         net (fo=1, routed)           0.124     2.100    wordle_design_i/guess_word/U0/AXI_LITE_IPIF_I/I_SLAVE_ATTACHMENT/Q[13]
    SLICE_X6Y92          FDRE                                         r  wordle_design_i/guess_word/U0/AXI_LITE_IPIF_I/I_SLAVE_ATTACHMENT/s_axi_rdata_i_reg[13]/D
  -------------------------------------------------------------------    -------------------

                         (clock clk rise edge)        0.000     0.000 r  
    BUFG_PS_X0Y80        BUFG_PS                      0.000     0.000 r  wordle_design_i/zynq_ultra_ps_e_0/inst/buffer_pl_clk_0.PL_CLK_0_BUFG/O
    X0Y1 (CLOCK_ROOT)    net (fo=1727, routed)        2.110     2.110    wordle_design_i/guess_word/U0/AXI_LITE_IPIF_I/I_SLAVE_ATTACHMENT/s_axi_aclk
    SLICE_X6Y92          FDRE                                         r  wordle_design_i/guess_word/U0/AXI_LITE_IPIF_I/I_SLAVE_ATTACHMENT/s_axi_rdata_i_reg[13]/C
                         clock pessimism             -0.122     1.987    
    SLICE_X6Y92          FDRE (Hold_HFF2_SLICEL_C_D)
                                                      0.103     2.090    wordle_design_i/guess_word/U0/AXI_LITE_IPIF_I/I_SLAVE_ATTACHMENT/s_axi_rdata_i_reg[13]
  -------------------------------------------------------------------
                         required time                         -2.090    
                         arrival time                           2.100    
  -------------------------------------------------------------------
                         slack                                  0.010    

Slack (MET) :             0.029ns  (arrival time - required time)
  Source:                 <hidden>
                            (rising edge-triggered cell FDRE clocked by clk  {rise@0.000ns fall@5.000ns period=10.000ns})
  Destination:            <hidden>
                            (rising edge-triggered cell FDRE clocked by clk  {rise@0.000ns fall@5.000ns period=10.000ns})
  Path Group:             clk
  Path Type:              Hold (Min at Slow Process Corner)
  Requirement:            0.000ns  (clk rise@0.000ns - clk rise@0.000ns)
  Data Path Delay:        0.254ns  (logic 0.146ns (57.544%)  route 0.108ns (42.456%))
  Logic Levels:           1  (LUT6=1)
  Clock Path Skew:        0.123ns (DCD - SCD - CPR)
    Destination Clock Delay (DCD):    2.113ns
    Source Clock Delay      (SCD):    1.867ns
    Clock Pessimism Removal (CPR):    0.122ns
  Clock Net Delay (Source):      1.867ns (routing 0.955ns, distribution 0.912ns)
  Clock Net Delay (Destination): 2.113ns (routing 1.045ns, distribution 1.068ns)

    Location             Delay type                Incr(ns)  Path(ns)    Netlist Resource(s)
  -------------------------------------------------------------------    -------------------
                         (clock clk rise edge)        0.000     0.000 r  
    BUFG_PS_X0Y80        BUFG_PS                      0.000     0.000 r  wordle_design_i/zynq_ultra_ps_e_0/inst/buffer_pl_clk_0.PL_CLK_0_BUFG/O
    X0Y1 (CLOCK_ROOT)    net (fo=1727, routed)        1.867     1.867    <hidden>
    SLICE_X4Y98          FDRE                                         r  <hidden>
  -------------------------------------------------------------------    -------------------
    SLICE_X4Y98          FDRE (Prop_CFF_SLICEM_C_Q)
                                                      0.112     1.979 r  <hidden>
                         net (fo=6, routed)           0.079     2.058    <hidden>
    SLICE_X3Y98          LUT6 (Prop_B6LUT_SLICEL_I2_O)
                                                      0.034     2.092 r  <hidden>
                         net (fo=1, routed)           0.029     2.121    <hidden>
    SLICE_X3Y98          FDRE                                         r  <hidden>
  -------------------------------------------------------------------    -------------------

                         (clock clk rise edge)        0.000     0.000 r  
    BUFG_PS_X0Y80        BUFG_PS                      0.000     0.000 r  wordle_design_i/zynq_ultra_ps_e_0/inst/buffer_pl_clk_0.PL_CLK_0_BUFG/O
    X0Y1 (CLOCK_ROOT)    net (fo=1727, routed)        2.113     2.113    <hidden>
    SLICE_X3Y98          FDRE                                         r  <hidden>
                         clock pessimism             -0.122     1.990    
    SLICE_X3Y98          FDRE (Hold_BFF_SLICEL_C_D)
                                                      0.101     2.091    <hidden>
  -------------------------------------------------------------------
                         required time                         -2.091    
                         arrival time                           2.121    
  -------------------------------------------------------------------
                         slack                                  0.029    

Slack (MET) :             0.033ns  (arrival time - required time)
  Source:                 <hidden>
                            (rising edge-triggered cell FDRE clocked by clk  {rise@0.000ns fall@5.000ns period=10.000ns})
  Destination:            <hidden>
                            (rising edge-triggered cell FDRE clocked by clk  {rise@0.000ns fall@5.000ns period=10.000ns})
  Path Group:             clk
  Path Type:              Hold (Min at Slow Process Corner)
  Requirement:            0.000ns  (clk rise@0.000ns - clk rise@0.000ns)
  Data Path Delay:        0.265ns  (logic 0.112ns (42.264%)  route 0.153ns (57.736%))
  Logic Levels:           0  
  Clock Path Skew:        0.130ns (DCD - SCD - CPR)
    Destination Clock Delay (DCD):    2.128ns
    Source Clock Delay      (SCD):    1.876ns
    Clock Pessimism Removal (CPR):    0.122ns
  Clock Net Delay (Source):      1.876ns (routing 0.955ns, distribution 0.921ns)
  Clock Net Delay (Destination): 2.128ns (routing 1.045ns, distribution 1.083ns)

    Location             Delay type                Incr(ns)  Path(ns)    Netlist Resource(s)
  -------------------------------------------------------------------    -------------------
                         (clock clk rise edge)        0.000     0.000 r  
    BUFG_PS_X0Y80        BUFG_PS                      0.000     0.000 r  wordle_design_i/zynq_ultra_ps_e_0/inst/buffer_pl_clk_0.PL_CLK_0_BUFG/O
    X0Y1 (CLOCK_ROOT)    net (fo=1727, routed)        1.876     1.876    <hidden>
    SLICE_X1Y107         FDRE                                         r  <hidden>
  -------------------------------------------------------------------    -------------------
    SLICE_X1Y107         FDRE (Prop_AFF_SLICEM_C_Q)
                                                      0.112     1.988 r  <hidden>
                         net (fo=1, routed)           0.153     2.141    <hidden>
    SLICE_X2Y109         FDRE                                         r  <hidden>
  -------------------------------------------------------------------    -------------------

                         (clock clk rise edge)        0.000     0.000 r  
    BUFG_PS_X0Y80        BUFG_PS                      0.000     0.000 r  wordle_design_i/zynq_ultra_ps_e_0/inst/buffer_pl_clk_0.PL_CLK_0_BUFG/O
    X0Y1 (CLOCK_ROOT)    net (fo=1727, routed)        2.128     2.128    <hidden>
    SLICE_X2Y109         FDRE                                         r  <hidden>
                         clock pessimism             -0.122     2.006    
    SLICE_X2Y109         FDRE (Hold_EFF2_SLICEM_C_D)
                                                      0.102     2.108    <hidden>
  -------------------------------------------------------------------
                         required time                         -2.108    
                         arrival time                           2.141    
  -------------------------------------------------------------------
                         slack                                  0.033    

Slack (MET) :             0.035ns  (arrival time - required time)
  Source:                 <hidden>
                            (rising edge-triggered cell FDRE clocked by clk  {rise@0.000ns fall@5.000ns period=10.000ns})
  Destination:            <hidden>
                            (rising edge-triggered cell FDRE clocked by clk  {rise@0.000ns fall@5.000ns period=10.000ns})
  Path Group:             clk
  Path Type:              Hold (Min at Slow Process Corner)
  Requirement:            0.000ns  (clk rise@0.000ns - clk rise@0.000ns)
  Data Path Delay:        0.259ns  (logic 0.112ns (43.243%)  route 0.147ns (56.757%))
  Logic Levels:           0  
  Clock Path Skew:        0.122ns (DCD - SCD - CPR)
    Destination Clock Delay (DCD):    2.121ns
    Source Clock Delay      (SCD):    1.876ns
    Clock Pessimism Removal (CPR):    0.122ns
  Clock Net Delay (Source):      1.876ns (routing 0.955ns, distribution 0.921ns)
  Clock Net Delay (Destination): 2.121ns (routing 1.045ns, distribution 1.076ns)

    Location             Delay type                Incr(ns)  Path(ns)    Netlist Resource(s)
  -------------------------------------------------------------------    -------------------
                         (clock clk rise edge)        0.000     0.000 r  
    BUFG_PS_X0Y80        BUFG_PS                      0.000     0.000 r  wordle_design_i/zynq_ultra_ps_e_0/inst/buffer_pl_clk_0.PL_CLK_0_BUFG/O
    X0Y1 (CLOCK_ROOT)    net (fo=1727, routed)        1.876     1.876    <hidden>
    SLICE_X0Y100         FDRE                                         r  <hidden>
  -------------------------------------------------------------------    -------------------
    SLICE_X0Y100         FDRE (Prop_FFF_SLICEL_C_Q)
                                                      0.112     1.988 r  <hidden>
                         net (fo=1, routed)           0.147     2.135    <hidden>
    SLICE_X2Y100         FDRE                                         r  <hidden>
  -------------------------------------------------------------------    -------------------

                         (clock clk rise edge)        0.000     0.000 r  
    BUFG_PS_X0Y80        BUFG_PS                      0.000     0.000 r  wordle_design_i/zynq_ultra_ps_e_0/inst/buffer_pl_clk_0.PL_CLK_0_BUFG/O
    X0Y1 (CLOCK_ROOT)    net (fo=1727, routed)        2.121     2.121    <hidden>
    SLICE_X2Y100         FDRE                                         r  <hidden>
                         clock pessimism             -0.122     1.998    
    SLICE_X2Y100         FDRE (Hold_GFF2_SLICEM_C_D)
                                                      0.102     2.100    <hidden>
  -------------------------------------------------------------------
                         required time                         -2.100    
                         arrival time                           2.135    
  -------------------------------------------------------------------
                         slack                                  0.035    

Slack (MET) :             0.039ns  (arrival time - required time)
  Source:                 wordle_design_i/ready/U0/AXI_LITE_IPIF_I/I_SLAVE_ATTACHMENT/bus2ip_addr_i_reg[3]/C
                            (rising edge-triggered cell FDRE clocked by clk  {rise@0.000ns fall@5.000ns period=10.000ns})
  Destination:            wordle_design_i/ready/U0/AXI_LITE_IPIF_I/I_SLAVE_ATTACHMENT/I_DECODER/GEN_BKEND_CE_REGISTERS[2].ce_out_i_reg[2]/D
                            (rising edge-triggered cell FDRE clocked by clk  {rise@0.000ns fall@5.000ns period=10.000ns})
  Path Group:             clk
  Path Type:              Hold (Min at Slow Process Corner)
  Requirement:            0.000ns  (clk rise@0.000ns - clk rise@0.000ns)
  Data Path Delay:        0.267ns  (logic 0.165ns (61.818%)  route 0.102ns (38.182%))
  Logic Levels:           1  (LUT2=1)
  Clock Path Skew:        0.125ns (DCD - SCD - CPR)
    Destination Clock Delay (DCD):    2.127ns
    Source Clock Delay      (SCD):    1.879ns
    Clock Pessimism Removal (CPR):    0.122ns
  Clock Net Delay (Source):      1.879ns (routing 0.955ns, distribution 0.924ns)
  Clock Net Delay (Destination): 2.127ns (routing 1.045ns, distribution 1.082ns)

    Location             Delay type                Incr(ns)  Path(ns)    Netlist Resource(s)
  -------------------------------------------------------------------    -------------------
                         (clock clk rise edge)        0.000     0.000 r  
    BUFG_PS_X0Y80        BUFG_PS                      0.000     0.000 r  wordle_design_i/zynq_ultra_ps_e_0/inst/buffer_pl_clk_0.PL_CLK_0_BUFG/O
    X0Y1 (CLOCK_ROOT)    net (fo=1727, routed)        1.879     1.879    wordle_design_i/ready/U0/AXI_LITE_IPIF_I/I_SLAVE_ATTACHMENT/s_axi_aclk
    SLICE_X4Y105         FDRE                                         r  wordle_design_i/ready/U0/AXI_LITE_IPIF_I/I_SLAVE_ATTACHMENT/bus2ip_addr_i_reg[3]/C
  -------------------------------------------------------------------    -------------------
    SLICE_X4Y105         FDRE (Prop_DFF_SLICEM_C_Q)
                                                      0.112     1.991 r  wordle_design_i/ready/U0/AXI_LITE_IPIF_I/I_SLAVE_ATTACHMENT/bus2ip_addr_i_reg[3]/Q
                         net (fo=7, routed)           0.087     2.078    wordle_design_i/ready/U0/AXI_LITE_IPIF_I/I_SLAVE_ATTACHMENT/I_DECODER/Not_Dual.gpio_OE_reg[0][1]
    SLICE_X2Y105         LUT2 (Prop_C5LUT_SLICEM_I0_O)
                                                      0.053     2.131 r  wordle_design_i/ready/U0/AXI_LITE_IPIF_I/I_SLAVE_ATTACHMENT/I_DECODER/GEN_BKEND_CE_REGISTERS[2].ce_out_i[2]_i_1/O
                         net (fo=1, routed)           0.015     2.146    wordle_design_i/ready/U0/AXI_LITE_IPIF_I/I_SLAVE_ATTACHMENT/I_DECODER/ce_expnd_i_1
    SLICE_X2Y105         FDRE                                         r  wordle_design_i/ready/U0/AXI_LITE_IPIF_I/I_SLAVE_ATTACHMENT/I_DECODER/GEN_BKEND_CE_REGISTERS[2].ce_out_i_reg[2]/D
  -------------------------------------------------------------------    -------------------

                         (clock clk rise edge)        0.000     0.000 r  
    BUFG_PS_X0Y80        BUFG_PS                      0.000     0.000 r  wordle_design_i/zynq_ultra_ps_e_0/inst/buffer_pl_clk_0.PL_CLK_0_BUFG/O
    X0Y1 (CLOCK_ROOT)    net (fo=1727, routed)        2.127     2.127    wordle_design_i/ready/U0/AXI_LITE_IPIF_I/I_SLAVE_ATTACHMENT/I_DECODER/s_axi_aclk
    SLICE_X2Y105         FDRE                                         r  wordle_design_i/ready/U0/AXI_LITE_IPIF_I/I_SLAVE_ATTACHMENT/I_DECODER/GEN_BKEND_CE_REGISTERS[2].ce_out_i_reg[2]/C
                         clock pessimism             -0.122     2.005    
    SLICE_X2Y105         FDRE (Hold_CFF2_SLICEM_C_D)
                                                      0.102     2.107    wordle_design_i/ready/U0/AXI_LITE_IPIF_I/I_SLAVE_ATTACHMENT/I_DECODER/GEN_BKEND_CE_REGISTERS[2].ce_out_i_reg[2]
  -------------------------------------------------------------------
                         required time                         -2.107    
                         arrival time                           2.146    
  -------------------------------------------------------------------
                         slack                                  0.039    

Slack (MET) :             0.041ns  (arrival time - required time)
  Source:                 <hidden>
                            (rising edge-triggered cell FDRE clocked by clk  {rise@0.000ns fall@5.000ns period=10.000ns})
  Destination:            <hidden>
                            (rising edge-triggered cell FDRE clocked by clk  {rise@0.000ns fall@5.000ns period=10.000ns})
  Path Group:             clk
  Path Type:              Hold (Min at Slow Process Corner)
  Requirement:            0.000ns  (clk rise@0.000ns - clk rise@0.000ns)
  Data Path Delay:        0.270ns  (logic 0.163ns (60.459%)  route 0.107ns (39.541%))
  Logic Levels:           1  (LUT6=1)
  Clock Path Skew:        0.127ns (DCD - SCD - CPR)
    Destination Clock Delay (DCD):    2.117ns
    Source Clock Delay      (SCD):    1.867ns
    Clock Pessimism Removal (CPR):    0.122ns
  Clock Net Delay (Source):      1.867ns (routing 0.955ns, distribution 0.912ns)
  Clock Net Delay (Destination): 2.117ns (routing 1.045ns, distribution 1.072ns)

    Location             Delay type                Incr(ns)  Path(ns)    Netlist Resource(s)
  -------------------------------------------------------------------    -------------------
                         (clock clk rise edge)        0.000     0.000 r  
    BUFG_PS_X0Y80        BUFG_PS                      0.000     0.000 r  wordle_design_i/zynq_ultra_ps_e_0/inst/buffer_pl_clk_0.PL_CLK_0_BUFG/O
    X0Y1 (CLOCK_ROOT)    net (fo=1727, routed)        1.867     1.867    <hidden>
    SLICE_X4Y98          FDRE                                         r  <hidden>
  -------------------------------------------------------------------    -------------------
    SLICE_X4Y98          FDRE (Prop_CFF_SLICEM_C_Q)
                                                      0.112     1.979 r  <hidden>
                         net (fo=6, routed)           0.076     2.055    <hidden>
    SLICE_X3Y97          LUT6 (Prop_F6LUT_SLICEL_I5_O)
                                                      0.051     2.106 r  <hidden>
                         net (fo=1, routed)           0.031     2.137    <hidden>
    SLICE_X3Y97          FDRE                                         r  <hidden>
  -------------------------------------------------------------------    -------------------

                         (clock clk rise edge)        0.000     0.000 r  
    BUFG_PS_X0Y80        BUFG_PS                      0.000     0.000 r  wordle_design_i/zynq_ultra_ps_e_0/inst/buffer_pl_clk_0.PL_CLK_0_BUFG/O
    X0Y1 (CLOCK_ROOT)    net (fo=1727, routed)        2.117     2.117    <hidden>
    SLICE_X3Y97          FDRE                                         r  <hidden>
                         clock pessimism             -0.122     1.994    
    SLICE_X3Y97          FDRE (Hold_FFF_SLICEL_C_D)
                                                      0.101     2.095    <hidden>
  -------------------------------------------------------------------
                         required time                         -2.095    
                         arrival time                           2.137    
  -------------------------------------------------------------------
                         slack                                  0.041    

Slack (MET) :             0.042ns  (arrival time - required time)
  Source:                 wordle_design_i/guess_id/U0/gpio_core_1/Not_Dual.ALLOUT_ND.READ_REG_GEN[1].reg1_reg[29]/C
                            (rising edge-triggered cell FDRE clocked by clk  {rise@0.000ns fall@5.000ns period=10.000ns})
  Destination:            wordle_design_i/guess_id/U0/ip2bus_data_i_D1_reg[29]/D
                            (rising edge-triggered cell FDRE clocked by clk  {rise@0.000ns fall@5.000ns period=10.000ns})
  Path Group:             clk
  Path Type:              Hold (Min at Slow Process Corner)
  Requirement:            0.000ns  (clk rise@0.000ns - clk rise@0.000ns)
  Data Path Delay:        0.254ns  (logic 0.146ns (57.480%)  route 0.108ns (42.520%))
  Logic Levels:           1  (LUT6=1)
  Clock Path Skew:        0.111ns (DCD - SCD - CPR)
    Destination Clock Delay (DCD):    2.122ns
    Source Clock Delay      (SCD):    1.888ns
    Clock Pessimism Removal (CPR):    0.122ns
  Clock Net Delay (Source):      1.888ns (routing 0.955ns, distribution 0.933ns)
  Clock Net Delay (Destination): 2.122ns (routing 1.045ns, distribution 1.077ns)

    Location             Delay type                Incr(ns)  Path(ns)    Netlist Resource(s)
  -------------------------------------------------------------------    -------------------
                         (clock clk rise edge)        0.000     0.000 r  
    BUFG_PS_X0Y80        BUFG_PS                      0.000     0.000 r  wordle_design_i/zynq_ultra_ps_e_0/inst/buffer_pl_clk_0.PL_CLK_0_BUFG/O
    X0Y1 (CLOCK_ROOT)    net (fo=1727, routed)        1.888     1.888    wordle_design_i/guess_id/U0/gpio_core_1/s_axi_aclk
    SLICE_X10Y104        FDRE                                         r  wordle_design_i/guess_id/U0/gpio_core_1/Not_Dual.ALLOUT_ND.READ_REG_GEN[1].reg1_reg[29]/C
  -------------------------------------------------------------------    -------------------
    SLICE_X10Y104        FDRE (Prop_EFF2_SLICEM_C_Q)
                                                      0.114     2.002 r  wordle_design_i/guess_id/U0/gpio_core_1/Not_Dual.ALLOUT_ND.READ_REG_GEN[1].reg1_reg[29]/Q
                         net (fo=1, routed)           0.077     2.079    wordle_design_i/guess_id/U0/gpio_core_1/reg1[29]
    SLICE_X9Y104         LUT6 (Prop_C6LUT_SLICEL_I2_O)
                                                      0.032     2.111 r  wordle_design_i/guess_id/U0/gpio_core_1/ip2bus_data_i_D1[29]_i_1/O
                         net (fo=1, routed)           0.031     2.142    wordle_design_i/guess_id/U0/ip2bus_data[29]
    SLICE_X9Y104         FDRE                                         r  wordle_design_i/guess_id/U0/ip2bus_data_i_D1_reg[29]/D
  -------------------------------------------------------------------    -------------------

                         (clock clk rise edge)        0.000     0.000 r  
    BUFG_PS_X0Y80        BUFG_PS                      0.000     0.000 r  wordle_design_i/zynq_ultra_ps_e_0/inst/buffer_pl_clk_0.PL_CLK_0_BUFG/O
    X0Y1 (CLOCK_ROOT)    net (fo=1727, routed)        2.122     2.122    wordle_design_i/guess_id/U0/s_axi_aclk
    SLICE_X9Y104         FDRE                                         r  wordle_design_i/guess_id/U0/ip2bus_data_i_D1_reg[29]/C
                         clock pessimism             -0.122     2.000    
    SLICE_X9Y104         FDRE (Hold_CFF_SLICEL_C_D)
                                                      0.101     2.101    wordle_design_i/guess_id/U0/ip2bus_data_i_D1_reg[29]
  -------------------------------------------------------------------
                         required time                         -2.101    
                         arrival time                           2.142    
  -------------------------------------------------------------------
                         slack                                  0.042    

Slack (MET) :             0.043ns  (arrival time - required time)
  Source:                 wordle_design_i/guess_word/U0/gpio_core_1/Not_Dual.gpio_Data_Out_reg[14]/C
                            (rising edge-triggered cell FDRE clocked by clk  {rise@0.000ns fall@5.000ns period=10.000ns})
  Destination:            wordle_design_i/wordle_top_0/inst/fsm_inst/r_guess_word_reg[17]/D
                            (rising edge-triggered cell FDRE clocked by clk  {rise@0.000ns fall@5.000ns period=10.000ns})
  Path Group:             clk
  Path Type:              Hold (Min at Slow Process Corner)
  Requirement:            0.000ns  (clk rise@0.000ns - clk rise@0.000ns)
  Data Path Delay:        0.260ns  (logic 0.111ns (42.622%)  route 0.149ns (57.378%))
  Logic Levels:           0  
  Clock Path Skew:        0.115ns (DCD - SCD - CPR)
    Destination Clock Delay (DCD):    2.116ns
    Source Clock Delay      (SCD):    1.878ns
    Clock Pessimism Removal (CPR):    0.122ns
  Clock Net Delay (Source):      1.878ns (routing 0.955ns, distribution 0.923ns)
  Clock Net Delay (Destination): 2.116ns (routing 1.045ns, distribution 1.071ns)

    Location             Delay type                Incr(ns)  Path(ns)    Netlist Resource(s)
  -------------------------------------------------------------------    -------------------
                         (clock clk rise edge)        0.000     0.000 r  
    BUFG_PS_X0Y80        BUFG_PS                      0.000     0.000 r  wordle_design_i/zynq_ultra_ps_e_0/inst/buffer_pl_clk_0.PL_CLK_0_BUFG/O
    X0Y1 (CLOCK_ROOT)    net (fo=1727, routed)        1.878     1.878    wordle_design_i/guess_word/U0/gpio_core_1/s_axi_aclk
    SLICE_X5Y92          FDRE                                         r  wordle_design_i/guess_word/U0/gpio_core_1/Not_Dual.gpio_Data_Out_reg[14]/C
  -------------------------------------------------------------------    -------------------
    SLICE_X5Y92          FDRE (Prop_BFF_SLICEM_C_Q)
                                                      0.111     1.989 r  wordle_design_i/guess_word/U0/gpio_core_1/Not_Dual.gpio_Data_Out_reg[14]/Q
                         net (fo=2, routed)           0.149     2.139    wordle_design_i/wordle_top_0/inst/fsm_inst/i_guess_word[17]
    SLICE_X8Y92          FDRE                                         r  wordle_design_i/wordle_top_0/inst/fsm_inst/r_guess_word_reg[17]/D
  -------------------------------------------------------------------    -------------------

                         (clock clk rise edge)        0.000     0.000 r  
    BUFG_PS_X0Y80        BUFG_PS                      0.000     0.000 r  wordle_design_i/zynq_ultra_ps_e_0/inst/buffer_pl_clk_0.PL_CLK_0_BUFG/O
    X0Y1 (CLOCK_ROOT)    net (fo=1727, routed)        2.116     2.116    wordle_design_i/wordle_top_0/inst/fsm_inst/clk
    SLICE_X8Y92          FDRE                                         r  wordle_design_i/wordle_top_0/inst/fsm_inst/r_guess_word_reg[17]/C
                         clock pessimism             -0.122     1.993    
    SLICE_X8Y92          FDRE (Hold_AFF2_SLICEM_C_D)
                                                      0.102     2.095    wordle_design_i/wordle_top_0/inst/fsm_inst/r_guess_word_reg[17]
  -------------------------------------------------------------------
                         required time                         -2.095    
                         arrival time                           2.139    
  -------------------------------------------------------------------
                         slack                                  0.043    

Slack (MET) :             0.044ns  (arrival time - required time)
  Source:                 wordle_design_i/ref_word_idx/U0/ip2bus_data_i_D1_reg[24]/C
                            (rising edge-triggered cell FDRE clocked by clk  {rise@0.000ns fall@5.000ns period=10.000ns})
  Destination:            wordle_design_i/ref_word_idx/U0/AXI_LITE_IPIF_I/I_SLAVE_ATTACHMENT/s_axi_rdata_i_reg[7]/D
                            (rising edge-triggered cell FDRE clocked by clk  {rise@0.000ns fall@5.000ns period=10.000ns})
  Path Group:             clk
  Path Type:              Hold (Min at Slow Process Corner)
  Requirement:            0.000ns  (clk rise@0.000ns - clk rise@0.000ns)
  Data Path Delay:        0.201ns  (logic 0.112ns (55.721%)  route 0.089ns (44.279%))
  Logic Levels:           0  
  Clock Path Skew:        0.054ns (DCD - SCD - CPR)
    Destination Clock Delay (DCD):    2.120ns
    Source Clock Delay      (SCD):    1.884ns
    Clock Pessimism Removal (CPR):    0.182ns
  Clock Net Delay (Source):      1.884ns (routing 0.955ns, distribution 0.929ns)
  Clock Net Delay (Destination): 2.120ns (routing 1.045ns, distribution 1.075ns)

    Location             Delay type                Incr(ns)  Path(ns)    Netlist Resource(s)
  -------------------------------------------------------------------    -------------------
                         (clock clk rise edge)        0.000     0.000 r  
    BUFG_PS_X0Y80        BUFG_PS                      0.000     0.000 r  wordle_design_i/zynq_ultra_ps_e_0/inst/buffer_pl_clk_0.PL_CLK_0_BUFG/O
    X0Y1 (CLOCK_ROOT)    net (fo=1727, routed)        1.884     1.884    wordle_design_i/ref_word_idx/U0/s_axi_aclk
    SLICE_X9Y97          FDRE                                         r  wordle_design_i/ref_word_idx/U0/ip2bus_data_i_D1_reg[24]/C
  -------------------------------------------------------------------    -------------------
    SLICE_X9Y97          FDRE (Prop_CFF_SLICEL_C_Q)
                                                      0.112     1.996 r  wordle_design_i/ref_word_idx/U0/ip2bus_data_i_D1_reg[24]/Q
                         net (fo=1, routed)           0.089     2.085    wordle_design_i/ref_word_idx/U0/AXI_LITE_IPIF_I/I_SLAVE_ATTACHMENT/Q[7]
    SLICE_X9Y97          FDRE                                         r  wordle_design_i/ref_word_idx/U0/AXI_LITE_IPIF_I/I_SLAVE_ATTACHMENT/s_axi_rdata_i_reg[7]/D
  -------------------------------------------------------------------    -------------------

                         (clock clk rise edge)        0.000     0.000 r  
    BUFG_PS_X0Y80        BUFG_PS                      0.000     0.000 r  wordle_design_i/zynq_ultra_ps_e_0/inst/buffer_pl_clk_0.PL_CLK_0_BUFG/O
    X0Y1 (CLOCK_ROOT)    net (fo=1727, routed)        2.120     2.120    wordle_design_i/ref_word_idx/U0/AXI_LITE_IPIF_I/I_SLAVE_ATTACHMENT/s_axi_aclk
    SLICE_X9Y97          FDRE                                         r  wordle_design_i/ref_word_idx/U0/AXI_LITE_IPIF_I/I_SLAVE_ATTACHMENT/s_axi_rdata_i_reg[7]/C
                         clock pessimism             -0.182     1.938    
    SLICE_X9Y97          FDRE (Hold_FFF2_SLICEL_C_D)
                                                      0.103     2.041    wordle_design_i/ref_word_idx/U0/AXI_LITE_IPIF_I/I_SLAVE_ATTACHMENT/s_axi_rdata_i_reg[7]
  -------------------------------------------------------------------
                         required time                         -2.041    
                         arrival time                           2.085    
  -------------------------------------------------------------------
                         slack                                  0.044    

Slack (MET) :             0.045ns  (arrival time - required time)
  Source:                 wordle_design_i/guess_word/U0/gpio_core_1/Not_Dual.gpio_Data_Out_reg[12]/C
                            (rising edge-triggered cell FDRE clocked by clk  {rise@0.000ns fall@5.000ns period=10.000ns})
  Destination:            wordle_design_i/wordle_top_0/inst/fsm_inst/r_guess_word_reg[19]/D
                            (rising edge-triggered cell FDRE clocked by clk  {rise@0.000ns fall@5.000ns period=10.000ns})
  Path Group:             clk
  Path Type:              Hold (Min at Slow Process Corner)
  Requirement:            0.000ns  (clk rise@0.000ns - clk rise@0.000ns)
  Data Path Delay:        0.274ns  (logic 0.114ns (41.538%)  route 0.160ns (58.462%))
  Logic Levels:           0  
  Clock Path Skew:        0.129ns (DCD - SCD - CPR)
    Destination Clock Delay (DCD):    2.117ns
    Source Clock Delay      (SCD):    1.865ns
    Clock Pessimism Removal (CPR):    0.122ns
  Clock Net Delay (Source):      1.865ns (routing 0.955ns, distribution 0.910ns)
  Clock Net Delay (Destination): 2.117ns (routing 1.045ns, distribution 1.072ns)

    Location             Delay type                Incr(ns)  Path(ns)    Netlist Resource(s)
  -------------------------------------------------------------------    -------------------
                         (clock clk rise edge)        0.000     0.000 r  
    BUFG_PS_X0Y80        BUFG_PS                      0.000     0.000 r  wordle_design_i/zynq_ultra_ps_e_0/inst/buffer_pl_clk_0.PL_CLK_0_BUFG/O
    X0Y1 (CLOCK_ROOT)    net (fo=1727, routed)        1.865     1.865    wordle_design_i/guess_word/U0/gpio_core_1/s_axi_aclk
    SLICE_X7Y93          FDRE                                         r  wordle_design_i/guess_word/U0/gpio_core_1/Not_Dual.gpio_Data_Out_reg[12]/C
  -------------------------------------------------------------------    -------------------
    SLICE_X7Y93          FDRE (Prop_EFF2_SLICEM_C_Q)
                                                      0.114     1.979 r  wordle_design_i/guess_word/U0/gpio_core_1/Not_Dual.gpio_Data_Out_reg[12]/Q
                         net (fo=2, routed)           0.160     2.140    wordle_design_i/wordle_top_0/inst/fsm_inst/i_guess_word[19]
    SLICE_X8Y93          FDRE                                         r  wordle_design_i/wordle_top_0/inst/fsm_inst/r_guess_word_reg[19]/D
  -------------------------------------------------------------------    -------------------

                         (clock clk rise edge)        0.000     0.000 r  
    BUFG_PS_X0Y80        BUFG_PS                      0.000     0.000 r  wordle_design_i/zynq_ultra_ps_e_0/inst/buffer_pl_clk_0.PL_CLK_0_BUFG/O
    X0Y1 (CLOCK_ROOT)    net (fo=1727, routed)        2.117     2.117    wordle_design_i/wordle_top_0/inst/fsm_inst/clk
    SLICE_X8Y93          FDRE                                         r  wordle_design_i/wordle_top_0/inst/fsm_inst/r_guess_word_reg[19]/C
                         clock pessimism             -0.122     1.994    
    SLICE_X8Y93          FDRE (Hold_CFF_SLICEM_C_D)
                                                      0.100     2.094    wordle_design_i/wordle_top_0/inst/fsm_inst/r_guess_word_reg[19]
  -------------------------------------------------------------------
                         required time                         -2.094    
                         arrival time                           2.140    
  -------------------------------------------------------------------
                         slack                                  0.045    





Pulse Width Checks
--------------------------------------------------------------------------------------
Clock Name:         clk
Waveform(ns):       { 0.000 5.000 }
Period(ns):         10.000
Sources:            { wordle_design_i/zynq_ultra_ps_e_0/inst/buffer_pl_clk_0.PL_CLK_0_BUFG/O }

Check Type        Corner  Lib Pin             Reference Pin  Required(ns)  Actual(ns)  Slack(ns)  Location      Pin
Min Period        n/a     PS8/MAXIGP0ACLK     n/a            3.000         10.000      7.000      PS8_X0Y0      wordle_design_i/zynq_ultra_ps_e_0/inst/PS8_i/MAXIGP0ACLK
Min Period        n/a     RAMB36E2/CLKARDCLK  n/a            1.709         10.000      8.291      RAMB36_X0Y19  wordle_design_i/wordle_top_0/inst/rom_inst/data_reg/CLKARDCLK
Min Period        n/a     SRL16E/CLK          n/a            1.524         10.000      8.476      SLICE_X7Y118  wordle_design_i/axi_smc/inst/clk_map/psr_aclk/U0/EXT_LPF/POR_SRL_I/CLK
Min Period        n/a     SRL16E/CLK          n/a            1.524         10.000      8.476      SLICE_X7Y125  wordle_design_i/rst_ps8_0_99M/U0/EXT_LPF/POR_SRL_I/CLK
Min Period        n/a     FDRE/C              n/a            0.550         10.000      9.450      SLICE_X7Y118  wordle_design_i/axi_smc/inst/clk_map/psr_aclk/U0/ACTIVE_LOW_BSR_OUT_DFF[0].FDRE_BSR_N/C
Min Period        n/a     FDRE/C              n/a            0.550         10.000      9.450      SLICE_X7Y118  wordle_design_i/axi_smc/inst/clk_map/psr_aclk/U0/EXT_LPF/lpf_asr_reg/C
Min Period        n/a     FDRE/C              n/a            0.550         10.000      9.450      SLICE_X7Y118  wordle_design_i/axi_smc/inst/clk_map/psr_aclk/U0/EXT_LPF/lpf_int_reg/C
Min Period        n/a     FDRE/C              n/a            0.550         10.000      9.450      SLICE_X7Y117  wordle_design_i/axi_smc/inst/clk_map/psr_aclk/U0/EXT_LPF/ACTIVE_LOW_AUX.ACT_LO_AUX/GENERATE_LEVEL_P_S_CDC.SINGLE_BIT.CROSS_PLEVEL_IN2SCNDRY_IN_cdc_to/C
Min Period        n/a     FDRE/C              n/a            0.550         10.000      9.450      SLICE_X7Y117  wordle_design_i/axi_smc/inst/clk_map/psr_aclk/U0/EXT_LPF/ACTIVE_LOW_AUX.ACT_LO_AUX/GENERATE_LEVEL_P_S_CDC.SINGLE_BIT.CROSS_PLEVEL_IN2SCNDRY_s_level_out_d2/C
Min Period        n/a     FDRE/C              n/a            0.550         10.000      9.450      SLICE_X7Y117  wordle_design_i/axi_smc/inst/clk_map/psr_aclk/U0/EXT_LPF/ACTIVE_LOW_AUX.ACT_LO_AUX/GENERATE_LEVEL_P_S_CDC.SINGLE_BIT.CROSS_PLEVEL_IN2SCNDRY_s_level_out_d3/C
Low Pulse Width   Slow    PS8/MAXIGP0ACLK     n/a            1.500         5.000       3.500      PS8_X0Y0      wordle_design_i/zynq_ultra_ps_e_0/inst/PS8_i/MAXIGP0ACLK
Low Pulse Width   Fast    PS8/MAXIGP0ACLK     n/a            1.500         5.000       3.500      PS8_X0Y0      wordle_design_i/zynq_ultra_ps_e_0/inst/PS8_i/MAXIGP0ACLK
Low Pulse Width   Slow    SRL16E/CLK          n/a            0.762         5.000       4.238      SLICE_X7Y118  wordle_design_i/axi_smc/inst/clk_map/psr_aclk/U0/EXT_LPF/POR_SRL_I/CLK
Low Pulse Width   Fast    SRL16E/CLK          n/a            0.762         5.000       4.238      SLICE_X7Y118  wordle_design_i/axi_smc/inst/clk_map/psr_aclk/U0/EXT_LPF/POR_SRL_I/CLK
Low Pulse Width   Slow    SRL16E/CLK          n/a            0.762         5.000       4.238      SLICE_X7Y125  wordle_design_i/rst_ps8_0_99M/U0/EXT_LPF/POR_SRL_I/CLK
Low Pulse Width   Fast    SRL16E/CLK          n/a            0.762         5.000       4.238      SLICE_X7Y125  wordle_design_i/rst_ps8_0_99M/U0/EXT_LPF/POR_SRL_I/CLK
Low Pulse Width   Slow    RAMB36E2/CLKARDCLK  n/a            0.577         5.000       4.423      RAMB36_X0Y19  wordle_design_i/wordle_top_0/inst/rom_inst/data_reg/CLKARDCLK
Low Pulse Width   Fast    RAMB36E2/CLKARDCLK  n/a            0.577         5.000       4.423      RAMB36_X0Y19  wordle_design_i/wordle_top_0/inst/rom_inst/data_reg/CLKARDCLK
Low Pulse Width   Slow    FDRE/C              n/a            0.275         5.000       4.725      SLICE_X7Y118  wordle_design_i/axi_smc/inst/clk_map/psr_aclk/U0/ACTIVE_LOW_BSR_OUT_DFF[0].FDRE_BSR_N/C
Low Pulse Width   Fast    FDRE/C              n/a            0.275         5.000       4.725      SLICE_X7Y118  wordle_design_i/axi_smc/inst/clk_map/psr_aclk/U0/ACTIVE_LOW_BSR_OUT_DFF[0].FDRE_BSR_N/C
High Pulse Width  Slow    PS8/MAXIGP0ACLK     n/a            1.500         5.000       3.500      PS8_X0Y0      wordle_design_i/zynq_ultra_ps_e_0/inst/PS8_i/MAXIGP0ACLK
High Pulse Width  Fast    PS8/MAXIGP0ACLK     n/a            1.500         5.000       3.500      PS8_X0Y0      wordle_design_i/zynq_ultra_ps_e_0/inst/PS8_i/MAXIGP0ACLK
High Pulse Width  Slow    SRL16E/CLK          n/a            0.762         5.000       4.238      SLICE_X7Y118  wordle_design_i/axi_smc/inst/clk_map/psr_aclk/U0/EXT_LPF/POR_SRL_I/CLK
High Pulse Width  Fast    SRL16E/CLK          n/a            0.762         5.000       4.238      SLICE_X7Y118  wordle_design_i/axi_smc/inst/clk_map/psr_aclk/U0/EXT_LPF/POR_SRL_I/CLK
High Pulse Width  Slow    SRL16E/CLK          n/a            0.762         5.000       4.238      SLICE_X7Y125  wordle_design_i/rst_ps8_0_99M/U0/EXT_LPF/POR_SRL_I/CLK
High Pulse Width  Fast    SRL16E/CLK          n/a            0.762         5.000       4.238      SLICE_X7Y125  wordle_design_i/rst_ps8_0_99M/U0/EXT_LPF/POR_SRL_I/CLK
High Pulse Width  Slow    RAMB36E2/CLKARDCLK  n/a            0.577         5.000       4.423      RAMB36_X0Y19  wordle_design_i/wordle_top_0/inst/rom_inst/data_reg/CLKARDCLK
High Pulse Width  Fast    RAMB36E2/CLKARDCLK  n/a            0.577         5.000       4.423      RAMB36_X0Y19  wordle_design_i/wordle_top_0/inst/rom_inst/data_reg/CLKARDCLK
High Pulse Width  Slow    FDRE/C              n/a            0.275         5.000       4.725      SLICE_X7Y118  wordle_design_i/axi_smc/inst/clk_map/psr_aclk/U0/ACTIVE_LOW_BSR_OUT_DFF[0].FDRE_BSR_N/C
High Pulse Width  Fast    FDRE/C              n/a            0.275         5.000       4.725      SLICE_X7Y118  wordle_design_i/axi_smc/inst/clk_map/psr_aclk/U0/ACTIVE_LOW_BSR_OUT_DFF[0].FDRE_BSR_N/C



--------------------------------------------------------------------------------------
Path Group:  (none)
From Clock:  
  To Clock:  clk

Max Delay             1 Endpoint
Min Delay             1 Endpoint
--------------------------------------------------------------------------------------


Max Delay Paths
--------------------------------------------------------------------------------------
Slack:                    inf
  Source:                 wordle_design_i/zynq_ultra_ps_e_0/inst/PS8_i/EMIOGPIOO[95]
                            (internal pin)
  Destination:            wordle_design_i/rst_ps8_0_99M/U0/EXT_LPF/ACTIVE_LOW_EXT.ACT_LO_EXT/GENERATE_LEVEL_P_S_CDC.SINGLE_BIT.CROSS_PLEVEL_IN2SCNDRY_IN_cdc_to/D
                            (rising edge-triggered cell FDRE clocked by clk  {rise@0.000ns fall@5.000ns period=10.000ns})
  Path Group:             (none)
  Path Type:              Setup (Max at Slow Process Corner)
  Data Path Delay:        2.052ns  (logic 0.226ns (11.014%)  route 1.826ns (88.986%))
  Logic Levels:           1  (LUT1=1)
  Clock Uncertainty:      0.127ns  ((TSJ^2 + DJ^2)^1/2) / 2 + PE
    Total System Jitter     (TSJ):    0.050ns
    Discrete Jitter          (DJ):    0.250ns
    Phase Error              (PE):    0.000ns
  Clock Net Delay (Destination): 1.935ns (routing 0.955ns, distribution 0.980ns)
  Timing Exception:       False Path

    Location             Delay type                Incr(ns)  Path(ns)    Netlist Resource(s)
  -------------------------------------------------------------------    -------------------
    PS8_X0Y0             PS8                          0.000     0.000 f  wordle_design_i/zynq_ultra_ps_e_0/inst/PS8_i/EMIOGPIOO[95]
                         net (fo=1, routed)           1.423     1.423    wordle_design_i/rst_ps8_0_99M/U0/EXT_LPF/ACTIVE_LOW_EXT.ACT_LO_EXT/ext_reset_in
    SLICE_X7Y126         LUT1 (Prop_G6LUT_SLICEM_I0_O)
                                                      0.226     1.649 r  wordle_design_i/rst_ps8_0_99M/U0/EXT_LPF/ACTIVE_LOW_EXT.ACT_LO_EXT/GENERATE_LEVEL_P_S_CDC.SINGLE_BIT.CROSS_PLEVEL_IN2SCNDRY_IN_cdc_to_i_1/O
                         net (fo=1, routed)           0.403     2.052    wordle_design_i/rst_ps8_0_99M/U0/EXT_LPF/ACTIVE_LOW_EXT.ACT_LO_EXT/exr_d1
    SLICE_X7Y126         FDRE                                         r  wordle_design_i/rst_ps8_0_99M/U0/EXT_LPF/ACTIVE_LOW_EXT.ACT_LO_EXT/GENERATE_LEVEL_P_S_CDC.SINGLE_BIT.CROSS_PLEVEL_IN2SCNDRY_IN_cdc_to/D
  -------------------------------------------------------------------    -------------------

                         (clock clk rise edge)        0.000     0.000 r  
    BUFG_PS_X0Y80        BUFG_PS                      0.000     0.000 r  wordle_design_i/zynq_ultra_ps_e_0/inst/buffer_pl_clk_0.PL_CLK_0_BUFG/O
    X0Y1 (CLOCK_ROOT)    net (fo=1727, routed)        1.935     1.935    wordle_design_i/rst_ps8_0_99M/U0/EXT_LPF/ACTIVE_LOW_EXT.ACT_LO_EXT/slowest_sync_clk
    SLICE_X7Y126         FDRE                                         r  wordle_design_i/rst_ps8_0_99M/U0/EXT_LPF/ACTIVE_LOW_EXT.ACT_LO_EXT/GENERATE_LEVEL_P_S_CDC.SINGLE_BIT.CROSS_PLEVEL_IN2SCNDRY_IN_cdc_to/C





Min Delay Paths
--------------------------------------------------------------------------------------
Slack:                    inf
  Source:                 wordle_design_i/zynq_ultra_ps_e_0/inst/PS8_i/EMIOGPIOO[95]
                            (internal pin)
  Destination:            wordle_design_i/rst_ps8_0_99M/U0/EXT_LPF/ACTIVE_LOW_EXT.ACT_LO_EXT/GENERATE_LEVEL_P_S_CDC.SINGLE_BIT.CROSS_PLEVEL_IN2SCNDRY_IN_cdc_to/D
                            (rising edge-triggered cell FDRE clocked by clk  {rise@0.000ns fall@5.000ns period=10.000ns})
  Path Group:             (none)
  Path Type:              Hold (Min at Fast Process Corner)
  Data Path Delay:        0.794ns  (logic 0.104ns (13.098%)  route 0.690ns (86.902%))
  Logic Levels:           1  (LUT1=1)
  Clock Uncertainty:      0.127ns  ((TSJ^2 + DJ^2)^1/2) / 2 + PE
    Total System Jitter     (TSJ):    0.050ns
    Discrete Jitter          (DJ):    0.250ns
    Phase Error              (PE):    0.000ns
  Clock Net Delay (Destination): 1.290ns (routing 0.623ns, distribution 0.667ns)
  Timing Exception:       False Path

    Location             Delay type                Incr(ns)  Path(ns)    Netlist Resource(s)
  -------------------------------------------------------------------    -------------------
    PS8_X0Y0             PS8                          0.000     0.000 f  wordle_design_i/zynq_ultra_ps_e_0/inst/PS8_i/EMIOGPIOO[95]
                         net (fo=1, routed)           0.561     0.561    wordle_design_i/rst_ps8_0_99M/U0/EXT_LPF/ACTIVE_LOW_EXT.ACT_LO_EXT/ext_reset_in
    SLICE_X7Y126         LUT1 (Prop_G6LUT_SLICEM_I0_O)
                                                      0.104     0.665 r  wordle_design_i/rst_ps8_0_99M/U0/EXT_LPF/ACTIVE_LOW_EXT.ACT_LO_EXT/GENERATE_LEVEL_P_S_CDC.SINGLE_BIT.CROSS_PLEVEL_IN2SCNDRY_IN_cdc_to_i_1/O
                         net (fo=1, routed)           0.129     0.794    wordle_design_i/rst_ps8_0_99M/U0/EXT_LPF/ACTIVE_LOW_EXT.ACT_LO_EXT/exr_d1
    SLICE_X7Y126         FDRE                                         r  wordle_design_i/rst_ps8_0_99M/U0/EXT_LPF/ACTIVE_LOW_EXT.ACT_LO_EXT/GENERATE_LEVEL_P_S_CDC.SINGLE_BIT.CROSS_PLEVEL_IN2SCNDRY_IN_cdc_to/D
  -------------------------------------------------------------------    -------------------

                         (clock clk rise edge)        0.000     0.000 r  
    BUFG_PS_X0Y80        BUFG_PS                      0.000     0.000 r  wordle_design_i/zynq_ultra_ps_e_0/inst/buffer_pl_clk_0.PL_CLK_0_BUFG/O
    X0Y1 (CLOCK_ROOT)    net (fo=1727, routed)        1.290     1.290    wordle_design_i/rst_ps8_0_99M/U0/EXT_LPF/ACTIVE_LOW_EXT.ACT_LO_EXT/slowest_sync_clk
    SLICE_X7Y126         FDRE                                         r  wordle_design_i/rst_ps8_0_99M/U0/EXT_LPF/ACTIVE_LOW_EXT.ACT_LO_EXT/GENERATE_LEVEL_P_S_CDC.SINGLE_BIT.CROSS_PLEVEL_IN2SCNDRY_IN_cdc_to/C





--------------------------------------------------------------------------------------
Path Group:  (none)
From Clock:  clk
  To Clock:  clk

Max Delay           181 Endpoints
Min Delay           181 Endpoints
--------------------------------------------------------------------------------------


Max Delay Paths
--------------------------------------------------------------------------------------
Slack:                    inf
  Source:                 wordle_design_i/axi_smc/inst/clk_map/psr_aclk/U0/ACTIVE_LOW_BSR_OUT_DFF[0].FDRE_BSR_N/C
                            (rising edge-triggered cell FDRE clocked by clk  {rise@0.000ns fall@5.000ns period=10.000ns})
  Destination:            <hidden>
                            (recovery check against rising-edge clock clk  {rise@0.000ns fall@5.000ns period=10.000ns})
  Path Group:             (none)
  Path Type:              Recovery (Max at Slow Process Corner)
  Data Path Delay:        1.973ns  (logic 0.113ns (5.728%)  route 1.860ns (94.272%))
  Logic Levels:           0  
  Clock Path Skew:        -0.209ns (DCD - SCD + CPR)
    Destination Clock Delay (DCD):    1.889ns
    Source Clock Delay      (SCD):    2.098ns
    Clock Pessimism Removal (CPR):    0.000ns
  Clock Uncertainty:      0.130ns  ((TSJ^2 + DJ^2)^1/2) / 2 + PE
    Total System Jitter     (TSJ):    0.071ns
    Discrete Jitter          (DJ):    0.250ns
    Phase Error              (PE):    0.000ns
  Clock Net Delay (Source):      2.098ns (routing 1.045ns, distribution 1.053ns)
  Clock Net Delay (Destination): 1.889ns (routing 0.955ns, distribution 0.934ns)
  Timing Exception:       False Path

    Location             Delay type                Incr(ns)  Path(ns)    Netlist Resource(s)
  -------------------------------------------------------------------    -------------------
                         (clock clk rise edge)        0.000     0.000 r  
    BUFG_PS_X0Y80        BUFG_PS                      0.000     0.000 r  wordle_design_i/zynq_ultra_ps_e_0/inst/buffer_pl_clk_0.PL_CLK_0_BUFG/O
    X0Y1 (CLOCK_ROOT)    net (fo=1727, routed)        2.098     2.098    wordle_design_i/axi_smc/inst/clk_map/psr_aclk/U0/aclk
    SLICE_X7Y118         FDRE                                         r  wordle_design_i/axi_smc/inst/clk_map/psr_aclk/U0/ACTIVE_LOW_BSR_OUT_DFF[0].FDRE_BSR_N/C
  -------------------------------------------------------------------    -------------------
    SLICE_X7Y118         FDRE (Prop_EFF_SLICEM_C_Q)
                                                      0.113     2.211 r  wordle_design_i/axi_smc/inst/clk_map/psr_aclk/U0/ACTIVE_LOW_BSR_OUT_DFF[0].FDRE_BSR_N/Q
                         net (fo=165, routed)         1.860     4.071    <hidden>
    SLICE_X5Y102         FDCE                                         f  <hidden>  (IS_INVERTED)
  -------------------------------------------------------------------    -------------------

                         (clock clk rise edge)        0.000     0.000 r  
    BUFG_PS_X0Y80        BUFG_PS                      0.000     0.000 r  wordle_design_i/zynq_ultra_ps_e_0/inst/buffer_pl_clk_0.PL_CLK_0_BUFG/O
    X0Y1 (CLOCK_ROOT)    net (fo=1727, routed)        1.889     1.889    <hidden>
    SLICE_X5Y102         FDCE                                         r  <hidden>

Slack:                    inf
  Source:                 wordle_design_i/axi_smc/inst/clk_map/psr_aclk/U0/ACTIVE_LOW_BSR_OUT_DFF[0].FDRE_BSR_N/C
                            (rising edge-triggered cell FDRE clocked by clk  {rise@0.000ns fall@5.000ns period=10.000ns})
  Destination:            <hidden>
                            (recovery check against rising-edge clock clk  {rise@0.000ns fall@5.000ns period=10.000ns})
  Path Group:             (none)
  Path Type:              Recovery (Max at Slow Process Corner)
  Data Path Delay:        1.973ns  (logic 0.113ns (5.728%)  route 1.860ns (94.272%))
  Logic Levels:           0  
  Clock Path Skew:        -0.209ns (DCD - SCD + CPR)
    Destination Clock Delay (DCD):    1.889ns
    Source Clock Delay      (SCD):    2.098ns
    Clock Pessimism Removal (CPR):    0.000ns
  Clock Uncertainty:      0.130ns  ((TSJ^2 + DJ^2)^1/2) / 2 + PE
    Total System Jitter     (TSJ):    0.071ns
    Discrete Jitter          (DJ):    0.250ns
    Phase Error              (PE):    0.000ns
  Clock Net Delay (Source):      2.098ns (routing 1.045ns, distribution 1.053ns)
  Clock Net Delay (Destination): 1.889ns (routing 0.955ns, distribution 0.934ns)
  Timing Exception:       False Path

    Location             Delay type                Incr(ns)  Path(ns)    Netlist Resource(s)
  -------------------------------------------------------------------    -------------------
                         (clock clk rise edge)        0.000     0.000 r  
    BUFG_PS_X0Y80        BUFG_PS                      0.000     0.000 r  wordle_design_i/zynq_ultra_ps_e_0/inst/buffer_pl_clk_0.PL_CLK_0_BUFG/O
    X0Y1 (CLOCK_ROOT)    net (fo=1727, routed)        2.098     2.098    wordle_design_i/axi_smc/inst/clk_map/psr_aclk/U0/aclk
    SLICE_X7Y118         FDRE                                         r  wordle_design_i/axi_smc/inst/clk_map/psr_aclk/U0/ACTIVE_LOW_BSR_OUT_DFF[0].FDRE_BSR_N/C
  -------------------------------------------------------------------    -------------------
    SLICE_X7Y118         FDRE (Prop_EFF_SLICEM_C_Q)
                                                      0.113     2.211 r  wordle_design_i/axi_smc/inst/clk_map/psr_aclk/U0/ACTIVE_LOW_BSR_OUT_DFF[0].FDRE_BSR_N/Q
                         net (fo=165, routed)         1.860     4.071    <hidden>
    SLICE_X5Y102         FDCE                                         f  <hidden>  (IS_INVERTED)
  -------------------------------------------------------------------    -------------------

                         (clock clk rise edge)        0.000     0.000 r  
    BUFG_PS_X0Y80        BUFG_PS                      0.000     0.000 r  wordle_design_i/zynq_ultra_ps_e_0/inst/buffer_pl_clk_0.PL_CLK_0_BUFG/O
    X0Y1 (CLOCK_ROOT)    net (fo=1727, routed)        1.889     1.889    <hidden>
    SLICE_X5Y102         FDCE                                         r  <hidden>

Slack:                    inf
  Source:                 wordle_design_i/axi_smc/inst/clk_map/psr_aclk/U0/ACTIVE_LOW_BSR_OUT_DFF[0].FDRE_BSR_N/C
                            (rising edge-triggered cell FDRE clocked by clk  {rise@0.000ns fall@5.000ns period=10.000ns})
  Destination:            <hidden>
                            (recovery check against rising-edge clock clk  {rise@0.000ns fall@5.000ns period=10.000ns})
  Path Group:             (none)
  Path Type:              Recovery (Max at Slow Process Corner)
  Data Path Delay:        1.973ns  (logic 0.113ns (5.728%)  route 1.860ns (94.272%))
  Logic Levels:           0  
  Clock Path Skew:        -0.209ns (DCD - SCD + CPR)
    Destination Clock Delay (DCD):    1.889ns
    Source Clock Delay      (SCD):    2.098ns
    Clock Pessimism Removal (CPR):    0.000ns
  Clock Uncertainty:      0.130ns  ((TSJ^2 + DJ^2)^1/2) / 2 + PE
    Total System Jitter     (TSJ):    0.071ns
    Discrete Jitter          (DJ):    0.250ns
    Phase Error              (PE):    0.000ns
  Clock Net Delay (Source):      2.098ns (routing 1.045ns, distribution 1.053ns)
  Clock Net Delay (Destination): 1.889ns (routing 0.955ns, distribution 0.934ns)
  Timing Exception:       False Path

    Location             Delay type                Incr(ns)  Path(ns)    Netlist Resource(s)
  -------------------------------------------------------------------    -------------------
                         (clock clk rise edge)        0.000     0.000 r  
    BUFG_PS_X0Y80        BUFG_PS                      0.000     0.000 r  wordle_design_i/zynq_ultra_ps_e_0/inst/buffer_pl_clk_0.PL_CLK_0_BUFG/O
    X0Y1 (CLOCK_ROOT)    net (fo=1727, routed)        2.098     2.098    wordle_design_i/axi_smc/inst/clk_map/psr_aclk/U0/aclk
    SLICE_X7Y118         FDRE                                         r  wordle_design_i/axi_smc/inst/clk_map/psr_aclk/U0/ACTIVE_LOW_BSR_OUT_DFF[0].FDRE_BSR_N/C
  -------------------------------------------------------------------    -------------------
    SLICE_X7Y118         FDRE (Prop_EFF_SLICEM_C_Q)
                                                      0.113     2.211 r  wordle_design_i/axi_smc/inst/clk_map/psr_aclk/U0/ACTIVE_LOW_BSR_OUT_DFF[0].FDRE_BSR_N/Q
                         net (fo=165, routed)         1.860     4.071    <hidden>
    SLICE_X5Y102         FDCE                                         f  <hidden>  (IS_INVERTED)
  -------------------------------------------------------------------    -------------------

                         (clock clk rise edge)        0.000     0.000 r  
    BUFG_PS_X0Y80        BUFG_PS                      0.000     0.000 r  wordle_design_i/zynq_ultra_ps_e_0/inst/buffer_pl_clk_0.PL_CLK_0_BUFG/O
    X0Y1 (CLOCK_ROOT)    net (fo=1727, routed)        1.889     1.889    <hidden>
    SLICE_X5Y102         FDCE                                         r  <hidden>

Slack:                    inf
  Source:                 wordle_design_i/axi_smc/inst/clk_map/psr_aclk/U0/ACTIVE_LOW_BSR_OUT_DFF[0].FDRE_BSR_N/C
                            (rising edge-triggered cell FDRE clocked by clk  {rise@0.000ns fall@5.000ns period=10.000ns})
  Destination:            <hidden>
                            (recovery check against rising-edge clock clk  {rise@0.000ns fall@5.000ns period=10.000ns})
  Path Group:             (none)
  Path Type:              Recovery (Max at Slow Process Corner)
  Data Path Delay:        1.867ns  (logic 0.113ns (6.051%)  route 1.754ns (93.949%))
  Logic Levels:           0  
  Clock Path Skew:        -0.220ns (DCD - SCD + CPR)
    Destination Clock Delay (DCD):    1.878ns
    Source Clock Delay      (SCD):    2.098ns
    Clock Pessimism Removal (CPR):    0.000ns
  Clock Uncertainty:      0.130ns  ((TSJ^2 + DJ^2)^1/2) / 2 + PE
    Total System Jitter     (TSJ):    0.071ns
    Discrete Jitter          (DJ):    0.250ns
    Phase Error              (PE):    0.000ns
  Clock Net Delay (Source):      2.098ns (routing 1.045ns, distribution 1.053ns)
  Clock Net Delay (Destination): 1.878ns (routing 0.955ns, distribution 0.923ns)
  Timing Exception:       False Path

    Location             Delay type                Incr(ns)  Path(ns)    Netlist Resource(s)
  -------------------------------------------------------------------    -------------------
                         (clock clk rise edge)        0.000     0.000 r  
    BUFG_PS_X0Y80        BUFG_PS                      0.000     0.000 r  wordle_design_i/zynq_ultra_ps_e_0/inst/buffer_pl_clk_0.PL_CLK_0_BUFG/O
    X0Y1 (CLOCK_ROOT)    net (fo=1727, routed)        2.098     2.098    wordle_design_i/axi_smc/inst/clk_map/psr_aclk/U0/aclk
    SLICE_X7Y118         FDRE                                         r  wordle_design_i/axi_smc/inst/clk_map/psr_aclk/U0/ACTIVE_LOW_BSR_OUT_DFF[0].FDRE_BSR_N/C
  -------------------------------------------------------------------    -------------------
    SLICE_X7Y118         FDRE (Prop_EFF_SLICEM_C_Q)
                                                      0.113     2.211 r  wordle_design_i/axi_smc/inst/clk_map/psr_aclk/U0/ACTIVE_LOW_BSR_OUT_DFF[0].FDRE_BSR_N/Q
                         net (fo=165, routed)         1.754     3.965    <hidden>
    SLICE_X3Y94          FDCE                                         f  <hidden>  (IS_INVERTED)
  -------------------------------------------------------------------    -------------------

                         (clock clk rise edge)        0.000     0.000 r  
    BUFG_PS_X0Y80        BUFG_PS                      0.000     0.000 r  wordle_design_i/zynq_ultra_ps_e_0/inst/buffer_pl_clk_0.PL_CLK_0_BUFG/O
    X0Y1 (CLOCK_ROOT)    net (fo=1727, routed)        1.878     1.878    <hidden>
    SLICE_X3Y94          FDCE                                         r  <hidden>

Slack:                    inf
  Source:                 wordle_design_i/axi_smc/inst/clk_map/psr_aclk/U0/ACTIVE_LOW_BSR_OUT_DFF[0].FDRE_BSR_N/C
                            (rising edge-triggered cell FDRE clocked by clk  {rise@0.000ns fall@5.000ns period=10.000ns})
  Destination:            <hidden>
                            (recovery check against rising-edge clock clk  {rise@0.000ns fall@5.000ns period=10.000ns})
  Path Group:             (none)
  Path Type:              Recovery (Max at Slow Process Corner)
  Data Path Delay:        1.867ns  (logic 0.113ns (6.051%)  route 1.754ns (93.949%))
  Logic Levels:           0  
  Clock Path Skew:        -0.220ns (DCD - SCD + CPR)
    Destination Clock Delay (DCD):    1.878ns
    Source Clock Delay      (SCD):    2.098ns
    Clock Pessimism Removal (CPR):    0.000ns
  Clock Uncertainty:      0.130ns  ((TSJ^2 + DJ^2)^1/2) / 2 + PE
    Total System Jitter     (TSJ):    0.071ns
    Discrete Jitter          (DJ):    0.250ns
    Phase Error              (PE):    0.000ns
  Clock Net Delay (Source):      2.098ns (routing 1.045ns, distribution 1.053ns)
  Clock Net Delay (Destination): 1.878ns (routing 0.955ns, distribution 0.923ns)
  Timing Exception:       False Path

    Location             Delay type                Incr(ns)  Path(ns)    Netlist Resource(s)
  -------------------------------------------------------------------    -------------------
                         (clock clk rise edge)        0.000     0.000 r  
    BUFG_PS_X0Y80        BUFG_PS                      0.000     0.000 r  wordle_design_i/zynq_ultra_ps_e_0/inst/buffer_pl_clk_0.PL_CLK_0_BUFG/O
    X0Y1 (CLOCK_ROOT)    net (fo=1727, routed)        2.098     2.098    wordle_design_i/axi_smc/inst/clk_map/psr_aclk/U0/aclk
    SLICE_X7Y118         FDRE                                         r  wordle_design_i/axi_smc/inst/clk_map/psr_aclk/U0/ACTIVE_LOW_BSR_OUT_DFF[0].FDRE_BSR_N/C
  -------------------------------------------------------------------    -------------------
    SLICE_X7Y118         FDRE (Prop_EFF_SLICEM_C_Q)
                                                      0.113     2.211 r  wordle_design_i/axi_smc/inst/clk_map/psr_aclk/U0/ACTIVE_LOW_BSR_OUT_DFF[0].FDRE_BSR_N/Q
                         net (fo=165, routed)         1.754     3.965    <hidden>
    SLICE_X3Y94          FDCE                                         f  <hidden>  (IS_INVERTED)
  -------------------------------------------------------------------    -------------------

                         (clock clk rise edge)        0.000     0.000 r  
    BUFG_PS_X0Y80        BUFG_PS                      0.000     0.000 r  wordle_design_i/zynq_ultra_ps_e_0/inst/buffer_pl_clk_0.PL_CLK_0_BUFG/O
    X0Y1 (CLOCK_ROOT)    net (fo=1727, routed)        1.878     1.878    <hidden>
    SLICE_X3Y94          FDCE                                         r  <hidden>

Slack:                    inf
  Source:                 wordle_design_i/axi_smc/inst/clk_map/psr_aclk/U0/ACTIVE_LOW_BSR_OUT_DFF[0].FDRE_BSR_N/C
                            (rising edge-triggered cell FDRE clocked by clk  {rise@0.000ns fall@5.000ns period=10.000ns})
  Destination:            <hidden>
                            (recovery check against rising-edge clock clk  {rise@0.000ns fall@5.000ns period=10.000ns})
  Path Group:             (none)
  Path Type:              Recovery (Max at Slow Process Corner)
  Data Path Delay:        1.867ns  (logic 0.113ns (6.051%)  route 1.754ns (93.949%))
  Logic Levels:           0  
  Clock Path Skew:        -0.220ns (DCD - SCD + CPR)
    Destination Clock Delay (DCD):    1.878ns
    Source Clock Delay      (SCD):    2.098ns
    Clock Pessimism Removal (CPR):    0.000ns
  Clock Uncertainty:      0.130ns  ((TSJ^2 + DJ^2)^1/2) / 2 + PE
    Total System Jitter     (TSJ):    0.071ns
    Discrete Jitter          (DJ):    0.250ns
    Phase Error              (PE):    0.000ns
  Clock Net Delay (Source):      2.098ns (routing 1.045ns, distribution 1.053ns)
  Clock Net Delay (Destination): 1.878ns (routing 0.955ns, distribution 0.923ns)
  Timing Exception:       False Path

    Location             Delay type                Incr(ns)  Path(ns)    Netlist Resource(s)
  -------------------------------------------------------------------    -------------------
                         (clock clk rise edge)        0.000     0.000 r  
    BUFG_PS_X0Y80        BUFG_PS                      0.000     0.000 r  wordle_design_i/zynq_ultra_ps_e_0/inst/buffer_pl_clk_0.PL_CLK_0_BUFG/O
    X0Y1 (CLOCK_ROOT)    net (fo=1727, routed)        2.098     2.098    wordle_design_i/axi_smc/inst/clk_map/psr_aclk/U0/aclk
    SLICE_X7Y118         FDRE                                         r  wordle_design_i/axi_smc/inst/clk_map/psr_aclk/U0/ACTIVE_LOW_BSR_OUT_DFF[0].FDRE_BSR_N/C
  -------------------------------------------------------------------    -------------------
    SLICE_X7Y118         FDRE (Prop_EFF_SLICEM_C_Q)
                                                      0.113     2.211 r  wordle_design_i/axi_smc/inst/clk_map/psr_aclk/U0/ACTIVE_LOW_BSR_OUT_DFF[0].FDRE_BSR_N/Q
                         net (fo=165, routed)         1.754     3.965    <hidden>
    SLICE_X3Y94          FDCE                                         f  <hidden>  (IS_INVERTED)
  -------------------------------------------------------------------    -------------------

                         (clock clk rise edge)        0.000     0.000 r  
    BUFG_PS_X0Y80        BUFG_PS                      0.000     0.000 r  wordle_design_i/zynq_ultra_ps_e_0/inst/buffer_pl_clk_0.PL_CLK_0_BUFG/O
    X0Y1 (CLOCK_ROOT)    net (fo=1727, routed)        1.878     1.878    <hidden>
    SLICE_X3Y94          FDCE                                         r  <hidden>

Slack:                    inf
  Source:                 wordle_design_i/axi_smc/inst/clk_map/psr_aclk/U0/ACTIVE_LOW_BSR_OUT_DFF[0].FDRE_BSR_N/C
                            (rising edge-triggered cell FDRE clocked by clk  {rise@0.000ns fall@5.000ns period=10.000ns})
  Destination:            <hidden>
                            (recovery check against rising-edge clock clk  {rise@0.000ns fall@5.000ns period=10.000ns})
  Path Group:             (none)
  Path Type:              Recovery (Max at Slow Process Corner)
  Data Path Delay:        1.833ns  (logic 0.113ns (6.165%)  route 1.720ns (93.835%))
  Logic Levels:           0  
  Clock Path Skew:        -0.216ns (DCD - SCD + CPR)
    Destination Clock Delay (DCD):    1.882ns
    Source Clock Delay      (SCD):    2.098ns
    Clock Pessimism Removal (CPR):    0.000ns
  Clock Uncertainty:      0.130ns  ((TSJ^2 + DJ^2)^1/2) / 2 + PE
    Total System Jitter     (TSJ):    0.071ns
    Discrete Jitter          (DJ):    0.250ns
    Phase Error              (PE):    0.000ns
  Clock Net Delay (Source):      2.098ns (routing 1.045ns, distribution 1.053ns)
  Clock Net Delay (Destination): 1.882ns (routing 0.955ns, distribution 0.927ns)
  Timing Exception:       False Path

    Location             Delay type                Incr(ns)  Path(ns)    Netlist Resource(s)
  -------------------------------------------------------------------    -------------------
                         (clock clk rise edge)        0.000     0.000 r  
    BUFG_PS_X0Y80        BUFG_PS                      0.000     0.000 r  wordle_design_i/zynq_ultra_ps_e_0/inst/buffer_pl_clk_0.PL_CLK_0_BUFG/O
    X0Y1 (CLOCK_ROOT)    net (fo=1727, routed)        2.098     2.098    wordle_design_i/axi_smc/inst/clk_map/psr_aclk/U0/aclk
    SLICE_X7Y118         FDRE                                         r  wordle_design_i/axi_smc/inst/clk_map/psr_aclk/U0/ACTIVE_LOW_BSR_OUT_DFF[0].FDRE_BSR_N/C
  -------------------------------------------------------------------    -------------------
    SLICE_X7Y118         FDRE (Prop_EFF_SLICEM_C_Q)
                                                      0.113     2.211 r  wordle_design_i/axi_smc/inst/clk_map/psr_aclk/U0/ACTIVE_LOW_BSR_OUT_DFF[0].FDRE_BSR_N/Q
                         net (fo=165, routed)         1.720     3.931    <hidden>
    SLICE_X6Y99          FDCE                                         f  <hidden>  (IS_INVERTED)
  -------------------------------------------------------------------    -------------------

                         (clock clk rise edge)        0.000     0.000 r  
    BUFG_PS_X0Y80        BUFG_PS                      0.000     0.000 r  wordle_design_i/zynq_ultra_ps_e_0/inst/buffer_pl_clk_0.PL_CLK_0_BUFG/O
    X0Y1 (CLOCK_ROOT)    net (fo=1727, routed)        1.882     1.882    <hidden>
    SLICE_X6Y99          FDCE                                         r  <hidden>

Slack:                    inf
  Source:                 wordle_design_i/axi_smc/inst/clk_map/psr_aclk/U0/ACTIVE_LOW_BSR_OUT_DFF[0].FDRE_BSR_N/C
                            (rising edge-triggered cell FDRE clocked by clk  {rise@0.000ns fall@5.000ns period=10.000ns})
  Destination:            <hidden>
                            (recovery check against rising-edge clock clk  {rise@0.000ns fall@5.000ns period=10.000ns})
  Path Group:             (none)
  Path Type:              Recovery (Max at Slow Process Corner)
  Data Path Delay:        1.833ns  (logic 0.113ns (6.165%)  route 1.720ns (93.835%))
  Logic Levels:           0  
  Clock Path Skew:        -0.216ns (DCD - SCD + CPR)
    Destination Clock Delay (DCD):    1.882ns
    Source Clock Delay      (SCD):    2.098ns
    Clock Pessimism Removal (CPR):    0.000ns
  Clock Uncertainty:      0.130ns  ((TSJ^2 + DJ^2)^1/2) / 2 + PE
    Total System Jitter     (TSJ):    0.071ns
    Discrete Jitter          (DJ):    0.250ns
    Phase Error              (PE):    0.000ns
  Clock Net Delay (Source):      2.098ns (routing 1.045ns, distribution 1.053ns)
  Clock Net Delay (Destination): 1.882ns (routing 0.955ns, distribution 0.927ns)
  Timing Exception:       False Path

    Location             Delay type                Incr(ns)  Path(ns)    Netlist Resource(s)
  -------------------------------------------------------------------    -------------------
                         (clock clk rise edge)        0.000     0.000 r  
    BUFG_PS_X0Y80        BUFG_PS                      0.000     0.000 r  wordle_design_i/zynq_ultra_ps_e_0/inst/buffer_pl_clk_0.PL_CLK_0_BUFG/O
    X0Y1 (CLOCK_ROOT)    net (fo=1727, routed)        2.098     2.098    wordle_design_i/axi_smc/inst/clk_map/psr_aclk/U0/aclk
    SLICE_X7Y118         FDRE                                         r  wordle_design_i/axi_smc/inst/clk_map/psr_aclk/U0/ACTIVE_LOW_BSR_OUT_DFF[0].FDRE_BSR_N/C
  -------------------------------------------------------------------    -------------------
    SLICE_X7Y118         FDRE (Prop_EFF_SLICEM_C_Q)
                                                      0.113     2.211 r  wordle_design_i/axi_smc/inst/clk_map/psr_aclk/U0/ACTIVE_LOW_BSR_OUT_DFF[0].FDRE_BSR_N/Q
                         net (fo=165, routed)         1.720     3.931    <hidden>
    SLICE_X6Y99          FDCE                                         f  <hidden>  (IS_INVERTED)
  -------------------------------------------------------------------    -------------------

                         (clock clk rise edge)        0.000     0.000 r  
    BUFG_PS_X0Y80        BUFG_PS                      0.000     0.000 r  wordle_design_i/zynq_ultra_ps_e_0/inst/buffer_pl_clk_0.PL_CLK_0_BUFG/O
    X0Y1 (CLOCK_ROOT)    net (fo=1727, routed)        1.882     1.882    <hidden>
    SLICE_X6Y99          FDCE                                         r  <hidden>

Slack:                    inf
  Source:                 wordle_design_i/axi_smc/inst/clk_map/psr_aclk/U0/ACTIVE_LOW_BSR_OUT_DFF[0].FDRE_BSR_N/C
                            (rising edge-triggered cell FDRE clocked by clk  {rise@0.000ns fall@5.000ns period=10.000ns})
  Destination:            <hidden>
                            (recovery check against rising-edge clock clk  {rise@0.000ns fall@5.000ns period=10.000ns})
  Path Group:             (none)
  Path Type:              Recovery (Max at Slow Process Corner)
  Data Path Delay:        1.833ns  (logic 0.113ns (6.165%)  route 1.720ns (93.835%))
  Logic Levels:           0  
  Clock Path Skew:        -0.216ns (DCD - SCD + CPR)
    Destination Clock Delay (DCD):    1.882ns
    Source Clock Delay      (SCD):    2.098ns
    Clock Pessimism Removal (CPR):    0.000ns
  Clock Uncertainty:      0.130ns  ((TSJ^2 + DJ^2)^1/2) / 2 + PE
    Total System Jitter     (TSJ):    0.071ns
    Discrete Jitter          (DJ):    0.250ns
    Phase Error              (PE):    0.000ns
  Clock Net Delay (Source):      2.098ns (routing 1.045ns, distribution 1.053ns)
  Clock Net Delay (Destination): 1.882ns (routing 0.955ns, distribution 0.927ns)
  Timing Exception:       False Path

    Location             Delay type                Incr(ns)  Path(ns)    Netlist Resource(s)
  -------------------------------------------------------------------    -------------------
                         (clock clk rise edge)        0.000     0.000 r  
    BUFG_PS_X0Y80        BUFG_PS                      0.000     0.000 r  wordle_design_i/zynq_ultra_ps_e_0/inst/buffer_pl_clk_0.PL_CLK_0_BUFG/O
    X0Y1 (CLOCK_ROOT)    net (fo=1727, routed)        2.098     2.098    wordle_design_i/axi_smc/inst/clk_map/psr_aclk/U0/aclk
    SLICE_X7Y118         FDRE                                         r  wordle_design_i/axi_smc/inst/clk_map/psr_aclk/U0/ACTIVE_LOW_BSR_OUT_DFF[0].FDRE_BSR_N/C
  -------------------------------------------------------------------    -------------------
    SLICE_X7Y118         FDRE (Prop_EFF_SLICEM_C_Q)
                                                      0.113     2.211 r  wordle_design_i/axi_smc/inst/clk_map/psr_aclk/U0/ACTIVE_LOW_BSR_OUT_DFF[0].FDRE_BSR_N/Q
                         net (fo=165, routed)         1.720     3.931    <hidden>
    SLICE_X6Y99          FDCE                                         f  <hidden>  (IS_INVERTED)
  -------------------------------------------------------------------    -------------------

                         (clock clk rise edge)        0.000     0.000 r  
    BUFG_PS_X0Y80        BUFG_PS                      0.000     0.000 r  wordle_design_i/zynq_ultra_ps_e_0/inst/buffer_pl_clk_0.PL_CLK_0_BUFG/O
    X0Y1 (CLOCK_ROOT)    net (fo=1727, routed)        1.882     1.882    <hidden>
    SLICE_X6Y99          FDCE                                         r  <hidden>

Slack:                    inf
  Source:                 wordle_design_i/axi_smc/inst/clk_map/psr_aclk/U0/ACTIVE_LOW_BSR_OUT_DFF[0].FDRE_BSR_N/C
                            (rising edge-triggered cell FDRE clocked by clk  {rise@0.000ns fall@5.000ns period=10.000ns})
  Destination:            <hidden>
                            (recovery check against rising-edge clock clk  {rise@0.000ns fall@5.000ns period=10.000ns})
  Path Group:             (none)
  Path Type:              Recovery (Max at Slow Process Corner)
  Data Path Delay:        1.717ns  (logic 0.113ns (6.580%)  route 1.604ns (93.420%))
  Logic Levels:           0  
  Clock Path Skew:        -0.222ns (DCD - SCD + CPR)
    Destination Clock Delay (DCD):    1.876ns
    Source Clock Delay      (SCD):    2.098ns
    Clock Pessimism Removal (CPR):    0.000ns
  Clock Uncertainty:      0.130ns  ((TSJ^2 + DJ^2)^1/2) / 2 + PE
    Total System Jitter     (TSJ):    0.071ns
    Discrete Jitter          (DJ):    0.250ns
    Phase Error              (PE):    0.000ns
  Clock Net Delay (Source):      2.098ns (routing 1.045ns, distribution 1.053ns)
  Clock Net Delay (Destination): 1.876ns (routing 0.955ns, distribution 0.921ns)
  Timing Exception:       False Path

    Location             Delay type                Incr(ns)  Path(ns)    Netlist Resource(s)
  -------------------------------------------------------------------    -------------------
                         (clock clk rise edge)        0.000     0.000 r  
    BUFG_PS_X0Y80        BUFG_PS                      0.000     0.000 r  wordle_design_i/zynq_ultra_ps_e_0/inst/buffer_pl_clk_0.PL_CLK_0_BUFG/O
    X0Y1 (CLOCK_ROOT)    net (fo=1727, routed)        2.098     2.098    wordle_design_i/axi_smc/inst/clk_map/psr_aclk/U0/aclk
    SLICE_X7Y118         FDRE                                         r  wordle_design_i/axi_smc/inst/clk_map/psr_aclk/U0/ACTIVE_LOW_BSR_OUT_DFF[0].FDRE_BSR_N/C
  -------------------------------------------------------------------    -------------------
    SLICE_X7Y118         FDRE (Prop_EFF_SLICEM_C_Q)
                                                      0.113     2.211 r  wordle_design_i/axi_smc/inst/clk_map/psr_aclk/U0/ACTIVE_LOW_BSR_OUT_DFF[0].FDRE_BSR_N/Q
                         net (fo=165, routed)         1.604     3.815    <hidden>
    SLICE_X3Y93          FDCE                                         f  <hidden>  (IS_INVERTED)
  -------------------------------------------------------------------    -------------------

                         (clock clk rise edge)        0.000     0.000 r  
    BUFG_PS_X0Y80        BUFG_PS                      0.000     0.000 r  wordle_design_i/zynq_ultra_ps_e_0/inst/buffer_pl_clk_0.PL_CLK_0_BUFG/O
    X0Y1 (CLOCK_ROOT)    net (fo=1727, routed)        1.876     1.876    <hidden>
    SLICE_X3Y93          FDCE                                         r  <hidden>





Min Delay Paths
--------------------------------------------------------------------------------------
Slack:                    inf
  Source:                 wordle_design_i/wordle_top_0/inst/fsm_inst/r_result_reg[3][1]/C
                            (rising edge-triggered cell FDRE clocked by clk  {rise@0.000ns fall@5.000ns period=10.000ns})
  Destination:            wordle_design_i/result/U0/gpio_core_1/Not_Dual.INPUT_DOUBLE_REGS3/GENERATE_LEVEL_P_S_CDC.MULTI_BIT.FOR_IN_cdc_to[7].CROSS2_PLEVEL_IN2SCNDRY_IN_cdc_to/D
                            (rising edge-triggered cell FDRE clocked by clk  {rise@0.000ns fall@5.000ns period=10.000ns})
  Path Group:             (none)
  Path Type:              Hold (Min at Fast Process Corner)
  Data Path Delay:        0.151ns  (logic 0.083ns (54.967%)  route 0.068ns (45.033%))
  Logic Levels:           0  
  Clock Path Skew:        0.109ns (DCD - SCD - CPR)
    Destination Clock Delay (DCD):    1.244ns
    Source Clock Delay      (SCD):    1.136ns
    Clock Pessimism Removal (CPR):    -0.000ns
  Clock Uncertainty:      0.130ns  ((TSJ^2 + DJ^2)^1/2) / 2 + PE
    Total System Jitter     (TSJ):    0.071ns
    Discrete Jitter          (DJ):    0.250ns
    Phase Error              (PE):    0.000ns
  Clock Net Delay (Source):      1.136ns (routing 0.572ns, distribution 0.564ns)
  Clock Net Delay (Destination): 1.244ns (routing 0.623ns, distribution 0.621ns)
  Timing Exception:       False Path

    Location             Delay type                Incr(ns)  Path(ns)    Netlist Resource(s)
  -------------------------------------------------------------------    -------------------
                         (clock clk rise edge)        0.000     0.000 r  
    BUFG_PS_X0Y80        BUFG_PS                      0.000     0.000 r  wordle_design_i/zynq_ultra_ps_e_0/inst/buffer_pl_clk_0.PL_CLK_0_BUFG/O
    X0Y1 (CLOCK_ROOT)    net (fo=1727, routed)        1.136     1.136    wordle_design_i/wordle_top_0/inst/fsm_inst/clk
    SLICE_X10Y93         FDRE                                         r  wordle_design_i/wordle_top_0/inst/fsm_inst/r_result_reg[3][1]/C
  -------------------------------------------------------------------    -------------------
    SLICE_X10Y93         FDRE (Prop_DFF_SLICEM_C_Q)
                                                      0.083     1.219 r  wordle_design_i/wordle_top_0/inst/fsm_inst/r_result_reg[3][1]/Q
                         net (fo=1, routed)           0.068     1.287    wordle_design_i/result/U0/gpio_core_1/Not_Dual.INPUT_DOUBLE_REGS3/gpio_io_i[7]
    SLICE_X10Y92         FDRE                                         r  wordle_design_i/result/U0/gpio_core_1/Not_Dual.INPUT_DOUBLE_REGS3/GENERATE_LEVEL_P_S_CDC.MULTI_BIT.FOR_IN_cdc_to[7].CROSS2_PLEVEL_IN2SCNDRY_IN_cdc_to/D
  -------------------------------------------------------------------    -------------------

                         (clock clk rise edge)        0.000     0.000 r  
    BUFG_PS_X0Y80        BUFG_PS                      0.000     0.000 r  wordle_design_i/zynq_ultra_ps_e_0/inst/buffer_pl_clk_0.PL_CLK_0_BUFG/O
    X0Y1 (CLOCK_ROOT)    net (fo=1727, routed)        1.244     1.244    wordle_design_i/result/U0/gpio_core_1/Not_Dual.INPUT_DOUBLE_REGS3/s_axi_aclk
    SLICE_X10Y92         FDRE                                         r  wordle_design_i/result/U0/gpio_core_1/Not_Dual.INPUT_DOUBLE_REGS3/GENERATE_LEVEL_P_S_CDC.MULTI_BIT.FOR_IN_cdc_to[7].CROSS2_PLEVEL_IN2SCNDRY_IN_cdc_to/C

Slack:                    inf
  Source:                 wordle_design_i/wordle_top_0/inst/fsm_inst/r_result_reg[0][1]/C
                            (rising edge-triggered cell FDRE clocked by clk  {rise@0.000ns fall@5.000ns period=10.000ns})
  Destination:            wordle_design_i/result/U0/gpio_core_1/Not_Dual.INPUT_DOUBLE_REGS3/GENERATE_LEVEL_P_S_CDC.MULTI_BIT.FOR_IN_cdc_to[1].CROSS2_PLEVEL_IN2SCNDRY_IN_cdc_to/D
                            (rising edge-triggered cell FDRE clocked by clk  {rise@0.000ns fall@5.000ns period=10.000ns})
  Path Group:             (none)
  Path Type:              Hold (Min at Fast Process Corner)
  Data Path Delay:        0.161ns  (logic 0.083ns (51.553%)  route 0.078ns (48.447%))
  Logic Levels:           0  
  Clock Path Skew:        0.114ns (DCD - SCD - CPR)
    Destination Clock Delay (DCD):    1.251ns
    Source Clock Delay      (SCD):    1.137ns
    Clock Pessimism Removal (CPR):    -0.000ns
  Clock Uncertainty:      0.130ns  ((TSJ^2 + DJ^2)^1/2) / 2 + PE
    Total System Jitter     (TSJ):    0.071ns
    Discrete Jitter          (DJ):    0.250ns
    Phase Error              (PE):    0.000ns
  Clock Net Delay (Source):      1.137ns (routing 0.572ns, distribution 0.565ns)
  Clock Net Delay (Destination): 1.251ns (routing 0.623ns, distribution 0.628ns)
  Timing Exception:       False Path

    Location             Delay type                Incr(ns)  Path(ns)    Netlist Resource(s)
  -------------------------------------------------------------------    -------------------
                         (clock clk rise edge)        0.000     0.000 r  
    BUFG_PS_X0Y80        BUFG_PS                      0.000     0.000 r  wordle_design_i/zynq_ultra_ps_e_0/inst/buffer_pl_clk_0.PL_CLK_0_BUFG/O
    X0Y1 (CLOCK_ROOT)    net (fo=1727, routed)        1.137     1.137    wordle_design_i/wordle_top_0/inst/fsm_inst/clk
    SLICE_X10Y95         FDRE                                         r  wordle_design_i/wordle_top_0/inst/fsm_inst/r_result_reg[0][1]/C
  -------------------------------------------------------------------    -------------------
    SLICE_X10Y95         FDRE (Prop_DFF_SLICEM_C_Q)
                                                      0.083     1.220 r  wordle_design_i/wordle_top_0/inst/fsm_inst/r_result_reg[0][1]/Q
                         net (fo=1, routed)           0.078     1.298    wordle_design_i/result/U0/gpio_core_1/Not_Dual.INPUT_DOUBLE_REGS3/gpio_io_i[1]
    SLICE_X9Y96          FDRE                                         r  wordle_design_i/result/U0/gpio_core_1/Not_Dual.INPUT_DOUBLE_REGS3/GENERATE_LEVEL_P_S_CDC.MULTI_BIT.FOR_IN_cdc_to[1].CROSS2_PLEVEL_IN2SCNDRY_IN_cdc_to/D
  -------------------------------------------------------------------    -------------------

                         (clock clk rise edge)        0.000     0.000 r  
    BUFG_PS_X0Y80        BUFG_PS                      0.000     0.000 r  wordle_design_i/zynq_ultra_ps_e_0/inst/buffer_pl_clk_0.PL_CLK_0_BUFG/O
    X0Y1 (CLOCK_ROOT)    net (fo=1727, routed)        1.251     1.251    wordle_design_i/result/U0/gpio_core_1/Not_Dual.INPUT_DOUBLE_REGS3/s_axi_aclk
    SLICE_X9Y96          FDRE                                         r  wordle_design_i/result/U0/gpio_core_1/Not_Dual.INPUT_DOUBLE_REGS3/GENERATE_LEVEL_P_S_CDC.MULTI_BIT.FOR_IN_cdc_to[1].CROSS2_PLEVEL_IN2SCNDRY_IN_cdc_to/C

Slack:                    inf
  Source:                 wordle_design_i/wordle_top_0/inst/fsm_inst/r_result_reg[3][0]/C
                            (rising edge-triggered cell FDRE clocked by clk  {rise@0.000ns fall@5.000ns period=10.000ns})
  Destination:            wordle_design_i/result/U0/gpio_core_1/Not_Dual.INPUT_DOUBLE_REGS3/GENERATE_LEVEL_P_S_CDC.MULTI_BIT.FOR_IN_cdc_to[6].CROSS2_PLEVEL_IN2SCNDRY_IN_cdc_to/D
                            (rising edge-triggered cell FDRE clocked by clk  {rise@0.000ns fall@5.000ns period=10.000ns})
  Path Group:             (none)
  Path Type:              Hold (Min at Fast Process Corner)
  Data Path Delay:        0.165ns  (logic 0.083ns (50.303%)  route 0.082ns (49.697%))
  Logic Levels:           0  
  Clock Path Skew:        0.110ns (DCD - SCD - CPR)
    Destination Clock Delay (DCD):    1.247ns
    Source Clock Delay      (SCD):    1.137ns
    Clock Pessimism Removal (CPR):    -0.000ns
  Clock Uncertainty:      0.130ns  ((TSJ^2 + DJ^2)^1/2) / 2 + PE
    Total System Jitter     (TSJ):    0.071ns
    Discrete Jitter          (DJ):    0.250ns
    Phase Error              (PE):    0.000ns
  Clock Net Delay (Source):      1.137ns (routing 0.572ns, distribution 0.565ns)
  Clock Net Delay (Destination): 1.247ns (routing 0.623ns, distribution 0.624ns)
  Timing Exception:       False Path

    Location             Delay type                Incr(ns)  Path(ns)    Netlist Resource(s)
  -------------------------------------------------------------------    -------------------
                         (clock clk rise edge)        0.000     0.000 r  
    BUFG_PS_X0Y80        BUFG_PS                      0.000     0.000 r  wordle_design_i/zynq_ultra_ps_e_0/inst/buffer_pl_clk_0.PL_CLK_0_BUFG/O
    X0Y1 (CLOCK_ROOT)    net (fo=1727, routed)        1.137     1.137    wordle_design_i/wordle_top_0/inst/fsm_inst/clk
    SLICE_X8Y95          FDRE                                         r  wordle_design_i/wordle_top_0/inst/fsm_inst/r_result_reg[3][0]/C
  -------------------------------------------------------------------    -------------------
    SLICE_X8Y95          FDRE (Prop_GFF_SLICEM_C_Q)
                                                      0.083     1.220 r  wordle_design_i/wordle_top_0/inst/fsm_inst/r_result_reg[3][0]/Q
                         net (fo=1, routed)           0.082     1.302    wordle_design_i/result/U0/gpio_core_1/Not_Dual.INPUT_DOUBLE_REGS3/gpio_io_i[6]
    SLICE_X6Y95          FDRE                                         r  wordle_design_i/result/U0/gpio_core_1/Not_Dual.INPUT_DOUBLE_REGS3/GENERATE_LEVEL_P_S_CDC.MULTI_BIT.FOR_IN_cdc_to[6].CROSS2_PLEVEL_IN2SCNDRY_IN_cdc_to/D
  -------------------------------------------------------------------    -------------------

                         (clock clk rise edge)        0.000     0.000 r  
    BUFG_PS_X0Y80        BUFG_PS                      0.000     0.000 r  wordle_design_i/zynq_ultra_ps_e_0/inst/buffer_pl_clk_0.PL_CLK_0_BUFG/O
    X0Y1 (CLOCK_ROOT)    net (fo=1727, routed)        1.247     1.247    wordle_design_i/result/U0/gpio_core_1/Not_Dual.INPUT_DOUBLE_REGS3/s_axi_aclk
    SLICE_X6Y95          FDRE                                         r  wordle_design_i/result/U0/gpio_core_1/Not_Dual.INPUT_DOUBLE_REGS3/GENERATE_LEVEL_P_S_CDC.MULTI_BIT.FOR_IN_cdc_to[6].CROSS2_PLEVEL_IN2SCNDRY_IN_cdc_to/C

Slack:                    inf
  Source:                 wordle_design_i/wordle_top_0/inst/fsm_inst/r_result_reg[1][1]/C
                            (rising edge-triggered cell FDRE clocked by clk  {rise@0.000ns fall@5.000ns period=10.000ns})
  Destination:            wordle_design_i/result/U0/gpio_core_1/Not_Dual.INPUT_DOUBLE_REGS3/GENERATE_LEVEL_P_S_CDC.MULTI_BIT.FOR_IN_cdc_to[3].CROSS2_PLEVEL_IN2SCNDRY_IN_cdc_to/D
                            (rising edge-triggered cell FDRE clocked by clk  {rise@0.000ns fall@5.000ns period=10.000ns})
  Path Group:             (none)
  Path Type:              Hold (Min at Fast Process Corner)
  Data Path Delay:        0.172ns  (logic 0.083ns (48.256%)  route 0.089ns (51.744%))
  Logic Levels:           0  
  Clock Path Skew:        0.126ns (DCD - SCD - CPR)
    Destination Clock Delay (DCD):    1.257ns
    Source Clock Delay      (SCD):    1.131ns
    Clock Pessimism Removal (CPR):    -0.000ns
  Clock Uncertainty:      0.130ns  ((TSJ^2 + DJ^2)^1/2) / 2 + PE
    Total System Jitter     (TSJ):    0.071ns
    Discrete Jitter          (DJ):    0.250ns
    Phase Error              (PE):    0.000ns
  Clock Net Delay (Source):      1.131ns (routing 0.572ns, distribution 0.559ns)
  Clock Net Delay (Destination): 1.257ns (routing 0.623ns, distribution 0.634ns)
  Timing Exception:       False Path

    Location             Delay type                Incr(ns)  Path(ns)    Netlist Resource(s)
  -------------------------------------------------------------------    -------------------
                         (clock clk rise edge)        0.000     0.000 r  
    BUFG_PS_X0Y80        BUFG_PS                      0.000     0.000 r  wordle_design_i/zynq_ultra_ps_e_0/inst/buffer_pl_clk_0.PL_CLK_0_BUFG/O
    X0Y1 (CLOCK_ROOT)    net (fo=1727, routed)        1.131     1.131    wordle_design_i/wordle_top_0/inst/fsm_inst/clk
    SLICE_X10Y94         FDRE                                         r  wordle_design_i/wordle_top_0/inst/fsm_inst/r_result_reg[1][1]/C
  -------------------------------------------------------------------    -------------------
    SLICE_X10Y94         FDRE (Prop_CFF_SLICEM_C_Q)
                                                      0.083     1.214 r  wordle_design_i/wordle_top_0/inst/fsm_inst/r_result_reg[1][1]/Q
                         net (fo=1, routed)           0.089     1.303    wordle_design_i/result/U0/gpio_core_1/Not_Dual.INPUT_DOUBLE_REGS3/gpio_io_i[3]
    SLICE_X8Y96          FDRE                                         r  wordle_design_i/result/U0/gpio_core_1/Not_Dual.INPUT_DOUBLE_REGS3/GENERATE_LEVEL_P_S_CDC.MULTI_BIT.FOR_IN_cdc_to[3].CROSS2_PLEVEL_IN2SCNDRY_IN_cdc_to/D
  -------------------------------------------------------------------    -------------------

                         (clock clk rise edge)        0.000     0.000 r  
    BUFG_PS_X0Y80        BUFG_PS                      0.000     0.000 r  wordle_design_i/zynq_ultra_ps_e_0/inst/buffer_pl_clk_0.PL_CLK_0_BUFG/O
    X0Y1 (CLOCK_ROOT)    net (fo=1727, routed)        1.257     1.257    wordle_design_i/result/U0/gpio_core_1/Not_Dual.INPUT_DOUBLE_REGS3/s_axi_aclk
    SLICE_X8Y96          FDRE                                         r  wordle_design_i/result/U0/gpio_core_1/Not_Dual.INPUT_DOUBLE_REGS3/GENERATE_LEVEL_P_S_CDC.MULTI_BIT.FOR_IN_cdc_to[3].CROSS2_PLEVEL_IN2SCNDRY_IN_cdc_to/C

Slack:                    inf
  Source:                 wordle_design_i/wordle_top_0/inst/fsm_inst/r_result_reg[2][0]/C
                            (rising edge-triggered cell FDRE clocked by clk  {rise@0.000ns fall@5.000ns period=10.000ns})
  Destination:            wordle_design_i/result/U0/gpio_core_1/Not_Dual.INPUT_DOUBLE_REGS3/GENERATE_LEVEL_P_S_CDC.MULTI_BIT.FOR_IN_cdc_to[4].CROSS2_PLEVEL_IN2SCNDRY_IN_cdc_to/D
                            (rising edge-triggered cell FDRE clocked by clk  {rise@0.000ns fall@5.000ns period=10.000ns})
  Path Group:             (none)
  Path Type:              Hold (Min at Fast Process Corner)
  Data Path Delay:        0.177ns  (logic 0.084ns (47.458%)  route 0.093ns (52.542%))
  Logic Levels:           0  
  Clock Path Skew:        0.112ns (DCD - SCD - CPR)
    Destination Clock Delay (DCD):    1.252ns
    Source Clock Delay      (SCD):    1.140ns
    Clock Pessimism Removal (CPR):    -0.000ns
  Clock Uncertainty:      0.130ns  ((TSJ^2 + DJ^2)^1/2) / 2 + PE
    Total System Jitter     (TSJ):    0.071ns
    Discrete Jitter          (DJ):    0.250ns
    Phase Error              (PE):    0.000ns
  Clock Net Delay (Source):      1.140ns (routing 0.572ns, distribution 0.568ns)
  Clock Net Delay (Destination): 1.252ns (routing 0.623ns, distribution 0.629ns)
  Timing Exception:       False Path

    Location             Delay type                Incr(ns)  Path(ns)    Netlist Resource(s)
  -------------------------------------------------------------------    -------------------
                         (clock clk rise edge)        0.000     0.000 r  
    BUFG_PS_X0Y80        BUFG_PS                      0.000     0.000 r  wordle_design_i/zynq_ultra_ps_e_0/inst/buffer_pl_clk_0.PL_CLK_0_BUFG/O
    X0Y1 (CLOCK_ROOT)    net (fo=1727, routed)        1.140     1.140    wordle_design_i/wordle_top_0/inst/fsm_inst/clk
    SLICE_X9Y94          FDRE                                         r  wordle_design_i/wordle_top_0/inst/fsm_inst/r_result_reg[2][0]/C
  -------------------------------------------------------------------    -------------------
    SLICE_X9Y94          FDRE (Prop_DFF_SLICEL_C_Q)
                                                      0.084     1.224 r  wordle_design_i/wordle_top_0/inst/fsm_inst/r_result_reg[2][0]/Q
                         net (fo=1, routed)           0.093     1.317    wordle_design_i/result/U0/gpio_core_1/Not_Dual.INPUT_DOUBLE_REGS3/gpio_io_i[4]
    SLICE_X9Y98          FDRE                                         r  wordle_design_i/result/U0/gpio_core_1/Not_Dual.INPUT_DOUBLE_REGS3/GENERATE_LEVEL_P_S_CDC.MULTI_BIT.FOR_IN_cdc_to[4].CROSS2_PLEVEL_IN2SCNDRY_IN_cdc_to/D
  -------------------------------------------------------------------    -------------------

                         (clock clk rise edge)        0.000     0.000 r  
    BUFG_PS_X0Y80        BUFG_PS                      0.000     0.000 r  wordle_design_i/zynq_ultra_ps_e_0/inst/buffer_pl_clk_0.PL_CLK_0_BUFG/O
    X0Y1 (CLOCK_ROOT)    net (fo=1727, routed)        1.252     1.252    wordle_design_i/result/U0/gpio_core_1/Not_Dual.INPUT_DOUBLE_REGS3/s_axi_aclk
    SLICE_X9Y98          FDRE                                         r  wordle_design_i/result/U0/gpio_core_1/Not_Dual.INPUT_DOUBLE_REGS3/GENERATE_LEVEL_P_S_CDC.MULTI_BIT.FOR_IN_cdc_to[4].CROSS2_PLEVEL_IN2SCNDRY_IN_cdc_to/C

Slack:                    inf
  Source:                 wordle_design_i/wordle_top_0/inst/fsm_inst/r_guess_count_reg[2]/C
                            (rising edge-triggered cell FDRE clocked by clk  {rise@0.000ns fall@5.000ns period=10.000ns})
  Destination:            wordle_design_i/guess_count/U0/gpio_core_1/Not_Dual.INPUT_DOUBLE_REGS3/GENERATE_LEVEL_P_S_CDC.MULTI_BIT.FOR_IN_cdc_to[2].CROSS2_PLEVEL_IN2SCNDRY_IN_cdc_to/D
                            (rising edge-triggered cell FDRE clocked by clk  {rise@0.000ns fall@5.000ns period=10.000ns})
  Path Group:             (none)
  Path Type:              Hold (Min at Fast Process Corner)
  Data Path Delay:        0.177ns  (logic 0.086ns (48.553%)  route 0.091ns (51.447%))
  Logic Levels:           0  
  Clock Path Skew:        0.113ns (DCD - SCD - CPR)
    Destination Clock Delay (DCD):    1.254ns
    Source Clock Delay      (SCD):    1.141ns
    Clock Pessimism Removal (CPR):    -0.000ns
  Clock Uncertainty:      0.130ns  ((TSJ^2 + DJ^2)^1/2) / 2 + PE
    Total System Jitter     (TSJ):    0.071ns
    Discrete Jitter          (DJ):    0.250ns
    Phase Error              (PE):    0.000ns
  Clock Net Delay (Source):      1.141ns (routing 0.572ns, distribution 0.569ns)
  Clock Net Delay (Destination): 1.254ns (routing 0.623ns, distribution 0.631ns)
  Timing Exception:       False Path

    Location             Delay type                Incr(ns)  Path(ns)    Netlist Resource(s)
  -------------------------------------------------------------------    -------------------
                         (clock clk rise edge)        0.000     0.000 r  
    BUFG_PS_X0Y80        BUFG_PS                      0.000     0.000 r  wordle_design_i/zynq_ultra_ps_e_0/inst/buffer_pl_clk_0.PL_CLK_0_BUFG/O
    X0Y1 (CLOCK_ROOT)    net (fo=1727, routed)        1.141     1.141    wordle_design_i/wordle_top_0/inst/fsm_inst/clk
    SLICE_X10Y101        FDRE                                         r  wordle_design_i/wordle_top_0/inst/fsm_inst/r_guess_count_reg[2]/C
  -------------------------------------------------------------------    -------------------
    SLICE_X10Y101        FDRE (Prop_DFF2_SLICEM_C_Q)
                                                      0.086     1.227 r  wordle_design_i/wordle_top_0/inst/fsm_inst/r_guess_count_reg[2]/Q
                         net (fo=5, routed)           0.091     1.318    wordle_design_i/guess_count/U0/gpio_core_1/Not_Dual.INPUT_DOUBLE_REGS3/gpio_io_i[2]
    SLICE_X9Y101         FDRE                                         r  wordle_design_i/guess_count/U0/gpio_core_1/Not_Dual.INPUT_DOUBLE_REGS3/GENERATE_LEVEL_P_S_CDC.MULTI_BIT.FOR_IN_cdc_to[2].CROSS2_PLEVEL_IN2SCNDRY_IN_cdc_to/D
  -------------------------------------------------------------------    -------------------

                         (clock clk rise edge)        0.000     0.000 r  
    BUFG_PS_X0Y80        BUFG_PS                      0.000     0.000 r  wordle_design_i/zynq_ultra_ps_e_0/inst/buffer_pl_clk_0.PL_CLK_0_BUFG/O
    X0Y1 (CLOCK_ROOT)    net (fo=1727, routed)        1.254     1.254    wordle_design_i/guess_count/U0/gpio_core_1/Not_Dual.INPUT_DOUBLE_REGS3/s_axi_aclk
    SLICE_X9Y101         FDRE                                         r  wordle_design_i/guess_count/U0/gpio_core_1/Not_Dual.INPUT_DOUBLE_REGS3/GENERATE_LEVEL_P_S_CDC.MULTI_BIT.FOR_IN_cdc_to[2].CROSS2_PLEVEL_IN2SCNDRY_IN_cdc_to/C

Slack:                    inf
  Source:                 wordle_design_i/axi_smc/inst/clk_map/psr_aclk/U0/ACTIVE_LOW_BSR_OUT_DFF[0].FDRE_BSR_N/C
                            (rising edge-triggered cell FDRE clocked by clk  {rise@0.000ns fall@5.000ns period=10.000ns})
  Destination:            <hidden>
                            (removal check against rising-edge clock clk  {rise@0.000ns fall@5.000ns period=10.000ns})
  Path Group:             (none)
  Path Type:              Removal (Min at Fast Process Corner)
  Data Path Delay:        0.186ns  (logic 0.082ns (44.112%)  route 0.104ns (55.888%))
  Logic Levels:           0  
  Clock Path Skew:        0.122ns (DCD - SCD - CPR)
    Destination Clock Delay (DCD):    1.261ns
    Source Clock Delay      (SCD):    1.139ns
    Clock Pessimism Removal (CPR):    -0.000ns
  Clock Uncertainty:      0.130ns  ((TSJ^2 + DJ^2)^1/2) / 2 + PE
    Total System Jitter     (TSJ):    0.071ns
    Discrete Jitter          (DJ):    0.250ns
    Phase Error              (PE):    0.000ns
  Clock Net Delay (Source):      1.139ns (routing 0.572ns, distribution 0.567ns)
  Clock Net Delay (Destination): 1.261ns (routing 0.623ns, distribution 0.638ns)
  Timing Exception:       False Path

    Location             Delay type                Incr(ns)  Path(ns)    Netlist Resource(s)
  -------------------------------------------------------------------    -------------------
                         (clock clk rise edge)        0.000     0.000 r  
    BUFG_PS_X0Y80        BUFG_PS                      0.000     0.000 r  wordle_design_i/zynq_ultra_ps_e_0/inst/buffer_pl_clk_0.PL_CLK_0_BUFG/O
    X0Y1 (CLOCK_ROOT)    net (fo=1727, routed)        1.139     1.139    wordle_design_i/axi_smc/inst/clk_map/psr_aclk/U0/aclk
    SLICE_X7Y118         FDRE                                         r  wordle_design_i/axi_smc/inst/clk_map/psr_aclk/U0/ACTIVE_LOW_BSR_OUT_DFF[0].FDRE_BSR_N/C
  -------------------------------------------------------------------    -------------------
    SLICE_X7Y118         FDRE (Prop_EFF_SLICEM_C_Q)
                                                      0.082     1.221 r  wordle_design_i/axi_smc/inst/clk_map/psr_aclk/U0/ACTIVE_LOW_BSR_OUT_DFF[0].FDRE_BSR_N/Q
                         net (fo=165, routed)         0.104     1.324    <hidden>
    SLICE_X5Y118         FDCE                                         f  <hidden>  (IS_INVERTED)
  -------------------------------------------------------------------    -------------------

                         (clock clk rise edge)        0.000     0.000 r  
    BUFG_PS_X0Y80        BUFG_PS                      0.000     0.000 r  wordle_design_i/zynq_ultra_ps_e_0/inst/buffer_pl_clk_0.PL_CLK_0_BUFG/O
    X0Y1 (CLOCK_ROOT)    net (fo=1727, routed)        1.261     1.261    <hidden>
    SLICE_X5Y118         FDCE                                         r  <hidden>

Slack:                    inf
  Source:                 wordle_design_i/axi_smc/inst/clk_map/psr_aclk/U0/ACTIVE_LOW_BSR_OUT_DFF[0].FDRE_BSR_N/C
                            (rising edge-triggered cell FDRE clocked by clk  {rise@0.000ns fall@5.000ns period=10.000ns})
  Destination:            <hidden>
                            (removal check against rising-edge clock clk  {rise@0.000ns fall@5.000ns period=10.000ns})
  Path Group:             (none)
  Path Type:              Removal (Min at Fast Process Corner)
  Data Path Delay:        0.186ns  (logic 0.082ns (44.112%)  route 0.104ns (55.888%))
  Logic Levels:           0  
  Clock Path Skew:        0.122ns (DCD - SCD - CPR)
    Destination Clock Delay (DCD):    1.261ns
    Source Clock Delay      (SCD):    1.139ns
    Clock Pessimism Removal (CPR):    -0.000ns
  Clock Uncertainty:      0.130ns  ((TSJ^2 + DJ^2)^1/2) / 2 + PE
    Total System Jitter     (TSJ):    0.071ns
    Discrete Jitter          (DJ):    0.250ns
    Phase Error              (PE):    0.000ns
  Clock Net Delay (Source):      1.139ns (routing 0.572ns, distribution 0.567ns)
  Clock Net Delay (Destination): 1.261ns (routing 0.623ns, distribution 0.638ns)
  Timing Exception:       False Path

    Location             Delay type                Incr(ns)  Path(ns)    Netlist Resource(s)
  -------------------------------------------------------------------    -------------------
                         (clock clk rise edge)        0.000     0.000 r  
    BUFG_PS_X0Y80        BUFG_PS                      0.000     0.000 r  wordle_design_i/zynq_ultra_ps_e_0/inst/buffer_pl_clk_0.PL_CLK_0_BUFG/O
    X0Y1 (CLOCK_ROOT)    net (fo=1727, routed)        1.139     1.139    wordle_design_i/axi_smc/inst/clk_map/psr_aclk/U0/aclk
    SLICE_X7Y118         FDRE                                         r  wordle_design_i/axi_smc/inst/clk_map/psr_aclk/U0/ACTIVE_LOW_BSR_OUT_DFF[0].FDRE_BSR_N/C
  -------------------------------------------------------------------    -------------------
    SLICE_X7Y118         FDRE (Prop_EFF_SLICEM_C_Q)
                                                      0.082     1.221 r  wordle_design_i/axi_smc/inst/clk_map/psr_aclk/U0/ACTIVE_LOW_BSR_OUT_DFF[0].FDRE_BSR_N/Q
                         net (fo=165, routed)         0.104     1.324    <hidden>
    SLICE_X5Y118         FDCE                                         f  <hidden>  (IS_INVERTED)
  -------------------------------------------------------------------    -------------------

                         (clock clk rise edge)        0.000     0.000 r  
    BUFG_PS_X0Y80        BUFG_PS                      0.000     0.000 r  wordle_design_i/zynq_ultra_ps_e_0/inst/buffer_pl_clk_0.PL_CLK_0_BUFG/O
    X0Y1 (CLOCK_ROOT)    net (fo=1727, routed)        1.261     1.261    <hidden>
    SLICE_X5Y118         FDCE                                         r  <hidden>

Slack:                    inf
  Source:                 wordle_design_i/axi_smc/inst/clk_map/psr_aclk/U0/ACTIVE_LOW_BSR_OUT_DFF[0].FDRE_BSR_N/C
                            (rising edge-triggered cell FDRE clocked by clk  {rise@0.000ns fall@5.000ns period=10.000ns})
  Destination:            <hidden>
                            (removal check against rising-edge clock clk  {rise@0.000ns fall@5.000ns period=10.000ns})
  Path Group:             (none)
  Path Type:              Removal (Min at Fast Process Corner)
  Data Path Delay:        0.186ns  (logic 0.082ns (44.112%)  route 0.104ns (55.888%))
  Logic Levels:           0  
  Clock Path Skew:        0.122ns (DCD - SCD - CPR)
    Destination Clock Delay (DCD):    1.261ns
    Source Clock Delay      (SCD):    1.139ns
    Clock Pessimism Removal (CPR):    -0.000ns
  Clock Uncertainty:      0.130ns  ((TSJ^2 + DJ^2)^1/2) / 2 + PE
    Total System Jitter     (TSJ):    0.071ns
    Discrete Jitter          (DJ):    0.250ns
    Phase Error              (PE):    0.000ns
  Clock Net Delay (Source):      1.139ns (routing 0.572ns, distribution 0.567ns)
  Clock Net Delay (Destination): 1.261ns (routing 0.623ns, distribution 0.638ns)
  Timing Exception:       False Path

    Location             Delay type                Incr(ns)  Path(ns)    Netlist Resource(s)
  -------------------------------------------------------------------    -------------------
                         (clock clk rise edge)        0.000     0.000 r  
    BUFG_PS_X0Y80        BUFG_PS                      0.000     0.000 r  wordle_design_i/zynq_ultra_ps_e_0/inst/buffer_pl_clk_0.PL_CLK_0_BUFG/O
    X0Y1 (CLOCK_ROOT)    net (fo=1727, routed)        1.139     1.139    wordle_design_i/axi_smc/inst/clk_map/psr_aclk/U0/aclk
    SLICE_X7Y118         FDRE                                         r  wordle_design_i/axi_smc/inst/clk_map/psr_aclk/U0/ACTIVE_LOW_BSR_OUT_DFF[0].FDRE_BSR_N/C
  -------------------------------------------------------------------    -------------------
    SLICE_X7Y118         FDRE (Prop_EFF_SLICEM_C_Q)
                                                      0.082     1.221 r  wordle_design_i/axi_smc/inst/clk_map/psr_aclk/U0/ACTIVE_LOW_BSR_OUT_DFF[0].FDRE_BSR_N/Q
                         net (fo=165, routed)         0.104     1.324    <hidden>
    SLICE_X5Y118         FDCE                                         f  <hidden>  (IS_INVERTED)
  -------------------------------------------------------------------    -------------------

                         (clock clk rise edge)        0.000     0.000 r  
    BUFG_PS_X0Y80        BUFG_PS                      0.000     0.000 r  wordle_design_i/zynq_ultra_ps_e_0/inst/buffer_pl_clk_0.PL_CLK_0_BUFG/O
    X0Y1 (CLOCK_ROOT)    net (fo=1727, routed)        1.261     1.261    <hidden>
    SLICE_X5Y118         FDCE                                         r  <hidden>

Slack:                    inf
  Source:                 wordle_design_i/wordle_top_0/inst/fsm_inst/r_result_reg[2][1]/C
                            (rising edge-triggered cell FDRE clocked by clk  {rise@0.000ns fall@5.000ns period=10.000ns})
  Destination:            wordle_design_i/result/U0/gpio_core_1/Not_Dual.INPUT_DOUBLE_REGS3/GENERATE_LEVEL_P_S_CDC.MULTI_BIT.FOR_IN_cdc_to[5].CROSS2_PLEVEL_IN2SCNDRY_IN_cdc_to/D
                            (rising edge-triggered cell FDRE clocked by clk  {rise@0.000ns fall@5.000ns period=10.000ns})
  Path Group:             (none)
  Path Type:              Hold (Min at Fast Process Corner)
  Data Path Delay:        0.192ns  (logic 0.084ns (43.750%)  route 0.108ns (56.250%))
  Logic Levels:           0  
  Clock Path Skew:        0.102ns (DCD - SCD - CPR)
    Destination Clock Delay (DCD):    1.241ns
    Source Clock Delay      (SCD):    1.140ns
    Clock Pessimism Removal (CPR):    -0.000ns
  Clock Uncertainty:      0.130ns  ((TSJ^2 + DJ^2)^1/2) / 2 + PE
    Total System Jitter     (TSJ):    0.071ns
    Discrete Jitter          (DJ):    0.250ns
    Phase Error              (PE):    0.000ns
  Clock Net Delay (Source):      1.140ns (routing 0.572ns, distribution 0.568ns)
  Clock Net Delay (Destination): 1.241ns (routing 0.623ns, distribution 0.618ns)
  Timing Exception:       False Path

    Location             Delay type                Incr(ns)  Path(ns)    Netlist Resource(s)
  -------------------------------------------------------------------    -------------------
                         (clock clk rise edge)        0.000     0.000 r  
    BUFG_PS_X0Y80        BUFG_PS                      0.000     0.000 r  wordle_design_i/zynq_ultra_ps_e_0/inst/buffer_pl_clk_0.PL_CLK_0_BUFG/O
    X0Y1 (CLOCK_ROOT)    net (fo=1727, routed)        1.140     1.140    wordle_design_i/wordle_top_0/inst/fsm_inst/clk
    SLICE_X9Y93          FDRE                                         r  wordle_design_i/wordle_top_0/inst/fsm_inst/r_result_reg[2][1]/C
  -------------------------------------------------------------------    -------------------
    SLICE_X9Y93          FDRE (Prop_DFF_SLICEL_C_Q)
                                                      0.084     1.224 r  wordle_design_i/wordle_top_0/inst/fsm_inst/r_result_reg[2][1]/Q
                         net (fo=1, routed)           0.108     1.332    wordle_design_i/result/U0/gpio_core_1/Not_Dual.INPUT_DOUBLE_REGS3/gpio_io_i[5]
    SLICE_X7Y94          FDRE                                         r  wordle_design_i/result/U0/gpio_core_1/Not_Dual.INPUT_DOUBLE_REGS3/GENERATE_LEVEL_P_S_CDC.MULTI_BIT.FOR_IN_cdc_to[5].CROSS2_PLEVEL_IN2SCNDRY_IN_cdc_to/D
  -------------------------------------------------------------------    -------------------

                         (clock clk rise edge)        0.000     0.000 r  
    BUFG_PS_X0Y80        BUFG_PS                      0.000     0.000 r  wordle_design_i/zynq_ultra_ps_e_0/inst/buffer_pl_clk_0.PL_CLK_0_BUFG/O
    X0Y1 (CLOCK_ROOT)    net (fo=1727, routed)        1.241     1.241    wordle_design_i/result/U0/gpio_core_1/Not_Dual.INPUT_DOUBLE_REGS3/s_axi_aclk
    SLICE_X7Y94          FDRE                                         r  wordle_design_i/result/U0/gpio_core_1/Not_Dual.INPUT_DOUBLE_REGS3/GENERATE_LEVEL_P_S_CDC.MULTI_BIT.FOR_IN_cdc_to[5].CROSS2_PLEVEL_IN2SCNDRY_IN_cdc_to/C





