
*** Running vivado
    with args -log wordle_design_axi_smc_0.vds -m64 -product Vivado -mode batch -messageDb vivado.pb -notrace -source wordle_design_axi_smc_0.tcl



****** Vivado v2024.2.2 (64-bit)
  **** SW Build 6060944 on Thu Mar 06 19:10:01 MST 2025
  **** IP Build 6050500 on Thu Mar  6 23:33:39 MST 2025
  **** SharedData Build 6060542 on Thu Mar 06 10:31:07 MST 2025
  **** Start of session at: Fri Jun 12 12:03:13 2026
    ** Copyright 1986-2022 Xilinx, Inc. All Rights Reserved.
    ** Copyright 2022-2025 Advanced Micro Devices, Inc. All Rights Reserved.

source wordle_design_axi_smc_0.tcl -notrace
create_project: Time (s): cpu = 00:00:09 ; elapsed = 00:00:10 . Memory (MB): peak = 624.543 ; gain = 193.438
INFO: [IP_Flow 19-234] Refreshing IP repositories
INFO: [IP_Flow 19-1700] Loaded user IP repository 'c:/Users/g55wang/lab2/ip_repo'.
INFO: [IP_Flow 19-2313] Loaded Vivado IP repository 'C:/Software/Xilinx/Vivado/2024.2/data/ip'.
INFO: [IP_Flow 19-6924] IPCACHE: Running cache check for IP inst: wordle_design_axi_smc_0
Command: synth_design -top wordle_design_axi_smc_0 -part xck26-sfvc784-2LV-c -incremental_mode off -mode out_of_context
Starting synth_design
Attempting to get a license for feature 'Synthesis' and/or device 'xck26'
INFO: [Common 17-349] Got license for feature 'Synthesis' and/or device 'xck26'
INFO: [Device 21-403] Loading part xck26-sfvc784-2LV-c
INFO: [Synth 8-7079] Multithreading enabled for synth_design using a maximum of 2 processes.
INFO: [Synth 8-7078] Launching helper process for spawning children vivado processes
INFO: [Synth 8-7075] Helper process launched with PID 13636
---------------------------------------------------------------------------------
Starting RTL Elaboration : Time (s): cpu = 00:00:17 ; elapsed = 00:00:18 . Memory (MB): peak = 1897.195 ; gain = 178.531
---------------------------------------------------------------------------------
WARNING: [Synth 8-10507] attribute 'X_INTERFACE_MODE' is already specified; last one will take precedence [c:/Users/g55wang/lab2_system/lab2_system.gen/sources_1/bd/wordle_design/ip/wordle_design_axi_smc_0/bd_0/ip/ip_7/synth/bd_221d_aroutsw_0.sv:94]
WARNING: [Synth 8-10507] attribute 'X_INTERFACE_MODE' is already specified; last one will take precedence [c:/Users/g55wang/lab2_system/lab2_system.gen/sources_1/bd/wordle_design/ip/wordle_design_axi_smc_0/bd_0/ip/ip_7/synth/bd_221d_aroutsw_0.sv:95]
WARNING: [Synth 8-10507] attribute 'X_INTERFACE_MODE' is already specified; last one will take precedence [c:/Users/g55wang/lab2_system/lab2_system.gen/sources_1/bd/wordle_design/ip/wordle_design_axi_smc_0/bd_0/ip/ip_7/synth/bd_221d_aroutsw_0.sv:96]
WARNING: [Synth 8-10507] attribute 'X_INTERFACE_MODE' is already specified; last one will take precedence [c:/Users/g55wang/lab2_system/lab2_system.gen/sources_1/bd/wordle_design/ip/wordle_design_axi_smc_0/bd_0/ip/ip_7/synth/bd_221d_aroutsw_0.sv:97]
WARNING: [Synth 8-10507] attribute 'X_INTERFACE_MODE' is already specified; last one will take precedence [c:/Users/g55wang/lab2_system/lab2_system.gen/sources_1/bd/wordle_design/ip/wordle_design_axi_smc_0/bd_0/ip/ip_7/synth/bd_221d_aroutsw_0.sv:98]
WARNING: [Synth 8-10507] attribute 'X_INTERFACE_MODE' is already specified; last one will take precedence [c:/Users/g55wang/lab2_system/lab2_system.gen/sources_1/bd/wordle_design/ip/wordle_design_axi_smc_0/bd_0/ip/ip_7/synth/bd_221d_aroutsw_0.sv:99]
WARNING: [Synth 8-10507] attribute 'X_INTERFACE_MODE' is already specified; last one will take precedence [c:/Users/g55wang/lab2_system/lab2_system.gen/sources_1/bd/wordle_design/ip/wordle_design_axi_smc_0/bd_0/ip/ip_8/synth/bd_221d_routsw_0.sv:83]
WARNING: [Synth 8-10507] attribute 'X_INTERFACE_PARAMETER' is already specified; last one will take precedence [c:/Users/g55wang/lab2_system/lab2_system.gen/sources_1/bd/wordle_design/ip/wordle_design_axi_smc_0/bd_0/ip/ip_8/synth/bd_221d_routsw_0.sv:84]
WARNING: [Synth 8-10507] attribute 'X_INTERFACE_MODE' is already specified; last one will take precedence [c:/Users/g55wang/lab2_system/lab2_system.gen/sources_1/bd/wordle_design/ip/wordle_design_axi_smc_0/bd_0/ip/ip_8/synth/bd_221d_routsw_0.sv:85]
WARNING: [Synth 8-10507] attribute 'X_INTERFACE_PARAMETER' is already specified; last one will take precedence [c:/Users/g55wang/lab2_system/lab2_system.gen/sources_1/bd/wordle_design/ip/wordle_design_axi_smc_0/bd_0/ip/ip_8/synth/bd_221d_routsw_0.sv:86]
WARNING: [Synth 8-10507] attribute 'X_INTERFACE_MODE' is already specified; last one will take precedence [c:/Users/g55wang/lab2_system/lab2_system.gen/sources_1/bd/wordle_design/ip/wordle_design_axi_smc_0/bd_0/ip/ip_8/synth/bd_221d_routsw_0.sv:87]
WARNING: [Synth 8-10507] attribute 'X_INTERFACE_PARAMETER' is already specified; last one will take precedence [c:/Users/g55wang/lab2_system/lab2_system.gen/sources_1/bd/wordle_design/ip/wordle_design_axi_smc_0/bd_0/ip/ip_8/synth/bd_221d_routsw_0.sv:88]
WARNING: [Synth 8-10507] attribute 'X_INTERFACE_MODE' is already specified; last one will take precedence [c:/Users/g55wang/lab2_system/lab2_system.gen/sources_1/bd/wordle_design/ip/wordle_design_axi_smc_0/bd_0/ip/ip_8/synth/bd_221d_routsw_0.sv:89]
WARNING: [Synth 8-10507] attribute 'X_INTERFACE_PARAMETER' is already specified; last one will take precedence [c:/Users/g55wang/lab2_system/lab2_system.gen/sources_1/bd/wordle_design/ip/wordle_design_axi_smc_0/bd_0/ip/ip_8/synth/bd_221d_routsw_0.sv:90]
WARNING: [Synth 8-10507] attribute 'X_INTERFACE_MODE' is already specified; last one will take precedence [c:/Users/g55wang/lab2_system/lab2_system.gen/sources_1/bd/wordle_design/ip/wordle_design_axi_smc_0/bd_0/ip/ip_8/synth/bd_221d_routsw_0.sv:91]
WARNING: [Synth 8-10507] attribute 'X_INTERFACE_PARAMETER' is already specified; last one will take precedence [c:/Users/g55wang/lab2_system/lab2_system.gen/sources_1/bd/wordle_design/ip/wordle_design_axi_smc_0/bd_0/ip/ip_8/synth/bd_221d_routsw_0.sv:92]
WARNING: [Synth 8-10507] attribute 'X_INTERFACE_MODE' is already specified; last one will take precedence [c:/Users/g55wang/lab2_system/lab2_system.gen/sources_1/bd/wordle_design/ip/wordle_design_axi_smc_0/bd_0/ip/ip_8/synth/bd_221d_routsw_0.sv:93]
WARNING: [Synth 8-10507] attribute 'X_INTERFACE_PARAMETER' is already specified; last one will take precedence [c:/Users/g55wang/lab2_system/lab2_system.gen/sources_1/bd/wordle_design/ip/wordle_design_axi_smc_0/bd_0/ip/ip_8/synth/bd_221d_routsw_0.sv:94]
WARNING: [Synth 8-10507] attribute 'X_INTERFACE_MODE' is already specified; last one will take precedence [c:/Users/g55wang/lab2_system/lab2_system.gen/sources_1/bd/wordle_design/ip/wordle_design_axi_smc_0/bd_0/ip/ip_9/synth/bd_221d_awoutsw_0.sv:94]
WARNING: [Synth 8-10507] attribute 'X_INTERFACE_MODE' is already specified; last one will take precedence [c:/Users/g55wang/lab2_system/lab2_system.gen/sources_1/bd/wordle_design/ip/wordle_design_axi_smc_0/bd_0/ip/ip_9/synth/bd_221d_awoutsw_0.sv:95]
WARNING: [Synth 8-10507] attribute 'X_INTERFACE_MODE' is already specified; last one will take precedence [c:/Users/g55wang/lab2_system/lab2_system.gen/sources_1/bd/wordle_design/ip/wordle_design_axi_smc_0/bd_0/ip/ip_9/synth/bd_221d_awoutsw_0.sv:96]
WARNING: [Synth 8-10507] attribute 'X_INTERFACE_MODE' is already specified; last one will take precedence [c:/Users/g55wang/lab2_system/lab2_system.gen/sources_1/bd/wordle_design/ip/wordle_design_axi_smc_0/bd_0/ip/ip_9/synth/bd_221d_awoutsw_0.sv:97]
WARNING: [Synth 8-10507] attribute 'X_INTERFACE_MODE' is already specified; last one will take precedence [c:/Users/g55wang/lab2_system/lab2_system.gen/sources_1/bd/wordle_design/ip/wordle_design_axi_smc_0/bd_0/ip/ip_9/synth/bd_221d_awoutsw_0.sv:98]
WARNING: [Synth 8-10507] attribute 'X_INTERFACE_MODE' is already specified; last one will take precedence [c:/Users/g55wang/lab2_system/lab2_system.gen/sources_1/bd/wordle_design/ip/wordle_design_axi_smc_0/bd_0/ip/ip_9/synth/bd_221d_awoutsw_0.sv:99]
WARNING: [Synth 8-10507] attribute 'X_INTERFACE_MODE' is already specified; last one will take precedence [c:/Users/g55wang/lab2_system/lab2_system.gen/sources_1/bd/wordle_design/ip/wordle_design_axi_smc_0/bd_0/ip/ip_10/synth/bd_221d_woutsw_0.sv:94]
WARNING: [Synth 8-10507] attribute 'X_INTERFACE_MODE' is already specified; last one will take precedence [c:/Users/g55wang/lab2_system/lab2_system.gen/sources_1/bd/wordle_design/ip/wordle_design_axi_smc_0/bd_0/ip/ip_10/synth/bd_221d_woutsw_0.sv:95]
WARNING: [Synth 8-10507] attribute 'X_INTERFACE_MODE' is already specified; last one will take precedence [c:/Users/g55wang/lab2_system/lab2_system.gen/sources_1/bd/wordle_design/ip/wordle_design_axi_smc_0/bd_0/ip/ip_10/synth/bd_221d_woutsw_0.sv:96]
WARNING: [Synth 8-10507] attribute 'X_INTERFACE_MODE' is already specified; last one will take precedence [c:/Users/g55wang/lab2_system/lab2_system.gen/sources_1/bd/wordle_design/ip/wordle_design_axi_smc_0/bd_0/ip/ip_10/synth/bd_221d_woutsw_0.sv:97]
WARNING: [Synth 8-10507] attribute 'X_INTERFACE_MODE' is already specified; last one will take precedence [c:/Users/g55wang/lab2_system/lab2_system.gen/sources_1/bd/wordle_design/ip/wordle_design_axi_smc_0/bd_0/ip/ip_10/synth/bd_221d_woutsw_0.sv:98]
WARNING: [Synth 8-10507] attribute 'X_INTERFACE_MODE' is already specified; last one will take precedence [c:/Users/g55wang/lab2_system/lab2_system.gen/sources_1/bd/wordle_design/ip/wordle_design_axi_smc_0/bd_0/ip/ip_10/synth/bd_221d_woutsw_0.sv:99]
WARNING: [Synth 8-10507] attribute 'X_INTERFACE_MODE' is already specified; last one will take precedence [c:/Users/g55wang/lab2_system/lab2_system.gen/sources_1/bd/wordle_design/ip/wordle_design_axi_smc_0/bd_0/ip/ip_11/synth/bd_221d_boutsw_0.sv:83]
WARNING: [Synth 8-10507] attribute 'X_INTERFACE_PARAMETER' is already specified; last one will take precedence [c:/Users/g55wang/lab2_system/lab2_system.gen/sources_1/bd/wordle_design/ip/wordle_design_axi_smc_0/bd_0/ip/ip_11/synth/bd_221d_boutsw_0.sv:84]
WARNING: [Synth 8-10507] attribute 'X_INTERFACE_MODE' is already specified; last one will take precedence [c:/Users/g55wang/lab2_system/lab2_system.gen/sources_1/bd/wordle_design/ip/wordle_design_axi_smc_0/bd_0/ip/ip_11/synth/bd_221d_boutsw_0.sv:85]
WARNING: [Synth 8-10507] attribute 'X_INTERFACE_PARAMETER' is already specified; last one will take precedence [c:/Users/g55wang/lab2_system/lab2_system.gen/sources_1/bd/wordle_design/ip/wordle_design_axi_smc_0/bd_0/ip/ip_11/synth/bd_221d_boutsw_0.sv:86]
WARNING: [Synth 8-10507] attribute 'X_INTERFACE_MODE' is already specified; last one will take precedence [c:/Users/g55wang/lab2_system/lab2_system.gen/sources_1/bd/wordle_design/ip/wordle_design_axi_smc_0/bd_0/ip/ip_11/synth/bd_221d_boutsw_0.sv:87]
WARNING: [Synth 8-10507] attribute 'X_INTERFACE_PARAMETER' is already specified; last one will take precedence [c:/Users/g55wang/lab2_system/lab2_system.gen/sources_1/bd/wordle_design/ip/wordle_design_axi_smc_0/bd_0/ip/ip_11/synth/bd_221d_boutsw_0.sv:88]
WARNING: [Synth 8-10507] attribute 'X_INTERFACE_MODE' is already specified; last one will take precedence [c:/Users/g55wang/lab2_system/lab2_system.gen/sources_1/bd/wordle_design/ip/wordle_design_axi_smc_0/bd_0/ip/ip_11/synth/bd_221d_boutsw_0.sv:89]
WARNING: [Synth 8-10507] attribute 'X_INTERFACE_PARAMETER' is already specified; last one will take precedence [c:/Users/g55wang/lab2_system/lab2_system.gen/sources_1/bd/wordle_design/ip/wordle_design_axi_smc_0/bd_0/ip/ip_11/synth/bd_221d_boutsw_0.sv:90]
WARNING: [Synth 8-10507] attribute 'X_INTERFACE_MODE' is already specified; last one will take precedence [c:/Users/g55wang/lab2_system/lab2_system.gen/sources_1/bd/wordle_design/ip/wordle_design_axi_smc_0/bd_0/ip/ip_11/synth/bd_221d_boutsw_0.sv:91]
WARNING: [Synth 8-10507] attribute 'X_INTERFACE_PARAMETER' is already specified; last one will take precedence [c:/Users/g55wang/lab2_system/lab2_system.gen/sources_1/bd/wordle_design/ip/wordle_design_axi_smc_0/bd_0/ip/ip_11/synth/bd_221d_boutsw_0.sv:92]
WARNING: [Synth 8-10507] attribute 'X_INTERFACE_MODE' is already specified; last one will take precedence [c:/Users/g55wang/lab2_system/lab2_system.gen/sources_1/bd/wordle_design/ip/wordle_design_axi_smc_0/bd_0/ip/ip_11/synth/bd_221d_boutsw_0.sv:93]
WARNING: [Synth 8-10507] attribute 'X_INTERFACE_PARAMETER' is already specified; last one will take precedence [c:/Users/g55wang/lab2_system/lab2_system.gen/sources_1/bd/wordle_design/ip/wordle_design_axi_smc_0/bd_0/ip/ip_11/synth/bd_221d_boutsw_0.sv:94]
INFO: [Synth 8-6157] synthesizing module 'wordle_design_axi_smc_0' [c:/Users/g55wang/lab2_system/lab2_system.gen/sources_1/bd/wordle_design/ip/wordle_design_axi_smc_0/synth/wordle_design_axi_smc_0.v:53]
INFO: [Synth 8-6157] synthesizing module 'bd_221d' [c:/Users/g55wang/lab2_system/lab2_system.gen/sources_1/bd/wordle_design/ip/wordle_design_axi_smc_0/bd_0/synth/bd_221d.v:10]
INFO: [Synth 8-6157] synthesizing module 'clk_map_imp_1OREGKD' [c:/Users/g55wang/lab2_system/lab2_system.gen/sources_1/bd/wordle_design/ip/wordle_design_axi_smc_0/bd_0/synth/bd_221d.v:2948]
INFO: [Synth 8-6157] synthesizing module 'bd_221d_one_0' [c:/Users/g55wang/lab2_system/lab2_system.gen/sources_1/bd/wordle_design/ip/wordle_design_axi_smc_0/bd_0/ip/ip_0/synth/bd_221d_one_0.v:53]
INFO: [Synth 8-6157] synthesizing module 'xlconstant_v1_1_9_xlconstant' [c:/Users/g55wang/lab2_system/lab2_system.gen/sources_1/bd/wordle_design/ipshared/e2d2/hdl/xlconstant_v1_1_vl_rfs.v:68]
INFO: [Synth 8-6155] done synthesizing module 'xlconstant_v1_1_9_xlconstant' (0#1) [c:/Users/g55wang/lab2_system/lab2_system.gen/sources_1/bd/wordle_design/ipshared/e2d2/hdl/xlconstant_v1_1_vl_rfs.v:68]
INFO: [Synth 8-6155] done synthesizing module 'bd_221d_one_0' (0#1) [c:/Users/g55wang/lab2_system/lab2_system.gen/sources_1/bd/wordle_design/ip/wordle_design_axi_smc_0/bd_0/ip/ip_0/synth/bd_221d_one_0.v:53]
INFO: [Synth 8-638] synthesizing module 'bd_221d_psr_aclk_0' [c:/Users/g55wang/lab2_system/lab2_system.gen/sources_1/bd/wordle_design/ip/wordle_design_axi_smc_0/bd_0/ip/ip_1/synth/bd_221d_psr_aclk_0.vhd:74]
	Parameter C_FAMILY bound to: zynquplus - type: string 
	Parameter C_EXT_RST_WIDTH bound to: 4 - type: integer 
	Parameter C_AUX_RST_WIDTH bound to: 1 - type: integer 
	Parameter C_EXT_RESET_HIGH bound to: 1'b0 
	Parameter C_AUX_RESET_HIGH bound to: 1'b0 
	Parameter C_NUM_BUS_RST bound to: 1 - type: integer 
	Parameter C_NUM_PERP_RST bound to: 1 - type: integer 
	Parameter C_NUM_INTERCONNECT_ARESETN bound to: 1 - type: integer 
	Parameter C_NUM_PERP_ARESETN bound to: 1 - type: integer 
INFO: [Synth 8-3491] module 'proc_sys_reset' declared at 'c:/Users/g55wang/lab2_system/lab2_system.gen/sources_1/bd/wordle_design/ipshared/0831/hdl/proc_sys_reset_v5_0_vh_rfs.vhd:1271' bound to instance 'U0' of component 'proc_sys_reset' [c:/Users/g55wang/lab2_system/lab2_system.gen/sources_1/bd/wordle_design/ip/wordle_design_axi_smc_0/bd_0/ip/ip_1/synth/bd_221d_psr_aclk_0.vhd:139]
INFO: [Synth 8-638] synthesizing module 'proc_sys_reset' [c:/Users/g55wang/lab2_system/lab2_system.gen/sources_1/bd/wordle_design/ipshared/0831/hdl/proc_sys_reset_v5_0_vh_rfs.vhd:1330]
	Parameter INIT bound to: 1'b1 
INFO: [Synth 8-113] binding component instance 'FDRE_inst' to cell 'FDRE' [c:/Users/g55wang/lab2_system/lab2_system.gen/sources_1/bd/wordle_design/ipshared/0831/hdl/proc_sys_reset_v5_0_vh_rfs.vhd:1399]
	Parameter INIT bound to: 1'b1 
INFO: [Synth 8-113] binding component instance 'FDRE_BSR' to cell 'FDRE' [c:/Users/g55wang/lab2_system/lab2_system.gen/sources_1/bd/wordle_design/ipshared/0831/hdl/proc_sys_reset_v5_0_vh_rfs.vhd:1415]
	Parameter INIT bound to: 1'b0 
INFO: [Synth 8-113] binding component instance 'FDRE_BSR_N' to cell 'FDRE' [c:/Users/g55wang/lab2_system/lab2_system.gen/sources_1/bd/wordle_design/ipshared/0831/hdl/proc_sys_reset_v5_0_vh_rfs.vhd:1441]
	Parameter INIT bound to: 1'b1 
INFO: [Synth 8-113] binding component instance 'FDRE_PER' to cell 'FDRE' [c:/Users/g55wang/lab2_system/lab2_system.gen/sources_1/bd/wordle_design/ipshared/0831/hdl/proc_sys_reset_v5_0_vh_rfs.vhd:1464]
	Parameter INIT bound to: 1'b0 
INFO: [Synth 8-113] binding component instance 'FDRE_PER_N' to cell 'FDRE' [c:/Users/g55wang/lab2_system/lab2_system.gen/sources_1/bd/wordle_design/ipshared/0831/hdl/proc_sys_reset_v5_0_vh_rfs.vhd:1488]
INFO: [Synth 8-638] synthesizing module 'lpf' [c:/Users/g55wang/lab2_system/lab2_system.gen/sources_1/bd/wordle_design/ipshared/0831/hdl/proc_sys_reset_v5_0_vh_rfs.vhd:821]
INFO: [Synth 8-3491] module 'SRL16' declared at 'C:/Software/Xilinx/Vivado/2024.2/scripts/rt/data/unisim_comp.v:149029' bound to instance 'POR_SRL_I' of component 'SRL16' [c:/Users/g55wang/lab2_system/lab2_system.gen/sources_1/bd/wordle_design/ipshared/0831/hdl/proc_sys_reset_v5_0_vh_rfs.vhd:873]
INFO: [Synth 8-6157] synthesizing module 'SRL16' [C:/Software/Xilinx/Vivado/2024.2/scripts/rt/data/unisim_comp.v:149029]
INFO: [Synth 8-6155] done synthesizing module 'SRL16' (0#1) [C:/Software/Xilinx/Vivado/2024.2/scripts/rt/data/unisim_comp.v:149029]
INFO: [Synth 8-638] synthesizing module 'cdc_sync' [c:/Users/g55wang/lab2_system/lab2_system.gen/sources_1/bd/wordle_design/ipshared/2a4f/hdl/lib_cdc_v1_0_rfs.vhd:106]
	Parameter INIT bound to: 1'b0 
INFO: [Synth 8-113] binding component instance 'CROSS_PLEVEL_IN2SCNDRY_IN_cdc_to' to cell 'FDR' [c:/Users/g55wang/lab2_system/lab2_system.gen/sources_1/bd/wordle_design/ipshared/2a4f/hdl/lib_cdc_v1_0_rfs.vhd:514]
	Parameter INIT bound to: 1'b0 
INFO: [Synth 8-113] binding component instance 'CROSS_PLEVEL_IN2SCNDRY_s_level_out_d2' to cell 'FDR' [c:/Users/g55wang/lab2_system/lab2_system.gen/sources_1/bd/wordle_design/ipshared/2a4f/hdl/lib_cdc_v1_0_rfs.vhd:545]
	Parameter INIT bound to: 1'b0 
INFO: [Synth 8-113] binding component instance 'CROSS_PLEVEL_IN2SCNDRY_s_level_out_d3' to cell 'FDR' [c:/Users/g55wang/lab2_system/lab2_system.gen/sources_1/bd/wordle_design/ipshared/2a4f/hdl/lib_cdc_v1_0_rfs.vhd:554]
	Parameter INIT bound to: 1'b0 
INFO: [Synth 8-113] binding component instance 'CROSS_PLEVEL_IN2SCNDRY_s_level_out_d4' to cell 'FDR' [c:/Users/g55wang/lab2_system/lab2_system.gen/sources_1/bd/wordle_design/ipshared/2a4f/hdl/lib_cdc_v1_0_rfs.vhd:564]
	Parameter INIT bound to: 1'b0 
INFO: [Synth 8-113] binding component instance 'CROSS_PLEVEL_IN2SCNDRY_s_level_out_d5' to cell 'FDR' [c:/Users/g55wang/lab2_system/lab2_system.gen/sources_1/bd/wordle_design/ipshared/2a4f/hdl/lib_cdc_v1_0_rfs.vhd:574]
	Parameter INIT bound to: 1'b0 
INFO: [Synth 8-113] binding component instance 'CROSS_PLEVEL_IN2SCNDRY_s_level_out_d6' to cell 'FDR' [c:/Users/g55wang/lab2_system/lab2_system.gen/sources_1/bd/wordle_design/ipshared/2a4f/hdl/lib_cdc_v1_0_rfs.vhd:584]
INFO: [Synth 8-256] done synthesizing module 'cdc_sync' (0#1) [c:/Users/g55wang/lab2_system/lab2_system.gen/sources_1/bd/wordle_design/ipshared/2a4f/hdl/lib_cdc_v1_0_rfs.vhd:106]
INFO: [Synth 8-256] done synthesizing module 'lpf' (0#1) [c:/Users/g55wang/lab2_system/lab2_system.gen/sources_1/bd/wordle_design/ipshared/0831/hdl/proc_sys_reset_v5_0_vh_rfs.vhd:821]
INFO: [Synth 8-638] synthesizing module 'sequence_psr' [c:/Users/g55wang/lab2_system/lab2_system.gen/sources_1/bd/wordle_design/ipshared/0831/hdl/proc_sys_reset_v5_0_vh_rfs.vhd:304]
INFO: [Synth 8-638] synthesizing module 'upcnt_n' [c:/Users/g55wang/lab2_system/lab2_system.gen/sources_1/bd/wordle_design/ipshared/0831/hdl/proc_sys_reset_v5_0_vh_rfs.vhd:126]
INFO: [Synth 8-256] done synthesizing module 'upcnt_n' (0#1) [c:/Users/g55wang/lab2_system/lab2_system.gen/sources_1/bd/wordle_design/ipshared/0831/hdl/proc_sys_reset_v5_0_vh_rfs.vhd:126]
INFO: [Synth 8-256] done synthesizing module 'sequence_psr' (0#1) [c:/Users/g55wang/lab2_system/lab2_system.gen/sources_1/bd/wordle_design/ipshared/0831/hdl/proc_sys_reset_v5_0_vh_rfs.vhd:304]
INFO: [Synth 8-256] done synthesizing module 'proc_sys_reset' (0#1) [c:/Users/g55wang/lab2_system/lab2_system.gen/sources_1/bd/wordle_design/ipshared/0831/hdl/proc_sys_reset_v5_0_vh_rfs.vhd:1330]
INFO: [Synth 8-256] done synthesizing module 'bd_221d_psr_aclk_0' (0#1) [c:/Users/g55wang/lab2_system/lab2_system.gen/sources_1/bd/wordle_design/ip/wordle_design_axi_smc_0/bd_0/ip/ip_1/synth/bd_221d_psr_aclk_0.vhd:74]
WARNING: [Synth 8-7071] port 'mb_reset' of module 'bd_221d_psr_aclk_0' is unconnected for instance 'psr_aclk' [c:/Users/g55wang/lab2_system/lab2_system.gen/sources_1/bd/wordle_design/ip/wordle_design_axi_smc_0/bd_0/synth/bd_221d.v:3016]
WARNING: [Synth 8-7071] port 'bus_struct_reset' of module 'bd_221d_psr_aclk_0' is unconnected for instance 'psr_aclk' [c:/Users/g55wang/lab2_system/lab2_system.gen/sources_1/bd/wordle_design/ip/wordle_design_axi_smc_0/bd_0/synth/bd_221d.v:3016]
WARNING: [Synth 8-7071] port 'peripheral_reset' of module 'bd_221d_psr_aclk_0' is unconnected for instance 'psr_aclk' [c:/Users/g55wang/lab2_system/lab2_system.gen/sources_1/bd/wordle_design/ip/wordle_design_axi_smc_0/bd_0/synth/bd_221d.v:3016]
WARNING: [Synth 8-7071] port 'peripheral_aresetn' of module 'bd_221d_psr_aclk_0' is unconnected for instance 'psr_aclk' [c:/Users/g55wang/lab2_system/lab2_system.gen/sources_1/bd/wordle_design/ip/wordle_design_axi_smc_0/bd_0/synth/bd_221d.v:3016]
WARNING: [Synth 8-7023] instance 'psr_aclk' of module 'bd_221d_psr_aclk_0' has 10 connections declared, but only 6 given [c:/Users/g55wang/lab2_system/lab2_system.gen/sources_1/bd/wordle_design/ip/wordle_design_axi_smc_0/bd_0/synth/bd_221d.v:3016]
INFO: [Synth 8-6155] done synthesizing module 'clk_map_imp_1OREGKD' (0#1) [c:/Users/g55wang/lab2_system/lab2_system.gen/sources_1/bd/wordle_design/ip/wordle_design_axi_smc_0/bd_0/synth/bd_221d.v:2948]
INFO: [Synth 8-6157] synthesizing module 'm00_exit_pipeline_imp_9IVN9I' [c:/Users/g55wang/lab2_system/lab2_system.gen/sources_1/bd/wordle_design/ip/wordle_design_axi_smc_0/bd_0/synth/bd_221d.v:3267]
INFO: [Synth 8-6157] synthesizing module 'bd_221d_m00e_0' [c:/Users/g55wang/lab2_system/lab2_system.gen/sources_1/bd/wordle_design/ip/wordle_design_axi_smc_0/bd_0/ip/ip_32/synth/bd_221d_m00e_0.sv:53]
INFO: [Synth 8-6157] synthesizing module 'xpm_cdc_async_rst' [C:/Software/Xilinx/Vivado/2024.2/data/ip/xpm/xpm_cdc/hdl/xpm_cdc.sv:1175]
INFO: [Synth 8-6155] done synthesizing module 'xpm_cdc_async_rst' (0#1) [C:/Software/Xilinx/Vivado/2024.2/data/ip/xpm/xpm_cdc/hdl/xpm_cdc.sv:1175]
INFO: [Synth 8-6155] done synthesizing module 'bd_221d_m00e_0' (0#1) [c:/Users/g55wang/lab2_system/lab2_system.gen/sources_1/bd/wordle_design/ip/wordle_design_axi_smc_0/bd_0/ip/ip_32/synth/bd_221d_m00e_0.sv:53]
INFO: [Synth 8-6155] done synthesizing module 'm00_exit_pipeline_imp_9IVN9I' (0#1) [c:/Users/g55wang/lab2_system/lab2_system.gen/sources_1/bd/wordle_design/ip/wordle_design_axi_smc_0/bd_0/synth/bd_221d.v:3267]
INFO: [Synth 8-6157] synthesizing module 'm00_nodes_imp_VQQCOA' [c:/Users/g55wang/lab2_system/lab2_system.gen/sources_1/bd/wordle_design/ip/wordle_design_axi_smc_0/bd_0/synth/bd_221d.v:3509]
INFO: [Synth 8-6157] synthesizing module 'bd_221d_m00arn_0' [c:/Users/g55wang/lab2_system/lab2_system.gen/sources_1/bd/wordle_design/ip/wordle_design_axi_smc_0/bd_0/ip/ip_27/synth/bd_221d_m00arn_0.sv:53]
INFO: [Synth 8-6155] done synthesizing module 'bd_221d_m00arn_0' (0#1) [c:/Users/g55wang/lab2_system/lab2_system.gen/sources_1/bd/wordle_design/ip/wordle_design_axi_smc_0/bd_0/ip/ip_27/synth/bd_221d_m00arn_0.sv:53]
INFO: [Synth 8-6157] synthesizing module 'bd_221d_m00awn_0' [c:/Users/g55wang/lab2_system/lab2_system.gen/sources_1/bd/wordle_design/ip/wordle_design_axi_smc_0/bd_0/ip/ip_29/synth/bd_221d_m00awn_0.sv:53]
INFO: [Synth 8-6155] done synthesizing module 'bd_221d_m00awn_0' (0#1) [c:/Users/g55wang/lab2_system/lab2_system.gen/sources_1/bd/wordle_design/ip/wordle_design_axi_smc_0/bd_0/ip/ip_29/synth/bd_221d_m00awn_0.sv:53]
INFO: [Synth 8-6157] synthesizing module 'bd_221d_m00bn_0' [c:/Users/g55wang/lab2_system/lab2_system.gen/sources_1/bd/wordle_design/ip/wordle_design_axi_smc_0/bd_0/ip/ip_31/synth/bd_221d_m00bn_0.sv:53]
INFO: [Synth 8-6155] done synthesizing module 'bd_221d_m00bn_0' (0#1) [c:/Users/g55wang/lab2_system/lab2_system.gen/sources_1/bd/wordle_design/ip/wordle_design_axi_smc_0/bd_0/ip/ip_31/synth/bd_221d_m00bn_0.sv:53]
INFO: [Synth 8-6157] synthesizing module 'bd_221d_m00rn_0' [c:/Users/g55wang/lab2_system/lab2_system.gen/sources_1/bd/wordle_design/ip/wordle_design_axi_smc_0/bd_0/ip/ip_28/synth/bd_221d_m00rn_0.sv:53]
INFO: [Synth 8-6155] done synthesizing module 'bd_221d_m00rn_0' (0#1) [c:/Users/g55wang/lab2_system/lab2_system.gen/sources_1/bd/wordle_design/ip/wordle_design_axi_smc_0/bd_0/ip/ip_28/synth/bd_221d_m00rn_0.sv:53]
INFO: [Synth 8-6157] synthesizing module 'bd_221d_m00wn_0' [c:/Users/g55wang/lab2_system/lab2_system.gen/sources_1/bd/wordle_design/ip/wordle_design_axi_smc_0/bd_0/ip/ip_30/synth/bd_221d_m00wn_0.sv:53]
INFO: [Synth 8-6155] done synthesizing module 'bd_221d_m00wn_0' (0#1) [c:/Users/g55wang/lab2_system/lab2_system.gen/sources_1/bd/wordle_design/ip/wordle_design_axi_smc_0/bd_0/ip/ip_30/synth/bd_221d_m00wn_0.sv:53]
INFO: [Synth 8-6155] done synthesizing module 'm00_nodes_imp_VQQCOA' (0#1) [c:/Users/g55wang/lab2_system/lab2_system.gen/sources_1/bd/wordle_design/ip/wordle_design_axi_smc_0/bd_0/synth/bd_221d.v:3509]
INFO: [Synth 8-6157] synthesizing module 'bd_221d_m00s2a_0' [c:/Users/g55wang/lab2_system/lab2_system.gen/sources_1/bd/wordle_design/ip/wordle_design_axi_smc_0/bd_0/ip/ip_26/synth/bd_221d_m00s2a_0.sv:53]
INFO: [Synth 8-6155] done synthesizing module 'bd_221d_m00s2a_0' (0#1) [c:/Users/g55wang/lab2_system/lab2_system.gen/sources_1/bd/wordle_design/ip/wordle_design_axi_smc_0/bd_0/ip/ip_26/synth/bd_221d_m00s2a_0.sv:53]
INFO: [Synth 8-6157] synthesizing module 'm01_exit_pipeline_imp_EU8MDI' [c:/Users/g55wang/lab2_system/lab2_system.gen/sources_1/bd/wordle_design/ip/wordle_design_axi_smc_0/bd_0/synth/bd_221d.v:3751]
INFO: [Synth 8-6157] synthesizing module 'bd_221d_m01e_0' [c:/Users/g55wang/lab2_system/lab2_system.gen/sources_1/bd/wordle_design/ip/wordle_design_axi_smc_0/bd_0/ip/ip_39/synth/bd_221d_m01e_0.sv:53]
INFO: [Synth 8-6155] done synthesizing module 'bd_221d_m01e_0' (0#1) [c:/Users/g55wang/lab2_system/lab2_system.gen/sources_1/bd/wordle_design/ip/wordle_design_axi_smc_0/bd_0/ip/ip_39/synth/bd_221d_m01e_0.sv:53]
INFO: [Synth 8-6155] done synthesizing module 'm01_exit_pipeline_imp_EU8MDI' (0#1) [c:/Users/g55wang/lab2_system/lab2_system.gen/sources_1/bd/wordle_design/ip/wordle_design_axi_smc_0/bd_0/synth/bd_221d.v:3751]
INFO: [Synth 8-6157] synthesizing module 'm01_nodes_imp_1UFEL7G' [c:/Users/g55wang/lab2_system/lab2_system.gen/sources_1/bd/wordle_design/ip/wordle_design_axi_smc_0/bd_0/synth/bd_221d.v:3993]
INFO: [Synth 8-6157] synthesizing module 'bd_221d_m01arn_0' [c:/Users/g55wang/lab2_system/lab2_system.gen/sources_1/bd/wordle_design/ip/wordle_design_axi_smc_0/bd_0/ip/ip_34/synth/bd_221d_m01arn_0.sv:53]
INFO: [Synth 8-6155] done synthesizing module 'bd_221d_m01arn_0' (0#1) [c:/Users/g55wang/lab2_system/lab2_system.gen/sources_1/bd/wordle_design/ip/wordle_design_axi_smc_0/bd_0/ip/ip_34/synth/bd_221d_m01arn_0.sv:53]
INFO: [Synth 8-6157] synthesizing module 'bd_221d_m01awn_0' [c:/Users/g55wang/lab2_system/lab2_system.gen/sources_1/bd/wordle_design/ip/wordle_design_axi_smc_0/bd_0/ip/ip_36/synth/bd_221d_m01awn_0.sv:53]
INFO: [Synth 8-6155] done synthesizing module 'bd_221d_m01awn_0' (0#1) [c:/Users/g55wang/lab2_system/lab2_system.gen/sources_1/bd/wordle_design/ip/wordle_design_axi_smc_0/bd_0/ip/ip_36/synth/bd_221d_m01awn_0.sv:53]
INFO: [Synth 8-6157] synthesizing module 'bd_221d_m01bn_0' [c:/Users/g55wang/lab2_system/lab2_system.gen/sources_1/bd/wordle_design/ip/wordle_design_axi_smc_0/bd_0/ip/ip_38/synth/bd_221d_m01bn_0.sv:53]
INFO: [Synth 8-6155] done synthesizing module 'bd_221d_m01bn_0' (0#1) [c:/Users/g55wang/lab2_system/lab2_system.gen/sources_1/bd/wordle_design/ip/wordle_design_axi_smc_0/bd_0/ip/ip_38/synth/bd_221d_m01bn_0.sv:53]
INFO: [Synth 8-6157] synthesizing module 'bd_221d_m01rn_0' [c:/Users/g55wang/lab2_system/lab2_system.gen/sources_1/bd/wordle_design/ip/wordle_design_axi_smc_0/bd_0/ip/ip_35/synth/bd_221d_m01rn_0.sv:53]
INFO: [Synth 8-6155] done synthesizing module 'bd_221d_m01rn_0' (0#1) [c:/Users/g55wang/lab2_system/lab2_system.gen/sources_1/bd/wordle_design/ip/wordle_design_axi_smc_0/bd_0/ip/ip_35/synth/bd_221d_m01rn_0.sv:53]
INFO: [Synth 8-6157] synthesizing module 'bd_221d_m01wn_0' [c:/Users/g55wang/lab2_system/lab2_system.gen/sources_1/bd/wordle_design/ip/wordle_design_axi_smc_0/bd_0/ip/ip_37/synth/bd_221d_m01wn_0.sv:53]
INFO: [Synth 8-6155] done synthesizing module 'bd_221d_m01wn_0' (0#1) [c:/Users/g55wang/lab2_system/lab2_system.gen/sources_1/bd/wordle_design/ip/wordle_design_axi_smc_0/bd_0/ip/ip_37/synth/bd_221d_m01wn_0.sv:53]
INFO: [Synth 8-6155] done synthesizing module 'm01_nodes_imp_1UFEL7G' (0#1) [c:/Users/g55wang/lab2_system/lab2_system.gen/sources_1/bd/wordle_design/ip/wordle_design_axi_smc_0/bd_0/synth/bd_221d.v:3993]
INFO: [Synth 8-6157] synthesizing module 'bd_221d_m01s2a_0' [c:/Users/g55wang/lab2_system/lab2_system.gen/sources_1/bd/wordle_design/ip/wordle_design_axi_smc_0/bd_0/ip/ip_33/synth/bd_221d_m01s2a_0.sv:53]
INFO: [Synth 8-6155] done synthesizing module 'bd_221d_m01s2a_0' (0#1) [c:/Users/g55wang/lab2_system/lab2_system.gen/sources_1/bd/wordle_design/ip/wordle_design_axi_smc_0/bd_0/ip/ip_33/synth/bd_221d_m01s2a_0.sv:53]
INFO: [Synth 8-6157] synthesizing module 'm02_exit_pipeline_imp_3BZSW6' [c:/Users/g55wang/lab2_system/lab2_system.gen/sources_1/bd/wordle_design/ip/wordle_design_axi_smc_0/bd_0/synth/bd_221d.v:4235]
INFO: [Synth 8-6157] synthesizing module 'bd_221d_m02e_0' [c:/Users/g55wang/lab2_system/lab2_system.gen/sources_1/bd/wordle_design/ip/wordle_design_axi_smc_0/bd_0/ip/ip_46/synth/bd_221d_m02e_0.sv:53]
INFO: [Synth 8-6155] done synthesizing module 'bd_221d_m02e_0' (0#1) [c:/Users/g55wang/lab2_system/lab2_system.gen/sources_1/bd/wordle_design/ip/wordle_design_axi_smc_0/bd_0/ip/ip_46/synth/bd_221d_m02e_0.sv:53]
INFO: [Synth 8-6155] done synthesizing module 'm02_exit_pipeline_imp_3BZSW6' (0#1) [c:/Users/g55wang/lab2_system/lab2_system.gen/sources_1/bd/wordle_design/ip/wordle_design_axi_smc_0/bd_0/synth/bd_221d.v:4235]
INFO: [Synth 8-6157] synthesizing module 'm02_nodes_imp_14SNVNR' [c:/Users/g55wang/lab2_system/lab2_system.gen/sources_1/bd/wordle_design/ip/wordle_design_axi_smc_0/bd_0/synth/bd_221d.v:4477]
INFO: [Synth 8-6157] synthesizing module 'bd_221d_m02arn_0' [c:/Users/g55wang/lab2_system/lab2_system.gen/sources_1/bd/wordle_design/ip/wordle_design_axi_smc_0/bd_0/ip/ip_41/synth/bd_221d_m02arn_0.sv:53]
INFO: [Synth 8-6155] done synthesizing module 'bd_221d_m02arn_0' (0#1) [c:/Users/g55wang/lab2_system/lab2_system.gen/sources_1/bd/wordle_design/ip/wordle_design_axi_smc_0/bd_0/ip/ip_41/synth/bd_221d_m02arn_0.sv:53]
INFO: [Synth 8-6157] synthesizing module 'bd_221d_m02awn_0' [c:/Users/g55wang/lab2_system/lab2_system.gen/sources_1/bd/wordle_design/ip/wordle_design_axi_smc_0/bd_0/ip/ip_43/synth/bd_221d_m02awn_0.sv:53]
INFO: [Synth 8-6155] done synthesizing module 'bd_221d_m02awn_0' (0#1) [c:/Users/g55wang/lab2_system/lab2_system.gen/sources_1/bd/wordle_design/ip/wordle_design_axi_smc_0/bd_0/ip/ip_43/synth/bd_221d_m02awn_0.sv:53]
INFO: [Synth 8-6157] synthesizing module 'bd_221d_m02bn_0' [c:/Users/g55wang/lab2_system/lab2_system.gen/sources_1/bd/wordle_design/ip/wordle_design_axi_smc_0/bd_0/ip/ip_45/synth/bd_221d_m02bn_0.sv:53]
INFO: [Synth 8-6155] done synthesizing module 'bd_221d_m02bn_0' (0#1) [c:/Users/g55wang/lab2_system/lab2_system.gen/sources_1/bd/wordle_design/ip/wordle_design_axi_smc_0/bd_0/ip/ip_45/synth/bd_221d_m02bn_0.sv:53]
INFO: [Synth 8-6157] synthesizing module 'bd_221d_m02rn_0' [c:/Users/g55wang/lab2_system/lab2_system.gen/sources_1/bd/wordle_design/ip/wordle_design_axi_smc_0/bd_0/ip/ip_42/synth/bd_221d_m02rn_0.sv:53]
INFO: [Synth 8-6155] done synthesizing module 'bd_221d_m02rn_0' (0#1) [c:/Users/g55wang/lab2_system/lab2_system.gen/sources_1/bd/wordle_design/ip/wordle_design_axi_smc_0/bd_0/ip/ip_42/synth/bd_221d_m02rn_0.sv:53]
INFO: [Synth 8-6157] synthesizing module 'bd_221d_m02wn_0' [c:/Users/g55wang/lab2_system/lab2_system.gen/sources_1/bd/wordle_design/ip/wordle_design_axi_smc_0/bd_0/ip/ip_44/synth/bd_221d_m02wn_0.sv:53]
INFO: [Synth 8-6155] done synthesizing module 'bd_221d_m02wn_0' (0#1) [c:/Users/g55wang/lab2_system/lab2_system.gen/sources_1/bd/wordle_design/ip/wordle_design_axi_smc_0/bd_0/ip/ip_44/synth/bd_221d_m02wn_0.sv:53]
INFO: [Synth 8-6155] done synthesizing module 'm02_nodes_imp_14SNVNR' (0#1) [c:/Users/g55wang/lab2_system/lab2_system.gen/sources_1/bd/wordle_design/ip/wordle_design_axi_smc_0/bd_0/synth/bd_221d.v:4477]
INFO: [Synth 8-6157] synthesizing module 'bd_221d_m02s2a_0' [c:/Users/g55wang/lab2_system/lab2_system.gen/sources_1/bd/wordle_design/ip/wordle_design_axi_smc_0/bd_0/ip/ip_40/synth/bd_221d_m02s2a_0.sv:53]
INFO: [Synth 8-6155] done synthesizing module 'bd_221d_m02s2a_0' (0#1) [c:/Users/g55wang/lab2_system/lab2_system.gen/sources_1/bd/wordle_design/ip/wordle_design_axi_smc_0/bd_0/ip/ip_40/synth/bd_221d_m02s2a_0.sv:53]
INFO: [Synth 8-6157] synthesizing module 'm03_exit_pipeline_imp_7JDPDY' [c:/Users/g55wang/lab2_system/lab2_system.gen/sources_1/bd/wordle_design/ip/wordle_design_axi_smc_0/bd_0/synth/bd_221d.v:4719]
INFO: [Synth 8-6157] synthesizing module 'bd_221d_m03e_0' [c:/Users/g55wang/lab2_system/lab2_system.gen/sources_1/bd/wordle_design/ip/wordle_design_axi_smc_0/bd_0/ip/ip_53/synth/bd_221d_m03e_0.sv:53]
INFO: [Synth 8-6155] done synthesizing module 'bd_221d_m03e_0' (0#1) [c:/Users/g55wang/lab2_system/lab2_system.gen/sources_1/bd/wordle_design/ip/wordle_design_axi_smc_0/bd_0/ip/ip_53/synth/bd_221d_m03e_0.sv:53]
INFO: [Synth 8-6155] done synthesizing module 'm03_exit_pipeline_imp_7JDPDY' (0#1) [c:/Users/g55wang/lab2_system/lab2_system.gen/sources_1/bd/wordle_design/ip/wordle_design_axi_smc_0/bd_0/synth/bd_221d.v:4719]
INFO: [Synth 8-6157] synthesizing module 'm03_nodes_imp_3W5D2P' [c:/Users/g55wang/lab2_system/lab2_system.gen/sources_1/bd/wordle_design/ip/wordle_design_axi_smc_0/bd_0/synth/bd_221d.v:4961]
INFO: [Synth 8-6157] synthesizing module 'bd_221d_m03arn_0' [c:/Users/g55wang/lab2_system/lab2_system.gen/sources_1/bd/wordle_design/ip/wordle_design_axi_smc_0/bd_0/ip/ip_48/synth/bd_221d_m03arn_0.sv:53]
INFO: [Synth 8-6155] done synthesizing module 'bd_221d_m03arn_0' (0#1) [c:/Users/g55wang/lab2_system/lab2_system.gen/sources_1/bd/wordle_design/ip/wordle_design_axi_smc_0/bd_0/ip/ip_48/synth/bd_221d_m03arn_0.sv:53]
INFO: [Synth 8-6157] synthesizing module 'bd_221d_m03awn_0' [c:/Users/g55wang/lab2_system/lab2_system.gen/sources_1/bd/wordle_design/ip/wordle_design_axi_smc_0/bd_0/ip/ip_50/synth/bd_221d_m03awn_0.sv:53]
INFO: [Synth 8-6155] done synthesizing module 'bd_221d_m03awn_0' (0#1) [c:/Users/g55wang/lab2_system/lab2_system.gen/sources_1/bd/wordle_design/ip/wordle_design_axi_smc_0/bd_0/ip/ip_50/synth/bd_221d_m03awn_0.sv:53]
INFO: [Synth 8-6157] synthesizing module 'bd_221d_m03bn_0' [c:/Users/g55wang/lab2_system/lab2_system.gen/sources_1/bd/wordle_design/ip/wordle_design_axi_smc_0/bd_0/ip/ip_52/synth/bd_221d_m03bn_0.sv:53]
INFO: [Synth 8-6155] done synthesizing module 'bd_221d_m03bn_0' (0#1) [c:/Users/g55wang/lab2_system/lab2_system.gen/sources_1/bd/wordle_design/ip/wordle_design_axi_smc_0/bd_0/ip/ip_52/synth/bd_221d_m03bn_0.sv:53]
INFO: [Synth 8-6157] synthesizing module 'bd_221d_m03rn_0' [c:/Users/g55wang/lab2_system/lab2_system.gen/sources_1/bd/wordle_design/ip/wordle_design_axi_smc_0/bd_0/ip/ip_49/synth/bd_221d_m03rn_0.sv:53]
INFO: [Synth 8-6155] done synthesizing module 'bd_221d_m03rn_0' (0#1) [c:/Users/g55wang/lab2_system/lab2_system.gen/sources_1/bd/wordle_design/ip/wordle_design_axi_smc_0/bd_0/ip/ip_49/synth/bd_221d_m03rn_0.sv:53]
INFO: [Synth 8-6157] synthesizing module 'bd_221d_m03wn_0' [c:/Users/g55wang/lab2_system/lab2_system.gen/sources_1/bd/wordle_design/ip/wordle_design_axi_smc_0/bd_0/ip/ip_51/synth/bd_221d_m03wn_0.sv:53]
INFO: [Synth 8-6155] done synthesizing module 'bd_221d_m03wn_0' (0#1) [c:/Users/g55wang/lab2_system/lab2_system.gen/sources_1/bd/wordle_design/ip/wordle_design_axi_smc_0/bd_0/ip/ip_51/synth/bd_221d_m03wn_0.sv:53]
INFO: [Synth 8-6155] done synthesizing module 'm03_nodes_imp_3W5D2P' (0#1) [c:/Users/g55wang/lab2_system/lab2_system.gen/sources_1/bd/wordle_design/ip/wordle_design_axi_smc_0/bd_0/synth/bd_221d.v:4961]
INFO: [Synth 8-6157] synthesizing module 'bd_221d_m03s2a_0' [c:/Users/g55wang/lab2_system/lab2_system.gen/sources_1/bd/wordle_design/ip/wordle_design_axi_smc_0/bd_0/ip/ip_47/synth/bd_221d_m03s2a_0.sv:53]
INFO: [Synth 8-6155] done synthesizing module 'bd_221d_m03s2a_0' (0#1) [c:/Users/g55wang/lab2_system/lab2_system.gen/sources_1/bd/wordle_design/ip/wordle_design_axi_smc_0/bd_0/ip/ip_47/synth/bd_221d_m03s2a_0.sv:53]
INFO: [Synth 8-6157] synthesizing module 'm04_exit_pipeline_imp_Z80UIU' [c:/Users/g55wang/lab2_system/lab2_system.gen/sources_1/bd/wordle_design/ip/wordle_design_axi_smc_0/bd_0/synth/bd_221d.v:5203]
INFO: [Synth 8-6157] synthesizing module 'bd_221d_m04e_0' [c:/Users/g55wang/lab2_system/lab2_system.gen/sources_1/bd/wordle_design/ip/wordle_design_axi_smc_0/bd_0/ip/ip_60/synth/bd_221d_m04e_0.sv:53]
INFO: [Synth 8-6155] done synthesizing module 'bd_221d_m04e_0' (0#1) [c:/Users/g55wang/lab2_system/lab2_system.gen/sources_1/bd/wordle_design/ip/wordle_design_axi_smc_0/bd_0/ip/ip_60/synth/bd_221d_m04e_0.sv:53]
INFO: [Synth 8-6155] done synthesizing module 'm04_exit_pipeline_imp_Z80UIU' (0#1) [c:/Users/g55wang/lab2_system/lab2_system.gen/sources_1/bd/wordle_design/ip/wordle_design_axi_smc_0/bd_0/synth/bd_221d.v:5203]
INFO: [Synth 8-6157] synthesizing module 'm04_nodes_imp_TWOYB5' [c:/Users/g55wang/lab2_system/lab2_system.gen/sources_1/bd/wordle_design/ip/wordle_design_axi_smc_0/bd_0/synth/bd_221d.v:5445]
INFO: [Synth 8-6157] synthesizing module 'bd_221d_m04arn_0' [c:/Users/g55wang/lab2_system/lab2_system.gen/sources_1/bd/wordle_design/ip/wordle_design_axi_smc_0/bd_0/ip/ip_55/synth/bd_221d_m04arn_0.sv:53]
INFO: [Synth 8-6155] done synthesizing module 'bd_221d_m04arn_0' (0#1) [c:/Users/g55wang/lab2_system/lab2_system.gen/sources_1/bd/wordle_design/ip/wordle_design_axi_smc_0/bd_0/ip/ip_55/synth/bd_221d_m04arn_0.sv:53]
INFO: [Synth 8-6157] synthesizing module 'bd_221d_m04awn_0' [c:/Users/g55wang/lab2_system/lab2_system.gen/sources_1/bd/wordle_design/ip/wordle_design_axi_smc_0/bd_0/ip/ip_57/synth/bd_221d_m04awn_0.sv:53]
INFO: [Synth 8-6155] done synthesizing module 'bd_221d_m04awn_0' (0#1) [c:/Users/g55wang/lab2_system/lab2_system.gen/sources_1/bd/wordle_design/ip/wordle_design_axi_smc_0/bd_0/ip/ip_57/synth/bd_221d_m04awn_0.sv:53]
INFO: [Synth 8-6157] synthesizing module 'bd_221d_m04bn_0' [c:/Users/g55wang/lab2_system/lab2_system.gen/sources_1/bd/wordle_design/ip/wordle_design_axi_smc_0/bd_0/ip/ip_59/synth/bd_221d_m04bn_0.sv:53]
INFO: [Synth 8-6155] done synthesizing module 'bd_221d_m04bn_0' (0#1) [c:/Users/g55wang/lab2_system/lab2_system.gen/sources_1/bd/wordle_design/ip/wordle_design_axi_smc_0/bd_0/ip/ip_59/synth/bd_221d_m04bn_0.sv:53]
INFO: [Synth 8-6157] synthesizing module 'bd_221d_m04rn_0' [c:/Users/g55wang/lab2_system/lab2_system.gen/sources_1/bd/wordle_design/ip/wordle_design_axi_smc_0/bd_0/ip/ip_56/synth/bd_221d_m04rn_0.sv:53]
INFO: [Synth 8-6155] done synthesizing module 'bd_221d_m04rn_0' (0#1) [c:/Users/g55wang/lab2_system/lab2_system.gen/sources_1/bd/wordle_design/ip/wordle_design_axi_smc_0/bd_0/ip/ip_56/synth/bd_221d_m04rn_0.sv:53]
INFO: [Synth 8-6157] synthesizing module 'bd_221d_m04wn_0' [c:/Users/g55wang/lab2_system/lab2_system.gen/sources_1/bd/wordle_design/ip/wordle_design_axi_smc_0/bd_0/ip/ip_58/synth/bd_221d_m04wn_0.sv:53]
INFO: [Synth 8-6155] done synthesizing module 'bd_221d_m04wn_0' (0#1) [c:/Users/g55wang/lab2_system/lab2_system.gen/sources_1/bd/wordle_design/ip/wordle_design_axi_smc_0/bd_0/ip/ip_58/synth/bd_221d_m04wn_0.sv:53]
INFO: [Synth 8-6155] done synthesizing module 'm04_nodes_imp_TWOYB5' (0#1) [c:/Users/g55wang/lab2_system/lab2_system.gen/sources_1/bd/wordle_design/ip/wordle_design_axi_smc_0/bd_0/synth/bd_221d.v:5445]
INFO: [Synth 8-6157] synthesizing module 'bd_221d_m04s2a_0' [c:/Users/g55wang/lab2_system/lab2_system.gen/sources_1/bd/wordle_design/ip/wordle_design_axi_smc_0/bd_0/ip/ip_54/synth/bd_221d_m04s2a_0.sv:53]
INFO: [Synth 8-6155] done synthesizing module 'bd_221d_m04s2a_0' (0#1) [c:/Users/g55wang/lab2_system/lab2_system.gen/sources_1/bd/wordle_design/ip/wordle_design_axi_smc_0/bd_0/ip/ip_54/synth/bd_221d_m04s2a_0.sv:53]
INFO: [Synth 8-6157] synthesizing module 'm05_exit_pipeline_imp_TDC5ZA' [c:/Users/g55wang/lab2_system/lab2_system.gen/sources_1/bd/wordle_design/ip/wordle_design_axi_smc_0/bd_0/synth/bd_221d.v:5687]
INFO: [Synth 8-6157] synthesizing module 'bd_221d_m05e_0' [c:/Users/g55wang/lab2_system/lab2_system.gen/sources_1/bd/wordle_design/ip/wordle_design_axi_smc_0/bd_0/ip/ip_67/synth/bd_221d_m05e_0.sv:53]
INFO: [Synth 8-6155] done synthesizing module 'bd_221d_m05e_0' (0#1) [c:/Users/g55wang/lab2_system/lab2_system.gen/sources_1/bd/wordle_design/ip/wordle_design_axi_smc_0/bd_0/ip/ip_67/synth/bd_221d_m05e_0.sv:53]
INFO: [Synth 8-6155] done synthesizing module 'm05_exit_pipeline_imp_TDC5ZA' (0#1) [c:/Users/g55wang/lab2_system/lab2_system.gen/sources_1/bd/wordle_design/ip/wordle_design_axi_smc_0/bd_0/synth/bd_221d.v:5687]
INFO: [Synth 8-6157] synthesizing module 'm05_nodes_imp_1WGXNT3' [c:/Users/g55wang/lab2_system/lab2_system.gen/sources_1/bd/wordle_design/ip/wordle_design_axi_smc_0/bd_0/synth/bd_221d.v:5929]
INFO: [Synth 8-6157] synthesizing module 'bd_221d_m05arn_0' [c:/Users/g55wang/lab2_system/lab2_system.gen/sources_1/bd/wordle_design/ip/wordle_design_axi_smc_0/bd_0/ip/ip_62/synth/bd_221d_m05arn_0.sv:53]
INFO: [Synth 8-6155] done synthesizing module 'bd_221d_m05arn_0' (0#1) [c:/Users/g55wang/lab2_system/lab2_system.gen/sources_1/bd/wordle_design/ip/wordle_design_axi_smc_0/bd_0/ip/ip_62/synth/bd_221d_m05arn_0.sv:53]
INFO: [Synth 8-6157] synthesizing module 'bd_221d_m05awn_0' [c:/Users/g55wang/lab2_system/lab2_system.gen/sources_1/bd/wordle_design/ip/wordle_design_axi_smc_0/bd_0/ip/ip_64/synth/bd_221d_m05awn_0.sv:53]
INFO: [Synth 8-6155] done synthesizing module 'bd_221d_m05awn_0' (0#1) [c:/Users/g55wang/lab2_system/lab2_system.gen/sources_1/bd/wordle_design/ip/wordle_design_axi_smc_0/bd_0/ip/ip_64/synth/bd_221d_m05awn_0.sv:53]
INFO: [Synth 8-6157] synthesizing module 'bd_221d_m05bn_0' [c:/Users/g55wang/lab2_system/lab2_system.gen/sources_1/bd/wordle_design/ip/wordle_design_axi_smc_0/bd_0/ip/ip_66/synth/bd_221d_m05bn_0.sv:53]
INFO: [Synth 8-6155] done synthesizing module 'bd_221d_m05bn_0' (0#1) [c:/Users/g55wang/lab2_system/lab2_system.gen/sources_1/bd/wordle_design/ip/wordle_design_axi_smc_0/bd_0/ip/ip_66/synth/bd_221d_m05bn_0.sv:53]
INFO: [Synth 8-6157] synthesizing module 'bd_221d_m05rn_0' [c:/Users/g55wang/lab2_system/lab2_system.gen/sources_1/bd/wordle_design/ip/wordle_design_axi_smc_0/bd_0/ip/ip_63/synth/bd_221d_m05rn_0.sv:53]
INFO: [Synth 8-6155] done synthesizing module 'bd_221d_m05rn_0' (0#1) [c:/Users/g55wang/lab2_system/lab2_system.gen/sources_1/bd/wordle_design/ip/wordle_design_axi_smc_0/bd_0/ip/ip_63/synth/bd_221d_m05rn_0.sv:53]
INFO: [Synth 8-6157] synthesizing module 'bd_221d_m05wn_0' [c:/Users/g55wang/lab2_system/lab2_system.gen/sources_1/bd/wordle_design/ip/wordle_design_axi_smc_0/bd_0/ip/ip_65/synth/bd_221d_m05wn_0.sv:53]
INFO: [Synth 8-6155] done synthesizing module 'bd_221d_m05wn_0' (0#1) [c:/Users/g55wang/lab2_system/lab2_system.gen/sources_1/bd/wordle_design/ip/wordle_design_axi_smc_0/bd_0/ip/ip_65/synth/bd_221d_m05wn_0.sv:53]
INFO: [Synth 8-6155] done synthesizing module 'm05_nodes_imp_1WGXNT3' (0#1) [c:/Users/g55wang/lab2_system/lab2_system.gen/sources_1/bd/wordle_design/ip/wordle_design_axi_smc_0/bd_0/synth/bd_221d.v:5929]
INFO: [Synth 8-6157] synthesizing module 'bd_221d_m05s2a_0' [c:/Users/g55wang/lab2_system/lab2_system.gen/sources_1/bd/wordle_design/ip/wordle_design_axi_smc_0/bd_0/ip/ip_61/synth/bd_221d_m05s2a_0.sv:53]
INFO: [Synth 8-6155] done synthesizing module 'bd_221d_m05s2a_0' (0#1) [c:/Users/g55wang/lab2_system/lab2_system.gen/sources_1/bd/wordle_design/ip/wordle_design_axi_smc_0/bd_0/ip/ip_61/synth/bd_221d_m05s2a_0.sv:53]
INFO: [Synth 8-6157] synthesizing module 'm06_exit_pipeline_imp_MDG5XI' [c:/Users/g55wang/lab2_system/lab2_system.gen/sources_1/bd/wordle_design/ip/wordle_design_axi_smc_0/bd_0/synth/bd_221d.v:6171]
INFO: [Synth 8-6157] synthesizing module 'bd_221d_m06e_0' [c:/Users/g55wang/lab2_system/lab2_system.gen/sources_1/bd/wordle_design/ip/wordle_design_axi_smc_0/bd_0/ip/ip_74/synth/bd_221d_m06e_0.sv:53]
INFO: [Synth 8-6155] done synthesizing module 'bd_221d_m06e_0' (0#1) [c:/Users/g55wang/lab2_system/lab2_system.gen/sources_1/bd/wordle_design/ip/wordle_design_axi_smc_0/bd_0/ip/ip_74/synth/bd_221d_m06e_0.sv:53]
INFO: [Synth 8-6155] done synthesizing module 'm06_exit_pipeline_imp_MDG5XI' (0#1) [c:/Users/g55wang/lab2_system/lab2_system.gen/sources_1/bd/wordle_design/ip/wordle_design_axi_smc_0/bd_0/synth/bd_221d.v:6171]
INFO: [Synth 8-6157] synthesizing module 'm06_nodes_imp_12GVBBW' [c:/Users/g55wang/lab2_system/lab2_system.gen/sources_1/bd/wordle_design/ip/wordle_design_axi_smc_0/bd_0/synth/bd_221d.v:6413]
INFO: [Synth 8-6157] synthesizing module 'bd_221d_m06arn_0' [c:/Users/g55wang/lab2_system/lab2_system.gen/sources_1/bd/wordle_design/ip/wordle_design_axi_smc_0/bd_0/ip/ip_69/synth/bd_221d_m06arn_0.sv:53]
INFO: [Synth 8-6155] done synthesizing module 'bd_221d_m06arn_0' (0#1) [c:/Users/g55wang/lab2_system/lab2_system.gen/sources_1/bd/wordle_design/ip/wordle_design_axi_smc_0/bd_0/ip/ip_69/synth/bd_221d_m06arn_0.sv:53]
INFO: [Synth 8-6157] synthesizing module 'bd_221d_m06awn_0' [c:/Users/g55wang/lab2_system/lab2_system.gen/sources_1/bd/wordle_design/ip/wordle_design_axi_smc_0/bd_0/ip/ip_71/synth/bd_221d_m06awn_0.sv:53]
INFO: [Synth 8-6155] done synthesizing module 'bd_221d_m06awn_0' (0#1) [c:/Users/g55wang/lab2_system/lab2_system.gen/sources_1/bd/wordle_design/ip/wordle_design_axi_smc_0/bd_0/ip/ip_71/synth/bd_221d_m06awn_0.sv:53]
INFO: [Synth 8-6157] synthesizing module 'bd_221d_m06bn_0' [c:/Users/g55wang/lab2_system/lab2_system.gen/sources_1/bd/wordle_design/ip/wordle_design_axi_smc_0/bd_0/ip/ip_73/synth/bd_221d_m06bn_0.sv:53]
INFO: [Synth 8-6155] done synthesizing module 'bd_221d_m06bn_0' (0#1) [c:/Users/g55wang/lab2_system/lab2_system.gen/sources_1/bd/wordle_design/ip/wordle_design_axi_smc_0/bd_0/ip/ip_73/synth/bd_221d_m06bn_0.sv:53]
INFO: [Synth 8-6157] synthesizing module 'bd_221d_m06rn_0' [c:/Users/g55wang/lab2_system/lab2_system.gen/sources_1/bd/wordle_design/ip/wordle_design_axi_smc_0/bd_0/ip/ip_70/synth/bd_221d_m06rn_0.sv:53]
INFO: [Synth 8-6155] done synthesizing module 'bd_221d_m06rn_0' (0#1) [c:/Users/g55wang/lab2_system/lab2_system.gen/sources_1/bd/wordle_design/ip/wordle_design_axi_smc_0/bd_0/ip/ip_70/synth/bd_221d_m06rn_0.sv:53]
INFO: [Synth 8-6157] synthesizing module 'bd_221d_m06wn_0' [c:/Users/g55wang/lab2_system/lab2_system.gen/sources_1/bd/wordle_design/ip/wordle_design_axi_smc_0/bd_0/ip/ip_72/synth/bd_221d_m06wn_0.sv:53]
INFO: [Synth 8-6155] done synthesizing module 'bd_221d_m06wn_0' (0#1) [c:/Users/g55wang/lab2_system/lab2_system.gen/sources_1/bd/wordle_design/ip/wordle_design_axi_smc_0/bd_0/ip/ip_72/synth/bd_221d_m06wn_0.sv:53]
INFO: [Synth 8-6155] done synthesizing module 'm06_nodes_imp_12GVBBW' (0#1) [c:/Users/g55wang/lab2_system/lab2_system.gen/sources_1/bd/wordle_design/ip/wordle_design_axi_smc_0/bd_0/synth/bd_221d.v:6413]
INFO: [Synth 8-6157] synthesizing module 'bd_221d_m06s2a_0' [c:/Users/g55wang/lab2_system/lab2_system.gen/sources_1/bd/wordle_design/ip/wordle_design_axi_smc_0/bd_0/ip/ip_68/synth/bd_221d_m06s2a_0.sv:53]
INFO: [Synth 8-6155] done synthesizing module 'bd_221d_m06s2a_0' (0#1) [c:/Users/g55wang/lab2_system/lab2_system.gen/sources_1/bd/wordle_design/ip/wordle_design_axi_smc_0/bd_0/ip/ip_68/synth/bd_221d_m06s2a_0.sv:53]
INFO: [Synth 8-6157] synthesizing module 'bd_221d_s00a2s_0' [c:/Users/g55wang/lab2_system/lab2_system.gen/sources_1/bd/wordle_design/ip/wordle_design_axi_smc_0/bd_0/ip/ip_20/synth/bd_221d_s00a2s_0.sv:53]
INFO: [Synth 8-6155] done synthesizing module 'bd_221d_s00a2s_0' (0#1) [c:/Users/g55wang/lab2_system/lab2_system.gen/sources_1/bd/wordle_design/ip/wordle_design_axi_smc_0/bd_0/ip/ip_20/synth/bd_221d_s00a2s_0.sv:53]
INFO: [Synth 8-6157] synthesizing module 's00_entry_pipeline_imp_18SYOP1' [c:/Users/g55wang/lab2_system/lab2_system.gen/sources_1/bd/wordle_design/ip/wordle_design_axi_smc_0/bd_0/synth/bd_221d.v:6655]
INFO: [Synth 8-6157] synthesizing module 'bd_221d_s00mmu_0' [c:/Users/g55wang/lab2_system/lab2_system.gen/sources_1/bd/wordle_design/ip/wordle_design_axi_smc_0/bd_0/ip/ip_17/synth/bd_221d_s00mmu_0.sv:53]
INFO: [Synth 8-6155] done synthesizing module 'bd_221d_s00mmu_0' (0#1) [c:/Users/g55wang/lab2_system/lab2_system.gen/sources_1/bd/wordle_design/ip/wordle_design_axi_smc_0/bd_0/ip/ip_17/synth/bd_221d_s00mmu_0.sv:53]
INFO: [Synth 8-6157] synthesizing module 'bd_221d_s00sic_0' [c:/Users/g55wang/lab2_system/lab2_system.gen/sources_1/bd/wordle_design/ip/wordle_design_axi_smc_0/bd_0/ip/ip_19/synth/bd_221d_s00sic_0.sv:53]
INFO: [Synth 8-6155] done synthesizing module 'bd_221d_s00sic_0' (0#1) [c:/Users/g55wang/lab2_system/lab2_system.gen/sources_1/bd/wordle_design/ip/wordle_design_axi_smc_0/bd_0/ip/ip_19/synth/bd_221d_s00sic_0.sv:53]
INFO: [Synth 8-6157] synthesizing module 'bd_221d_s00tr_0' [c:/Users/g55wang/lab2_system/lab2_system.gen/sources_1/bd/wordle_design/ip/wordle_design_axi_smc_0/bd_0/ip/ip_18/synth/bd_221d_s00tr_0.sv:53]
INFO: [Synth 8-6155] done synthesizing module 'bd_221d_s00tr_0' (0#1) [c:/Users/g55wang/lab2_system/lab2_system.gen/sources_1/bd/wordle_design/ip/wordle_design_axi_smc_0/bd_0/ip/ip_18/synth/bd_221d_s00tr_0.sv:53]
INFO: [Synth 8-6155] done synthesizing module 's00_entry_pipeline_imp_18SYOP1' (0#1) [c:/Users/g55wang/lab2_system/lab2_system.gen/sources_1/bd/wordle_design/ip/wordle_design_axi_smc_0/bd_0/synth/bd_221d.v:6655]
INFO: [Synth 8-6157] synthesizing module 's00_nodes_imp_1E5L38F' [c:/Users/g55wang/lab2_system/lab2_system.gen/sources_1/bd/wordle_design/ip/wordle_design_axi_smc_0/bd_0/synth/bd_221d.v:7235]
INFO: [Synth 8-6157] synthesizing module 'bd_221d_sarn_0' [c:/Users/g55wang/lab2_system/lab2_system.gen/sources_1/bd/wordle_design/ip/wordle_design_axi_smc_0/bd_0/ip/ip_21/synth/bd_221d_sarn_0.sv:53]
INFO: [Synth 8-6155] done synthesizing module 'bd_221d_sarn_0' (0#1) [c:/Users/g55wang/lab2_system/lab2_system.gen/sources_1/bd/wordle_design/ip/wordle_design_axi_smc_0/bd_0/ip/ip_21/synth/bd_221d_sarn_0.sv:53]
INFO: [Synth 8-6157] synthesizing module 'bd_221d_sawn_0' [c:/Users/g55wang/lab2_system/lab2_system.gen/sources_1/bd/wordle_design/ip/wordle_design_axi_smc_0/bd_0/ip/ip_23/synth/bd_221d_sawn_0.sv:53]
INFO: [Synth 8-6155] done synthesizing module 'bd_221d_sawn_0' (0#1) [c:/Users/g55wang/lab2_system/lab2_system.gen/sources_1/bd/wordle_design/ip/wordle_design_axi_smc_0/bd_0/ip/ip_23/synth/bd_221d_sawn_0.sv:53]
INFO: [Synth 8-6157] synthesizing module 'bd_221d_sbn_0' [c:/Users/g55wang/lab2_system/lab2_system.gen/sources_1/bd/wordle_design/ip/wordle_design_axi_smc_0/bd_0/ip/ip_25/synth/bd_221d_sbn_0.sv:53]
INFO: [Synth 8-6155] done synthesizing module 'bd_221d_sbn_0' (0#1) [c:/Users/g55wang/lab2_system/lab2_system.gen/sources_1/bd/wordle_design/ip/wordle_design_axi_smc_0/bd_0/ip/ip_25/synth/bd_221d_sbn_0.sv:53]
INFO: [Synth 8-6157] synthesizing module 'bd_221d_srn_0' [c:/Users/g55wang/lab2_system/lab2_system.gen/sources_1/bd/wordle_design/ip/wordle_design_axi_smc_0/bd_0/ip/ip_22/synth/bd_221d_srn_0.sv:53]
INFO: [Synth 8-6155] done synthesizing module 'bd_221d_srn_0' (0#1) [c:/Users/g55wang/lab2_system/lab2_system.gen/sources_1/bd/wordle_design/ip/wordle_design_axi_smc_0/bd_0/ip/ip_22/synth/bd_221d_srn_0.sv:53]
INFO: [Synth 8-6157] synthesizing module 'bd_221d_swn_0' [c:/Users/g55wang/lab2_system/lab2_system.gen/sources_1/bd/wordle_design/ip/wordle_design_axi_smc_0/bd_0/ip/ip_24/synth/bd_221d_swn_0.sv:53]
INFO: [Synth 8-6155] done synthesizing module 'bd_221d_swn_0' (0#1) [c:/Users/g55wang/lab2_system/lab2_system.gen/sources_1/bd/wordle_design/ip/wordle_design_axi_smc_0/bd_0/ip/ip_24/synth/bd_221d_swn_0.sv:53]
INFO: [Synth 8-6155] done synthesizing module 's00_nodes_imp_1E5L38F' (0#1) [c:/Users/g55wang/lab2_system/lab2_system.gen/sources_1/bd/wordle_design/ip/wordle_design_axi_smc_0/bd_0/synth/bd_221d.v:7235]
INFO: [Synth 8-6157] synthesizing module 'switchboards_imp_1PXJJBF' [c:/Users/g55wang/lab2_system/lab2_system.gen/sources_1/bd/wordle_design/ip/wordle_design_axi_smc_0/bd_0/synth/bd_221d.v:7477]
INFO: [Synth 8-6157] synthesizing module 'bd_221d_arinsw_0' [c:/Users/g55wang/lab2_system/lab2_system.gen/sources_1/bd/wordle_design/ip/wordle_design_axi_smc_0/bd_0/ip/ip_2/synth/bd_221d_arinsw_0.sv:53]
INFO: [Synth 8-6155] done synthesizing module 'bd_221d_arinsw_0' (0#1) [c:/Users/g55wang/lab2_system/lab2_system.gen/sources_1/bd/wordle_design/ip/wordle_design_axi_smc_0/bd_0/ip/ip_2/synth/bd_221d_arinsw_0.sv:53]
INFO: [Synth 8-6157] synthesizing module 'bd_221d_aroutsw_0' [c:/Users/g55wang/lab2_system/lab2_system.gen/sources_1/bd/wordle_design/ip/wordle_design_axi_smc_0/bd_0/ip/ip_7/synth/bd_221d_aroutsw_0.sv:53]
INFO: [Synth 8-6155] done synthesizing module 'bd_221d_aroutsw_0' (0#1) [c:/Users/g55wang/lab2_system/lab2_system.gen/sources_1/bd/wordle_design/ip/wordle_design_axi_smc_0/bd_0/ip/ip_7/synth/bd_221d_aroutsw_0.sv:53]
INFO: [Synth 8-6157] synthesizing module 'bd_221d_awinsw_0' [c:/Users/g55wang/lab2_system/lab2_system.gen/sources_1/bd/wordle_design/ip/wordle_design_axi_smc_0/bd_0/ip/ip_4/synth/bd_221d_awinsw_0.sv:53]
INFO: [Synth 8-6155] done synthesizing module 'bd_221d_awinsw_0' (0#1) [c:/Users/g55wang/lab2_system/lab2_system.gen/sources_1/bd/wordle_design/ip/wordle_design_axi_smc_0/bd_0/ip/ip_4/synth/bd_221d_awinsw_0.sv:53]
INFO: [Synth 8-6157] synthesizing module 'bd_221d_awoutsw_0' [c:/Users/g55wang/lab2_system/lab2_system.gen/sources_1/bd/wordle_design/ip/wordle_design_axi_smc_0/bd_0/ip/ip_9/synth/bd_221d_awoutsw_0.sv:53]
INFO: [Synth 8-6155] done synthesizing module 'bd_221d_awoutsw_0' (0#1) [c:/Users/g55wang/lab2_system/lab2_system.gen/sources_1/bd/wordle_design/ip/wordle_design_axi_smc_0/bd_0/ip/ip_9/synth/bd_221d_awoutsw_0.sv:53]
INFO: [Synth 8-6157] synthesizing module 'bd_221d_binsw_0' [c:/Users/g55wang/lab2_system/lab2_system.gen/sources_1/bd/wordle_design/ip/wordle_design_axi_smc_0/bd_0/ip/ip_6/synth/bd_221d_binsw_0.sv:53]
INFO: [Synth 8-6155] done synthesizing module 'bd_221d_binsw_0' (0#1) [c:/Users/g55wang/lab2_system/lab2_system.gen/sources_1/bd/wordle_design/ip/wordle_design_axi_smc_0/bd_0/ip/ip_6/synth/bd_221d_binsw_0.sv:53]
INFO: [Synth 8-6157] synthesizing module 'bd_221d_boutsw_0' [c:/Users/g55wang/lab2_system/lab2_system.gen/sources_1/bd/wordle_design/ip/wordle_design_axi_smc_0/bd_0/ip/ip_11/synth/bd_221d_boutsw_0.sv:53]
INFO: [Synth 8-6155] done synthesizing module 'bd_221d_boutsw_0' (0#1) [c:/Users/g55wang/lab2_system/lab2_system.gen/sources_1/bd/wordle_design/ip/wordle_design_axi_smc_0/bd_0/ip/ip_11/synth/bd_221d_boutsw_0.sv:53]
INFO: [Synth 8-6157] synthesizing module 'i_nodes_imp_7IEHTF' [c:/Users/g55wang/lab2_system/lab2_system.gen/sources_1/bd/wordle_design/ip/wordle_design_axi_smc_0/bd_0/synth/bd_221d.v:3025]
INFO: [Synth 8-6157] synthesizing module 'bd_221d_arni_0' [c:/Users/g55wang/lab2_system/lab2_system.gen/sources_1/bd/wordle_design/ip/wordle_design_axi_smc_0/bd_0/ip/ip_12/synth/bd_221d_arni_0.sv:53]
INFO: [Synth 8-6155] done synthesizing module 'bd_221d_arni_0' (0#1) [c:/Users/g55wang/lab2_system/lab2_system.gen/sources_1/bd/wordle_design/ip/wordle_design_axi_smc_0/bd_0/ip/ip_12/synth/bd_221d_arni_0.sv:53]
INFO: [Synth 8-6157] synthesizing module 'bd_221d_awni_0' [c:/Users/g55wang/lab2_system/lab2_system.gen/sources_1/bd/wordle_design/ip/wordle_design_axi_smc_0/bd_0/ip/ip_14/synth/bd_221d_awni_0.sv:53]
INFO: [Synth 8-6155] done synthesizing module 'bd_221d_awni_0' (0#1) [c:/Users/g55wang/lab2_system/lab2_system.gen/sources_1/bd/wordle_design/ip/wordle_design_axi_smc_0/bd_0/ip/ip_14/synth/bd_221d_awni_0.sv:53]
INFO: [Synth 8-6157] synthesizing module 'bd_221d_bni_0' [c:/Users/g55wang/lab2_system/lab2_system.gen/sources_1/bd/wordle_design/ip/wordle_design_axi_smc_0/bd_0/ip/ip_16/synth/bd_221d_bni_0.sv:53]
INFO: [Synth 8-6155] done synthesizing module 'bd_221d_bni_0' (0#1) [c:/Users/g55wang/lab2_system/lab2_system.gen/sources_1/bd/wordle_design/ip/wordle_design_axi_smc_0/bd_0/ip/ip_16/synth/bd_221d_bni_0.sv:53]
INFO: [Synth 8-6157] synthesizing module 'bd_221d_rni_0' [c:/Users/g55wang/lab2_system/lab2_system.gen/sources_1/bd/wordle_design/ip/wordle_design_axi_smc_0/bd_0/ip/ip_13/synth/bd_221d_rni_0.sv:53]
INFO: [Synth 8-6155] done synthesizing module 'bd_221d_rni_0' (0#1) [c:/Users/g55wang/lab2_system/lab2_system.gen/sources_1/bd/wordle_design/ip/wordle_design_axi_smc_0/bd_0/ip/ip_13/synth/bd_221d_rni_0.sv:53]
INFO: [Synth 8-6157] synthesizing module 'bd_221d_wni_0' [c:/Users/g55wang/lab2_system/lab2_system.gen/sources_1/bd/wordle_design/ip/wordle_design_axi_smc_0/bd_0/ip/ip_15/synth/bd_221d_wni_0.sv:53]
INFO: [Synth 8-6155] done synthesizing module 'bd_221d_wni_0' (0#1) [c:/Users/g55wang/lab2_system/lab2_system.gen/sources_1/bd/wordle_design/ip/wordle_design_axi_smc_0/bd_0/ip/ip_15/synth/bd_221d_wni_0.sv:53]
INFO: [Synth 8-6155] done synthesizing module 'i_nodes_imp_7IEHTF' (0#1) [c:/Users/g55wang/lab2_system/lab2_system.gen/sources_1/bd/wordle_design/ip/wordle_design_axi_smc_0/bd_0/synth/bd_221d.v:3025]
INFO: [Synth 8-6157] synthesizing module 'bd_221d_rinsw_0' [c:/Users/g55wang/lab2_system/lab2_system.gen/sources_1/bd/wordle_design/ip/wordle_design_axi_smc_0/bd_0/ip/ip_3/synth/bd_221d_rinsw_0.sv:53]
INFO: [Synth 8-6155] done synthesizing module 'bd_221d_rinsw_0' (0#1) [c:/Users/g55wang/lab2_system/lab2_system.gen/sources_1/bd/wordle_design/ip/wordle_design_axi_smc_0/bd_0/ip/ip_3/synth/bd_221d_rinsw_0.sv:53]
INFO: [Synth 8-6157] synthesizing module 'bd_221d_routsw_0' [c:/Users/g55wang/lab2_system/lab2_system.gen/sources_1/bd/wordle_design/ip/wordle_design_axi_smc_0/bd_0/ip/ip_8/synth/bd_221d_routsw_0.sv:53]
INFO: [Synth 8-6155] done synthesizing module 'bd_221d_routsw_0' (0#1) [c:/Users/g55wang/lab2_system/lab2_system.gen/sources_1/bd/wordle_design/ip/wordle_design_axi_smc_0/bd_0/ip/ip_8/synth/bd_221d_routsw_0.sv:53]
INFO: [Synth 8-6157] synthesizing module 'bd_221d_winsw_0' [c:/Users/g55wang/lab2_system/lab2_system.gen/sources_1/bd/wordle_design/ip/wordle_design_axi_smc_0/bd_0/ip/ip_5/synth/bd_221d_winsw_0.sv:53]
INFO: [Synth 8-6155] done synthesizing module 'bd_221d_winsw_0' (0#1) [c:/Users/g55wang/lab2_system/lab2_system.gen/sources_1/bd/wordle_design/ip/wordle_design_axi_smc_0/bd_0/ip/ip_5/synth/bd_221d_winsw_0.sv:53]
INFO: [Synth 8-6157] synthesizing module 'bd_221d_woutsw_0' [c:/Users/g55wang/lab2_system/lab2_system.gen/sources_1/bd/wordle_design/ip/wordle_design_axi_smc_0/bd_0/ip/ip_10/synth/bd_221d_woutsw_0.sv:53]
INFO: [Synth 8-6155] done synthesizing module 'bd_221d_woutsw_0' (0#1) [c:/Users/g55wang/lab2_system/lab2_system.gen/sources_1/bd/wordle_design/ip/wordle_design_axi_smc_0/bd_0/ip/ip_10/synth/bd_221d_woutsw_0.sv:53]
INFO: [Synth 8-6155] done synthesizing module 'switchboards_imp_1PXJJBF' (0#1) [c:/Users/g55wang/lab2_system/lab2_system.gen/sources_1/bd/wordle_design/ip/wordle_design_axi_smc_0/bd_0/synth/bd_221d.v:7477]
INFO: [Synth 8-6155] done synthesizing module 'bd_221d' (0#1) [c:/Users/g55wang/lab2_system/lab2_system.gen/sources_1/bd/wordle_design/ip/wordle_design_axi_smc_0/bd_0/synth/bd_221d.v:10]
INFO: [Synth 8-6155] done synthesizing module 'wordle_design_axi_smc_0' (0#1) [c:/Users/g55wang/lab2_system/lab2_system.gen/sources_1/bd/wordle_design/ip/wordle_design_axi_smc_0/synth/wordle_design_axi_smc_0.v:53]
WARNING: [Synth 8-3848] Net aresetn_out in module/entity clk_map_imp_1OREGKD does not have driver. [c:/Users/g55wang/lab2_system/lab2_system.gen/sources_1/bd/wordle_design/ip/wordle_design_axi_smc_0/bd_0/synth/bd_221d.v:2988]
WARNING: [Synth 8-7129] Port aclk in module sc_util_v1_0_4_pipeline__parameterized4 is either unconnected or has no load
WARNING: [Synth 8-7129] Port aclken in module sc_util_v1_0_4_pipeline__parameterized4 is either unconnected or has no load
WARNING: [Synth 8-7129] Port areset in module sc_util_v1_0_4_pipeline__parameterized4 is either unconnected or has no load
WARNING: [Synth 8-7129] Port aclk in module sc_util_v1_0_4_pipeline__parameterized0 is either unconnected or has no load
WARNING: [Synth 8-7129] Port aclken in module sc_util_v1_0_4_pipeline__parameterized0 is either unconnected or has no load
WARNING: [Synth 8-7129] Port areset in module sc_util_v1_0_4_pipeline__parameterized0 is either unconnected or has no load
WARNING: [Synth 8-7129] Port din[0] in module sc_util_v1_0_4_onehot_to_binary__parameterized0 is either unconnected or has no load
WARNING: [Synth 8-7129] Port connectivity[6] in module sc_switchboard_v1_0_8_top__parameterized6 is either unconnected or has no load
WARNING: [Synth 8-7129] Port connectivity[5] in module sc_switchboard_v1_0_8_top__parameterized6 is either unconnected or has no load
WARNING: [Synth 8-7129] Port connectivity[4] in module sc_switchboard_v1_0_8_top__parameterized6 is either unconnected or has no load
WARNING: [Synth 8-7129] Port connectivity[3] in module sc_switchboard_v1_0_8_top__parameterized6 is either unconnected or has no load
WARNING: [Synth 8-7129] Port connectivity[2] in module sc_switchboard_v1_0_8_top__parameterized6 is either unconnected or has no load
WARNING: [Synth 8-7129] Port connectivity[1] in module sc_switchboard_v1_0_8_top__parameterized6 is either unconnected or has no load
WARNING: [Synth 8-7129] Port connectivity[0] in module sc_switchboard_v1_0_8_top__parameterized6 is either unconnected or has no load
WARNING: [Synth 8-7129] Port connectivity[0] in module sc_switchboard_v1_0_8_top__parameterized5 is either unconnected or has no load
WARNING: [Synth 8-7129] Port aclk in module sc_util_v1_0_4_pipeline__parameterized3 is either unconnected or has no load
WARNING: [Synth 8-7129] Port aclken in module sc_util_v1_0_4_pipeline__parameterized3 is either unconnected or has no load
WARNING: [Synth 8-7129] Port areset in module sc_util_v1_0_4_pipeline__parameterized3 is either unconnected or has no load
WARNING: [Synth 8-7129] Port aclk in module sc_util_v1_0_4_pipeline__parameterized5 is either unconnected or has no load
WARNING: [Synth 8-7129] Port aclken in module sc_util_v1_0_4_pipeline__parameterized5 is either unconnected or has no load
WARNING: [Synth 8-7129] Port areset in module sc_util_v1_0_4_pipeline__parameterized5 is either unconnected or has no load
WARNING: [Synth 8-7129] Port din[0] in module sc_util_v1_0_4_onehot_to_binary__parameterized1 is either unconnected or has no load
WARNING: [Synth 8-7129] Port connectivity[6] in module sc_switchboard_v1_0_8_top__parameterized4 is either unconnected or has no load
WARNING: [Synth 8-7129] Port connectivity[5] in module sc_switchboard_v1_0_8_top__parameterized4 is either unconnected or has no load
WARNING: [Synth 8-7129] Port connectivity[4] in module sc_switchboard_v1_0_8_top__parameterized4 is either unconnected or has no load
WARNING: [Synth 8-7129] Port connectivity[3] in module sc_switchboard_v1_0_8_top__parameterized4 is either unconnected or has no load
WARNING: [Synth 8-7129] Port connectivity[2] in module sc_switchboard_v1_0_8_top__parameterized4 is either unconnected or has no load
WARNING: [Synth 8-7129] Port connectivity[1] in module sc_switchboard_v1_0_8_top__parameterized4 is either unconnected or has no load
WARNING: [Synth 8-7129] Port connectivity[0] in module sc_switchboard_v1_0_8_top__parameterized4 is either unconnected or has no load
WARNING: [Synth 8-7129] Port connectivity[0] in module sc_switchboard_v1_0_8_top__parameterized3 is either unconnected or has no load
WARNING: [Synth 8-7129] Port din[0] in module sc_util_v1_0_4_onehot_to_binary is either unconnected or has no load
WARNING: [Synth 8-7129] Port slow_clk in module sc_util_v1_0_4_sample_cycle_ratio is either unconnected or has no load
WARNING: [Synth 8-7129] Port fast_clk in module sc_util_v1_0_4_sample_cycle_ratio is either unconnected or has no load
WARNING: [Synth 8-7129] Port aclk in module sc_util_v1_0_4_pipeline__parameterized11 is either unconnected or has no load
WARNING: [Synth 8-7129] Port aclken in module sc_util_v1_0_4_pipeline__parameterized11 is either unconnected or has no load
WARNING: [Synth 8-7129] Port areset in module sc_util_v1_0_4_pipeline__parameterized11 is either unconnected or has no load
WARNING: [Synth 8-7129] Port aclk in module sc_node_v1_0_17_reg_slice3 is either unconnected or has no load
WARNING: [Synth 8-7129] Port aclken in module sc_node_v1_0_17_reg_slice3 is either unconnected or has no load
WARNING: [Synth 8-7129] Port areset in module sc_node_v1_0_17_reg_slice3 is either unconnected or has no load
WARNING: [Synth 8-7129] Port aclk in module sc_node_v1_0_17_si_handler__parameterized8 is either unconnected or has no load
WARNING: [Synth 8-7129] Port aclken in module sc_node_v1_0_17_si_handler__parameterized8 is either unconnected or has no load
WARNING: [Synth 8-7129] Port areset in module sc_node_v1_0_17_si_handler__parameterized8 is either unconnected or has no load
WARNING: [Synth 8-7129] Port s_sc_req[0] in module sc_node_v1_0_17_si_handler__parameterized8 is either unconnected or has no load
WARNING: [Synth 8-7129] Port s_sc_info[0] in module sc_node_v1_0_17_si_handler__parameterized8 is either unconnected or has no load
WARNING: [Synth 8-7129] Port s_axis_arb_tvalid in module sc_node_v1_0_17_si_handler__parameterized8 is either unconnected or has no load
WARNING: [Synth 8-7129] Port s_axis_arb_tdata[15] in module sc_node_v1_0_17_si_handler__parameterized8 is either unconnected or has no load
WARNING: [Synth 8-7129] Port s_axis_arb_tdata[14] in module sc_node_v1_0_17_si_handler__parameterized8 is either unconnected or has no load
WARNING: [Synth 8-7129] Port s_axis_arb_tdata[13] in module sc_node_v1_0_17_si_handler__parameterized8 is either unconnected or has no load
WARNING: [Synth 8-7129] Port s_axis_arb_tdata[12] in module sc_node_v1_0_17_si_handler__parameterized8 is either unconnected or has no load
WARNING: [Synth 8-7129] Port s_axis_arb_tdata[11] in module sc_node_v1_0_17_si_handler__parameterized8 is either unconnected or has no load
WARNING: [Synth 8-7129] Port s_axis_arb_tdata[10] in module sc_node_v1_0_17_si_handler__parameterized8 is either unconnected or has no load
WARNING: [Synth 8-7129] Port s_axis_arb_tdata[9] in module sc_node_v1_0_17_si_handler__parameterized8 is either unconnected or has no load
WARNING: [Synth 8-7129] Port s_axis_arb_tdata[8] in module sc_node_v1_0_17_si_handler__parameterized8 is either unconnected or has no load
WARNING: [Synth 8-7129] Port s_axis_arb_tdata[7] in module sc_node_v1_0_17_si_handler__parameterized8 is either unconnected or has no load
WARNING: [Synth 8-7129] Port s_axis_arb_tdata[6] in module sc_node_v1_0_17_si_handler__parameterized8 is either unconnected or has no load
WARNING: [Synth 8-7129] Port s_axis_arb_tdata[5] in module sc_node_v1_0_17_si_handler__parameterized8 is either unconnected or has no load
WARNING: [Synth 8-7129] Port s_axis_arb_tdata[4] in module sc_node_v1_0_17_si_handler__parameterized8 is either unconnected or has no load
WARNING: [Synth 8-7129] Port s_axis_arb_tdata[3] in module sc_node_v1_0_17_si_handler__parameterized8 is either unconnected or has no load
WARNING: [Synth 8-7129] Port s_axis_arb_tdata[2] in module sc_node_v1_0_17_si_handler__parameterized8 is either unconnected or has no load
WARNING: [Synth 8-7129] Port s_axis_arb_tdata[1] in module sc_node_v1_0_17_si_handler__parameterized8 is either unconnected or has no load
WARNING: [Synth 8-7129] Port s_axis_arb_tdata[0] in module sc_node_v1_0_17_si_handler__parameterized8 is either unconnected or has no load
WARNING: [Synth 8-7129] Port m_axis_arb_tready in module sc_node_v1_0_17_si_handler__parameterized8 is either unconnected or has no load
WARNING: [Synth 8-7129] Port aclk in module sc_util_v1_0_4_axic_register_slice is either unconnected or has no load
WARNING: [Synth 8-7129] Port areset in module sc_util_v1_0_4_axic_register_slice is either unconnected or has no load
WARNING: [Synth 8-7129] Port aclken in module sc_util_v1_0_4_axic_register_slice is either unconnected or has no load
WARNING: [Synth 8-7129] Port m_sc_aclken in module sc_node_v1_0_17_top__parameterized13 is either unconnected or has no load
WARNING: [Synth 8-7129] Port din[0] in module sc_util_v1_0_4_onehot_to_binary__parameterized2 is either unconnected or has no load
WARNING: [Synth 8-7129] Port aclk in module sc_util_v1_0_4_pipeline__parameterized8 is either unconnected or has no load
WARNING: [Synth 8-7129] Port aclken in module sc_util_v1_0_4_pipeline__parameterized8 is either unconnected or has no load
WARNING: [Synth 8-7129] Port areset in module sc_util_v1_0_4_pipeline__parameterized8 is either unconnected or has no load
WARNING: [Synth 8-7129] Port s_sc_payld[54] in module sc_node_v1_0_17_ingress__parameterized7 is either unconnected or has no load
WARNING: [Synth 8-7129] Port s_sc_payld[53] in module sc_node_v1_0_17_ingress__parameterized7 is either unconnected or has no load
WARNING: [Synth 8-7129] Port aclk in module sc_util_v1_0_4_pipeline__parameterized10 is either unconnected or has no load
WARNING: [Synth 8-7129] Port aclken in module sc_util_v1_0_4_pipeline__parameterized10 is either unconnected or has no load
WARNING: [Synth 8-7129] Port areset in module sc_util_v1_0_4_pipeline__parameterized10 is either unconnected or has no load
WARNING: [Synth 8-7129] Port aclk in module sc_node_v1_0_17_reg_slice3__parameterized0 is either unconnected or has no load
WARNING: [Synth 8-7129] Port aclken in module sc_node_v1_0_17_reg_slice3__parameterized0 is either unconnected or has no load
WARNING: [Synth 8-7129] Port areset in module sc_node_v1_0_17_reg_slice3__parameterized0 is either unconnected or has no load
WARNING: [Synth 8-7129] Port areset in module sc_node_v1_0_17_fi_regulator is either unconnected or has no load
WARNING: [Synth 8-7129] Port s_sc_info[6] in module sc_node_v1_0_17_si_handler__parameterized7 is either unconnected or has no load
WARNING: [Synth 8-7129] Port s_sc_info[5] in module sc_node_v1_0_17_si_handler__parameterized7 is either unconnected or has no load
WARNING: [Synth 8-7129] Port s_sc_info[4] in module sc_node_v1_0_17_si_handler__parameterized7 is either unconnected or has no load
WARNING: [Synth 8-7129] Port s_sc_info[3] in module sc_node_v1_0_17_si_handler__parameterized7 is either unconnected or has no load
WARNING: [Synth 8-7129] Port s_sc_info[2] in module sc_node_v1_0_17_si_handler__parameterized7 is either unconnected or has no load
WARNING: [Synth 8-7129] Port s_sc_info[1] in module sc_node_v1_0_17_si_handler__parameterized7 is either unconnected or has no load
WARNING: [Synth 8-7129] Port s_sc_info[0] in module sc_node_v1_0_17_si_handler__parameterized7 is either unconnected or has no load
WARNING: [Synth 8-7129] Port s_axis_arb_tvalid in module sc_node_v1_0_17_si_handler__parameterized7 is either unconnected or has no load
WARNING: [Synth 8-7129] Port s_axis_arb_tdata[15] in module sc_node_v1_0_17_si_handler__parameterized7 is either unconnected or has no load
WARNING: [Synth 8-7129] Port s_axis_arb_tdata[14] in module sc_node_v1_0_17_si_handler__parameterized7 is either unconnected or has no load
WARNING: [Synth 8-7129] Port s_axis_arb_tdata[13] in module sc_node_v1_0_17_si_handler__parameterized7 is either unconnected or has no load
WARNING: [Synth 8-7129] Port s_axis_arb_tdata[12] in module sc_node_v1_0_17_si_handler__parameterized7 is either unconnected or has no load
WARNING: [Synth 8-7129] Port s_axis_arb_tdata[11] in module sc_node_v1_0_17_si_handler__parameterized7 is either unconnected or has no load
WARNING: [Synth 8-7129] Port s_axis_arb_tdata[10] in module sc_node_v1_0_17_si_handler__parameterized7 is either unconnected or has no load
WARNING: [Synth 8-7129] Port s_axis_arb_tdata[9] in module sc_node_v1_0_17_si_handler__parameterized7 is either unconnected or has no load
WARNING: [Synth 8-7129] Port s_axis_arb_tdata[8] in module sc_node_v1_0_17_si_handler__parameterized7 is either unconnected or has no load
WARNING: [Synth 8-7129] Port s_axis_arb_tdata[7] in module sc_node_v1_0_17_si_handler__parameterized7 is either unconnected or has no load
WARNING: [Synth 8-7129] Port s_axis_arb_tdata[6] in module sc_node_v1_0_17_si_handler__parameterized7 is either unconnected or has no load
WARNING: [Synth 8-7129] Port s_axis_arb_tdata[5] in module sc_node_v1_0_17_si_handler__parameterized7 is either unconnected or has no load
WARNING: [Synth 8-7129] Port s_axis_arb_tdata[4] in module sc_node_v1_0_17_si_handler__parameterized7 is either unconnected or has no load
WARNING: [Synth 8-7129] Port s_axis_arb_tdata[3] in module sc_node_v1_0_17_si_handler__parameterized7 is either unconnected or has no load
INFO: [Common 17-14] Message 'Synth 8-7129' appears 100 times and further instances of the messages will be disabled. Use the Tcl command set_msg_config to change the current settings.
---------------------------------------------------------------------------------
Finished RTL Elaboration : Time (s): cpu = 00:00:29 ; elapsed = 00:00:31 . Memory (MB): peak = 2162.547 ; gain = 443.883
---------------------------------------------------------------------------------
---------------------------------------------------------------------------------
Start Handling Custom Attributes
---------------------------------------------------------------------------------
---------------------------------------------------------------------------------
Finished Handling Custom Attributes : Time (s): cpu = 00:00:30 ; elapsed = 00:00:32 . Memory (MB): peak = 2162.547 ; gain = 443.883
---------------------------------------------------------------------------------
---------------------------------------------------------------------------------
Finished RTL Optimization Phase 1 : Time (s): cpu = 00:00:30 ; elapsed = 00:00:32 . Memory (MB): peak = 2162.547 ; gain = 443.883
---------------------------------------------------------------------------------
Netlist sorting complete. Time (s): cpu = 00:00:03 ; elapsed = 00:00:04 . Memory (MB): peak = 2328.219 ; gain = 17.156
INFO: [Netlist 29-17] Analyzing 13 Unisim elements for replacement
INFO: [Netlist 29-28] Unisim Transformation completed in 0 CPU seconds
INFO: [Project 1-570] Preparing netlist for logic optimization

Processing XDC Constraints
Initializing timing engine
Parsing XDC File [c:/Users/g55wang/lab2_system/lab2_system.gen/sources_1/bd/wordle_design/ip/wordle_design_axi_smc_0/ooc.xdc] for cell 'inst'
create_clock: Time (s): cpu = 00:00:07 ; elapsed = 00:00:07 . Memory (MB): peak = 2683.406 ; gain = 31.871
Finished Parsing XDC File [c:/Users/g55wang/lab2_system/lab2_system.gen/sources_1/bd/wordle_design/ip/wordle_design_axi_smc_0/ooc.xdc] for cell 'inst'
Parsing XDC File [c:/Users/g55wang/lab2_system/lab2_system.gen/sources_1/bd/wordle_design/ip/wordle_design_axi_smc_0/bd_0/ip/ip_1/bd_221d_psr_aclk_0_board.xdc] for cell 'inst/clk_map/psr_aclk/U0'
Finished Parsing XDC File [c:/Users/g55wang/lab2_system/lab2_system.gen/sources_1/bd/wordle_design/ip/wordle_design_axi_smc_0/bd_0/ip/ip_1/bd_221d_psr_aclk_0_board.xdc] for cell 'inst/clk_map/psr_aclk/U0'
Parsing XDC File [c:/Users/g55wang/lab2_system/lab2_system.gen/sources_1/bd/wordle_design/ip/wordle_design_axi_smc_0/bd_0/ip/ip_1/bd_221d_psr_aclk_0.xdc] for cell 'inst/clk_map/psr_aclk/U0'
Finished Parsing XDC File [c:/Users/g55wang/lab2_system/lab2_system.gen/sources_1/bd/wordle_design/ip/wordle_design_axi_smc_0/bd_0/ip/ip_1/bd_221d_psr_aclk_0.xdc] for cell 'inst/clk_map/psr_aclk/U0'
INFO: [Project 1-236] Implementation specific constraints were found while reading constraint file [c:/Users/g55wang/lab2_system/lab2_system.gen/sources_1/bd/wordle_design/ip/wordle_design_axi_smc_0/bd_0/ip/ip_1/bd_221d_psr_aclk_0.xdc]. These constraints will be ignored for synthesis but will be used in implementation. Impacted constraints are listed in the file [.Xil/wordle_design_axi_smc_0_propImpl.xdc].
Resolution: To avoid this warning, move constraints listed in [.Xil/wordle_design_axi_smc_0_propImpl.xdc] to another XDC file and exclude this new file from synthesis with the used_in_synthesis property (File Properties dialog in GUI) and re-run elaboration/synthesis.
Parsing XDC File [c:/Users/g55wang/lab2_system/lab2_system.gen/sources_1/bd/wordle_design/ip/wordle_design_axi_smc_0/smartconnect.xdc] for cell 'inst'
Finished Parsing XDC File [c:/Users/g55wang/lab2_system/lab2_system.gen/sources_1/bd/wordle_design/ip/wordle_design_axi_smc_0/smartconnect.xdc] for cell 'inst'
Parsing XDC File [C:/Users/g55wang/lab2_system/lab2_system.runs/wordle_design_axi_smc_0_synth_1/dont_touch.xdc]
Finished Parsing XDC File [C:/Users/g55wang/lab2_system/lab2_system.runs/wordle_design_axi_smc_0_synth_1/dont_touch.xdc]
INFO: [Project 1-1714] 100 XPM XDC files have been applied to the design.
Completed Processing XDC Constraints

Netlist sorting complete. Time (s): cpu = 00:00:00 ; elapsed = 00:00:00.016 . Memory (MB): peak = 2683.406 ; gain = 0.000
INFO: [Project 1-111] Unisim Transformation Summary:
  A total of 13 instances were transformed.
  FDR => FDRE: 12 instances
  SRL16 => SRL16E: 1 instance 

Constraint Validation Runtime : Time (s): cpu = 00:00:01 ; elapsed = 00:00:00.607 . Memory (MB): peak = 2693.203 ; gain = 9.797
INFO: [Designutils 20-5008] Incremental synthesis strategy off
---------------------------------------------------------------------------------
Finished Constraint Validation : Time (s): cpu = 00:01:20 ; elapsed = 00:01:32 . Memory (MB): peak = 2693.203 ; gain = 974.539
---------------------------------------------------------------------------------
---------------------------------------------------------------------------------
Start Loading Part and Timing Information
---------------------------------------------------------------------------------
Loading part: xck26-sfvc784-2LV-c
INFO: [Synth 8-6742] Reading net delay rules and data
---------------------------------------------------------------------------------
Finished Loading Part and Timing Information : Time (s): cpu = 00:01:20 ; elapsed = 00:01:32 . Memory (MB): peak = 2693.203 ; gain = 974.539
---------------------------------------------------------------------------------
---------------------------------------------------------------------------------
Start Applying 'set_property' XDC Constraints
---------------------------------------------------------------------------------
Applied set_property KEEP_HIERARCHY = SOFT for inst. (constraint file  C:/Users/g55wang/lab2_system/lab2_system.runs/wordle_design_axi_smc_0_synth_1/dont_touch.xdc, line 369).
Applied set_property KEEP_HIERARCHY = SOFT for inst/m00_nodes/m00_ar_node/inst/m_sc_xpm_cdc_async_rst_inst. (constraint file  auto generated constraint).
Applied set_property KEEP_HIERARCHY = SOFT for inst/m00_nodes/m00_aw_node/inst/m_sc_xpm_cdc_async_rst_inst. (constraint file  auto generated constraint).
Applied set_property KEEP_HIERARCHY = SOFT for inst/m00_nodes/m00_b_node/inst/m_sc_xpm_cdc_async_rst_inst. (constraint file  auto generated constraint).
Applied set_property KEEP_HIERARCHY = SOFT for inst/m00_nodes/m00_r_node/inst/m_sc_xpm_cdc_async_rst_inst. (constraint file  auto generated constraint).
Applied set_property KEEP_HIERARCHY = SOFT for inst/m00_nodes/m00_w_node/inst/m_sc_xpm_cdc_async_rst_inst. (constraint file  auto generated constraint).
Applied set_property KEEP_HIERARCHY = SOFT for inst/m01_nodes/m01_ar_node/inst/m_sc_xpm_cdc_async_rst_inst. (constraint file  auto generated constraint).
Applied set_property KEEP_HIERARCHY = SOFT for inst/m01_nodes/m01_aw_node/inst/m_sc_xpm_cdc_async_rst_inst. (constraint file  auto generated constraint).
Applied set_property KEEP_HIERARCHY = SOFT for inst/m01_nodes/m01_b_node/inst/m_sc_xpm_cdc_async_rst_inst. (constraint file  auto generated constraint).
Applied set_property KEEP_HIERARCHY = SOFT for inst/m01_nodes/m01_r_node/inst/m_sc_xpm_cdc_async_rst_inst. (constraint file  auto generated constraint).
Applied set_property KEEP_HIERARCHY = SOFT for inst/m01_nodes/m01_w_node/inst/m_sc_xpm_cdc_async_rst_inst. (constraint file  auto generated constraint).
Applied set_property KEEP_HIERARCHY = SOFT for inst/m02_nodes/m02_ar_node/inst/m_sc_xpm_cdc_async_rst_inst. (constraint file  auto generated constraint).
Applied set_property KEEP_HIERARCHY = SOFT for inst/m02_nodes/m02_aw_node/inst/m_sc_xpm_cdc_async_rst_inst. (constraint file  auto generated constraint).
Applied set_property KEEP_HIERARCHY = SOFT for inst/m02_nodes/m02_b_node/inst/m_sc_xpm_cdc_async_rst_inst. (constraint file  auto generated constraint).
Applied set_property KEEP_HIERARCHY = SOFT for inst/m02_nodes/m02_r_node/inst/m_sc_xpm_cdc_async_rst_inst. (constraint file  auto generated constraint).
Applied set_property KEEP_HIERARCHY = SOFT for inst/m02_nodes/m02_w_node/inst/m_sc_xpm_cdc_async_rst_inst. (constraint file  auto generated constraint).
Applied set_property KEEP_HIERARCHY = SOFT for inst/m03_nodes/m03_ar_node/inst/m_sc_xpm_cdc_async_rst_inst. (constraint file  auto generated constraint).
Applied set_property KEEP_HIERARCHY = SOFT for inst/m03_nodes/m03_aw_node/inst/m_sc_xpm_cdc_async_rst_inst. (constraint file  auto generated constraint).
Applied set_property KEEP_HIERARCHY = SOFT for inst/m03_nodes/m03_b_node/inst/m_sc_xpm_cdc_async_rst_inst. (constraint file  auto generated constraint).
Applied set_property KEEP_HIERARCHY = SOFT for inst/m03_nodes/m03_r_node/inst/m_sc_xpm_cdc_async_rst_inst. (constraint file  auto generated constraint).
Applied set_property KEEP_HIERARCHY = SOFT for inst/m03_nodes/m03_w_node/inst/m_sc_xpm_cdc_async_rst_inst. (constraint file  auto generated constraint).
Applied set_property KEEP_HIERARCHY = SOFT for inst/m04_nodes/m04_ar_node/inst/m_sc_xpm_cdc_async_rst_inst. (constraint file  auto generated constraint).
Applied set_property KEEP_HIERARCHY = SOFT for inst/m04_nodes/m04_aw_node/inst/m_sc_xpm_cdc_async_rst_inst. (constraint file  auto generated constraint).
Applied set_property KEEP_HIERARCHY = SOFT for inst/m04_nodes/m04_b_node/inst/m_sc_xpm_cdc_async_rst_inst. (constraint file  auto generated constraint).
Applied set_property KEEP_HIERARCHY = SOFT for inst/m04_nodes/m04_r_node/inst/m_sc_xpm_cdc_async_rst_inst. (constraint file  auto generated constraint).
Applied set_property KEEP_HIERARCHY = SOFT for inst/m04_nodes/m04_w_node/inst/m_sc_xpm_cdc_async_rst_inst. (constraint file  auto generated constraint).
Applied set_property KEEP_HIERARCHY = SOFT for inst/m05_nodes/m05_ar_node/inst/m_sc_xpm_cdc_async_rst_inst. (constraint file  auto generated constraint).
Applied set_property KEEP_HIERARCHY = SOFT for inst/m05_nodes/m05_aw_node/inst/m_sc_xpm_cdc_async_rst_inst. (constraint file  auto generated constraint).
Applied set_property KEEP_HIERARCHY = SOFT for inst/m05_nodes/m05_b_node/inst/m_sc_xpm_cdc_async_rst_inst. (constraint file  auto generated constraint).
Applied set_property KEEP_HIERARCHY = SOFT for inst/m05_nodes/m05_r_node/inst/m_sc_xpm_cdc_async_rst_inst. (constraint file  auto generated constraint).
Applied set_property KEEP_HIERARCHY = SOFT for inst/m05_nodes/m05_w_node/inst/m_sc_xpm_cdc_async_rst_inst. (constraint file  auto generated constraint).
Applied set_property KEEP_HIERARCHY = SOFT for inst/m06_nodes/m06_ar_node/inst/m_sc_xpm_cdc_async_rst_inst. (constraint file  auto generated constraint).
Applied set_property KEEP_HIERARCHY = SOFT for inst/m06_nodes/m06_aw_node/inst/m_sc_xpm_cdc_async_rst_inst. (constraint file  auto generated constraint).
Applied set_property KEEP_HIERARCHY = SOFT for inst/m06_nodes/m06_b_node/inst/m_sc_xpm_cdc_async_rst_inst. (constraint file  auto generated constraint).
Applied set_property KEEP_HIERARCHY = SOFT for inst/m06_nodes/m06_r_node/inst/m_sc_xpm_cdc_async_rst_inst. (constraint file  auto generated constraint).
Applied set_property KEEP_HIERARCHY = SOFT for inst/m06_nodes/m06_w_node/inst/m_sc_xpm_cdc_async_rst_inst. (constraint file  auto generated constraint).
Applied set_property KEEP_HIERARCHY = SOFT for inst/s00_nodes/s00_ar_node/inst/m_sc_xpm_cdc_async_rst_inst. (constraint file  auto generated constraint).
Applied set_property KEEP_HIERARCHY = SOFT for inst/s00_nodes/s00_aw_node/inst/m_sc_xpm_cdc_async_rst_inst. (constraint file  auto generated constraint).
Applied set_property KEEP_HIERARCHY = SOFT for inst/s00_nodes/s00_b_node/inst/m_sc_xpm_cdc_async_rst_inst. (constraint file  auto generated constraint).
Applied set_property KEEP_HIERARCHY = SOFT for inst/s00_nodes/s00_r_node/inst/m_sc_xpm_cdc_async_rst_inst. (constraint file  auto generated constraint).
Applied set_property KEEP_HIERARCHY = SOFT for inst/s00_nodes/s00_w_node/inst/m_sc_xpm_cdc_async_rst_inst. (constraint file  auto generated constraint).
Applied set_property KEEP_HIERARCHY = SOFT for inst/switchboards/i_nodes/i_ar_node/inst/m_sc_xpm_cdc_async_rst_inst. (constraint file  auto generated constraint).
Applied set_property KEEP_HIERARCHY = SOFT for inst/switchboards/i_nodes/i_aw_node/inst/m_sc_xpm_cdc_async_rst_inst. (constraint file  auto generated constraint).
Applied set_property KEEP_HIERARCHY = SOFT for inst/switchboards/i_nodes/i_b_node/inst/m_sc_xpm_cdc_async_rst_inst. (constraint file  auto generated constraint).
Applied set_property KEEP_HIERARCHY = SOFT for inst/switchboards/i_nodes/i_r_node/inst/m_sc_xpm_cdc_async_rst_inst. (constraint file  auto generated constraint).
Applied set_property KEEP_HIERARCHY = SOFT for inst/switchboards/i_nodes/i_w_node/inst/m_sc_xpm_cdc_async_rst_inst. (constraint file  auto generated constraint).
Applied set_property KEEP_HIERARCHY = SOFT for inst/m00_nodes/m00_ar_node/inst/s_sc_xpm_cdc_async_rst_inst. (constraint file  auto generated constraint).
Applied set_property KEEP_HIERARCHY = SOFT for inst/m00_nodes/m00_aw_node/inst/s_sc_xpm_cdc_async_rst_inst. (constraint file  auto generated constraint).
Applied set_property KEEP_HIERARCHY = SOFT for inst/m00_nodes/m00_b_node/inst/s_sc_xpm_cdc_async_rst_inst. (constraint file  auto generated constraint).
Applied set_property KEEP_HIERARCHY = SOFT for inst/m00_nodes/m00_r_node/inst/s_sc_xpm_cdc_async_rst_inst. (constraint file  auto generated constraint).
Applied set_property KEEP_HIERARCHY = SOFT for inst/m00_nodes/m00_w_node/inst/s_sc_xpm_cdc_async_rst_inst. (constraint file  auto generated constraint).
Applied set_property KEEP_HIERARCHY = SOFT for inst/m01_nodes/m01_ar_node/inst/s_sc_xpm_cdc_async_rst_inst. (constraint file  auto generated constraint).
Applied set_property KEEP_HIERARCHY = SOFT for inst/m01_nodes/m01_aw_node/inst/s_sc_xpm_cdc_async_rst_inst. (constraint file  auto generated constraint).
Applied set_property KEEP_HIERARCHY = SOFT for inst/m01_nodes/m01_b_node/inst/s_sc_xpm_cdc_async_rst_inst. (constraint file  auto generated constraint).
Applied set_property KEEP_HIERARCHY = SOFT for inst/m01_nodes/m01_r_node/inst/s_sc_xpm_cdc_async_rst_inst. (constraint file  auto generated constraint).
Applied set_property KEEP_HIERARCHY = SOFT for inst/m01_nodes/m01_w_node/inst/s_sc_xpm_cdc_async_rst_inst. (constraint file  auto generated constraint).
Applied set_property KEEP_HIERARCHY = SOFT for inst/m02_nodes/m02_ar_node/inst/s_sc_xpm_cdc_async_rst_inst. (constraint file  auto generated constraint).
Applied set_property KEEP_HIERARCHY = SOFT for inst/m02_nodes/m02_aw_node/inst/s_sc_xpm_cdc_async_rst_inst. (constraint file  auto generated constraint).
Applied set_property KEEP_HIERARCHY = SOFT for inst/m02_nodes/m02_b_node/inst/s_sc_xpm_cdc_async_rst_inst. (constraint file  auto generated constraint).
Applied set_property KEEP_HIERARCHY = SOFT for inst/m02_nodes/m02_r_node/inst/s_sc_xpm_cdc_async_rst_inst. (constraint file  auto generated constraint).
Applied set_property KEEP_HIERARCHY = SOFT for inst/m02_nodes/m02_w_node/inst/s_sc_xpm_cdc_async_rst_inst. (constraint file  auto generated constraint).
Applied set_property KEEP_HIERARCHY = SOFT for inst/m03_nodes/m03_ar_node/inst/s_sc_xpm_cdc_async_rst_inst. (constraint file  auto generated constraint).
Applied set_property KEEP_HIERARCHY = SOFT for inst/m03_nodes/m03_aw_node/inst/s_sc_xpm_cdc_async_rst_inst. (constraint file  auto generated constraint).
Applied set_property KEEP_HIERARCHY = SOFT for inst/m03_nodes/m03_b_node/inst/s_sc_xpm_cdc_async_rst_inst. (constraint file  auto generated constraint).
Applied set_property KEEP_HIERARCHY = SOFT for inst/m03_nodes/m03_r_node/inst/s_sc_xpm_cdc_async_rst_inst. (constraint file  auto generated constraint).
Applied set_property KEEP_HIERARCHY = SOFT for inst/m03_nodes/m03_w_node/inst/s_sc_xpm_cdc_async_rst_inst. (constraint file  auto generated constraint).
Applied set_property KEEP_HIERARCHY = SOFT for inst/m04_nodes/m04_ar_node/inst/s_sc_xpm_cdc_async_rst_inst. (constraint file  auto generated constraint).
Applied set_property KEEP_HIERARCHY = SOFT for inst/m04_nodes/m04_aw_node/inst/s_sc_xpm_cdc_async_rst_inst. (constraint file  auto generated constraint).
Applied set_property KEEP_HIERARCHY = SOFT for inst/m04_nodes/m04_b_node/inst/s_sc_xpm_cdc_async_rst_inst. (constraint file  auto generated constraint).
Applied set_property KEEP_HIERARCHY = SOFT for inst/m04_nodes/m04_r_node/inst/s_sc_xpm_cdc_async_rst_inst. (constraint file  auto generated constraint).
Applied set_property KEEP_HIERARCHY = SOFT for inst/m04_nodes/m04_w_node/inst/s_sc_xpm_cdc_async_rst_inst. (constraint file  auto generated constraint).
Applied set_property KEEP_HIERARCHY = SOFT for inst/m05_nodes/m05_ar_node/inst/s_sc_xpm_cdc_async_rst_inst. (constraint file  auto generated constraint).
Applied set_property KEEP_HIERARCHY = SOFT for inst/m05_nodes/m05_aw_node/inst/s_sc_xpm_cdc_async_rst_inst. (constraint file  auto generated constraint).
Applied set_property KEEP_HIERARCHY = SOFT for inst/m05_nodes/m05_b_node/inst/s_sc_xpm_cdc_async_rst_inst. (constraint file  auto generated constraint).
Applied set_property KEEP_HIERARCHY = SOFT for inst/m05_nodes/m05_r_node/inst/s_sc_xpm_cdc_async_rst_inst. (constraint file  auto generated constraint).
Applied set_property KEEP_HIERARCHY = SOFT for inst/m05_nodes/m05_w_node/inst/s_sc_xpm_cdc_async_rst_inst. (constraint file  auto generated constraint).
Applied set_property KEEP_HIERARCHY = SOFT for inst/m06_nodes/m06_ar_node/inst/s_sc_xpm_cdc_async_rst_inst. (constraint file  auto generated constraint).
Applied set_property KEEP_HIERARCHY = SOFT for inst/m06_nodes/m06_aw_node/inst/s_sc_xpm_cdc_async_rst_inst. (constraint file  auto generated constraint).
Applied set_property KEEP_HIERARCHY = SOFT for inst/m06_nodes/m06_b_node/inst/s_sc_xpm_cdc_async_rst_inst. (constraint file  auto generated constraint).
Applied set_property KEEP_HIERARCHY = SOFT for inst/m06_nodes/m06_r_node/inst/s_sc_xpm_cdc_async_rst_inst. (constraint file  auto generated constraint).
Applied set_property KEEP_HIERARCHY = SOFT for inst/m06_nodes/m06_w_node/inst/s_sc_xpm_cdc_async_rst_inst. (constraint file  auto generated constraint).
Applied set_property KEEP_HIERARCHY = SOFT for inst/s00_nodes/s00_ar_node/inst/s_sc_xpm_cdc_async_rst_inst. (constraint file  auto generated constraint).
Applied set_property KEEP_HIERARCHY = SOFT for inst/s00_nodes/s00_aw_node/inst/s_sc_xpm_cdc_async_rst_inst. (constraint file  auto generated constraint).
Applied set_property KEEP_HIERARCHY = SOFT for inst/s00_nodes/s00_b_node/inst/s_sc_xpm_cdc_async_rst_inst. (constraint file  auto generated constraint).
Applied set_property KEEP_HIERARCHY = SOFT for inst/s00_nodes/s00_r_node/inst/s_sc_xpm_cdc_async_rst_inst. (constraint file  auto generated constraint).
Applied set_property KEEP_HIERARCHY = SOFT for inst/s00_nodes/s00_w_node/inst/s_sc_xpm_cdc_async_rst_inst. (constraint file  auto generated constraint).
Applied set_property KEEP_HIERARCHY = SOFT for inst/switchboards/i_nodes/i_ar_node/inst/s_sc_xpm_cdc_async_rst_inst. (constraint file  auto generated constraint).
Applied set_property KEEP_HIERARCHY = SOFT for inst/switchboards/i_nodes/i_aw_node/inst/s_sc_xpm_cdc_async_rst_inst. (constraint file  auto generated constraint).
Applied set_property KEEP_HIERARCHY = SOFT for inst/switchboards/i_nodes/i_b_node/inst/s_sc_xpm_cdc_async_rst_inst. (constraint file  auto generated constraint).
Applied set_property KEEP_HIERARCHY = SOFT for inst/switchboards/i_nodes/i_r_node/inst/s_sc_xpm_cdc_async_rst_inst. (constraint file  auto generated constraint).
Applied set_property KEEP_HIERARCHY = SOFT for inst/switchboards/i_nodes/i_w_node/inst/s_sc_xpm_cdc_async_rst_inst. (constraint file  auto generated constraint).
Applied set_property KEEP_HIERARCHY = SOFT for inst/m00_exit_pipeline/m00_exit/inst/xpm_cdc_async_rst_inst. (constraint file  auto generated constraint).
Applied set_property KEEP_HIERARCHY = SOFT for inst/m01_exit_pipeline/m01_exit/inst/xpm_cdc_async_rst_inst. (constraint file  auto generated constraint).
Applied set_property KEEP_HIERARCHY = SOFT for inst/m02_exit_pipeline/m02_exit/inst/xpm_cdc_async_rst_inst. (constraint file  auto generated constraint).
Applied set_property KEEP_HIERARCHY = SOFT for inst/m03_exit_pipeline/m03_exit/inst/xpm_cdc_async_rst_inst. (constraint file  auto generated constraint).
Applied set_property KEEP_HIERARCHY = SOFT for inst/m04_exit_pipeline/m04_exit/inst/xpm_cdc_async_rst_inst. (constraint file  auto generated constraint).
Applied set_property KEEP_HIERARCHY = SOFT for inst/m05_exit_pipeline/m05_exit/inst/xpm_cdc_async_rst_inst. (constraint file  auto generated constraint).
Applied set_property KEEP_HIERARCHY = SOFT for inst/m06_exit_pipeline/m06_exit/inst/xpm_cdc_async_rst_inst. (constraint file  auto generated constraint).
Applied set_property KEEP_HIERARCHY = SOFT for inst/s00_entry_pipeline/s00_mmu/inst/xpm_cdc_async_rst_inst. (constraint file  auto generated constraint).
Applied set_property KEEP_HIERARCHY = SOFT for inst/s00_entry_pipeline/s00_si_converter/inst/xpm_cdc_async_rst_inst. (constraint file  auto generated constraint).
Applied set_property KEEP_HIERARCHY = SOFT for inst/s00_entry_pipeline/s00_transaction_regulator/inst/xpm_cdc_async_rst_inst. (constraint file  auto generated constraint).
---------------------------------------------------------------------------------
Finished applying 'set_property' XDC Constraints : Time (s): cpu = 00:01:21 ; elapsed = 00:01:33 . Memory (MB): peak = 2693.203 ; gain = 974.539
---------------------------------------------------------------------------------
INFO: [Synth 8-802] inferred FSM for state register 'gen_axi.gen_write.write_cs_reg' in module 'sc_mmu_v1_0_14_decerr_slave'
INFO: [Synth 8-802] inferred FSM for state register 'gen_endpoint.w_state_reg' in module 'sc_mmu_v1_0_14_top'
INFO: [Synth 8-802] inferred FSM for state register 'gen_endpoint.r_state_reg' in module 'sc_mmu_v1_0_14_top'
INFO: [Synth 8-802] inferred FSM for state register 'w_state_reg' in module 'sc_si_converter_v1_0_14_axilite_conv'
INFO: [Synth 8-802] inferred FSM for state register 'r_state_reg' in module 'sc_si_converter_v1_0_14_axilite_conv'
---------------------------------------------------------------------------------------------------
                   State |                     New Encoding |                Previous Encoding 
---------------------------------------------------------------------------------------------------
            P_WRITE_IDLE |                              001 |                               00
            P_WRITE_DATA |                              010 |                               01
            P_WRITE_RESP |                              100 |                               10
---------------------------------------------------------------------------------------------------
INFO: [Synth 8-3354] encoded FSM with state register 'gen_axi.gen_write.write_cs_reg' using encoding 'one-hot' in module 'sc_mmu_v1_0_14_decerr_slave'
---------------------------------------------------------------------------------------------------
                   State |                     New Encoding |                Previous Encoding 
---------------------------------------------------------------------------------------------------
                  iSTATE |                               00 | 00000000000000000000000000000000
*
                 W_STALL |                               01 | 00000000000000000000000000000001
               W_PENDING |                               10 | 00000000000000000000000000000010
                W_DECERR |                               11 | 00000000000000000000000000000011
---------------------------------------------------------------------------------------------------
INFO: [Synth 8-3354] encoded FSM with state register 'gen_endpoint.w_state_reg' using encoding 'sequential' in module 'sc_mmu_v1_0_14_top'
---------------------------------------------------------------------------------------------------
                   State |                     New Encoding |                Previous Encoding 
---------------------------------------------------------------------------------------------------
                  iSTATE |                             0001 | 00000000000000000000000000000000
*
                 R_STALL |                             0010 | 00000000000000000000000000000001
               R_PENDING |                             0100 | 00000000000000000000000000000010
                R_DECERR |                             1000 | 00000000000000000000000000000011
---------------------------------------------------------------------------------------------------
INFO: [Synth 8-3354] encoded FSM with state register 'gen_endpoint.r_state_reg' using encoding 'one-hot' in module 'sc_mmu_v1_0_14_top'
---------------------------------------------------------------------------------------------------
                   State |                     New Encoding |                Previous Encoding 
---------------------------------------------------------------------------------------------------
                  W_IDLE |                              000 | 00000000000000000000000000000000
                    W_RX |                              001 | 00000000000000000000000000000001
                    W_TX |                              010 | 00000000000000000000000000000010
              W_COMPLETE |                              011 | 00000000000000000000000000000100
               W_RECOVER |                              100 | 00000000000000000000000000000011
---------------------------------------------------------------------------------------------------
INFO: [Synth 8-3354] encoded FSM with state register 'w_state_reg' using encoding 'sequential' in module 'sc_si_converter_v1_0_14_axilite_conv'
---------------------------------------------------------------------------------------------------
                   State |                     New Encoding |                Previous Encoding 
---------------------------------------------------------------------------------------------------
                  R_IDLE |                               00 | 00000000000000000000000000000000
               R_PENDING |                               01 | 00000000000000000000000000000001
                    R_RX |                               10 | 00000000000000000000000000000010
                    R_TX |                               11 | 00000000000000000000000000000011
---------------------------------------------------------------------------------------------------
INFO: [Synth 8-3354] encoded FSM with state register 'r_state_reg' using encoding 'sequential' in module 'sc_si_converter_v1_0_14_axilite_conv'
---------------------------------------------------------------------------------
Finished RTL Optimization Phase 2 : Time (s): cpu = 00:01:28 ; elapsed = 00:01:43 . Memory (MB): peak = 2693.203 ; gain = 974.539
---------------------------------------------------------------------------------
---------------------------------------------------------------------------------
Start RTL Component Statistics 
---------------------------------------------------------------------------------
Detailed RTL Component Info : 
+---Adders : 
	   2 Input   12 Bit       Adders := 3     
	   2 Input   11 Bit       Adders := 4     
	   4 Input   11 Bit       Adders := 2     
	   2 Input    8 Bit       Adders := 3     
	   2 Input    7 Bit       Adders := 2     
	   2 Input    6 Bit       Adders := 1     
	   2 Input    5 Bit       Adders := 1     
	   2 Input    4 Bit       Adders := 46    
	   2 Input    2 Bit       Adders := 15    
	   3 Input    1 Bit       Adders := 18    
	   2 Input    1 Bit       Adders := 5     
+---XORs : 
	   2 Input      1 Bit         XORs := 170   
+---Registers : 
	             2178 Bit    Registers := 4     
	              512 Bit    Registers := 1     
	              193 Bit    Registers := 2     
	              128 Bit    Registers := 1     
	               84 Bit    Registers := 1     
	               73 Bit    Registers := 1     
	               64 Bit    Registers := 4     
	               47 Bit    Registers := 7     
	               40 Bit    Registers := 1     
	               33 Bit    Registers := 7     
	               32 Bit    Registers := 2     
	               27 Bit    Registers := 1     
	               16 Bit    Registers := 4     
	               12 Bit    Registers := 1     
	               11 Bit    Registers := 5     
	                9 Bit    Registers := 1     
	                8 Bit    Registers := 4     
	                7 Bit    Registers := 7     
	                6 Bit    Registers := 1     
	                5 Bit    Registers := 3     
	                4 Bit    Registers := 48    
	                3 Bit    Registers := 107   
	                2 Bit    Registers := 41    
	                1 Bit    Registers := 529   
+---Muxes : 
	   2 Input 2178 Bit        Muxes := 2     
	   2 Input  173 Bit        Muxes := 16    
	   2 Input  128 Bit        Muxes := 4     
	   4 Input  128 Bit        Muxes := 3     
	   2 Input   60 Bit        Muxes := 8     
	   2 Input   55 Bit        Muxes := 1     
	   4 Input   40 Bit        Muxes := 1     
	   2 Input   40 Bit        Muxes := 1     
	   4 Input   32 Bit        Muxes := 1     
	   2 Input   16 Bit        Muxes := 2     
	   2 Input   12 Bit        Muxes := 6     
	   5 Input   12 Bit        Muxes := 1     
	   5 Input   11 Bit        Muxes := 1     
	   3 Input   11 Bit        Muxes := 1     
	   2 Input   11 Bit        Muxes := 3     
	   4 Input   11 Bit        Muxes := 1     
	   2 Input    9 Bit        Muxes := 1     
	   2 Input    8 Bit        Muxes := 3     
	   4 Input    8 Bit        Muxes := 1     
	   4 Input    7 Bit        Muxes := 3     
	   2 Input    7 Bit        Muxes := 11    
	   2 Input    6 Bit        Muxes := 1     
	   2 Input    5 Bit        Muxes := 1     
	   4 Input    4 Bit        Muxes := 2     
	   2 Input    4 Bit        Muxes := 3     
	   5 Input    4 Bit        Muxes := 2     
	   2 Input    3 Bit        Muxes := 8     
	   5 Input    3 Bit        Muxes := 1     
	   2 Input    2 Bit        Muxes := 69    
	   4 Input    2 Bit        Muxes := 6     
	   2 Input    1 Bit        Muxes := 196   
	   3 Input    1 Bit        Muxes := 8     
	   6 Input    1 Bit        Muxes := 8     
	   4 Input    1 Bit        Muxes := 26    
	   7 Input    1 Bit        Muxes := 4     
	   5 Input    1 Bit        Muxes := 17    
---------------------------------------------------------------------------------
Finished RTL Component Statistics 
---------------------------------------------------------------------------------
---------------------------------------------------------------------------------
Start Part Resource Summary
---------------------------------------------------------------------------------
Part Resources:
DSPs: 1248 (col length:96)
BRAMs: 288 (col length: RAMB18 96 RAMB36 48)
---------------------------------------------------------------------------------
Finished Part Resource Summary
---------------------------------------------------------------------------------
---------------------------------------------------------------------------------
Start Cross Boundary and Area Optimization
---------------------------------------------------------------------------------
WARNING: [Synth 8-7080] Parallel synthesis criteria is not met
---------------------------------------------------------------------------------
Finished Cross Boundary and Area Optimization : Time (s): cpu = 00:01:48 ; elapsed = 00:02:04 . Memory (MB): peak = 2693.203 ; gain = 974.539
---------------------------------------------------------------------------------
---------------------------------------------------------------------------------
Start Applying XDC Timing Constraints
---------------------------------------------------------------------------------
---------------------------------------------------------------------------------
Finished Applying XDC Timing Constraints : Time (s): cpu = 00:01:58 ; elapsed = 00:02:16 . Memory (MB): peak = 2954.961 ; gain = 1236.297
---------------------------------------------------------------------------------
---------------------------------------------------------------------------------
Start Timing Optimization
---------------------------------------------------------------------------------
---------------------------------------------------------------------------------
Finished Timing Optimization : Time (s): cpu = 00:02:01 ; elapsed = 00:02:19 . Memory (MB): peak = 3010.051 ; gain = 1291.387
---------------------------------------------------------------------------------
---------------------------------------------------------------------------------
Start Technology Mapping
---------------------------------------------------------------------------------
---------------------------------------------------------------------------------
Finished Technology Mapping : Time (s): cpu = 00:02:03 ; elapsed = 00:02:22 . Memory (MB): peak = 3013.109 ; gain = 1294.445
---------------------------------------------------------------------------------
---------------------------------------------------------------------------------
Start IO Insertion
---------------------------------------------------------------------------------
---------------------------------------------------------------------------------
Start Flattening Before IO Insertion
---------------------------------------------------------------------------------
---------------------------------------------------------------------------------
Finished Flattening Before IO Insertion
---------------------------------------------------------------------------------
---------------------------------------------------------------------------------
Start Final Netlist Cleanup
---------------------------------------------------------------------------------
---------------------------------------------------------------------------------
Finished Final Netlist Cleanup
---------------------------------------------------------------------------------
---------------------------------------------------------------------------------
Finished IO Insertion : Time (s): cpu = 00:02:06 ; elapsed = 00:02:25 . Memory (MB): peak = 3186.039 ; gain = 1467.375
---------------------------------------------------------------------------------
---------------------------------------------------------------------------------
Start Renaming Generated Instances
---------------------------------------------------------------------------------
---------------------------------------------------------------------------------
Finished Renaming Generated Instances : Time (s): cpu = 00:02:06 ; elapsed = 00:02:25 . Memory (MB): peak = 3186.039 ; gain = 1467.375
---------------------------------------------------------------------------------
---------------------------------------------------------------------------------
Start Rebuilding User Hierarchy
---------------------------------------------------------------------------------
---------------------------------------------------------------------------------
Finished Rebuilding User Hierarchy : Time (s): cpu = 00:02:06 ; elapsed = 00:02:25 . Memory (MB): peak = 3186.039 ; gain = 1467.375
---------------------------------------------------------------------------------
---------------------------------------------------------------------------------
Start Renaming Generated Ports
---------------------------------------------------------------------------------
---------------------------------------------------------------------------------
Finished Renaming Generated Ports : Time (s): cpu = 00:02:06 ; elapsed = 00:02:25 . Memory (MB): peak = 3186.039 ; gain = 1467.375
---------------------------------------------------------------------------------
---------------------------------------------------------------------------------
Start Handling Custom Attributes
---------------------------------------------------------------------------------
---------------------------------------------------------------------------------
Finished Handling Custom Attributes : Time (s): cpu = 00:02:06 ; elapsed = 00:02:25 . Memory (MB): peak = 3186.039 ; gain = 1467.375
---------------------------------------------------------------------------------
---------------------------------------------------------------------------------
Start Renaming Generated Nets
---------------------------------------------------------------------------------
---------------------------------------------------------------------------------
Finished Renaming Generated Nets : Time (s): cpu = 00:02:06 ; elapsed = 00:02:25 . Memory (MB): peak = 3186.039 ; gain = 1467.375
---------------------------------------------------------------------------------
---------------------------------------------------------------------------------
Start Writing Synthesis Report
---------------------------------------------------------------------------------

Report BlackBoxes: 
+-+--------------+----------+
| |BlackBox name |Instances |
+-+--------------+----------+
+-+--------------+----------+

Report Cell Usage: 
+------+------+------+
|      |Cell  |Count |
+------+------+------+
|1     |LUT1  |   282|
|2     |LUT2  |   331|
|3     |LUT3  |   235|
|4     |LUT4  |   139|
|5     |LUT5  |   118|
|6     |LUT6  |   342|
|7     |MUXF7 |    36|
|8     |SRL16 |     1|
|9     |FDCE  |   300|
|10    |FDR   |     4|
|11    |FDRE  |   903|
|12    |FDSE  |    71|
+------+------+------+
---------------------------------------------------------------------------------
Finished Writing Synthesis Report : Time (s): cpu = 00:02:06 ; elapsed = 00:02:25 . Memory (MB): peak = 3186.039 ; gain = 1467.375
---------------------------------------------------------------------------------
Synthesis finished with 0 errors, 0 critical warnings and 2063 warnings.
Synthesis Optimization Runtime : Time (s): cpu = 00:00:59 ; elapsed = 00:01:45 . Memory (MB): peak = 3186.039 ; gain = 936.719
Synthesis Optimization Complete : Time (s): cpu = 00:02:07 ; elapsed = 00:02:26 . Memory (MB): peak = 3186.039 ; gain = 1467.375
INFO: [Project 1-571] Translating synthesized netlist
Netlist sorting complete. Time (s): cpu = 00:00:00 ; elapsed = 00:00:00.257 . Memory (MB): peak = 3186.039 ; gain = 0.000
INFO: [Netlist 29-17] Analyzing 41 Unisim elements for replacement
INFO: [Netlist 29-28] Unisim Transformation completed in 0 CPU seconds
INFO: [Project 1-570] Preparing netlist for logic optimization
INFO: [Opt 31-138] Pushed 0 inverter(s) to 0 load pin(s).
Netlist sorting complete. Time (s): cpu = 00:00:00 ; elapsed = 00:00:00.002 . Memory (MB): peak = 3186.039 ; gain = 0.000
INFO: [Project 1-111] Unisim Transformation Summary:
  A total of 5 instances were transformed.
  FDR => FDRE: 4 instances
  SRL16 => SRL16E: 1 instance 

Synth Design complete | Checksum: a92a0de9
INFO: [Common 17-83] Releasing license: Synthesis
256 Infos, 149 Warnings, 0 Critical Warnings and 0 Errors encountered.
synth_design completed successfully
synth_design: Time (s): cpu = 00:02:17 ; elapsed = 00:02:43 . Memory (MB): peak = 3186.039 ; gain = 2501.750
Write ShapeDB Complete: Time (s): cpu = 00:00:00 ; elapsed = 00:00:00.004 . Memory (MB): peak = 3186.039 ; gain = 0.000
INFO: [Common 17-1381] The checkpoint 'C:/Users/g55wang/lab2_system/lab2_system.runs/wordle_design_axi_smc_0_synth_1/wordle_design_axi_smc_0.dcp' has been generated.
INFO: [Coretcl 2-1648] Added synthesis output to IP cache for IP wordle_design_axi_smc_0, cache-ID = 2fce917ce13fee7f
INFO: [Coretcl 2-1174] Renamed 366 cell refs.
Write ShapeDB Complete: Time (s): cpu = 00:00:00 ; elapsed = 00:00:00.004 . Memory (MB): peak = 3186.039 ; gain = 0.000
INFO: [Common 17-1381] The checkpoint 'C:/Users/g55wang/lab2_system/lab2_system.runs/wordle_design_axi_smc_0_synth_1/wordle_design_axi_smc_0.dcp' has been generated.
INFO: [Vivado 12-24828] Executing command : report_utilization -file wordle_design_axi_smc_0_utilization_synth.rpt -pb wordle_design_axi_smc_0_utilization_synth.pb
INFO: [Common 17-206] Exiting Vivado at Fri Jun 12 12:06:26 2026...
