Copyright 1986-2022 Xilinx, Inc. All Rights Reserved. Copyright 2022-2025 Advanced Micro Devices, Inc. All Rights Reserved.
--------------------------------------------------------------------------------------------------------------------------------------------------------------------------------------------------------------
| Tool Version      : Vivado v.2024.2.2 (win64) Build 6060944 Thu Mar 06 19:10:01 MST 2025
| Date              : Fri Jul  3 16:24:38 2026
| Host              : ECE-MCU2-10 running 64-bit major release  (build 9200)
| Command           : report_timing_summary -max_paths 10 -report_unconstrained -file tanh_timing_summary_routed.rpt -pb tanh_timing_summary_routed.pb -rpx tanh_timing_summary_routed.rpx -warn_on_violation
| Design            : tanh
| Device            : xck26-sfvc784
| Speed File        : -2LV  PRODUCTION 1.30 05-15-2022
| Design State      : Routed
| Temperature Grade : C
--------------------------------------------------------------------------------------------------------------------------------------------------------------------------------------------------------------

Timing Summary Report

------------------------------------------------------------------------------------------------
| Timer Settings
| --------------
------------------------------------------------------------------------------------------------

  Enable Multi Corner Analysis               :  Yes
  Enable Pessimism Removal                   :  Yes
  Pessimism Removal Resolution               :  Nearest Common Node
  Enable Input Delay Default Clock           :  No
  Enable Preset / Clear Arcs                 :  No
  Disable Flight Delays                      :  No
  Ignore I/O Paths                           :  No
  Timing Early Launch at Borrowing Latches   :  No
  Borrow Time for Max Delay Exceptions       :  Yes
  Merge Timing Exceptions                    :  Yes
  Inter-SLR Compensation                     :  Conservative

  Corner  Analyze    Analyze    
  Name    Max Paths  Min Paths  
  ------  ---------  ---------  
  Slow    Yes        Yes        
  Fast    Yes        Yes        


------------------------------------------------------------------------------------------------
| Report Methodology
| ------------------
------------------------------------------------------------------------------------------------

Rule       Severity  Description                    Violations  
---------  --------  -----------------------------  ----------  
TIMING-18  Warning   Missing input or output delay  32          

Note: This report is based on the most recent report_methodology run and may not be up-to-date. Run report_methodology on the current design for the latest report.



check_timing report

Table of Contents
-----------------
1. checking no_clock (0)
2. checking constant_clock (0)
3. checking pulse_width_clock (0)
4. checking unconstrained_internal_endpoints (0)
5. checking no_input_delay (17)
6. checking no_output_delay (15)
7. checking multiple_clock (0)
8. checking generated_clocks (0)
9. checking loops (0)
10. checking partial_input_delay (0)
11. checking partial_output_delay (0)
12. checking latch_loops (0)

1. checking no_clock (0)
------------------------
 There are 0 register/latch pins with no clock.


2. checking constant_clock (0)
------------------------------
 There are 0 register/latch pins with constant_clock.


3. checking pulse_width_clock (0)
---------------------------------
 There are 0 register/latch pins which need pulse_width check


4. checking unconstrained_internal_endpoints (0)
------------------------------------------------
 There are 0 pins that are not constrained for maximum delay.

 There are 0 pins that are not constrained for maximum delay due to constant clock.


5. checking no_input_delay (17)
-------------------------------
 There are 17 input ports with no input delay specified. (HIGH)

 There are 0 input ports with no input delay but user has a false path constraint.


6. checking no_output_delay (15)
--------------------------------
 There are 15 ports with no output delay specified. (HIGH)

 There are 0 ports with no output delay but user has a false path constraint

 There are 0 ports with no output delay but with a timing clock defined on it or propagating through it


7. checking multiple_clock (0)
------------------------------
 There are 0 register/latch pins with multiple clocks.


8. checking generated_clocks (0)
--------------------------------
 There are 0 generated clocks that are not connected to a clock source.


9. checking loops (0)
---------------------
 There are 0 combinational loops in the design.


10. checking partial_input_delay (0)
------------------------------------
 There are 0 input ports with partial input delay specified.


11. checking partial_output_delay (0)
-------------------------------------
 There are 0 ports with partial output delay specified.


12. checking latch_loops (0)
----------------------------
 There are 0 combinational latch loops in the design through latch input



------------------------------------------------------------------------------------------------
| Design Timing Summary
| ---------------------
------------------------------------------------------------------------------------------------

    WNS(ns)      TNS(ns)  TNS Failing Endpoints  TNS Total Endpoints      WHS(ns)      THS(ns)  THS Failing Endpoints  THS Total Endpoints     WPWS(ns)     TPWS(ns)  TPWS Failing Endpoints  TPWS Total Endpoints  
    -------      -------  ---------------------  -------------------      -------      -------  ---------------------  -------------------     --------     --------  ----------------------  --------------------  
     -0.238     -219.211                   1049                 1689        0.033        0.000                      0                 1689       -0.524      -44.919                      86                   427  


Timing constraints are not met.


------------------------------------------------------------------------------------------------
| Clock Summary
| -------------
------------------------------------------------------------------------------------------------

Clock  Waveform(ns)         Period(ns)      Frequency(MHz)
-----  ------------         ----------      --------------
clk    {0.000 0.500}        1.000           1000.000        


------------------------------------------------------------------------------------------------
| Intra Clock Table
| -----------------
------------------------------------------------------------------------------------------------

Clock             WNS(ns)      TNS(ns)  TNS Failing Endpoints  TNS Total Endpoints      WHS(ns)      THS(ns)  THS Failing Endpoints  THS Total Endpoints     WPWS(ns)     TPWS(ns)  TPWS Failing Endpoints  TPWS Total Endpoints  
-----             -------      -------  ---------------------  -------------------      -------      -------  ---------------------  -------------------     --------     --------  ----------------------  --------------------  
clk                -0.238     -219.211                   1049                 1689        0.033        0.000                      0                 1689       -0.524      -44.919                      86                   427  


------------------------------------------------------------------------------------------------
| Inter Clock Table
| -----------------
------------------------------------------------------------------------------------------------

From Clock    To Clock          WNS(ns)      TNS(ns)  TNS Failing Endpoints  TNS Total Endpoints      WHS(ns)      THS(ns)  THS Failing Endpoints  THS Total Endpoints  
----------    --------          -------      -------  ---------------------  -------------------      -------      -------  ---------------------  -------------------  


------------------------------------------------------------------------------------------------
| Other Path Groups Table
| -----------------------
------------------------------------------------------------------------------------------------

Path Group    From Clock    To Clock          WNS(ns)      TNS(ns)  TNS Failing Endpoints  TNS Total Endpoints      WHS(ns)      THS(ns)  THS Failing Endpoints  THS Total Endpoints  
----------    ----------    --------          -------      -------  ---------------------  -------------------      -------      -------  ---------------------  -------------------  


------------------------------------------------------------------------------------------------
| User Ignored Path Table
| -----------------------
------------------------------------------------------------------------------------------------

Path Group    From Clock    To Clock    
----------    ----------    --------    


------------------------------------------------------------------------------------------------
| Unconstrained Path Table
| ------------------------
------------------------------------------------------------------------------------------------

Path Group    From Clock    To Clock    
----------    ----------    --------    
(none)                                    
(none)        clk                         
(none)                      clk           


------------------------------------------------------------------------------------------------
| Timing Details
| --------------
------------------------------------------------------------------------------------------------


---------------------------------------------------------------------------------------------------
From Clock:  clk
  To Clock:  clk

Setup :         1049  Failing Endpoints,  Worst Slack       -0.238ns,  Total Violation     -219.211ns
Hold  :            0  Failing Endpoints,  Worst Slack        0.033ns,  Total Violation        0.000ns
PW    :           86  Failing Endpoints,  Worst Slack       -0.524ns,  Total Violation      -44.919ns
---------------------------------------------------------------------------------------------------


Max Delay Paths
--------------------------------------------------------------------------------------
Slack (VIOLATED) :        -0.238ns  (required time - arrival time)
  Source:                 u_p4/dsp_i/DSP_PREADD_DATA_INST/CLK
                            (rising edge-triggered cell DSP_PREADD_DATA clocked by clk  {rise@0.000ns fall@0.500ns period=1.000ns})
  Destination:            u_p4/dsp_i/DSP_M_DATA_INST/U[10]
                            (rising edge-triggered cell DSP_M_DATA clocked by clk  {rise@0.000ns fall@0.500ns period=1.000ns})
  Path Group:             clk
  Path Type:              Setup (Max at Slow Process Corner)
  Requirement:            1.000ns  (clk rise@1.000ns - clk rise@0.000ns)
  Data Path Delay:        1.182ns  (logic 1.182ns (100.000%)  route 0.000ns (0.000%))
  Logic Levels:           1  (DSP_MULTIPLIER=1)
  Clock Path Skew:        -0.022ns (DCD - SCD + CPR)
    Destination Clock Delay (DCD):    2.024ns = ( 3.024 - 1.000 ) 
    Source Clock Delay      (SCD):    2.570ns
    Clock Pessimism Removal (CPR):    0.524ns
  Clock Uncertainty:      0.035ns  ((TSJ^2 + TIJ^2)^1/2 + DJ) / 2 + PE
    Total System Jitter     (TSJ):    0.071ns
    Total Input Jitter      (TIJ):    0.000ns
    Discrete Jitter          (DJ):    0.000ns
    Phase Error              (PE):    0.000ns
  Clock Net Delay (Source):      1.556ns (routing 0.246ns, distribution 1.310ns)
  Clock Net Delay (Destination): 1.365ns (routing 0.231ns, distribution 1.134ns)

    Location             Delay type                Incr(ns)  Path(ns)    Netlist Resource(s)
  -------------------------------------------------------------------    -------------------
                         (clock clk rise edge)        0.000     0.000 r  
    M6                                                0.000     0.000 r  clk (IN)
                         net (fo=0)                   0.000     0.000    clk_IBUF_inst/I
    M6                   INBUF (Prop_INBUF_HPIOB_M_PAD_O)
                                                      0.510     0.510 r  clk_IBUF_inst/INBUF_INST/O
                         net (fo=1, routed)           0.000     0.510    clk_IBUF_inst/OUT
    M6                   IBUFCTRL (Prop_IBUFCTRL_HPIOB_M_I_O)
                                                      0.000     0.510 r  clk_IBUF_inst/IBUFCTRL_INST/O
                         net (fo=1, routed)           0.460     0.970    clk_IBUF
    BUFGCE_X0Y55         BUFGCE (Prop_BUFCE_BUFGCE_I_O)
                                                      0.044     1.014 r  clk_IBUF_BUFG_inst/O
    X1Y2 (CLOCK_ROOT)    net (fo=454, routed)         1.556     2.570    u_p4/dsp_i/CLK
    DSP48E2_X6Y71        DSP_PREADD_DATA                              r  u_p4/dsp_i/DSP_PREADD_DATA_INST/CLK
  -------------------------------------------------------------------    -------------------
    DSP48E2_X6Y71        DSP_PREADD_DATA (Prop_DSP_PREADD_DATA_DSP48E2_CLK_A2A1[9])
                                                      0.482     3.052 r  u_p4/dsp_i/DSP_PREADD_DATA_INST/A2A1[9]
                         net (fo=1, routed)           0.000     3.052    u_p4/dsp_i/DSP_PREADD_DATA.A2A1<9>
    DSP48E2_X6Y71        DSP_MULTIPLIER (Prop_DSP_MULTIPLIER_DSP48E2_A2A1[9]_U[10])
                                                      0.700     3.752 r  u_p4/dsp_i/DSP_MULTIPLIER_INST/U[10]
                         net (fo=1, routed)           0.000     3.752    u_p4/dsp_i/DSP_MULTIPLIER.U<10>
    DSP48E2_X6Y71        DSP_M_DATA                                   r  u_p4/dsp_i/DSP_M_DATA_INST/U[10]
  -------------------------------------------------------------------    -------------------

                         (clock clk rise edge)        1.000     1.000 r  
    M6                                                0.000     1.000 r  clk (IN)
                         net (fo=0)                   0.000     1.000    clk_IBUF_inst/I
    M6                   INBUF (Prop_INBUF_HPIOB_M_PAD_O)
                                                      0.260     1.260 r  clk_IBUF_inst/INBUF_INST/O
                         net (fo=1, routed)           0.000     1.260    clk_IBUF_inst/OUT
    M6                   IBUFCTRL (Prop_IBUFCTRL_HPIOB_M_I_O)
                                                      0.000     1.260 r  clk_IBUF_inst/IBUFCTRL_INST/O
                         net (fo=1, routed)           0.360     1.620    clk_IBUF
    BUFGCE_X0Y55         BUFGCE (Prop_BUFCE_BUFGCE_I_O)
                                                      0.039     1.659 r  clk_IBUF_BUFG_inst/O
    X1Y2 (CLOCK_ROOT)    net (fo=454, routed)         1.365     3.024    u_p4/dsp_i/CLK
    DSP48E2_X6Y71        DSP_M_DATA                                   r  u_p4/dsp_i/DSP_M_DATA_INST/CLK
                         clock pessimism              0.524     3.548    
                         clock uncertainty           -0.035     3.513    
    DSP48E2_X6Y71        DSP_M_DATA (Setup_DSP_M_DATA_DSP48E2_CLK_U[10])
                                                      0.001     3.514    u_p4/dsp_i/DSP_M_DATA_INST
  -------------------------------------------------------------------
                         required time                          3.514    
                         arrival time                          -3.752    
  -------------------------------------------------------------------
                         slack                                 -0.238    

Slack (VIOLATED) :        -0.238ns  (required time - arrival time)
  Source:                 u_p4/dsp_i/DSP_PREADD_DATA_INST/CLK
                            (rising edge-triggered cell DSP_PREADD_DATA clocked by clk  {rise@0.000ns fall@0.500ns period=1.000ns})
  Destination:            u_p4/dsp_i/DSP_M_DATA_INST/U[11]
                            (rising edge-triggered cell DSP_M_DATA clocked by clk  {rise@0.000ns fall@0.500ns period=1.000ns})
  Path Group:             clk
  Path Type:              Setup (Max at Slow Process Corner)
  Requirement:            1.000ns  (clk rise@1.000ns - clk rise@0.000ns)
  Data Path Delay:        1.182ns  (logic 1.182ns (100.000%)  route 0.000ns (0.000%))
  Logic Levels:           1  (DSP_MULTIPLIER=1)
  Clock Path Skew:        -0.022ns (DCD - SCD + CPR)
    Destination Clock Delay (DCD):    2.024ns = ( 3.024 - 1.000 ) 
    Source Clock Delay      (SCD):    2.570ns
    Clock Pessimism Removal (CPR):    0.524ns
  Clock Uncertainty:      0.035ns  ((TSJ^2 + TIJ^2)^1/2 + DJ) / 2 + PE
    Total System Jitter     (TSJ):    0.071ns
    Total Input Jitter      (TIJ):    0.000ns
    Discrete Jitter          (DJ):    0.000ns
    Phase Error              (PE):    0.000ns
  Clock Net Delay (Source):      1.556ns (routing 0.246ns, distribution 1.310ns)
  Clock Net Delay (Destination): 1.365ns (routing 0.231ns, distribution 1.134ns)

    Location             Delay type                Incr(ns)  Path(ns)    Netlist Resource(s)
  -------------------------------------------------------------------    -------------------
                         (clock clk rise edge)        0.000     0.000 r  
    M6                                                0.000     0.000 r  clk (IN)
                         net (fo=0)                   0.000     0.000    clk_IBUF_inst/I
    M6                   INBUF (Prop_INBUF_HPIOB_M_PAD_O)
                                                      0.510     0.510 r  clk_IBUF_inst/INBUF_INST/O
                         net (fo=1, routed)           0.000     0.510    clk_IBUF_inst/OUT
    M6                   IBUFCTRL (Prop_IBUFCTRL_HPIOB_M_I_O)
                                                      0.000     0.510 r  clk_IBUF_inst/IBUFCTRL_INST/O
                         net (fo=1, routed)           0.460     0.970    clk_IBUF
    BUFGCE_X0Y55         BUFGCE (Prop_BUFCE_BUFGCE_I_O)
                                                      0.044     1.014 r  clk_IBUF_BUFG_inst/O
    X1Y2 (CLOCK_ROOT)    net (fo=454, routed)         1.556     2.570    u_p4/dsp_i/CLK
    DSP48E2_X6Y71        DSP_PREADD_DATA                              r  u_p4/dsp_i/DSP_PREADD_DATA_INST/CLK
  -------------------------------------------------------------------    -------------------
    DSP48E2_X6Y71        DSP_PREADD_DATA (Prop_DSP_PREADD_DATA_DSP48E2_CLK_A2A1[10])
                                                      0.482     3.052 r  u_p4/dsp_i/DSP_PREADD_DATA_INST/A2A1[10]
                         net (fo=1, routed)           0.000     3.052    u_p4/dsp_i/DSP_PREADD_DATA.A2A1<10>
    DSP48E2_X6Y71        DSP_MULTIPLIER (Prop_DSP_MULTIPLIER_DSP48E2_A2A1[10]_U[11])
                                                      0.700     3.752 r  u_p4/dsp_i/DSP_MULTIPLIER_INST/U[11]
                         net (fo=1, routed)           0.000     3.752    u_p4/dsp_i/DSP_MULTIPLIER.U<11>
    DSP48E2_X6Y71        DSP_M_DATA                                   r  u_p4/dsp_i/DSP_M_DATA_INST/U[11]
  -------------------------------------------------------------------    -------------------

                         (clock clk rise edge)        1.000     1.000 r  
    M6                                                0.000     1.000 r  clk (IN)
                         net (fo=0)                   0.000     1.000    clk_IBUF_inst/I
    M6                   INBUF (Prop_INBUF_HPIOB_M_PAD_O)
                                                      0.260     1.260 r  clk_IBUF_inst/INBUF_INST/O
                         net (fo=1, routed)           0.000     1.260    clk_IBUF_inst/OUT
    M6                   IBUFCTRL (Prop_IBUFCTRL_HPIOB_M_I_O)
                                                      0.000     1.260 r  clk_IBUF_inst/IBUFCTRL_INST/O
                         net (fo=1, routed)           0.360     1.620    clk_IBUF
    BUFGCE_X0Y55         BUFGCE (Prop_BUFCE_BUFGCE_I_O)
                                                      0.039     1.659 r  clk_IBUF_BUFG_inst/O
    X1Y2 (CLOCK_ROOT)    net (fo=454, routed)         1.365     3.024    u_p4/dsp_i/CLK
    DSP48E2_X6Y71        DSP_M_DATA                                   r  u_p4/dsp_i/DSP_M_DATA_INST/CLK
                         clock pessimism              0.524     3.548    
                         clock uncertainty           -0.035     3.513    
    DSP48E2_X6Y71        DSP_M_DATA (Setup_DSP_M_DATA_DSP48E2_CLK_U[11])
                                                      0.001     3.514    u_p4/dsp_i/DSP_M_DATA_INST
  -------------------------------------------------------------------
                         required time                          3.514    
                         arrival time                          -3.752    
  -------------------------------------------------------------------
                         slack                                 -0.238    

Slack (VIOLATED) :        -0.238ns  (required time - arrival time)
  Source:                 u_p4/dsp_i/DSP_PREADD_DATA_INST/CLK
                            (rising edge-triggered cell DSP_PREADD_DATA clocked by clk  {rise@0.000ns fall@0.500ns period=1.000ns})
  Destination:            u_p4/dsp_i/DSP_M_DATA_INST/U[12]
                            (rising edge-triggered cell DSP_M_DATA clocked by clk  {rise@0.000ns fall@0.500ns period=1.000ns})
  Path Group:             clk
  Path Type:              Setup (Max at Slow Process Corner)
  Requirement:            1.000ns  (clk rise@1.000ns - clk rise@0.000ns)
  Data Path Delay:        1.182ns  (logic 1.182ns (100.000%)  route 0.000ns (0.000%))
  Logic Levels:           1  (DSP_MULTIPLIER=1)
  Clock Path Skew:        -0.022ns (DCD - SCD + CPR)
    Destination Clock Delay (DCD):    2.024ns = ( 3.024 - 1.000 ) 
    Source Clock Delay      (SCD):    2.570ns
    Clock Pessimism Removal (CPR):    0.524ns
  Clock Uncertainty:      0.035ns  ((TSJ^2 + TIJ^2)^1/2 + DJ) / 2 + PE
    Total System Jitter     (TSJ):    0.071ns
    Total Input Jitter      (TIJ):    0.000ns
    Discrete Jitter          (DJ):    0.000ns
    Phase Error              (PE):    0.000ns
  Clock Net Delay (Source):      1.556ns (routing 0.246ns, distribution 1.310ns)
  Clock Net Delay (Destination): 1.365ns (routing 0.231ns, distribution 1.134ns)

    Location             Delay type                Incr(ns)  Path(ns)    Netlist Resource(s)
  -------------------------------------------------------------------    -------------------
                         (clock clk rise edge)        0.000     0.000 r  
    M6                                                0.000     0.000 r  clk (IN)
                         net (fo=0)                   0.000     0.000    clk_IBUF_inst/I
    M6                   INBUF (Prop_INBUF_HPIOB_M_PAD_O)
                                                      0.510     0.510 r  clk_IBUF_inst/INBUF_INST/O
                         net (fo=1, routed)           0.000     0.510    clk_IBUF_inst/OUT
    M6                   IBUFCTRL (Prop_IBUFCTRL_HPIOB_M_I_O)
                                                      0.000     0.510 r  clk_IBUF_inst/IBUFCTRL_INST/O
                         net (fo=1, routed)           0.460     0.970    clk_IBUF
    BUFGCE_X0Y55         BUFGCE (Prop_BUFCE_BUFGCE_I_O)
                                                      0.044     1.014 r  clk_IBUF_BUFG_inst/O
    X1Y2 (CLOCK_ROOT)    net (fo=454, routed)         1.556     2.570    u_p4/dsp_i/CLK
    DSP48E2_X6Y71        DSP_PREADD_DATA                              r  u_p4/dsp_i/DSP_PREADD_DATA_INST/CLK
  -------------------------------------------------------------------    -------------------
    DSP48E2_X6Y71        DSP_PREADD_DATA (Prop_DSP_PREADD_DATA_DSP48E2_CLK_A2A1[11])
                                                      0.482     3.052 r  u_p4/dsp_i/DSP_PREADD_DATA_INST/A2A1[11]
                         net (fo=1, routed)           0.000     3.052    u_p4/dsp_i/DSP_PREADD_DATA.A2A1<11>
    DSP48E2_X6Y71        DSP_MULTIPLIER (Prop_DSP_MULTIPLIER_DSP48E2_A2A1[11]_U[12])
                                                      0.700     3.752 r  u_p4/dsp_i/DSP_MULTIPLIER_INST/U[12]
                         net (fo=1, routed)           0.000     3.752    u_p4/dsp_i/DSP_MULTIPLIER.U<12>
    DSP48E2_X6Y71        DSP_M_DATA                                   r  u_p4/dsp_i/DSP_M_DATA_INST/U[12]
  -------------------------------------------------------------------    -------------------

                         (clock clk rise edge)        1.000     1.000 r  
    M6                                                0.000     1.000 r  clk (IN)
                         net (fo=0)                   0.000     1.000    clk_IBUF_inst/I
    M6                   INBUF (Prop_INBUF_HPIOB_M_PAD_O)
                                                      0.260     1.260 r  clk_IBUF_inst/INBUF_INST/O
                         net (fo=1, routed)           0.000     1.260    clk_IBUF_inst/OUT
    M6                   IBUFCTRL (Prop_IBUFCTRL_HPIOB_M_I_O)
                                                      0.000     1.260 r  clk_IBUF_inst/IBUFCTRL_INST/O
                         net (fo=1, routed)           0.360     1.620    clk_IBUF
    BUFGCE_X0Y55         BUFGCE (Prop_BUFCE_BUFGCE_I_O)
                                                      0.039     1.659 r  clk_IBUF_BUFG_inst/O
    X1Y2 (CLOCK_ROOT)    net (fo=454, routed)         1.365     3.024    u_p4/dsp_i/CLK
    DSP48E2_X6Y71        DSP_M_DATA                                   r  u_p4/dsp_i/DSP_M_DATA_INST/CLK
                         clock pessimism              0.524     3.548    
                         clock uncertainty           -0.035     3.513    
    DSP48E2_X6Y71        DSP_M_DATA (Setup_DSP_M_DATA_DSP48E2_CLK_U[12])
                                                      0.001     3.514    u_p4/dsp_i/DSP_M_DATA_INST
  -------------------------------------------------------------------
                         required time                          3.514    
                         arrival time                          -3.752    
  -------------------------------------------------------------------
                         slack                                 -0.238    

Slack (VIOLATED) :        -0.238ns  (required time - arrival time)
  Source:                 u_p4/dsp_i/DSP_PREADD_DATA_INST/CLK
                            (rising edge-triggered cell DSP_PREADD_DATA clocked by clk  {rise@0.000ns fall@0.500ns period=1.000ns})
  Destination:            u_p4/dsp_i/DSP_M_DATA_INST/U[13]
                            (rising edge-triggered cell DSP_M_DATA clocked by clk  {rise@0.000ns fall@0.500ns period=1.000ns})
  Path Group:             clk
  Path Type:              Setup (Max at Slow Process Corner)
  Requirement:            1.000ns  (clk rise@1.000ns - clk rise@0.000ns)
  Data Path Delay:        1.182ns  (logic 1.182ns (100.000%)  route 0.000ns (0.000%))
  Logic Levels:           1  (DSP_MULTIPLIER=1)
  Clock Path Skew:        -0.022ns (DCD - SCD + CPR)
    Destination Clock Delay (DCD):    2.024ns = ( 3.024 - 1.000 ) 
    Source Clock Delay      (SCD):    2.570ns
    Clock Pessimism Removal (CPR):    0.524ns
  Clock Uncertainty:      0.035ns  ((TSJ^2 + TIJ^2)^1/2 + DJ) / 2 + PE
    Total System Jitter     (TSJ):    0.071ns
    Total Input Jitter      (TIJ):    0.000ns
    Discrete Jitter          (DJ):    0.000ns
    Phase Error              (PE):    0.000ns
  Clock Net Delay (Source):      1.556ns (routing 0.246ns, distribution 1.310ns)
  Clock Net Delay (Destination): 1.365ns (routing 0.231ns, distribution 1.134ns)

    Location             Delay type                Incr(ns)  Path(ns)    Netlist Resource(s)
  -------------------------------------------------------------------    -------------------
                         (clock clk rise edge)        0.000     0.000 r  
    M6                                                0.000     0.000 r  clk (IN)
                         net (fo=0)                   0.000     0.000    clk_IBUF_inst/I
    M6                   INBUF (Prop_INBUF_HPIOB_M_PAD_O)
                                                      0.510     0.510 r  clk_IBUF_inst/INBUF_INST/O
                         net (fo=1, routed)           0.000     0.510    clk_IBUF_inst/OUT
    M6                   IBUFCTRL (Prop_IBUFCTRL_HPIOB_M_I_O)
                                                      0.000     0.510 r  clk_IBUF_inst/IBUFCTRL_INST/O
                         net (fo=1, routed)           0.460     0.970    clk_IBUF
    BUFGCE_X0Y55         BUFGCE (Prop_BUFCE_BUFGCE_I_O)
                                                      0.044     1.014 r  clk_IBUF_BUFG_inst/O
    X1Y2 (CLOCK_ROOT)    net (fo=454, routed)         1.556     2.570    u_p4/dsp_i/CLK
    DSP48E2_X6Y71        DSP_PREADD_DATA                              r  u_p4/dsp_i/DSP_PREADD_DATA_INST/CLK
  -------------------------------------------------------------------    -------------------
    DSP48E2_X6Y71        DSP_PREADD_DATA (Prop_DSP_PREADD_DATA_DSP48E2_CLK_A2A1[12])
                                                      0.482     3.052 r  u_p4/dsp_i/DSP_PREADD_DATA_INST/A2A1[12]
                         net (fo=1, routed)           0.000     3.052    u_p4/dsp_i/DSP_PREADD_DATA.A2A1<12>
    DSP48E2_X6Y71        DSP_MULTIPLIER (Prop_DSP_MULTIPLIER_DSP48E2_A2A1[12]_U[13])
                                                      0.700     3.752 r  u_p4/dsp_i/DSP_MULTIPLIER_INST/U[13]
                         net (fo=1, routed)           0.000     3.752    u_p4/dsp_i/DSP_MULTIPLIER.U<13>
    DSP48E2_X6Y71        DSP_M_DATA                                   r  u_p4/dsp_i/DSP_M_DATA_INST/U[13]
  -------------------------------------------------------------------    -------------------

                         (clock clk rise edge)        1.000     1.000 r  
    M6                                                0.000     1.000 r  clk (IN)
                         net (fo=0)                   0.000     1.000    clk_IBUF_inst/I
    M6                   INBUF (Prop_INBUF_HPIOB_M_PAD_O)
                                                      0.260     1.260 r  clk_IBUF_inst/INBUF_INST/O
                         net (fo=1, routed)           0.000     1.260    clk_IBUF_inst/OUT
    M6                   IBUFCTRL (Prop_IBUFCTRL_HPIOB_M_I_O)
                                                      0.000     1.260 r  clk_IBUF_inst/IBUFCTRL_INST/O
                         net (fo=1, routed)           0.360     1.620    clk_IBUF
    BUFGCE_X0Y55         BUFGCE (Prop_BUFCE_BUFGCE_I_O)
                                                      0.039     1.659 r  clk_IBUF_BUFG_inst/O
    X1Y2 (CLOCK_ROOT)    net (fo=454, routed)         1.365     3.024    u_p4/dsp_i/CLK
    DSP48E2_X6Y71        DSP_M_DATA                                   r  u_p4/dsp_i/DSP_M_DATA_INST/CLK
                         clock pessimism              0.524     3.548    
                         clock uncertainty           -0.035     3.513    
    DSP48E2_X6Y71        DSP_M_DATA (Setup_DSP_M_DATA_DSP48E2_CLK_U[13])
                                                      0.001     3.514    u_p4/dsp_i/DSP_M_DATA_INST
  -------------------------------------------------------------------
                         required time                          3.514    
                         arrival time                          -3.752    
  -------------------------------------------------------------------
                         slack                                 -0.238    

Slack (VIOLATED) :        -0.238ns  (required time - arrival time)
  Source:                 u_p4/dsp_i/DSP_PREADD_DATA_INST/CLK
                            (rising edge-triggered cell DSP_PREADD_DATA clocked by clk  {rise@0.000ns fall@0.500ns period=1.000ns})
  Destination:            u_p4/dsp_i/DSP_M_DATA_INST/U[14]
                            (rising edge-triggered cell DSP_M_DATA clocked by clk  {rise@0.000ns fall@0.500ns period=1.000ns})
  Path Group:             clk
  Path Type:              Setup (Max at Slow Process Corner)
  Requirement:            1.000ns  (clk rise@1.000ns - clk rise@0.000ns)
  Data Path Delay:        1.182ns  (logic 1.182ns (100.000%)  route 0.000ns (0.000%))
  Logic Levels:           1  (DSP_MULTIPLIER=1)
  Clock Path Skew:        -0.022ns (DCD - SCD + CPR)
    Destination Clock Delay (DCD):    2.024ns = ( 3.024 - 1.000 ) 
    Source Clock Delay      (SCD):    2.570ns
    Clock Pessimism Removal (CPR):    0.524ns
  Clock Uncertainty:      0.035ns  ((TSJ^2 + TIJ^2)^1/2 + DJ) / 2 + PE
    Total System Jitter     (TSJ):    0.071ns
    Total Input Jitter      (TIJ):    0.000ns
    Discrete Jitter          (DJ):    0.000ns
    Phase Error              (PE):    0.000ns
  Clock Net Delay (Source):      1.556ns (routing 0.246ns, distribution 1.310ns)
  Clock Net Delay (Destination): 1.365ns (routing 0.231ns, distribution 1.134ns)

    Location             Delay type                Incr(ns)  Path(ns)    Netlist Resource(s)
  -------------------------------------------------------------------    -------------------
                         (clock clk rise edge)        0.000     0.000 r  
    M6                                                0.000     0.000 r  clk (IN)
                         net (fo=0)                   0.000     0.000    clk_IBUF_inst/I
    M6                   INBUF (Prop_INBUF_HPIOB_M_PAD_O)
                                                      0.510     0.510 r  clk_IBUF_inst/INBUF_INST/O
                         net (fo=1, routed)           0.000     0.510    clk_IBUF_inst/OUT
    M6                   IBUFCTRL (Prop_IBUFCTRL_HPIOB_M_I_O)
                                                      0.000     0.510 r  clk_IBUF_inst/IBUFCTRL_INST/O
                         net (fo=1, routed)           0.460     0.970    clk_IBUF
    BUFGCE_X0Y55         BUFGCE (Prop_BUFCE_BUFGCE_I_O)
                                                      0.044     1.014 r  clk_IBUF_BUFG_inst/O
    X1Y2 (CLOCK_ROOT)    net (fo=454, routed)         1.556     2.570    u_p4/dsp_i/CLK
    DSP48E2_X6Y71        DSP_PREADD_DATA                              r  u_p4/dsp_i/DSP_PREADD_DATA_INST/CLK
  -------------------------------------------------------------------    -------------------
    DSP48E2_X6Y71        DSP_PREADD_DATA (Prop_DSP_PREADD_DATA_DSP48E2_CLK_A2A1[13])
                                                      0.482     3.052 r  u_p4/dsp_i/DSP_PREADD_DATA_INST/A2A1[13]
                         net (fo=1, routed)           0.000     3.052    u_p4/dsp_i/DSP_PREADD_DATA.A2A1<13>
    DSP48E2_X6Y71        DSP_MULTIPLIER (Prop_DSP_MULTIPLIER_DSP48E2_A2A1[13]_U[14])
                                                      0.700     3.752 r  u_p4/dsp_i/DSP_MULTIPLIER_INST/U[14]
                         net (fo=1, routed)           0.000     3.752    u_p4/dsp_i/DSP_MULTIPLIER.U<14>
    DSP48E2_X6Y71        DSP_M_DATA                                   r  u_p4/dsp_i/DSP_M_DATA_INST/U[14]
  -------------------------------------------------------------------    -------------------

                         (clock clk rise edge)        1.000     1.000 r  
    M6                                                0.000     1.000 r  clk (IN)
                         net (fo=0)                   0.000     1.000    clk_IBUF_inst/I
    M6                   INBUF (Prop_INBUF_HPIOB_M_PAD_O)
                                                      0.260     1.260 r  clk_IBUF_inst/INBUF_INST/O
                         net (fo=1, routed)           0.000     1.260    clk_IBUF_inst/OUT
    M6                   IBUFCTRL (Prop_IBUFCTRL_HPIOB_M_I_O)
                                                      0.000     1.260 r  clk_IBUF_inst/IBUFCTRL_INST/O
                         net (fo=1, routed)           0.360     1.620    clk_IBUF
    BUFGCE_X0Y55         BUFGCE (Prop_BUFCE_BUFGCE_I_O)
                                                      0.039     1.659 r  clk_IBUF_BUFG_inst/O
    X1Y2 (CLOCK_ROOT)    net (fo=454, routed)         1.365     3.024    u_p4/dsp_i/CLK
    DSP48E2_X6Y71        DSP_M_DATA                                   r  u_p4/dsp_i/DSP_M_DATA_INST/CLK
                         clock pessimism              0.524     3.548    
                         clock uncertainty           -0.035     3.513    
    DSP48E2_X6Y71        DSP_M_DATA (Setup_DSP_M_DATA_DSP48E2_CLK_U[14])
                                                      0.001     3.514    u_p4/dsp_i/DSP_M_DATA_INST
  -------------------------------------------------------------------
                         required time                          3.514    
                         arrival time                          -3.752    
  -------------------------------------------------------------------
                         slack                                 -0.238    

Slack (VIOLATED) :        -0.238ns  (required time - arrival time)
  Source:                 u_p4/dsp_i/DSP_PREADD_DATA_INST/CLK
                            (rising edge-triggered cell DSP_PREADD_DATA clocked by clk  {rise@0.000ns fall@0.500ns period=1.000ns})
  Destination:            u_p4/dsp_i/DSP_M_DATA_INST/U[15]
                            (rising edge-triggered cell DSP_M_DATA clocked by clk  {rise@0.000ns fall@0.500ns period=1.000ns})
  Path Group:             clk
  Path Type:              Setup (Max at Slow Process Corner)
  Requirement:            1.000ns  (clk rise@1.000ns - clk rise@0.000ns)
  Data Path Delay:        1.182ns  (logic 1.182ns (100.000%)  route 0.000ns (0.000%))
  Logic Levels:           1  (DSP_MULTIPLIER=1)
  Clock Path Skew:        -0.022ns (DCD - SCD + CPR)
    Destination Clock Delay (DCD):    2.024ns = ( 3.024 - 1.000 ) 
    Source Clock Delay      (SCD):    2.570ns
    Clock Pessimism Removal (CPR):    0.524ns
  Clock Uncertainty:      0.035ns  ((TSJ^2 + TIJ^2)^1/2 + DJ) / 2 + PE
    Total System Jitter     (TSJ):    0.071ns
    Total Input Jitter      (TIJ):    0.000ns
    Discrete Jitter          (DJ):    0.000ns
    Phase Error              (PE):    0.000ns
  Clock Net Delay (Source):      1.556ns (routing 0.246ns, distribution 1.310ns)
  Clock Net Delay (Destination): 1.365ns (routing 0.231ns, distribution 1.134ns)

    Location             Delay type                Incr(ns)  Path(ns)    Netlist Resource(s)
  -------------------------------------------------------------------    -------------------
                         (clock clk rise edge)        0.000     0.000 r  
    M6                                                0.000     0.000 r  clk (IN)
                         net (fo=0)                   0.000     0.000    clk_IBUF_inst/I
    M6                   INBUF (Prop_INBUF_HPIOB_M_PAD_O)
                                                      0.510     0.510 r  clk_IBUF_inst/INBUF_INST/O
                         net (fo=1, routed)           0.000     0.510    clk_IBUF_inst/OUT
    M6                   IBUFCTRL (Prop_IBUFCTRL_HPIOB_M_I_O)
                                                      0.000     0.510 r  clk_IBUF_inst/IBUFCTRL_INST/O
                         net (fo=1, routed)           0.460     0.970    clk_IBUF
    BUFGCE_X0Y55         BUFGCE (Prop_BUFCE_BUFGCE_I_O)
                                                      0.044     1.014 r  clk_IBUF_BUFG_inst/O
    X1Y2 (CLOCK_ROOT)    net (fo=454, routed)         1.556     2.570    u_p4/dsp_i/CLK
    DSP48E2_X6Y71        DSP_PREADD_DATA                              r  u_p4/dsp_i/DSP_PREADD_DATA_INST/CLK
  -------------------------------------------------------------------    -------------------
    DSP48E2_X6Y71        DSP_PREADD_DATA (Prop_DSP_PREADD_DATA_DSP48E2_CLK_A2A1[14])
                                                      0.482     3.052 r  u_p4/dsp_i/DSP_PREADD_DATA_INST/A2A1[14]
                         net (fo=1, routed)           0.000     3.052    u_p4/dsp_i/DSP_PREADD_DATA.A2A1<14>
    DSP48E2_X6Y71        DSP_MULTIPLIER (Prop_DSP_MULTIPLIER_DSP48E2_A2A1[14]_U[15])
                                                      0.700     3.752 r  u_p4/dsp_i/DSP_MULTIPLIER_INST/U[15]
                         net (fo=1, routed)           0.000     3.752    u_p4/dsp_i/DSP_MULTIPLIER.U<15>
    DSP48E2_X6Y71        DSP_M_DATA                                   r  u_p4/dsp_i/DSP_M_DATA_INST/U[15]
  -------------------------------------------------------------------    -------------------

                         (clock clk rise edge)        1.000     1.000 r  
    M6                                                0.000     1.000 r  clk (IN)
                         net (fo=0)                   0.000     1.000    clk_IBUF_inst/I
    M6                   INBUF (Prop_INBUF_HPIOB_M_PAD_O)
                                                      0.260     1.260 r  clk_IBUF_inst/INBUF_INST/O
                         net (fo=1, routed)           0.000     1.260    clk_IBUF_inst/OUT
    M6                   IBUFCTRL (Prop_IBUFCTRL_HPIOB_M_I_O)
                                                      0.000     1.260 r  clk_IBUF_inst/IBUFCTRL_INST/O
                         net (fo=1, routed)           0.360     1.620    clk_IBUF
    BUFGCE_X0Y55         BUFGCE (Prop_BUFCE_BUFGCE_I_O)
                                                      0.039     1.659 r  clk_IBUF_BUFG_inst/O
    X1Y2 (CLOCK_ROOT)    net (fo=454, routed)         1.365     3.024    u_p4/dsp_i/CLK
    DSP48E2_X6Y71        DSP_M_DATA                                   r  u_p4/dsp_i/DSP_M_DATA_INST/CLK
                         clock pessimism              0.524     3.548    
                         clock uncertainty           -0.035     3.513    
    DSP48E2_X6Y71        DSP_M_DATA (Setup_DSP_M_DATA_DSP48E2_CLK_U[15])
                                                      0.001     3.514    u_p4/dsp_i/DSP_M_DATA_INST
  -------------------------------------------------------------------
                         required time                          3.514    
                         arrival time                          -3.752    
  -------------------------------------------------------------------
                         slack                                 -0.238    

Slack (VIOLATED) :        -0.238ns  (required time - arrival time)
  Source:                 u_p4/dsp_i/DSP_PREADD_DATA_INST/CLK
                            (rising edge-triggered cell DSP_PREADD_DATA clocked by clk  {rise@0.000ns fall@0.500ns period=1.000ns})
  Destination:            u_p4/dsp_i/DSP_M_DATA_INST/U[16]
                            (rising edge-triggered cell DSP_M_DATA clocked by clk  {rise@0.000ns fall@0.500ns period=1.000ns})
  Path Group:             clk
  Path Type:              Setup (Max at Slow Process Corner)
  Requirement:            1.000ns  (clk rise@1.000ns - clk rise@0.000ns)
  Data Path Delay:        1.182ns  (logic 1.182ns (100.000%)  route 0.000ns (0.000%))
  Logic Levels:           1  (DSP_MULTIPLIER=1)
  Clock Path Skew:        -0.022ns (DCD - SCD + CPR)
    Destination Clock Delay (DCD):    2.024ns = ( 3.024 - 1.000 ) 
    Source Clock Delay      (SCD):    2.570ns
    Clock Pessimism Removal (CPR):    0.524ns
  Clock Uncertainty:      0.035ns  ((TSJ^2 + TIJ^2)^1/2 + DJ) / 2 + PE
    Total System Jitter     (TSJ):    0.071ns
    Total Input Jitter      (TIJ):    0.000ns
    Discrete Jitter          (DJ):    0.000ns
    Phase Error              (PE):    0.000ns
  Clock Net Delay (Source):      1.556ns (routing 0.246ns, distribution 1.310ns)
  Clock Net Delay (Destination): 1.365ns (routing 0.231ns, distribution 1.134ns)

    Location             Delay type                Incr(ns)  Path(ns)    Netlist Resource(s)
  -------------------------------------------------------------------    -------------------
                         (clock clk rise edge)        0.000     0.000 r  
    M6                                                0.000     0.000 r  clk (IN)
                         net (fo=0)                   0.000     0.000    clk_IBUF_inst/I
    M6                   INBUF (Prop_INBUF_HPIOB_M_PAD_O)
                                                      0.510     0.510 r  clk_IBUF_inst/INBUF_INST/O
                         net (fo=1, routed)           0.000     0.510    clk_IBUF_inst/OUT
    M6                   IBUFCTRL (Prop_IBUFCTRL_HPIOB_M_I_O)
                                                      0.000     0.510 r  clk_IBUF_inst/IBUFCTRL_INST/O
                         net (fo=1, routed)           0.460     0.970    clk_IBUF
    BUFGCE_X0Y55         BUFGCE (Prop_BUFCE_BUFGCE_I_O)
                                                      0.044     1.014 r  clk_IBUF_BUFG_inst/O
    X1Y2 (CLOCK_ROOT)    net (fo=454, routed)         1.556     2.570    u_p4/dsp_i/CLK
    DSP48E2_X6Y71        DSP_PREADD_DATA                              r  u_p4/dsp_i/DSP_PREADD_DATA_INST/CLK
  -------------------------------------------------------------------    -------------------
    DSP48E2_X6Y71        DSP_PREADD_DATA (Prop_DSP_PREADD_DATA_DSP48E2_CLK_A2A1[15])
                                                      0.482     3.052 r  u_p4/dsp_i/DSP_PREADD_DATA_INST/A2A1[15]
                         net (fo=1, routed)           0.000     3.052    u_p4/dsp_i/DSP_PREADD_DATA.A2A1<15>
    DSP48E2_X6Y71        DSP_MULTIPLIER (Prop_DSP_MULTIPLIER_DSP48E2_A2A1[15]_U[16])
                                                      0.700     3.752 r  u_p4/dsp_i/DSP_MULTIPLIER_INST/U[16]
                         net (fo=1, routed)           0.000     3.752    u_p4/dsp_i/DSP_MULTIPLIER.U<16>
    DSP48E2_X6Y71        DSP_M_DATA                                   r  u_p4/dsp_i/DSP_M_DATA_INST/U[16]
  -------------------------------------------------------------------    -------------------

                         (clock clk rise edge)        1.000     1.000 r  
    M6                                                0.000     1.000 r  clk (IN)
                         net (fo=0)                   0.000     1.000    clk_IBUF_inst/I
    M6                   INBUF (Prop_INBUF_HPIOB_M_PAD_O)
                                                      0.260     1.260 r  clk_IBUF_inst/INBUF_INST/O
                         net (fo=1, routed)           0.000     1.260    clk_IBUF_inst/OUT
    M6                   IBUFCTRL (Prop_IBUFCTRL_HPIOB_M_I_O)
                                                      0.000     1.260 r  clk_IBUF_inst/IBUFCTRL_INST/O
                         net (fo=1, routed)           0.360     1.620    clk_IBUF
    BUFGCE_X0Y55         BUFGCE (Prop_BUFCE_BUFGCE_I_O)
                                                      0.039     1.659 r  clk_IBUF_BUFG_inst/O
    X1Y2 (CLOCK_ROOT)    net (fo=454, routed)         1.365     3.024    u_p4/dsp_i/CLK
    DSP48E2_X6Y71        DSP_M_DATA                                   r  u_p4/dsp_i/DSP_M_DATA_INST/CLK
                         clock pessimism              0.524     3.548    
                         clock uncertainty           -0.035     3.513    
    DSP48E2_X6Y71        DSP_M_DATA (Setup_DSP_M_DATA_DSP48E2_CLK_U[16])
                                                      0.001     3.514    u_p4/dsp_i/DSP_M_DATA_INST
  -------------------------------------------------------------------
                         required time                          3.514    
                         arrival time                          -3.752    
  -------------------------------------------------------------------
                         slack                                 -0.238    

Slack (VIOLATED) :        -0.238ns  (required time - arrival time)
  Source:                 u_p4/dsp_i/DSP_PREADD_DATA_INST/CLK
                            (rising edge-triggered cell DSP_PREADD_DATA clocked by clk  {rise@0.000ns fall@0.500ns period=1.000ns})
  Destination:            u_p4/dsp_i/DSP_M_DATA_INST/U[17]
                            (rising edge-triggered cell DSP_M_DATA clocked by clk  {rise@0.000ns fall@0.500ns period=1.000ns})
  Path Group:             clk
  Path Type:              Setup (Max at Slow Process Corner)
  Requirement:            1.000ns  (clk rise@1.000ns - clk rise@0.000ns)
  Data Path Delay:        1.182ns  (logic 1.182ns (100.000%)  route 0.000ns (0.000%))
  Logic Levels:           1  (DSP_MULTIPLIER=1)
  Clock Path Skew:        -0.022ns (DCD - SCD + CPR)
    Destination Clock Delay (DCD):    2.024ns = ( 3.024 - 1.000 ) 
    Source Clock Delay      (SCD):    2.570ns
    Clock Pessimism Removal (CPR):    0.524ns
  Clock Uncertainty:      0.035ns  ((TSJ^2 + TIJ^2)^1/2 + DJ) / 2 + PE
    Total System Jitter     (TSJ):    0.071ns
    Total Input Jitter      (TIJ):    0.000ns
    Discrete Jitter          (DJ):    0.000ns
    Phase Error              (PE):    0.000ns
  Clock Net Delay (Source):      1.556ns (routing 0.246ns, distribution 1.310ns)
  Clock Net Delay (Destination): 1.365ns (routing 0.231ns, distribution 1.134ns)

    Location             Delay type                Incr(ns)  Path(ns)    Netlist Resource(s)
  -------------------------------------------------------------------    -------------------
                         (clock clk rise edge)        0.000     0.000 r  
    M6                                                0.000     0.000 r  clk (IN)
                         net (fo=0)                   0.000     0.000    clk_IBUF_inst/I
    M6                   INBUF (Prop_INBUF_HPIOB_M_PAD_O)
                                                      0.510     0.510 r  clk_IBUF_inst/INBUF_INST/O
                         net (fo=1, routed)           0.000     0.510    clk_IBUF_inst/OUT
    M6                   IBUFCTRL (Prop_IBUFCTRL_HPIOB_M_I_O)
                                                      0.000     0.510 r  clk_IBUF_inst/IBUFCTRL_INST/O
                         net (fo=1, routed)           0.460     0.970    clk_IBUF
    BUFGCE_X0Y55         BUFGCE (Prop_BUFCE_BUFGCE_I_O)
                                                      0.044     1.014 r  clk_IBUF_BUFG_inst/O
    X1Y2 (CLOCK_ROOT)    net (fo=454, routed)         1.556     2.570    u_p4/dsp_i/CLK
    DSP48E2_X6Y71        DSP_PREADD_DATA                              r  u_p4/dsp_i/DSP_PREADD_DATA_INST/CLK
  -------------------------------------------------------------------    -------------------
    DSP48E2_X6Y71        DSP_PREADD_DATA (Prop_DSP_PREADD_DATA_DSP48E2_CLK_A2A1[16])
                                                      0.482     3.052 r  u_p4/dsp_i/DSP_PREADD_DATA_INST/A2A1[16]
                         net (fo=1, routed)           0.000     3.052    u_p4/dsp_i/DSP_PREADD_DATA.A2A1<16>
    DSP48E2_X6Y71        DSP_MULTIPLIER (Prop_DSP_MULTIPLIER_DSP48E2_A2A1[16]_U[17])
                                                      0.700     3.752 r  u_p4/dsp_i/DSP_MULTIPLIER_INST/U[17]
                         net (fo=1, routed)           0.000     3.752    u_p4/dsp_i/DSP_MULTIPLIER.U<17>
    DSP48E2_X6Y71        DSP_M_DATA                                   r  u_p4/dsp_i/DSP_M_DATA_INST/U[17]
  -------------------------------------------------------------------    -------------------

                         (clock clk rise edge)        1.000     1.000 r  
    M6                                                0.000     1.000 r  clk (IN)
                         net (fo=0)                   0.000     1.000    clk_IBUF_inst/I
    M6                   INBUF (Prop_INBUF_HPIOB_M_PAD_O)
                                                      0.260     1.260 r  clk_IBUF_inst/INBUF_INST/O
                         net (fo=1, routed)           0.000     1.260    clk_IBUF_inst/OUT
    M6                   IBUFCTRL (Prop_IBUFCTRL_HPIOB_M_I_O)
                                                      0.000     1.260 r  clk_IBUF_inst/IBUFCTRL_INST/O
                         net (fo=1, routed)           0.360     1.620    clk_IBUF
    BUFGCE_X0Y55         BUFGCE (Prop_BUFCE_BUFGCE_I_O)
                                                      0.039     1.659 r  clk_IBUF_BUFG_inst/O
    X1Y2 (CLOCK_ROOT)    net (fo=454, routed)         1.365     3.024    u_p4/dsp_i/CLK
    DSP48E2_X6Y71        DSP_M_DATA                                   r  u_p4/dsp_i/DSP_M_DATA_INST/CLK
                         clock pessimism              0.524     3.548    
                         clock uncertainty           -0.035     3.513    
    DSP48E2_X6Y71        DSP_M_DATA (Setup_DSP_M_DATA_DSP48E2_CLK_U[17])
                                                      0.001     3.514    u_p4/dsp_i/DSP_M_DATA_INST
  -------------------------------------------------------------------
                         required time                          3.514    
                         arrival time                          -3.752    
  -------------------------------------------------------------------
                         slack                                 -0.238    

Slack (VIOLATED) :        -0.238ns  (required time - arrival time)
  Source:                 u_p4/dsp_i/DSP_PREADD_DATA_INST/CLK
                            (rising edge-triggered cell DSP_PREADD_DATA clocked by clk  {rise@0.000ns fall@0.500ns period=1.000ns})
  Destination:            u_p4/dsp_i/DSP_M_DATA_INST/U[18]
                            (rising edge-triggered cell DSP_M_DATA clocked by clk  {rise@0.000ns fall@0.500ns period=1.000ns})
  Path Group:             clk
  Path Type:              Setup (Max at Slow Process Corner)
  Requirement:            1.000ns  (clk rise@1.000ns - clk rise@0.000ns)
  Data Path Delay:        1.182ns  (logic 1.182ns (100.000%)  route 0.000ns (0.000%))
  Logic Levels:           1  (DSP_MULTIPLIER=1)
  Clock Path Skew:        -0.022ns (DCD - SCD + CPR)
    Destination Clock Delay (DCD):    2.024ns = ( 3.024 - 1.000 ) 
    Source Clock Delay      (SCD):    2.570ns
    Clock Pessimism Removal (CPR):    0.524ns
  Clock Uncertainty:      0.035ns  ((TSJ^2 + TIJ^2)^1/2 + DJ) / 2 + PE
    Total System Jitter     (TSJ):    0.071ns
    Total Input Jitter      (TIJ):    0.000ns
    Discrete Jitter          (DJ):    0.000ns
    Phase Error              (PE):    0.000ns
  Clock Net Delay (Source):      1.556ns (routing 0.246ns, distribution 1.310ns)
  Clock Net Delay (Destination): 1.365ns (routing 0.231ns, distribution 1.134ns)

    Location             Delay type                Incr(ns)  Path(ns)    Netlist Resource(s)
  -------------------------------------------------------------------    -------------------
                         (clock clk rise edge)        0.000     0.000 r  
    M6                                                0.000     0.000 r  clk (IN)
                         net (fo=0)                   0.000     0.000    clk_IBUF_inst/I
    M6                   INBUF (Prop_INBUF_HPIOB_M_PAD_O)
                                                      0.510     0.510 r  clk_IBUF_inst/INBUF_INST/O
                         net (fo=1, routed)           0.000     0.510    clk_IBUF_inst/OUT
    M6                   IBUFCTRL (Prop_IBUFCTRL_HPIOB_M_I_O)
                                                      0.000     0.510 r  clk_IBUF_inst/IBUFCTRL_INST/O
                         net (fo=1, routed)           0.460     0.970    clk_IBUF
    BUFGCE_X0Y55         BUFGCE (Prop_BUFCE_BUFGCE_I_O)
                                                      0.044     1.014 r  clk_IBUF_BUFG_inst/O
    X1Y2 (CLOCK_ROOT)    net (fo=454, routed)         1.556     2.570    u_p4/dsp_i/CLK
    DSP48E2_X6Y71        DSP_PREADD_DATA                              r  u_p4/dsp_i/DSP_PREADD_DATA_INST/CLK
  -------------------------------------------------------------------    -------------------
    DSP48E2_X6Y71        DSP_PREADD_DATA (Prop_DSP_PREADD_DATA_DSP48E2_CLK_A2A1[17])
                                                      0.482     3.052 r  u_p4/dsp_i/DSP_PREADD_DATA_INST/A2A1[17]
                         net (fo=1, routed)           0.000     3.052    u_p4/dsp_i/DSP_PREADD_DATA.A2A1<17>
    DSP48E2_X6Y71        DSP_MULTIPLIER (Prop_DSP_MULTIPLIER_DSP48E2_A2A1[17]_U[18])
                                                      0.700     3.752 r  u_p4/dsp_i/DSP_MULTIPLIER_INST/U[18]
                         net (fo=1, routed)           0.000     3.752    u_p4/dsp_i/DSP_MULTIPLIER.U<18>
    DSP48E2_X6Y71        DSP_M_DATA                                   r  u_p4/dsp_i/DSP_M_DATA_INST/U[18]
  -------------------------------------------------------------------    -------------------

                         (clock clk rise edge)        1.000     1.000 r  
    M6                                                0.000     1.000 r  clk (IN)
                         net (fo=0)                   0.000     1.000    clk_IBUF_inst/I
    M6                   INBUF (Prop_INBUF_HPIOB_M_PAD_O)
                                                      0.260     1.260 r  clk_IBUF_inst/INBUF_INST/O
                         net (fo=1, routed)           0.000     1.260    clk_IBUF_inst/OUT
    M6                   IBUFCTRL (Prop_IBUFCTRL_HPIOB_M_I_O)
                                                      0.000     1.260 r  clk_IBUF_inst/IBUFCTRL_INST/O
                         net (fo=1, routed)           0.360     1.620    clk_IBUF
    BUFGCE_X0Y55         BUFGCE (Prop_BUFCE_BUFGCE_I_O)
                                                      0.039     1.659 r  clk_IBUF_BUFG_inst/O
    X1Y2 (CLOCK_ROOT)    net (fo=454, routed)         1.365     3.024    u_p4/dsp_i/CLK
    DSP48E2_X6Y71        DSP_M_DATA                                   r  u_p4/dsp_i/DSP_M_DATA_INST/CLK
                         clock pessimism              0.524     3.548    
                         clock uncertainty           -0.035     3.513    
    DSP48E2_X6Y71        DSP_M_DATA (Setup_DSP_M_DATA_DSP48E2_CLK_U[18])
                                                      0.001     3.514    u_p4/dsp_i/DSP_M_DATA_INST
  -------------------------------------------------------------------
                         required time                          3.514    
                         arrival time                          -3.752    
  -------------------------------------------------------------------
                         slack                                 -0.238    

Slack (VIOLATED) :        -0.238ns  (required time - arrival time)
  Source:                 u_p4/dsp_i/DSP_PREADD_DATA_INST/CLK
                            (rising edge-triggered cell DSP_PREADD_DATA clocked by clk  {rise@0.000ns fall@0.500ns period=1.000ns})
  Destination:            u_p4/dsp_i/DSP_M_DATA_INST/U[19]
                            (rising edge-triggered cell DSP_M_DATA clocked by clk  {rise@0.000ns fall@0.500ns period=1.000ns})
  Path Group:             clk
  Path Type:              Setup (Max at Slow Process Corner)
  Requirement:            1.000ns  (clk rise@1.000ns - clk rise@0.000ns)
  Data Path Delay:        1.182ns  (logic 1.182ns (100.000%)  route 0.000ns (0.000%))
  Logic Levels:           1  (DSP_MULTIPLIER=1)
  Clock Path Skew:        -0.022ns (DCD - SCD + CPR)
    Destination Clock Delay (DCD):    2.024ns = ( 3.024 - 1.000 ) 
    Source Clock Delay      (SCD):    2.570ns
    Clock Pessimism Removal (CPR):    0.524ns
  Clock Uncertainty:      0.035ns  ((TSJ^2 + TIJ^2)^1/2 + DJ) / 2 + PE
    Total System Jitter     (TSJ):    0.071ns
    Total Input Jitter      (TIJ):    0.000ns
    Discrete Jitter          (DJ):    0.000ns
    Phase Error              (PE):    0.000ns
  Clock Net Delay (Source):      1.556ns (routing 0.246ns, distribution 1.310ns)
  Clock Net Delay (Destination): 1.365ns (routing 0.231ns, distribution 1.134ns)

    Location             Delay type                Incr(ns)  Path(ns)    Netlist Resource(s)
  -------------------------------------------------------------------    -------------------
                         (clock clk rise edge)        0.000     0.000 r  
    M6                                                0.000     0.000 r  clk (IN)
                         net (fo=0)                   0.000     0.000    clk_IBUF_inst/I
    M6                   INBUF (Prop_INBUF_HPIOB_M_PAD_O)
                                                      0.510     0.510 r  clk_IBUF_inst/INBUF_INST/O
                         net (fo=1, routed)           0.000     0.510    clk_IBUF_inst/OUT
    M6                   IBUFCTRL (Prop_IBUFCTRL_HPIOB_M_I_O)
                                                      0.000     0.510 r  clk_IBUF_inst/IBUFCTRL_INST/O
                         net (fo=1, routed)           0.460     0.970    clk_IBUF
    BUFGCE_X0Y55         BUFGCE (Prop_BUFCE_BUFGCE_I_O)
                                                      0.044     1.014 r  clk_IBUF_BUFG_inst/O
    X1Y2 (CLOCK_ROOT)    net (fo=454, routed)         1.556     2.570    u_p4/dsp_i/CLK
    DSP48E2_X6Y71        DSP_PREADD_DATA                              r  u_p4/dsp_i/DSP_PREADD_DATA_INST/CLK
  -------------------------------------------------------------------    -------------------
    DSP48E2_X6Y71        DSP_PREADD_DATA (Prop_DSP_PREADD_DATA_DSP48E2_CLK_A2A1[18])
                                                      0.482     3.052 r  u_p4/dsp_i/DSP_PREADD_DATA_INST/A2A1[18]
                         net (fo=1, routed)           0.000     3.052    u_p4/dsp_i/DSP_PREADD_DATA.A2A1<18>
    DSP48E2_X6Y71        DSP_MULTIPLIER (Prop_DSP_MULTIPLIER_DSP48E2_A2A1[18]_U[19])
                                                      0.700     3.752 r  u_p4/dsp_i/DSP_MULTIPLIER_INST/U[19]
                         net (fo=1, routed)           0.000     3.752    u_p4/dsp_i/DSP_MULTIPLIER.U<19>
    DSP48E2_X6Y71        DSP_M_DATA                                   r  u_p4/dsp_i/DSP_M_DATA_INST/U[19]
  -------------------------------------------------------------------    -------------------

                         (clock clk rise edge)        1.000     1.000 r  
    M6                                                0.000     1.000 r  clk (IN)
                         net (fo=0)                   0.000     1.000    clk_IBUF_inst/I
    M6                   INBUF (Prop_INBUF_HPIOB_M_PAD_O)
                                                      0.260     1.260 r  clk_IBUF_inst/INBUF_INST/O
                         net (fo=1, routed)           0.000     1.260    clk_IBUF_inst/OUT
    M6                   IBUFCTRL (Prop_IBUFCTRL_HPIOB_M_I_O)
                                                      0.000     1.260 r  clk_IBUF_inst/IBUFCTRL_INST/O
                         net (fo=1, routed)           0.360     1.620    clk_IBUF
    BUFGCE_X0Y55         BUFGCE (Prop_BUFCE_BUFGCE_I_O)
                                                      0.039     1.659 r  clk_IBUF_BUFG_inst/O
    X1Y2 (CLOCK_ROOT)    net (fo=454, routed)         1.365     3.024    u_p4/dsp_i/CLK
    DSP48E2_X6Y71        DSP_M_DATA                                   r  u_p4/dsp_i/DSP_M_DATA_INST/CLK
                         clock pessimism              0.524     3.548    
                         clock uncertainty           -0.035     3.513    
    DSP48E2_X6Y71        DSP_M_DATA (Setup_DSP_M_DATA_DSP48E2_CLK_U[19])
                                                      0.001     3.514    u_p4/dsp_i/DSP_M_DATA_INST
  -------------------------------------------------------------------
                         required time                          3.514    
                         arrival time                          -3.752    
  -------------------------------------------------------------------
                         slack                                 -0.238    





Min Delay Paths
--------------------------------------------------------------------------------------
Slack (MET) :             0.033ns  (arrival time - required time)
  Source:                 p1_2_reg[12]/C
                            (rising edge-triggered cell FDRE clocked by clk  {rise@0.000ns fall@0.500ns period=1.000ns})
  Destination:            p1_2_reg[12]_psdsp/D
                            (rising edge-triggered cell FDRE clocked by clk  {rise@0.000ns fall@0.500ns period=1.000ns})
  Path Group:             clk
  Path Type:              Hold (Min at Slow Process Corner)
  Requirement:            0.000ns  (clk rise@0.000ns - clk rise@0.000ns)
  Data Path Delay:        0.258ns  (logic 0.111ns (43.023%)  route 0.147ns (56.977%))
  Logic Levels:           0  
  Clock Path Skew:        0.122ns (DCD - SCD - CPR)
    Destination Clock Delay (DCD):    2.457ns
    Source Clock Delay      (SCD):    1.965ns
    Clock Pessimism Removal (CPR):    0.370ns
  Clock Net Delay (Source):      1.306ns (routing 0.231ns, distribution 1.075ns)
  Clock Net Delay (Destination): 1.443ns (routing 0.246ns, distribution 1.197ns)

    Location             Delay type                Incr(ns)  Path(ns)    Netlist Resource(s)
  -------------------------------------------------------------------    -------------------
                         (clock clk rise edge)        0.000     0.000 r  
    M6                                                0.000     0.000 r  clk (IN)
                         net (fo=0)                   0.000     0.000    clk_IBUF_inst/I
    M6                   INBUF (Prop_INBUF_HPIOB_M_PAD_O)
                                                      0.260     0.260 r  clk_IBUF_inst/INBUF_INST/O
                         net (fo=1, routed)           0.000     0.260    clk_IBUF_inst/OUT
    M6                   IBUFCTRL (Prop_IBUFCTRL_HPIOB_M_I_O)
                                                      0.000     0.260 r  clk_IBUF_inst/IBUFCTRL_INST/O
                         net (fo=1, routed)           0.360     0.620    clk_IBUF
    BUFGCE_X0Y55         BUFGCE (Prop_BUFCE_BUFGCE_I_O)
                                                      0.039     0.659 r  clk_IBUF_BUFG_inst/O
    X1Y2 (CLOCK_ROOT)    net (fo=454, routed)         1.306     1.965    clk_IBUF_BUFG
    SLICE_X24Y182        FDRE                                         r  p1_2_reg[12]/C
  -------------------------------------------------------------------    -------------------
    SLICE_X24Y182        FDRE (Prop_FFF_SLICEM_C_Q)
                                                      0.111     2.076 r  p1_2_reg[12]/Q
                         net (fo=1, routed)           0.147     2.223    p1_2[12]
    SLICE_X24Y176        FDRE                                         r  p1_2_reg[12]_psdsp/D
  -------------------------------------------------------------------    -------------------

                         (clock clk rise edge)        0.000     0.000 r  
    M6                                                0.000     0.000 r  clk (IN)
                         net (fo=0)                   0.000     0.000    clk_IBUF_inst/I
    M6                   INBUF (Prop_INBUF_HPIOB_M_PAD_O)
                                                      0.510     0.510 r  clk_IBUF_inst/INBUF_INST/O
                         net (fo=1, routed)           0.000     0.510    clk_IBUF_inst/OUT
    M6                   IBUFCTRL (Prop_IBUFCTRL_HPIOB_M_I_O)
                                                      0.000     0.510 r  clk_IBUF_inst/IBUFCTRL_INST/O
                         net (fo=1, routed)           0.460     0.970    clk_IBUF
    BUFGCE_X0Y55         BUFGCE (Prop_BUFCE_BUFGCE_I_O)
                                                      0.044     1.014 r  clk_IBUF_BUFG_inst/O
    X1Y2 (CLOCK_ROOT)    net (fo=454, routed)         1.443     2.457    clk_IBUF_BUFG
    SLICE_X24Y176        FDRE                                         r  p1_2_reg[12]_psdsp/C
                         clock pessimism             -0.370     2.087    
    SLICE_X24Y176        FDRE (Hold_HFF2_SLICEM_C_D)
                                                      0.103     2.190    p1_2_reg[12]_psdsp
  -------------------------------------------------------------------
                         required time                         -2.190    
                         arrival time                           2.223    
  -------------------------------------------------------------------
                         slack                                  0.033    

Slack (MET) :             0.042ns  (arrival time - required time)
  Source:                 u_delay_valid_p4/pipe_reg_r_12/C
                            (rising edge-triggered cell FDRE clocked by clk  {rise@0.000ns fall@0.500ns period=1.000ns})
  Destination:            u_delay_valid_p4/pipe_reg_r_13/D
                            (rising edge-triggered cell FDRE clocked by clk  {rise@0.000ns fall@0.500ns period=1.000ns})
  Path Group:             clk
  Path Type:              Hold (Min at Slow Process Corner)
  Requirement:            0.000ns  (clk rise@0.000ns - clk rise@0.000ns)
  Data Path Delay:        0.237ns  (logic 0.115ns (48.523%)  route 0.122ns (51.477%))
  Logic Levels:           0  
  Clock Path Skew:        0.092ns (DCD - SCD - CPR)
    Destination Clock Delay (DCD):    2.438ns
    Source Clock Delay      (SCD):    1.926ns
    Clock Pessimism Removal (CPR):    0.420ns
  Clock Net Delay (Source):      1.267ns (routing 0.231ns, distribution 1.036ns)
  Clock Net Delay (Destination): 1.424ns (routing 0.246ns, distribution 1.178ns)

    Location             Delay type                Incr(ns)  Path(ns)    Netlist Resource(s)
  -------------------------------------------------------------------    -------------------
                         (clock clk rise edge)        0.000     0.000 r  
    M6                                                0.000     0.000 r  clk (IN)
                         net (fo=0)                   0.000     0.000    clk_IBUF_inst/I
    M6                   INBUF (Prop_INBUF_HPIOB_M_PAD_O)
                                                      0.260     0.260 r  clk_IBUF_inst/INBUF_INST/O
                         net (fo=1, routed)           0.000     0.260    clk_IBUF_inst/OUT
    M6                   IBUFCTRL (Prop_IBUFCTRL_HPIOB_M_I_O)
                                                      0.000     0.260 r  clk_IBUF_inst/IBUFCTRL_INST/O
                         net (fo=1, routed)           0.360     0.620    clk_IBUF
    BUFGCE_X0Y55         BUFGCE (Prop_BUFCE_BUFGCE_I_O)
                                                      0.039     0.659 r  clk_IBUF_BUFG_inst/O
    X1Y2 (CLOCK_ROOT)    net (fo=454, routed)         1.267     1.926    u_delay_valid_p4/clk_IBUF_BUFG
    SLICE_X24Y172        FDRE                                         r  u_delay_valid_p4/pipe_reg_r_12/C
  -------------------------------------------------------------------    -------------------
    SLICE_X24Y172        FDRE (Prop_DFF2_SLICEM_C_Q)
                                                      0.115     2.041 r  u_delay_valid_p4/pipe_reg_r_12/Q
                         net (fo=1, routed)           0.122     2.163    u_delay_valid_p4/pipe_reg_r_12_n_0
    SLICE_X23Y173        FDRE                                         r  u_delay_valid_p4/pipe_reg_r_13/D
  -------------------------------------------------------------------    -------------------

                         (clock clk rise edge)        0.000     0.000 r  
    M6                                                0.000     0.000 r  clk (IN)
                         net (fo=0)                   0.000     0.000    clk_IBUF_inst/I
    M6                   INBUF (Prop_INBUF_HPIOB_M_PAD_O)
                                                      0.510     0.510 r  clk_IBUF_inst/INBUF_INST/O
                         net (fo=1, routed)           0.000     0.510    clk_IBUF_inst/OUT
    M6                   IBUFCTRL (Prop_IBUFCTRL_HPIOB_M_I_O)
                                                      0.000     0.510 r  clk_IBUF_inst/IBUFCTRL_INST/O
                         net (fo=1, routed)           0.460     0.970    clk_IBUF
    BUFGCE_X0Y55         BUFGCE (Prop_BUFCE_BUFGCE_I_O)
                                                      0.044     1.014 r  clk_IBUF_BUFG_inst/O
    X1Y2 (CLOCK_ROOT)    net (fo=454, routed)         1.424     2.438    u_delay_valid_p4/clk_IBUF_BUFG
    SLICE_X23Y173        FDRE                                         r  u_delay_valid_p4/pipe_reg_r_13/C
                         clock pessimism             -0.420     2.018    
    SLICE_X23Y173        FDRE (Hold_FFF2_SLICEL_C_D)
                                                      0.103     2.121    u_delay_valid_p4/pipe_reg_r_13
  -------------------------------------------------------------------
                         required time                         -2.121    
                         arrival time                           2.163    
  -------------------------------------------------------------------
                         slack                                  0.042    

Slack (MET) :             0.044ns  (arrival time - required time)
  Source:                 x_1_reg[8]/C
                            (rising edge-triggered cell FDRE clocked by clk  {rise@0.000ns fall@0.500ns period=1.000ns})
  Destination:            x_5_reg[8]_srl20___valid_4_reg_r/D
                            (rising edge-triggered cell SRLC32E clocked by clk  {rise@0.000ns fall@0.500ns period=1.000ns})
  Path Group:             clk
  Path Type:              Hold (Min at Slow Process Corner)
  Requirement:            0.000ns  (clk rise@0.000ns - clk rise@0.000ns)
  Data Path Delay:        0.238ns  (logic 0.111ns (46.579%)  route 0.127ns (53.421%))
  Logic Levels:           0  
  Clock Path Skew:        0.133ns (DCD - SCD - CPR)
    Destination Clock Delay (DCD):    2.477ns
    Source Clock Delay      (SCD):    1.924ns
    Clock Pessimism Removal (CPR):    0.420ns
  Clock Net Delay (Source):      1.265ns (routing 0.231ns, distribution 1.034ns)
  Clock Net Delay (Destination): 1.463ns (routing 0.246ns, distribution 1.217ns)

    Location             Delay type                Incr(ns)  Path(ns)    Netlist Resource(s)
  -------------------------------------------------------------------    -------------------
                         (clock clk rise edge)        0.000     0.000 r  
    M6                                                0.000     0.000 r  clk (IN)
                         net (fo=0)                   0.000     0.000    clk_IBUF_inst/I
    M6                   INBUF (Prop_INBUF_HPIOB_M_PAD_O)
                                                      0.260     0.260 r  clk_IBUF_inst/INBUF_INST/O
                         net (fo=1, routed)           0.000     0.260    clk_IBUF_inst/OUT
    M6                   IBUFCTRL (Prop_IBUFCTRL_HPIOB_M_I_O)
                                                      0.000     0.260 r  clk_IBUF_inst/IBUFCTRL_INST/O
                         net (fo=1, routed)           0.360     0.620    clk_IBUF
    BUFGCE_X0Y55         BUFGCE (Prop_BUFCE_BUFGCE_I_O)
                                                      0.039     0.659 r  clk_IBUF_BUFG_inst/O
    X1Y2 (CLOCK_ROOT)    net (fo=454, routed)         1.265     1.924    clk_IBUF_BUFG
    SLICE_X24Y167        FDRE                                         r  x_1_reg[8]/C
  -------------------------------------------------------------------    -------------------
    SLICE_X24Y167        FDRE (Prop_FFF_SLICEM_C_Q)
                                                      0.111     2.035 r  x_1_reg[8]/Q
                         net (fo=2, routed)           0.127     2.163    x_1[8]
    SLICE_X25Y168        SRLC32E                                      r  x_5_reg[8]_srl20___valid_4_reg_r/D
  -------------------------------------------------------------------    -------------------

                         (clock clk rise edge)        0.000     0.000 r  
    M6                                                0.000     0.000 r  clk (IN)
                         net (fo=0)                   0.000     0.000    clk_IBUF_inst/I
    M6                   INBUF (Prop_INBUF_HPIOB_M_PAD_O)
                                                      0.510     0.510 r  clk_IBUF_inst/INBUF_INST/O
                         net (fo=1, routed)           0.000     0.510    clk_IBUF_inst/OUT
    M6                   IBUFCTRL (Prop_IBUFCTRL_HPIOB_M_I_O)
                                                      0.000     0.510 r  clk_IBUF_inst/IBUFCTRL_INST/O
                         net (fo=1, routed)           0.460     0.970    clk_IBUF
    BUFGCE_X0Y55         BUFGCE (Prop_BUFCE_BUFGCE_I_O)
                                                      0.044     1.014 r  clk_IBUF_BUFG_inst/O
    X1Y2 (CLOCK_ROOT)    net (fo=454, routed)         1.463     2.477    clk_IBUF_BUFG
    SLICE_X25Y168        SRLC32E                                      r  x_5_reg[8]_srl20___valid_4_reg_r/CLK
                         clock pessimism             -0.420     2.057    
    SLICE_X25Y168        SRLC32E (Hold_G6LUT_SLICEM_CLK_D)
                                                      0.061     2.118    x_5_reg[8]_srl20___valid_4_reg_r
  -------------------------------------------------------------------
                         required time                         -2.118    
                         arrival time                           2.163    
  -------------------------------------------------------------------
                         slack                                  0.044    

Slack (MET) :             0.050ns  (arrival time - required time)
  Source:                 p1_2_reg[8]/C
                            (rising edge-triggered cell FDRE clocked by clk  {rise@0.000ns fall@0.500ns period=1.000ns})
  Destination:            p1_2_reg[8]_psdsp/D
                            (rising edge-triggered cell FDRE clocked by clk  {rise@0.000ns fall@0.500ns period=1.000ns})
  Path Group:             clk
  Path Type:              Hold (Min at Slow Process Corner)
  Requirement:            0.000ns  (clk rise@0.000ns - clk rise@0.000ns)
  Data Path Delay:        0.263ns  (logic 0.112ns (42.586%)  route 0.151ns (57.414%))
  Logic Levels:           0  
  Clock Path Skew:        0.111ns (DCD - SCD - CPR)
    Destination Clock Delay (DCD):    2.459ns
    Source Clock Delay      (SCD):    1.978ns
    Clock Pessimism Removal (CPR):    0.370ns
  Clock Net Delay (Source):      1.318ns (routing 0.231ns, distribution 1.087ns)
  Clock Net Delay (Destination): 1.445ns (routing 0.246ns, distribution 1.199ns)

    Location             Delay type                Incr(ns)  Path(ns)    Netlist Resource(s)
  -------------------------------------------------------------------    -------------------
                         (clock clk rise edge)        0.000     0.000 r  
    M6                                                0.000     0.000 r  clk (IN)
                         net (fo=0)                   0.000     0.000    clk_IBUF_inst/I
    M6                   INBUF (Prop_INBUF_HPIOB_M_PAD_O)
                                                      0.260     0.260 r  clk_IBUF_inst/INBUF_INST/O
                         net (fo=1, routed)           0.000     0.260    clk_IBUF_inst/OUT
    M6                   IBUFCTRL (Prop_IBUFCTRL_HPIOB_M_I_O)
                                                      0.000     0.260 r  clk_IBUF_inst/IBUFCTRL_INST/O
                         net (fo=1, routed)           0.360     0.620    clk_IBUF
    BUFGCE_X0Y55         BUFGCE (Prop_BUFCE_BUFGCE_I_O)
                                                      0.039     0.659 r  clk_IBUF_BUFG_inst/O
    X1Y2 (CLOCK_ROOT)    net (fo=454, routed)         1.318     1.978    clk_IBUF_BUFG
    SLICE_X24Y181        FDRE                                         r  p1_2_reg[8]/C
  -------------------------------------------------------------------    -------------------
    SLICE_X24Y181        FDRE (Prop_GFF_SLICEM_C_Q)
                                                      0.112     2.090 r  p1_2_reg[8]/Q
                         net (fo=1, routed)           0.151     2.241    p1_2[8]
    SLICE_X24Y176        FDRE                                         r  p1_2_reg[8]_psdsp/D
  -------------------------------------------------------------------    -------------------

                         (clock clk rise edge)        0.000     0.000 r  
    M6                                                0.000     0.000 r  clk (IN)
                         net (fo=0)                   0.000     0.000    clk_IBUF_inst/I
    M6                   INBUF (Prop_INBUF_HPIOB_M_PAD_O)
                                                      0.510     0.510 r  clk_IBUF_inst/INBUF_INST/O
                         net (fo=1, routed)           0.000     0.510    clk_IBUF_inst/OUT
    M6                   IBUFCTRL (Prop_IBUFCTRL_HPIOB_M_I_O)
                                                      0.000     0.510 r  clk_IBUF_inst/IBUFCTRL_INST/O
                         net (fo=1, routed)           0.460     0.970    clk_IBUF
    BUFGCE_X0Y55         BUFGCE (Prop_BUFCE_BUFGCE_I_O)
                                                      0.044     1.014 r  clk_IBUF_BUFG_inst/O
    X1Y2 (CLOCK_ROOT)    net (fo=454, routed)         1.445     2.459    clk_IBUF_BUFG
    SLICE_X24Y176        FDRE                                         r  p1_2_reg[8]_psdsp/C
                         clock pessimism             -0.370     2.089    
    SLICE_X24Y176        FDRE (Hold_CFF2_SLICEM_C_D)
                                                      0.102     2.191    p1_2_reg[8]_psdsp
  -------------------------------------------------------------------
                         required time                         -2.191    
                         arrival time                           2.241    
  -------------------------------------------------------------------
                         slack                                  0.050    

Slack (MET) :             0.050ns  (arrival time - required time)
  Source:                 x_squared_1_reg[5]/C
                            (rising edge-triggered cell FDRE clocked by clk  {rise@0.000ns fall@0.500ns period=1.000ns})
  Destination:            x_squared_1_reg[5]_psdsp_1/D
                            (rising edge-triggered cell FDRE clocked by clk  {rise@0.000ns fall@0.500ns period=1.000ns})
  Path Group:             clk
  Path Type:              Hold (Min at Slow Process Corner)
  Requirement:            0.000ns  (clk rise@0.000ns - clk rise@0.000ns)
  Data Path Delay:        0.349ns  (logic 0.112ns (32.128%)  route 0.237ns (67.872%))
  Logic Levels:           0  
  Clock Path Skew:        0.197ns (DCD - SCD - CPR)
    Destination Clock Delay (DCD):    2.492ns
    Source Clock Delay      (SCD):    1.925ns
    Clock Pessimism Removal (CPR):    0.370ns
  Clock Net Delay (Source):      1.266ns (routing 0.231ns, distribution 1.035ns)
  Clock Net Delay (Destination): 1.478ns (routing 0.246ns, distribution 1.232ns)

    Location             Delay type                Incr(ns)  Path(ns)    Netlist Resource(s)
  -------------------------------------------------------------------    -------------------
                         (clock clk rise edge)        0.000     0.000 r  
    M6                                                0.000     0.000 r  clk (IN)
                         net (fo=0)                   0.000     0.000    clk_IBUF_inst/I
    M6                   INBUF (Prop_INBUF_HPIOB_M_PAD_O)
                                                      0.260     0.260 r  clk_IBUF_inst/INBUF_INST/O
                         net (fo=1, routed)           0.000     0.260    clk_IBUF_inst/OUT
    M6                   IBUFCTRL (Prop_IBUFCTRL_HPIOB_M_I_O)
                                                      0.000     0.260 r  clk_IBUF_inst/IBUFCTRL_INST/O
                         net (fo=1, routed)           0.360     0.620    clk_IBUF
    BUFGCE_X0Y55         BUFGCE (Prop_BUFCE_BUFGCE_I_O)
                                                      0.039     0.659 r  clk_IBUF_BUFG_inst/O
    X1Y2 (CLOCK_ROOT)    net (fo=454, routed)         1.266     1.925    clk_IBUF_BUFG
    SLICE_X24Y169        FDRE                                         r  x_squared_1_reg[5]/C
  -------------------------------------------------------------------    -------------------
    SLICE_X24Y169        FDRE (Prop_EFF_SLICEM_C_Q)
                                                      0.112     2.037 r  x_squared_1_reg[5]/Q
                         net (fo=3, routed)           0.237     2.274    x_squared_1[5]
    SLICE_X24Y180        FDRE                                         r  x_squared_1_reg[5]_psdsp_1/D
  -------------------------------------------------------------------    -------------------

                         (clock clk rise edge)        0.000     0.000 r  
    M6                                                0.000     0.000 r  clk (IN)
                         net (fo=0)                   0.000     0.000    clk_IBUF_inst/I
    M6                   INBUF (Prop_INBUF_HPIOB_M_PAD_O)
                                                      0.510     0.510 r  clk_IBUF_inst/INBUF_INST/O
                         net (fo=1, routed)           0.000     0.510    clk_IBUF_inst/OUT
    M6                   IBUFCTRL (Prop_IBUFCTRL_HPIOB_M_I_O)
                                                      0.000     0.510 r  clk_IBUF_inst/IBUFCTRL_INST/O
                         net (fo=1, routed)           0.460     0.970    clk_IBUF
    BUFGCE_X0Y55         BUFGCE (Prop_BUFCE_BUFGCE_I_O)
                                                      0.044     1.014 r  clk_IBUF_BUFG_inst/O
    X1Y2 (CLOCK_ROOT)    net (fo=454, routed)         1.478     2.492    clk_IBUF_BUFG
    SLICE_X24Y180        FDRE                                         r  x_squared_1_reg[5]_psdsp_1/C
                         clock pessimism             -0.370     2.123    
    SLICE_X24Y180        FDRE (Hold_BFF_SLICEM_C_D)
                                                      0.101     2.224    x_squared_1_reg[5]_psdsp_1
  -------------------------------------------------------------------
                         required time                         -2.224    
                         arrival time                           2.274    
  -------------------------------------------------------------------
                         slack                                  0.050    

Slack (MET) :             0.057ns  (arrival time - required time)
  Source:                 x_squared_1_reg[13]/C
                            (rising edge-triggered cell FDRE clocked by clk  {rise@0.000ns fall@0.500ns period=1.000ns})
  Destination:            x_squared_1_reg[13]_psdsp/D
                            (rising edge-triggered cell FDRE clocked by clk  {rise@0.000ns fall@0.500ns period=1.000ns})
  Path Group:             clk
  Path Type:              Hold (Min at Slow Process Corner)
  Requirement:            0.000ns  (clk rise@0.000ns - clk rise@0.000ns)
  Data Path Delay:        0.217ns  (logic 0.111ns (51.074%)  route 0.106ns (48.925%))
  Logic Levels:           0  
  Clock Path Skew:        0.058ns (DCD - SCD - CPR)
    Destination Clock Delay (DCD):    2.456ns
    Source Clock Delay      (SCD):    1.924ns
    Clock Pessimism Removal (CPR):    0.474ns
  Clock Net Delay (Source):      1.265ns (routing 0.231ns, distribution 1.034ns)
  Clock Net Delay (Destination): 1.442ns (routing 0.246ns, distribution 1.196ns)

    Location             Delay type                Incr(ns)  Path(ns)    Netlist Resource(s)
  -------------------------------------------------------------------    -------------------
                         (clock clk rise edge)        0.000     0.000 r  
    M6                                                0.000     0.000 r  clk (IN)
                         net (fo=0)                   0.000     0.000    clk_IBUF_inst/I
    M6                   INBUF (Prop_INBUF_HPIOB_M_PAD_O)
                                                      0.260     0.260 r  clk_IBUF_inst/INBUF_INST/O
                         net (fo=1, routed)           0.000     0.260    clk_IBUF_inst/OUT
    M6                   IBUFCTRL (Prop_IBUFCTRL_HPIOB_M_I_O)
                                                      0.000     0.260 r  clk_IBUF_inst/IBUFCTRL_INST/O
                         net (fo=1, routed)           0.360     0.620    clk_IBUF
    BUFGCE_X0Y55         BUFGCE (Prop_BUFCE_BUFGCE_I_O)
                                                      0.039     0.659 r  clk_IBUF_BUFG_inst/O
    X1Y2 (CLOCK_ROOT)    net (fo=454, routed)         1.265     1.924    clk_IBUF_BUFG
    SLICE_X24Y167        FDRE                                         r  x_squared_1_reg[13]/C
  -------------------------------------------------------------------    -------------------
    SLICE_X24Y167        FDRE (Prop_BFF_SLICEM_C_Q)
                                                      0.111     2.035 r  x_squared_1_reg[13]/Q
                         net (fo=3, routed)           0.106     2.142    x_squared_1[13]
    SLICE_X24Y168        FDRE                                         r  x_squared_1_reg[13]_psdsp/D
  -------------------------------------------------------------------    -------------------

                         (clock clk rise edge)        0.000     0.000 r  
    M6                                                0.000     0.000 r  clk (IN)
                         net (fo=0)                   0.000     0.000    clk_IBUF_inst/I
    M6                   INBUF (Prop_INBUF_HPIOB_M_PAD_O)
                                                      0.510     0.510 r  clk_IBUF_inst/INBUF_INST/O
                         net (fo=1, routed)           0.000     0.510    clk_IBUF_inst/OUT
    M6                   IBUFCTRL (Prop_IBUFCTRL_HPIOB_M_I_O)
                                                      0.000     0.510 r  clk_IBUF_inst/IBUFCTRL_INST/O
                         net (fo=1, routed)           0.460     0.970    clk_IBUF
    BUFGCE_X0Y55         BUFGCE (Prop_BUFCE_BUFGCE_I_O)
                                                      0.044     1.014 r  clk_IBUF_BUFG_inst/O
    X1Y2 (CLOCK_ROOT)    net (fo=454, routed)         1.442     2.456    clk_IBUF_BUFG
    SLICE_X24Y168        FDRE                                         r  x_squared_1_reg[13]_psdsp/C
                         clock pessimism             -0.474     1.982    
    SLICE_X24Y168        FDRE (Hold_AFF2_SLICEM_C_D)
                                                      0.102     2.084    x_squared_1_reg[13]_psdsp
  -------------------------------------------------------------------
                         required time                         -2.084    
                         arrival time                           2.142    
  -------------------------------------------------------------------
                         slack                                  0.057    

Slack (MET) :             0.059ns  (arrival time - required time)
  Source:                 x_1_reg[4]/C
                            (rising edge-triggered cell FDRE clocked by clk  {rise@0.000ns fall@0.500ns period=1.000ns})
  Destination:            x_5_reg[4]_srl20___valid_4_reg_r/D
                            (rising edge-triggered cell SRLC32E clocked by clk  {rise@0.000ns fall@0.500ns period=1.000ns})
  Path Group:             clk
  Path Type:              Hold (Min at Fast Process Corner)
  Requirement:            0.000ns  (clk rise@0.000ns - clk rise@0.000ns)
  Data Path Delay:        0.183ns  (logic 0.082ns (44.918%)  route 0.101ns (55.082%))
  Logic Levels:           0  
  Clock Path Skew:        0.087ns (DCD - SCD - CPR)
    Destination Clock Delay (DCD):    1.579ns
    Source Clock Delay      (SCD):    1.141ns
    Clock Pessimism Removal (CPR):    0.351ns
  Clock Net Delay (Source):      0.747ns (routing 0.126ns, distribution 0.621ns)
  Clock Net Delay (Destination): 0.861ns (routing 0.133ns, distribution 0.728ns)

    Location             Delay type                Incr(ns)  Path(ns)    Netlist Resource(s)
  -------------------------------------------------------------------    -------------------
                         (clock clk rise edge)        0.000     0.000 r  
    M6                                                0.000     0.000 r  clk (IN)
                         net (fo=0)                   0.000     0.000    clk_IBUF_inst/I
    M6                   INBUF (Prop_INBUF_HPIOB_M_PAD_O)
                                                      0.145     0.145 r  clk_IBUF_inst/INBUF_INST/O
                         net (fo=1, routed)           0.000     0.145    clk_IBUF_inst/OUT
    M6                   IBUFCTRL (Prop_IBUFCTRL_HPIOB_M_I_O)
                                                      0.000     0.145 r  clk_IBUF_inst/IBUFCTRL_INST/O
                         net (fo=1, routed)           0.226     0.371    clk_IBUF
    BUFGCE_X0Y55         BUFGCE (Prop_BUFCE_BUFGCE_I_O)
                                                      0.023     0.394 r  clk_IBUF_BUFG_inst/O
    X1Y2 (CLOCK_ROOT)    net (fo=454, routed)         0.747     1.141    clk_IBUF_BUFG
    SLICE_X24Y165        FDRE                                         r  x_1_reg[4]/C
  -------------------------------------------------------------------    -------------------
    SLICE_X24Y165        FDRE (Prop_FFF_SLICEM_C_Q)
                                                      0.082     1.223 r  x_1_reg[4]/Q
                         net (fo=2, routed)           0.101     1.323    x_1[4]
    SLICE_X25Y168        SRLC32E                                      r  x_5_reg[4]_srl20___valid_4_reg_r/D
  -------------------------------------------------------------------    -------------------

                         (clock clk rise edge)        0.000     0.000 r  
    M6                                                0.000     0.000 r  clk (IN)
                         net (fo=0)                   0.000     0.000    clk_IBUF_inst/I
    M6                   INBUF (Prop_INBUF_HPIOB_M_PAD_O)
                                                      0.330     0.330 r  clk_IBUF_inst/INBUF_INST/O
                         net (fo=1, routed)           0.000     0.330    clk_IBUF_inst/OUT
    M6                   IBUFCTRL (Prop_IBUFCTRL_HPIOB_M_I_O)
                                                      0.000     0.330 r  clk_IBUF_inst/IBUFCTRL_INST/O
                         net (fo=1, routed)           0.362     0.692    clk_IBUF
    BUFGCE_X0Y55         BUFGCE (Prop_BUFCE_BUFGCE_I_O)
                                                      0.026     0.718 r  clk_IBUF_BUFG_inst/O
    X1Y2 (CLOCK_ROOT)    net (fo=454, routed)         0.861     1.579    clk_IBUF_BUFG
    SLICE_X25Y168        SRLC32E                                      r  x_5_reg[4]_srl20___valid_4_reg_r/CLK
                         clock pessimism             -0.351     1.228    
    SLICE_X25Y168        SRLC32E (Hold_E6LUT_SLICEM_CLK_D)
                                                      0.036     1.264    x_5_reg[4]_srl20___valid_4_reg_r
  -------------------------------------------------------------------
                         required time                         -1.264    
                         arrival time                           1.323    
  -------------------------------------------------------------------
                         slack                                  0.059    

Slack (MET) :             0.070ns  (arrival time - required time)
  Source:                 p1_2_reg[3]/C
                            (rising edge-triggered cell FDRE clocked by clk  {rise@0.000ns fall@0.500ns period=1.000ns})
  Destination:            p1_2_reg[3]_psdsp/D
                            (rising edge-triggered cell FDRE clocked by clk  {rise@0.000ns fall@0.500ns period=1.000ns})
  Path Group:             clk
  Path Type:              Hold (Min at Slow Process Corner)
  Requirement:            0.000ns  (clk rise@0.000ns - clk rise@0.000ns)
  Data Path Delay:        0.266ns  (logic 0.111ns (41.729%)  route 0.155ns (58.271%))
  Logic Levels:           0  
  Clock Path Skew:        0.094ns (DCD - SCD - CPR)
    Destination Clock Delay (DCD):    2.442ns
    Source Clock Delay      (SCD):    1.978ns
    Clock Pessimism Removal (CPR):    0.370ns
  Clock Net Delay (Source):      1.318ns (routing 0.231ns, distribution 1.087ns)
  Clock Net Delay (Destination): 1.428ns (routing 0.246ns, distribution 1.182ns)

    Location             Delay type                Incr(ns)  Path(ns)    Netlist Resource(s)
  -------------------------------------------------------------------    -------------------
                         (clock clk rise edge)        0.000     0.000 r  
    M6                                                0.000     0.000 r  clk (IN)
                         net (fo=0)                   0.000     0.000    clk_IBUF_inst/I
    M6                   INBUF (Prop_INBUF_HPIOB_M_PAD_O)
                                                      0.260     0.260 r  clk_IBUF_inst/INBUF_INST/O
                         net (fo=1, routed)           0.000     0.260    clk_IBUF_inst/OUT
    M6                   IBUFCTRL (Prop_IBUFCTRL_HPIOB_M_I_O)
                                                      0.000     0.260 r  clk_IBUF_inst/IBUFCTRL_INST/O
                         net (fo=1, routed)           0.360     0.620    clk_IBUF
    BUFGCE_X0Y55         BUFGCE (Prop_BUFCE_BUFGCE_I_O)
                                                      0.039     0.659 r  clk_IBUF_BUFG_inst/O
    X1Y2 (CLOCK_ROOT)    net (fo=454, routed)         1.318     1.978    clk_IBUF_BUFG
    SLICE_X24Y181        FDRE                                         r  p1_2_reg[3]/C
  -------------------------------------------------------------------    -------------------
    SLICE_X24Y181        FDRE (Prop_FFF_SLICEM_C_Q)
                                                      0.111     2.089 r  p1_2_reg[3]/Q
                         net (fo=1, routed)           0.155     2.244    p1_2[3]
    SLICE_X24Y175        FDRE                                         r  p1_2_reg[3]_psdsp/D
  -------------------------------------------------------------------    -------------------

                         (clock clk rise edge)        0.000     0.000 r  
    M6                                                0.000     0.000 r  clk (IN)
                         net (fo=0)                   0.000     0.000    clk_IBUF_inst/I
    M6                   INBUF (Prop_INBUF_HPIOB_M_PAD_O)
                                                      0.510     0.510 r  clk_IBUF_inst/INBUF_INST/O
                         net (fo=1, routed)           0.000     0.510    clk_IBUF_inst/OUT
    M6                   IBUFCTRL (Prop_IBUFCTRL_HPIOB_M_I_O)
                                                      0.000     0.510 r  clk_IBUF_inst/IBUFCTRL_INST/O
                         net (fo=1, routed)           0.460     0.970    clk_IBUF
    BUFGCE_X0Y55         BUFGCE (Prop_BUFCE_BUFGCE_I_O)
                                                      0.044     1.014 r  clk_IBUF_BUFG_inst/O
    X1Y2 (CLOCK_ROOT)    net (fo=454, routed)         1.428     2.442    clk_IBUF_BUFG
    SLICE_X24Y175        FDRE                                         r  p1_2_reg[3]_psdsp/C
                         clock pessimism             -0.370     2.072    
    SLICE_X24Y175        FDRE (Hold_GFF2_SLICEM_C_D)
                                                      0.102     2.174    p1_2_reg[3]_psdsp
  -------------------------------------------------------------------
                         required time                         -2.174    
                         arrival time                           2.244    
  -------------------------------------------------------------------
                         slack                                  0.070    

Slack (MET) :             0.071ns  (arrival time - required time)
  Source:                 x_1_reg[7]/C
                            (rising edge-triggered cell FDRE clocked by clk  {rise@0.000ns fall@0.500ns period=1.000ns})
  Destination:            x_5_reg[7]_srl20___valid_4_reg_r/D
                            (rising edge-triggered cell SRLC32E clocked by clk  {rise@0.000ns fall@0.500ns period=1.000ns})
  Path Group:             clk
  Path Type:              Hold (Min at Fast Process Corner)
  Requirement:            0.000ns  (clk rise@0.000ns - clk rise@0.000ns)
  Data Path Delay:        0.187ns  (logic 0.083ns (44.472%)  route 0.104ns (55.528%))
  Logic Levels:           0  
  Clock Path Skew:        0.059ns (DCD - SCD - CPR)
    Destination Clock Delay (DCD):    1.576ns
    Source Clock Delay      (SCD):    1.141ns
    Clock Pessimism Removal (CPR):    0.376ns
  Clock Net Delay (Source):      0.747ns (routing 0.126ns, distribution 0.621ns)
  Clock Net Delay (Destination): 0.858ns (routing 0.133ns, distribution 0.725ns)

    Location             Delay type                Incr(ns)  Path(ns)    Netlist Resource(s)
  -------------------------------------------------------------------    -------------------
                         (clock clk rise edge)        0.000     0.000 r  
    M6                                                0.000     0.000 r  clk (IN)
                         net (fo=0)                   0.000     0.000    clk_IBUF_inst/I
    M6                   INBUF (Prop_INBUF_HPIOB_M_PAD_O)
                                                      0.145     0.145 r  clk_IBUF_inst/INBUF_INST/O
                         net (fo=1, routed)           0.000     0.145    clk_IBUF_inst/OUT
    M6                   IBUFCTRL (Prop_IBUFCTRL_HPIOB_M_I_O)
                                                      0.000     0.145 r  clk_IBUF_inst/IBUFCTRL_INST/O
                         net (fo=1, routed)           0.226     0.371    clk_IBUF
    BUFGCE_X0Y55         BUFGCE (Prop_BUFCE_BUFGCE_I_O)
                                                      0.023     0.394 r  clk_IBUF_BUFG_inst/O
    X1Y2 (CLOCK_ROOT)    net (fo=454, routed)         0.747     1.141    clk_IBUF_BUFG
    SLICE_X24Y165        FDRE                                         r  x_1_reg[7]/C
  -------------------------------------------------------------------    -------------------
    SLICE_X24Y165        FDRE (Prop_GFF_SLICEM_C_Q)
                                                      0.083     1.224 r  x_1_reg[7]/Q
                         net (fo=2, routed)           0.104     1.327    x_1[7]
    SLICE_X24Y168        SRLC32E                                      r  x_5_reg[7]_srl20___valid_4_reg_r/D
  -------------------------------------------------------------------    -------------------

                         (clock clk rise edge)        0.000     0.000 r  
    M6                                                0.000     0.000 r  clk (IN)
                         net (fo=0)                   0.000     0.000    clk_IBUF_inst/I
    M6                   INBUF (Prop_INBUF_HPIOB_M_PAD_O)
                                                      0.330     0.330 r  clk_IBUF_inst/INBUF_INST/O
                         net (fo=1, routed)           0.000     0.330    clk_IBUF_inst/OUT
    M6                   IBUFCTRL (Prop_IBUFCTRL_HPIOB_M_I_O)
                                                      0.000     0.330 r  clk_IBUF_inst/IBUFCTRL_INST/O
                         net (fo=1, routed)           0.362     0.692    clk_IBUF
    BUFGCE_X0Y55         BUFGCE (Prop_BUFCE_BUFGCE_I_O)
                                                      0.026     0.718 r  clk_IBUF_BUFG_inst/O
    X1Y2 (CLOCK_ROOT)    net (fo=454, routed)         0.858     1.576    clk_IBUF_BUFG
    SLICE_X24Y168        SRLC32E                                      r  x_5_reg[7]_srl20___valid_4_reg_r/CLK
                         clock pessimism             -0.376     1.200    
    SLICE_X24Y168        SRLC32E (Hold_H6LUT_SLICEM_CLK_D)
                                                      0.057     1.257    x_5_reg[7]_srl20___valid_4_reg_r
  -------------------------------------------------------------------
                         required time                         -1.257    
                         arrival time                           1.327    
  -------------------------------------------------------------------
                         slack                                  0.071    

Slack (MET) :             0.071ns  (arrival time - required time)
  Source:                 valid_2_reg_r/C
                            (rising edge-triggered cell FDRE clocked by clk  {rise@0.000ns fall@0.500ns period=1.000ns})
  Destination:            u_delay_valid_p2/pipe_reg_r/D
                            (rising edge-triggered cell FDRE clocked by clk  {rise@0.000ns fall@0.500ns period=1.000ns})
  Path Group:             clk
  Path Type:              Hold (Min at Slow Process Corner)
  Requirement:            0.000ns  (clk rise@0.000ns - clk rise@0.000ns)
  Data Path Delay:        0.185ns  (logic 0.112ns (60.541%)  route 0.073ns (39.459%))
  Logic Levels:           0  
  Clock Path Skew:        0.013ns (DCD - SCD - CPR)
    Destination Clock Delay (DCD):    2.436ns
    Source Clock Delay      (SCD):    1.920ns
    Clock Pessimism Removal (CPR):    0.503ns
  Clock Net Delay (Source):      1.261ns (routing 0.231ns, distribution 1.030ns)
  Clock Net Delay (Destination): 1.422ns (routing 0.246ns, distribution 1.176ns)

    Location             Delay type                Incr(ns)  Path(ns)    Netlist Resource(s)
  -------------------------------------------------------------------    -------------------
                         (clock clk rise edge)        0.000     0.000 r  
    M6                                                0.000     0.000 r  clk (IN)
                         net (fo=0)                   0.000     0.000    clk_IBUF_inst/I
    M6                   INBUF (Prop_INBUF_HPIOB_M_PAD_O)
                                                      0.260     0.260 r  clk_IBUF_inst/INBUF_INST/O
                         net (fo=1, routed)           0.000     0.260    clk_IBUF_inst/OUT
    M6                   IBUFCTRL (Prop_IBUFCTRL_HPIOB_M_I_O)
                                                      0.000     0.260 r  clk_IBUF_inst/IBUFCTRL_INST/O
                         net (fo=1, routed)           0.360     0.620    clk_IBUF
    BUFGCE_X0Y55         BUFGCE (Prop_BUFCE_BUFGCE_I_O)
                                                      0.039     0.659 r  clk_IBUF_BUFG_inst/O
    X1Y2 (CLOCK_ROOT)    net (fo=454, routed)         1.261     1.920    clk_IBUF_BUFG
    SLICE_X23Y169        FDRE                                         r  valid_2_reg_r/C
  -------------------------------------------------------------------    -------------------
    SLICE_X23Y169        FDRE (Prop_FFF_SLICEL_C_Q)
                                                      0.112     2.032 r  valid_2_reg_r/Q
                         net (fo=1, routed)           0.073     2.105    u_delay_valid_p2/pipe_reg_r_0
    SLICE_X23Y169        FDRE                                         r  u_delay_valid_p2/pipe_reg_r/D
  -------------------------------------------------------------------    -------------------

                         (clock clk rise edge)        0.000     0.000 r  
    M6                                                0.000     0.000 r  clk (IN)
                         net (fo=0)                   0.000     0.000    clk_IBUF_inst/I
    M6                   INBUF (Prop_INBUF_HPIOB_M_PAD_O)
                                                      0.510     0.510 r  clk_IBUF_inst/INBUF_INST/O
                         net (fo=1, routed)           0.000     0.510    clk_IBUF_inst/OUT
    M6                   IBUFCTRL (Prop_IBUFCTRL_HPIOB_M_I_O)
                                                      0.000     0.510 r  clk_IBUF_inst/IBUFCTRL_INST/O
                         net (fo=1, routed)           0.460     0.970    clk_IBUF
    BUFGCE_X0Y55         BUFGCE (Prop_BUFCE_BUFGCE_I_O)
                                                      0.044     1.014 r  clk_IBUF_BUFG_inst/O
    X1Y2 (CLOCK_ROOT)    net (fo=454, routed)         1.422     2.436    u_delay_valid_p2/clk_IBUF_BUFG
    SLICE_X23Y169        FDRE                                         r  u_delay_valid_p2/pipe_reg_r/C
                         clock pessimism             -0.503     1.933    
    SLICE_X23Y169        FDRE (Hold_EFF_SLICEL_C_D)
                                                      0.101     2.034    u_delay_valid_p2/pipe_reg_r
  -------------------------------------------------------------------
                         required time                         -2.034    
                         arrival time                           2.105    
  -------------------------------------------------------------------
                         slack                                  0.071    





Pulse Width Checks
--------------------------------------------------------------------------------------
Clock Name:         clk
Waveform(ns):       { 0.000 0.500 }
Period(ns):         1.000
Sources:            { clk }

Check Type        Corner  Lib Pin      Reference Pin  Required(ns)  Actual(ns)  Slack(ns)  Location       Pin
Min Period        n/a     SRLC32E/CLK  n/a            1.524         1.000       -0.524     SLICE_X25Y168  x_5_reg[0]_srl20___valid_4_reg_r/CLK
Min Period        n/a     SRLC32E/CLK  n/a            1.524         1.000       -0.524     SLICE_X24Y171  x_5_reg[10]_srl20___valid_4_reg_r/CLK
Min Period        n/a     SRLC32E/CLK  n/a            1.524         1.000       -0.524     SLICE_X24Y168  x_5_reg[11]_srl20___valid_4_reg_r/CLK
Min Period        n/a     SRLC32E/CLK  n/a            1.524         1.000       -0.524     SLICE_X24Y168  x_5_reg[12]_srl20___valid_4_reg_r/CLK
Min Period        n/a     SRLC32E/CLK  n/a            1.524         1.000       -0.524     SLICE_X25Y168  x_5_reg[13]_srl20___valid_4_reg_r/CLK
Min Period        n/a     SRLC32E/CLK  n/a            1.524         1.000       -0.524     SLICE_X25Y168  x_5_reg[1]_srl20___valid_4_reg_r/CLK
Min Period        n/a     SRLC32E/CLK  n/a            1.524         1.000       -0.524     SLICE_X24Y164  x_5_reg[2]_srl20___valid_4_reg_r/CLK
Min Period        n/a     SRLC32E/CLK  n/a            1.524         1.000       -0.524     SLICE_X25Y168  x_5_reg[3]_srl20___valid_4_reg_r/CLK
Min Period        n/a     SRLC32E/CLK  n/a            1.524         1.000       -0.524     SLICE_X25Y168  x_5_reg[4]_srl20___valid_4_reg_r/CLK
Min Period        n/a     SRLC32E/CLK  n/a            1.524         1.000       -0.524     SLICE_X24Y171  x_5_reg[5]_srl20___valid_4_reg_r/CLK
Low Pulse Width   Slow    SRLC32E/CLK  n/a            0.762         0.500       -0.262     SLICE_X25Y168  x_5_reg[0]_srl20___valid_4_reg_r/CLK
Low Pulse Width   Fast    SRLC32E/CLK  n/a            0.762         0.500       -0.262     SLICE_X25Y168  x_5_reg[0]_srl20___valid_4_reg_r/CLK
Low Pulse Width   Slow    SRLC32E/CLK  n/a            0.762         0.500       -0.262     SLICE_X24Y171  x_5_reg[10]_srl20___valid_4_reg_r/CLK
Low Pulse Width   Fast    SRLC32E/CLK  n/a            0.762         0.500       -0.262     SLICE_X24Y171  x_5_reg[10]_srl20___valid_4_reg_r/CLK
Low Pulse Width   Slow    SRLC32E/CLK  n/a            0.762         0.500       -0.262     SLICE_X24Y168  x_5_reg[11]_srl20___valid_4_reg_r/CLK
Low Pulse Width   Fast    SRLC32E/CLK  n/a            0.762         0.500       -0.262     SLICE_X24Y168  x_5_reg[11]_srl20___valid_4_reg_r/CLK
Low Pulse Width   Slow    SRLC32E/CLK  n/a            0.762         0.500       -0.262     SLICE_X24Y168  x_5_reg[12]_srl20___valid_4_reg_r/CLK
Low Pulse Width   Fast    SRLC32E/CLK  n/a            0.762         0.500       -0.262     SLICE_X24Y168  x_5_reg[12]_srl20___valid_4_reg_r/CLK
Low Pulse Width   Slow    SRLC32E/CLK  n/a            0.762         0.500       -0.262     SLICE_X25Y168  x_5_reg[13]_srl20___valid_4_reg_r/CLK
Low Pulse Width   Fast    SRLC32E/CLK  n/a            0.762         0.500       -0.262     SLICE_X25Y168  x_5_reg[13]_srl20___valid_4_reg_r/CLK
High Pulse Width  Slow    SRLC32E/CLK  n/a            0.762         0.500       -0.262     SLICE_X25Y168  x_5_reg[0]_srl20___valid_4_reg_r/CLK
High Pulse Width  Fast    SRLC32E/CLK  n/a            0.762         0.500       -0.262     SLICE_X25Y168  x_5_reg[0]_srl20___valid_4_reg_r/CLK
High Pulse Width  Slow    SRLC32E/CLK  n/a            0.762         0.500       -0.262     SLICE_X24Y171  x_5_reg[10]_srl20___valid_4_reg_r/CLK
High Pulse Width  Fast    SRLC32E/CLK  n/a            0.762         0.500       -0.262     SLICE_X24Y171  x_5_reg[10]_srl20___valid_4_reg_r/CLK
High Pulse Width  Slow    SRLC32E/CLK  n/a            0.762         0.500       -0.262     SLICE_X24Y168  x_5_reg[11]_srl20___valid_4_reg_r/CLK
High Pulse Width  Fast    SRLC32E/CLK  n/a            0.762         0.500       -0.262     SLICE_X24Y168  x_5_reg[11]_srl20___valid_4_reg_r/CLK
High Pulse Width  Slow    SRLC32E/CLK  n/a            0.762         0.500       -0.262     SLICE_X24Y168  x_5_reg[12]_srl20___valid_4_reg_r/CLK
High Pulse Width  Fast    SRLC32E/CLK  n/a            0.762         0.500       -0.262     SLICE_X24Y168  x_5_reg[12]_srl20___valid_4_reg_r/CLK
High Pulse Width  Slow    SRLC32E/CLK  n/a            0.762         0.500       -0.262     SLICE_X25Y168  x_5_reg[13]_srl20___valid_4_reg_r/CLK
High Pulse Width  Fast    SRLC32E/CLK  n/a            0.762         0.500       -0.262     SLICE_X25Y168  x_5_reg[13]_srl20___valid_4_reg_r/CLK



--------------------------------------------------------------------------------------
Path Group:  (none)
From Clock:  
  To Clock:  

Max Delay             1 Endpoint
Min Delay             1 Endpoint
--------------------------------------------------------------------------------------


Max Delay Paths
--------------------------------------------------------------------------------------
Slack:                    inf
  Source:                 i_ready
                            (input port)
  Destination:            o_ready
                            (output port)
  Path Group:             (none)
  Path Type:              Max at Slow Process Corner
  Data Path Delay:        4.011ns  (logic 1.468ns (36.608%)  route 2.543ns (63.392%))
  Logic Levels:           3  (IBUFCTRL=1 INBUF=1 OBUF=1)

    Location             Delay type                Incr(ns)  Path(ns)    Netlist Resource(s)
  -------------------------------------------------------------------    -------------------
    B4                                                0.000     0.000 r  i_ready (IN)
                         net (fo=0)                   0.000     0.000    i_ready_IBUF_inst/I
    B4                   INBUF (Prop_INBUF_HPIOB_M_PAD_O)
                                                      0.557     0.557 r  i_ready_IBUF_inst/INBUF_INST/O
                         net (fo=1, routed)           0.000     0.557    i_ready_IBUF_inst/OUT
    B4                   IBUFCTRL (Prop_IBUFCTRL_HPIOB_M_I_O)
                                                      0.000     0.557 r  i_ready_IBUF_inst/IBUFCTRL_INST/O
                         net (fo=497, routed)         2.543     3.100    o_ready_OBUF
    F1                   OBUF (Prop_OUTBUF_HPIOB_S_I_O)
                                                      0.911     4.011 r  o_ready_OBUF_inst/O
                         net (fo=0)                   0.000     4.011    o_ready
    F1                                                                r  o_ready (OUT)
  -------------------------------------------------------------------    -------------------





Min Delay Paths
--------------------------------------------------------------------------------------
Slack:                    inf
  Source:                 i_ready
                            (input port)
  Destination:            o_ready
                            (output port)
  Path Group:             (none)
  Path Type:              Min at Fast Process Corner
  Data Path Delay:        1.586ns  (logic 0.595ns (37.520%)  route 0.991ns (62.480%))
  Logic Levels:           3  (IBUFCTRL=1 INBUF=1 OBUF=1)

    Location             Delay type                Incr(ns)  Path(ns)    Netlist Resource(s)
  -------------------------------------------------------------------    -------------------
    B4                                                0.000     0.000 r  i_ready (IN)
                         net (fo=0)                   0.000     0.000    i_ready_IBUF_inst/I
    B4                   INBUF (Prop_INBUF_HPIOB_M_PAD_O)
                                                      0.192     0.192 r  i_ready_IBUF_inst/INBUF_INST/O
                         net (fo=1, routed)           0.000     0.192    i_ready_IBUF_inst/OUT
    B4                   IBUFCTRL (Prop_IBUFCTRL_HPIOB_M_I_O)
                                                      0.000     0.192 r  i_ready_IBUF_inst/IBUFCTRL_INST/O
                         net (fo=497, routed)         0.991     1.183    o_ready_OBUF
    F1                   OBUF (Prop_OUTBUF_HPIOB_S_I_O)
                                                      0.403     1.586 r  o_ready_OBUF_inst/O
                         net (fo=0)                   0.000     1.586    o_ready
    F1                                                                r  o_ready (OUT)
  -------------------------------------------------------------------    -------------------





--------------------------------------------------------------------------------------
Path Group:  (none)
From Clock:  clk
  To Clock:  

Max Delay            15 Endpoints
Min Delay            15 Endpoints
--------------------------------------------------------------------------------------


Max Delay Paths
--------------------------------------------------------------------------------------
Slack:                    inf
  Source:                 r_o_fx_reg[11]/C
                            (rising edge-triggered cell FDRE clocked by clk  {rise@0.000ns fall@0.500ns period=1.000ns})
  Destination:            o_fx[11]
                            (output port)
  Path Group:             (none)
  Path Type:              Max at Slow Process Corner
  Data Path Delay:        3.123ns  (logic 1.034ns (33.105%)  route 2.089ns (66.895%))
  Logic Levels:           1  (OBUF=1)
  Clock Uncertainty:      0.025ns  ((TSJ^2 + TIJ^2)^1/2 + DJ) / 2 + PE
    Total System Jitter     (TSJ):    0.050ns
    Total Input Jitter      (TIJ):    0.000ns
    Discrete Jitter          (DJ):    0.000ns
    Phase Error              (PE):    0.000ns
  Clock Net Delay (Source):      1.429ns (routing 0.246ns, distribution 1.183ns)

    Location             Delay type                Incr(ns)  Path(ns)    Netlist Resource(s)
  -------------------------------------------------------------------    -------------------
                         (clock clk rise edge)        0.000     0.000 r  
    M6                                                0.000     0.000 r  clk (IN)
                         net (fo=0)                   0.000     0.000    clk_IBUF_inst/I
    M6                   INBUF (Prop_INBUF_HPIOB_M_PAD_O)
                                                      0.510     0.510 r  clk_IBUF_inst/INBUF_INST/O
                         net (fo=1, routed)           0.000     0.510    clk_IBUF_inst/OUT
    M6                   IBUFCTRL (Prop_IBUFCTRL_HPIOB_M_I_O)
                                                      0.000     0.510 r  clk_IBUF_inst/IBUFCTRL_INST/O
                         net (fo=1, routed)           0.460     0.970    clk_IBUF
    BUFGCE_X0Y55         BUFGCE (Prop_BUFCE_BUFGCE_I_O)
                                                      0.044     1.014 r  clk_IBUF_BUFG_inst/O
    X1Y2 (CLOCK_ROOT)    net (fo=454, routed)         1.429     2.443    clk_IBUF_BUFG
    SLICE_X24Y172        FDRE                                         r  r_o_fx_reg[11]/C
  -------------------------------------------------------------------    -------------------
    SLICE_X24Y172        FDRE (Prop_BFF_SLICEM_C_Q)
                                                      0.112     2.555 r  r_o_fx_reg[11]/Q
                         net (fo=1, routed)           2.089     4.644    o_fx_OBUF[11]
    E1                   OBUF (Prop_OUTBUF_HPIOB_M_I_O)
                                                      0.922     5.566 r  o_fx_OBUF[11]_inst/O
                         net (fo=0)                   0.000     5.566    o_fx[11]
    E1                                                                r  o_fx[11] (OUT)
  -------------------------------------------------------------------    -------------------

Slack:                    inf
  Source:                 r_o_fx_reg[12]/C
                            (rising edge-triggered cell FDRE clocked by clk  {rise@0.000ns fall@0.500ns period=1.000ns})
  Destination:            o_fx[12]
                            (output port)
  Path Group:             (none)
  Path Type:              Max at Slow Process Corner
  Data Path Delay:        3.105ns  (logic 1.041ns (33.520%)  route 2.064ns (66.480%))
  Logic Levels:           1  (OBUF=1)
  Clock Uncertainty:      0.025ns  ((TSJ^2 + TIJ^2)^1/2 + DJ) / 2 + PE
    Total System Jitter     (TSJ):    0.050ns
    Total Input Jitter      (TIJ):    0.000ns
    Discrete Jitter          (DJ):    0.000ns
    Phase Error              (PE):    0.000ns
  Clock Net Delay (Source):      1.429ns (routing 0.246ns, distribution 1.183ns)

    Location             Delay type                Incr(ns)  Path(ns)    Netlist Resource(s)
  -------------------------------------------------------------------    -------------------
                         (clock clk rise edge)        0.000     0.000 r  
    M6                                                0.000     0.000 r  clk (IN)
                         net (fo=0)                   0.000     0.000    clk_IBUF_inst/I
    M6                   INBUF (Prop_INBUF_HPIOB_M_PAD_O)
                                                      0.510     0.510 r  clk_IBUF_inst/INBUF_INST/O
                         net (fo=1, routed)           0.000     0.510    clk_IBUF_inst/OUT
    M6                   IBUFCTRL (Prop_IBUFCTRL_HPIOB_M_I_O)
                                                      0.000     0.510 r  clk_IBUF_inst/IBUFCTRL_INST/O
                         net (fo=1, routed)           0.460     0.970    clk_IBUF
    BUFGCE_X0Y55         BUFGCE (Prop_BUFCE_BUFGCE_I_O)
                                                      0.044     1.014 r  clk_IBUF_BUFG_inst/O
    X1Y2 (CLOCK_ROOT)    net (fo=454, routed)         1.429     2.443    clk_IBUF_BUFG
    SLICE_X24Y172        FDRE                                         r  r_o_fx_reg[12]/C
  -------------------------------------------------------------------    -------------------
    SLICE_X24Y172        FDRE (Prop_BFF2_SLICEM_C_Q)
                                                      0.115     2.558 r  r_o_fx_reg[12]/Q
                         net (fo=1, routed)           2.064     4.622    o_fx_OBUF[12]
    D1                   OBUF (Prop_OUTBUF_HPIOB_S_I_O)
                                                      0.926     5.548 r  o_fx_OBUF[12]_inst/O
                         net (fo=0)                   0.000     5.548    o_fx[12]
    D1                                                                r  o_fx[12] (OUT)
  -------------------------------------------------------------------    -------------------

Slack:                    inf
  Source:                 r_o_fx_reg[3]/C
                            (rising edge-triggered cell FDRE clocked by clk  {rise@0.000ns fall@0.500ns period=1.000ns})
  Destination:            o_fx[3]
                            (output port)
  Path Group:             (none)
  Path Type:              Max at Slow Process Corner
  Data Path Delay:        3.092ns  (logic 1.036ns (33.508%)  route 2.056ns (66.492%))
  Logic Levels:           1  (OBUF=1)
  Clock Uncertainty:      0.025ns  ((TSJ^2 + TIJ^2)^1/2 + DJ) / 2 + PE
    Total System Jitter     (TSJ):    0.050ns
    Total Input Jitter      (TIJ):    0.000ns
    Discrete Jitter          (DJ):    0.000ns
    Phase Error              (PE):    0.000ns
  Clock Net Delay (Source):      1.423ns (routing 0.246ns, distribution 1.177ns)

    Location             Delay type                Incr(ns)  Path(ns)    Netlist Resource(s)
  -------------------------------------------------------------------    -------------------
                         (clock clk rise edge)        0.000     0.000 r  
    M6                                                0.000     0.000 r  clk (IN)
                         net (fo=0)                   0.000     0.000    clk_IBUF_inst/I
    M6                   INBUF (Prop_INBUF_HPIOB_M_PAD_O)
                                                      0.510     0.510 r  clk_IBUF_inst/INBUF_INST/O
                         net (fo=1, routed)           0.000     0.510    clk_IBUF_inst/OUT
    M6                   IBUFCTRL (Prop_IBUFCTRL_HPIOB_M_I_O)
                                                      0.000     0.510 r  clk_IBUF_inst/IBUFCTRL_INST/O
                         net (fo=1, routed)           0.460     0.970    clk_IBUF
    BUFGCE_X0Y55         BUFGCE (Prop_BUFCE_BUFGCE_I_O)
                                                      0.044     1.014 r  clk_IBUF_BUFG_inst/O
    X1Y2 (CLOCK_ROOT)    net (fo=454, routed)         1.423     2.437    clk_IBUF_BUFG
    SLICE_X23Y171        FDRE                                         r  r_o_fx_reg[3]/C
  -------------------------------------------------------------------    -------------------
    SLICE_X23Y171        FDRE (Prop_EFF2_SLICEL_C_Q)
                                                      0.116     2.553 r  r_o_fx_reg[3]/Q
                         net (fo=1, routed)           2.056     4.609    o_fx_OBUF[3]
    C1                   OBUF (Prop_OUTBUF_HPIOB_M_I_O)
                                                      0.920     5.529 r  o_fx_OBUF[3]_inst/O
                         net (fo=0)                   0.000     5.529    o_fx[3]
    C1                                                                r  o_fx[3] (OUT)
  -------------------------------------------------------------------    -------------------

Slack:                    inf
  Source:                 r_o_fx_reg[10]/C
                            (rising edge-triggered cell FDRE clocked by clk  {rise@0.000ns fall@0.500ns period=1.000ns})
  Destination:            o_fx[10]
                            (output port)
  Path Group:             (none)
  Path Type:              Max at Slow Process Corner
  Data Path Delay:        3.009ns  (logic 1.027ns (34.141%)  route 1.982ns (65.859%))
  Logic Levels:           1  (OBUF=1)
  Clock Uncertainty:      0.025ns  ((TSJ^2 + TIJ^2)^1/2 + DJ) / 2 + PE
    Total System Jitter     (TSJ):    0.050ns
    Total Input Jitter      (TIJ):    0.000ns
    Discrete Jitter          (DJ):    0.000ns
    Phase Error              (PE):    0.000ns
  Clock Net Delay (Source):      1.427ns (routing 0.246ns, distribution 1.181ns)

    Location             Delay type                Incr(ns)  Path(ns)    Netlist Resource(s)
  -------------------------------------------------------------------    -------------------
                         (clock clk rise edge)        0.000     0.000 r  
    M6                                                0.000     0.000 r  clk (IN)
                         net (fo=0)                   0.000     0.000    clk_IBUF_inst/I
    M6                   INBUF (Prop_INBUF_HPIOB_M_PAD_O)
                                                      0.510     0.510 r  clk_IBUF_inst/INBUF_INST/O
                         net (fo=1, routed)           0.000     0.510    clk_IBUF_inst/OUT
    M6                   IBUFCTRL (Prop_IBUFCTRL_HPIOB_M_I_O)
                                                      0.000     0.510 r  clk_IBUF_inst/IBUFCTRL_INST/O
                         net (fo=1, routed)           0.460     0.970    clk_IBUF
    BUFGCE_X0Y55         BUFGCE (Prop_BUFCE_BUFGCE_I_O)
                                                      0.044     1.014 r  clk_IBUF_BUFG_inst/O
    X1Y2 (CLOCK_ROOT)    net (fo=454, routed)         1.427     2.441    clk_IBUF_BUFG
    SLICE_X24Y172        FDRE                                         r  r_o_fx_reg[10]/C
  -------------------------------------------------------------------    -------------------
    SLICE_X24Y172        FDRE (Prop_FFF2_SLICEM_C_Q)
                                                      0.116     2.557 r  r_o_fx_reg[10]/Q
                         net (fo=1, routed)           1.982     4.539    o_fx_OBUF[10]
    E2                   OBUF (Prop_OUTBUF_HPIOB_S_I_O)
                                                      0.911     5.451 r  o_fx_OBUF[10]_inst/O
                         net (fo=0)                   0.000     5.451    o_fx[10]
    E2                                                                r  o_fx[10] (OUT)
  -------------------------------------------------------------------    -------------------

Slack:                    inf
  Source:                 r_o_fx_reg[6]/C
                            (rising edge-triggered cell FDRE clocked by clk  {rise@0.000ns fall@0.500ns period=1.000ns})
  Destination:            o_fx[6]
                            (output port)
  Path Group:             (none)
  Path Type:              Max at Slow Process Corner
  Data Path Delay:        2.477ns  (logic 1.020ns (41.176%)  route 1.457ns (58.824%))
  Logic Levels:           1  (OBUF=1)
  Clock Uncertainty:      0.025ns  ((TSJ^2 + TIJ^2)^1/2 + DJ) / 2 + PE
    Total System Jitter     (TSJ):    0.050ns
    Total Input Jitter      (TIJ):    0.000ns
    Discrete Jitter          (DJ):    0.000ns
    Phase Error              (PE):    0.000ns
  Clock Net Delay (Source):      1.433ns (routing 0.246ns, distribution 1.187ns)

    Location             Delay type                Incr(ns)  Path(ns)    Netlist Resource(s)
  -------------------------------------------------------------------    -------------------
                         (clock clk rise edge)        0.000     0.000 r  
    M6                                                0.000     0.000 r  clk (IN)
                         net (fo=0)                   0.000     0.000    clk_IBUF_inst/I
    M6                   INBUF (Prop_INBUF_HPIOB_M_PAD_O)
                                                      0.510     0.510 r  clk_IBUF_inst/INBUF_INST/O
                         net (fo=1, routed)           0.000     0.510    clk_IBUF_inst/OUT
    M6                   IBUFCTRL (Prop_IBUFCTRL_HPIOB_M_I_O)
                                                      0.000     0.510 r  clk_IBUF_inst/IBUFCTRL_INST/O
                         net (fo=1, routed)           0.460     0.970    clk_IBUF
    BUFGCE_X0Y55         BUFGCE (Prop_BUFCE_BUFGCE_I_O)
                                                      0.044     1.014 r  clk_IBUF_BUFG_inst/O
    X1Y2 (CLOCK_ROOT)    net (fo=454, routed)         1.433     2.447    clk_IBUF_BUFG
    SLICE_X25Y173        FDRE                                         r  r_o_fx_reg[6]/C
  -------------------------------------------------------------------    -------------------
    SLICE_X25Y173        FDRE (Prop_FFF2_SLICEM_C_Q)
                                                      0.116     2.563 r  r_o_fx_reg[6]/Q
                         net (fo=1, routed)           1.457     4.020    o_fx_OBUF[6]
    E3                   OBUF (Prop_OUTBUF_HPIOB_S_I_O)
                                                      0.904     4.924 r  o_fx_OBUF[6]_inst/O
                         net (fo=0)                   0.000     4.924    o_fx[6]
    E3                                                                r  o_fx[6] (OUT)
  -------------------------------------------------------------------    -------------------

Slack:                    inf
  Source:                 r_o_fx_reg[1]/C
                            (rising edge-triggered cell FDRE clocked by clk  {rise@0.000ns fall@0.500ns period=1.000ns})
  Destination:            o_fx[1]
                            (output port)
  Path Group:             (none)
  Path Type:              Max at Slow Process Corner
  Data Path Delay:        2.482ns  (logic 1.048ns (42.227%)  route 1.434ns (57.773%))
  Logic Levels:           1  (OBUF=1)
  Clock Uncertainty:      0.025ns  ((TSJ^2 + TIJ^2)^1/2 + DJ) / 2 + PE
    Total System Jitter     (TSJ):    0.050ns
    Total Input Jitter      (TIJ):    0.000ns
    Discrete Jitter          (DJ):    0.000ns
    Phase Error              (PE):    0.000ns
  Clock Net Delay (Source):      1.427ns (routing 0.246ns, distribution 1.181ns)

    Location             Delay type                Incr(ns)  Path(ns)    Netlist Resource(s)
  -------------------------------------------------------------------    -------------------
                         (clock clk rise edge)        0.000     0.000 r  
    M6                                                0.000     0.000 r  clk (IN)
                         net (fo=0)                   0.000     0.000    clk_IBUF_inst/I
    M6                   INBUF (Prop_INBUF_HPIOB_M_PAD_O)
                                                      0.510     0.510 r  clk_IBUF_inst/INBUF_INST/O
                         net (fo=1, routed)           0.000     0.510    clk_IBUF_inst/OUT
    M6                   IBUFCTRL (Prop_IBUFCTRL_HPIOB_M_I_O)
                                                      0.000     0.510 r  clk_IBUF_inst/IBUFCTRL_INST/O
                         net (fo=1, routed)           0.460     0.970    clk_IBUF
    BUFGCE_X0Y55         BUFGCE (Prop_BUFCE_BUFGCE_I_O)
                                                      0.044     1.014 r  clk_IBUF_BUFG_inst/O
    X1Y2 (CLOCK_ROOT)    net (fo=454, routed)         1.427     2.441    clk_IBUF_BUFG
    SLICE_X24Y172        FDRE                                         r  r_o_fx_reg[1]/C
  -------------------------------------------------------------------    -------------------
    SLICE_X24Y172        FDRE (Prop_GFF_SLICEM_C_Q)
                                                      0.116     2.557 r  r_o_fx_reg[1]/Q
                         net (fo=1, routed)           1.434     3.991    o_fx_OBUF[1]
    A2                   OBUF (Prop_OUTBUF_HPIOB_M_I_O)
                                                      0.932     4.923 r  o_fx_OBUF[1]_inst/O
                         net (fo=0)                   0.000     4.923    o_fx[1]
    A2                                                                r  o_fx[1] (OUT)
  -------------------------------------------------------------------    -------------------

Slack:                    inf
  Source:                 r_o_fx_reg[4]/C
                            (rising edge-triggered cell FDRE clocked by clk  {rise@0.000ns fall@0.500ns period=1.000ns})
  Destination:            o_fx[4]
                            (output port)
  Path Group:             (none)
  Path Type:              Max at Slow Process Corner
  Data Path Delay:        2.475ns  (logic 1.039ns (41.983%)  route 1.436ns (58.017%))
  Logic Levels:           1  (OBUF=1)
  Clock Uncertainty:      0.025ns  ((TSJ^2 + TIJ^2)^1/2 + DJ) / 2 + PE
    Total System Jitter     (TSJ):    0.050ns
    Total Input Jitter      (TIJ):    0.000ns
    Discrete Jitter          (DJ):    0.000ns
    Phase Error              (PE):    0.000ns
  Clock Net Delay (Source):      1.427ns (routing 0.246ns, distribution 1.181ns)

    Location             Delay type                Incr(ns)  Path(ns)    Netlist Resource(s)
  -------------------------------------------------------------------    -------------------
                         (clock clk rise edge)        0.000     0.000 r  
    M6                                                0.000     0.000 r  clk (IN)
                         net (fo=0)                   0.000     0.000    clk_IBUF_inst/I
    M6                   INBUF (Prop_INBUF_HPIOB_M_PAD_O)
                                                      0.510     0.510 r  clk_IBUF_inst/INBUF_INST/O
                         net (fo=1, routed)           0.000     0.510    clk_IBUF_inst/OUT
    M6                   IBUFCTRL (Prop_IBUFCTRL_HPIOB_M_I_O)
                                                      0.000     0.510 r  clk_IBUF_inst/IBUFCTRL_INST/O
                         net (fo=1, routed)           0.460     0.970    clk_IBUF
    BUFGCE_X0Y55         BUFGCE (Prop_BUFCE_BUFGCE_I_O)
                                                      0.044     1.014 r  clk_IBUF_BUFG_inst/O
    X1Y2 (CLOCK_ROOT)    net (fo=454, routed)         1.427     2.441    clk_IBUF_BUFG
    SLICE_X24Y172        FDRE                                         r  r_o_fx_reg[4]/C
  -------------------------------------------------------------------    -------------------
    SLICE_X24Y172        FDRE (Prop_GFF2_SLICEM_C_Q)
                                                      0.118     2.559 r  r_o_fx_reg[4]/Q
                         net (fo=1, routed)           1.436     3.995    o_fx_OBUF[4]
    B1                   OBUF (Prop_OUTBUF_HPIOB_S_I_O)
                                                      0.921     4.916 r  o_fx_OBUF[4]_inst/O
                         net (fo=0)                   0.000     4.916    o_fx[4]
    B1                                                                r  o_fx[4] (OUT)
  -------------------------------------------------------------------    -------------------

Slack:                    inf
  Source:                 r_o_fx_reg[0]/C
                            (rising edge-triggered cell FDRE clocked by clk  {rise@0.000ns fall@0.500ns period=1.000ns})
  Destination:            o_fx[0]
                            (output port)
  Path Group:             (none)
  Path Type:              Max at Slow Process Corner
  Data Path Delay:        2.455ns  (logic 1.035ns (42.148%)  route 1.420ns (57.852%))
  Logic Levels:           1  (OBUF=1)
  Clock Uncertainty:      0.025ns  ((TSJ^2 + TIJ^2)^1/2 + DJ) / 2 + PE
    Total System Jitter     (TSJ):    0.050ns
    Total Input Jitter      (TIJ):    0.000ns
    Discrete Jitter          (DJ):    0.000ns
    Phase Error              (PE):    0.000ns
  Clock Net Delay (Source):      1.428ns (routing 0.246ns, distribution 1.182ns)

    Location             Delay type                Incr(ns)  Path(ns)    Netlist Resource(s)
  -------------------------------------------------------------------    -------------------
                         (clock clk rise edge)        0.000     0.000 r  
    M6                                                0.000     0.000 r  clk (IN)
                         net (fo=0)                   0.000     0.000    clk_IBUF_inst/I
    M6                   INBUF (Prop_INBUF_HPIOB_M_PAD_O)
                                                      0.510     0.510 r  clk_IBUF_inst/INBUF_INST/O
                         net (fo=1, routed)           0.000     0.510    clk_IBUF_inst/OUT
    M6                   IBUFCTRL (Prop_IBUFCTRL_HPIOB_M_I_O)
                                                      0.000     0.510 r  clk_IBUF_inst/IBUFCTRL_INST/O
                         net (fo=1, routed)           0.460     0.970    clk_IBUF
    BUFGCE_X0Y55         BUFGCE (Prop_BUFCE_BUFGCE_I_O)
                                                      0.044     1.014 r  clk_IBUF_BUFG_inst/O
    X1Y2 (CLOCK_ROOT)    net (fo=454, routed)         1.428     2.442    clk_IBUF_BUFG
    SLICE_X24Y170        FDRE                                         r  r_o_fx_reg[0]/C
  -------------------------------------------------------------------    -------------------
    SLICE_X24Y170        FDRE (Prop_BFF2_SLICEM_C_Q)
                                                      0.115     2.557 r  r_o_fx_reg[0]/Q
                         net (fo=1, routed)           1.420     3.977    o_fx_OBUF[0]
    A3                   OBUF (Prop_OUTBUF_HPIOB_S_I_O)
                                                      0.920     4.897 r  o_fx_OBUF[0]_inst/O
                         net (fo=0)                   0.000     4.897    o_fx[0]
    A3                                                                r  o_fx[0] (OUT)
  -------------------------------------------------------------------    -------------------

Slack:                    inf
  Source:                 r_o_fx_reg[8]/C
                            (rising edge-triggered cell FDRE clocked by clk  {rise@0.000ns fall@0.500ns period=1.000ns})
  Destination:            o_fx[8]
                            (output port)
  Path Group:             (none)
  Path Type:              Max at Slow Process Corner
  Data Path Delay:        2.424ns  (logic 1.017ns (41.956%)  route 1.407ns (58.044%))
  Logic Levels:           1  (OBUF=1)
  Clock Uncertainty:      0.025ns  ((TSJ^2 + TIJ^2)^1/2 + DJ) / 2 + PE
    Total System Jitter     (TSJ):    0.050ns
    Total Input Jitter      (TIJ):    0.000ns
    Discrete Jitter          (DJ):    0.000ns
    Phase Error              (PE):    0.000ns
  Clock Net Delay (Source):      1.433ns (routing 0.246ns, distribution 1.187ns)

    Location             Delay type                Incr(ns)  Path(ns)    Netlist Resource(s)
  -------------------------------------------------------------------    -------------------
                         (clock clk rise edge)        0.000     0.000 r  
    M6                                                0.000     0.000 r  clk (IN)
                         net (fo=0)                   0.000     0.000    clk_IBUF_inst/I
    M6                   INBUF (Prop_INBUF_HPIOB_M_PAD_O)
                                                      0.510     0.510 r  clk_IBUF_inst/INBUF_INST/O
                         net (fo=1, routed)           0.000     0.510    clk_IBUF_inst/OUT
    M6                   IBUFCTRL (Prop_IBUFCTRL_HPIOB_M_I_O)
                                                      0.000     0.510 r  clk_IBUF_inst/IBUFCTRL_INST/O
                         net (fo=1, routed)           0.460     0.970    clk_IBUF
    BUFGCE_X0Y55         BUFGCE (Prop_BUFCE_BUFGCE_I_O)
                                                      0.044     1.014 r  clk_IBUF_BUFG_inst/O
    X1Y2 (CLOCK_ROOT)    net (fo=454, routed)         1.433     2.447    clk_IBUF_BUFG
    SLICE_X25Y173        FDRE                                         r  r_o_fx_reg[8]/C
  -------------------------------------------------------------------    -------------------
    SLICE_X25Y173        FDRE (Prop_GFF_SLICEM_C_Q)
                                                      0.116     2.563 r  r_o_fx_reg[8]/Q
                         net (fo=1, routed)           1.407     3.970    o_fx_OBUF[8]
    F3                   OBUF (Prop_OUTBUF_HPIOB_S_I_O)
                                                      0.901     4.871 r  o_fx_OBUF[8]_inst/O
                         net (fo=0)                   0.000     4.871    o_fx[8]
    F3                                                                r  o_fx[8] (OUT)
  -------------------------------------------------------------------    -------------------

Slack:                    inf
  Source:                 r_o_fx_reg[2]/C
                            (rising edge-triggered cell FDRE clocked by clk  {rise@0.000ns fall@0.500ns period=1.000ns})
  Destination:            o_fx[2]
                            (output port)
  Path Group:             (none)
  Path Type:              Max at Slow Process Corner
  Data Path Delay:        2.341ns  (logic 1.042ns (44.517%)  route 1.299ns (55.483%))
  Logic Levels:           1  (OBUF=1)
  Clock Uncertainty:      0.025ns  ((TSJ^2 + TIJ^2)^1/2 + DJ) / 2 + PE
    Total System Jitter     (TSJ):    0.050ns
    Total Input Jitter      (TIJ):    0.000ns
    Discrete Jitter          (DJ):    0.000ns
    Phase Error              (PE):    0.000ns
  Clock Net Delay (Source):      1.423ns (routing 0.246ns, distribution 1.177ns)

    Location             Delay type                Incr(ns)  Path(ns)    Netlist Resource(s)
  -------------------------------------------------------------------    -------------------
                         (clock clk rise edge)        0.000     0.000 r  
    M6                                                0.000     0.000 r  clk (IN)
                         net (fo=0)                   0.000     0.000    clk_IBUF_inst/I
    M6                   INBUF (Prop_INBUF_HPIOB_M_PAD_O)
                                                      0.510     0.510 r  clk_IBUF_inst/INBUF_INST/O
                         net (fo=1, routed)           0.000     0.510    clk_IBUF_inst/OUT
    M6                   IBUFCTRL (Prop_IBUFCTRL_HPIOB_M_I_O)
                                                      0.000     0.510 r  clk_IBUF_inst/IBUFCTRL_INST/O
                         net (fo=1, routed)           0.460     0.970    clk_IBUF
    BUFGCE_X0Y55         BUFGCE (Prop_BUFCE_BUFGCE_I_O)
                                                      0.044     1.014 r  clk_IBUF_BUFG_inst/O
    X1Y2 (CLOCK_ROOT)    net (fo=454, routed)         1.423     2.437    clk_IBUF_BUFG
    SLICE_X23Y171        FDRE                                         r  r_o_fx_reg[2]/C
  -------------------------------------------------------------------    -------------------
    SLICE_X23Y171        FDRE (Prop_EFF_SLICEL_C_Q)
                                                      0.114     2.551 r  r_o_fx_reg[2]/Q
                         net (fo=1, routed)           1.299     3.850    o_fx_OBUF[2]
    A1                   OBUF (Prop_OUTBUF_HPIOB_S_I_O)
                                                      0.928     4.778 r  o_fx_OBUF[2]_inst/O
                         net (fo=0)                   0.000     4.778    o_fx[2]
    A1                                                                r  o_fx[2] (OUT)
  -------------------------------------------------------------------    -------------------





Min Delay Paths
--------------------------------------------------------------------------------------
Slack:                    inf
  Source:                 r_o_fx_reg[13]/C
                            (rising edge-triggered cell FDRE clocked by clk  {rise@0.000ns fall@0.500ns period=1.000ns})
  Destination:            o_fx[13]
                            (output port)
  Path Group:             (none)
  Path Type:              Min at Fast Process Corner
  Data Path Delay:        0.988ns  (logic 0.486ns (49.177%)  route 0.502ns (50.823%))
  Logic Levels:           1  (OBUF=1)
  Clock Uncertainty:      0.025ns  ((TSJ^2 + TIJ^2)^1/2 + DJ) / 2 + PE
    Total System Jitter     (TSJ):    0.050ns
    Total Input Jitter      (TIJ):    0.000ns
    Discrete Jitter          (DJ):    0.000ns
    Phase Error              (PE):    0.000ns
  Clock Net Delay (Source):      0.751ns (routing 0.126ns, distribution 0.625ns)

    Location             Delay type                Incr(ns)  Path(ns)    Netlist Resource(s)
  -------------------------------------------------------------------    -------------------
                         (clock clk rise edge)        0.000     0.000 r  
    M6                                                0.000     0.000 r  clk (IN)
                         net (fo=0)                   0.000     0.000    clk_IBUF_inst/I
    M6                   INBUF (Prop_INBUF_HPIOB_M_PAD_O)
                                                      0.145     0.145 r  clk_IBUF_inst/INBUF_INST/O
                         net (fo=1, routed)           0.000     0.145    clk_IBUF_inst/OUT
    M6                   IBUFCTRL (Prop_IBUFCTRL_HPIOB_M_I_O)
                                                      0.000     0.145 r  clk_IBUF_inst/IBUFCTRL_INST/O
                         net (fo=1, routed)           0.226     0.371    clk_IBUF
    BUFGCE_X0Y55         BUFGCE (Prop_BUFCE_BUFGCE_I_O)
                                                      0.023     0.394 r  clk_IBUF_BUFG_inst/O
    X1Y2 (CLOCK_ROOT)    net (fo=454, routed)         0.751     1.145    clk_IBUF_BUFG
    SLICE_X24Y172        FDRE                                         r  r_o_fx_reg[13]/C
  -------------------------------------------------------------------    -------------------
    SLICE_X24Y172        FDRE (Prop_CFF2_SLICEM_C_Q)
                                                      0.083     1.228 r  r_o_fx_reg[13]/Q
                         net (fo=1, routed)           0.502     1.730    o_fx_OBUF[13]
    G1                   OBUF (Prop_OUTBUF_HPIOB_M_I_O)
                                                      0.403     2.133 r  o_fx_OBUF[13]_inst/O
                         net (fo=0)                   0.000     2.133    o_fx[13]
    G1                                                                r  o_fx[13] (OUT)
  -------------------------------------------------------------------    -------------------

Slack:                    inf
  Source:                 r_o_fx_reg[7]/C
                            (rising edge-triggered cell FDRE clocked by clk  {rise@0.000ns fall@0.500ns period=1.000ns})
  Destination:            o_fx[7]
                            (output port)
  Path Group:             (none)
  Path Type:              Min at Fast Process Corner
  Data Path Delay:        1.001ns  (logic 0.477ns (47.634%)  route 0.524ns (52.366%))
  Logic Levels:           1  (OBUF=1)
  Clock Uncertainty:      0.025ns  ((TSJ^2 + TIJ^2)^1/2 + DJ) / 2 + PE
    Total System Jitter     (TSJ):    0.050ns
    Total Input Jitter      (TIJ):    0.000ns
    Discrete Jitter          (DJ):    0.000ns
    Phase Error              (PE):    0.000ns
  Clock Net Delay (Source):      0.750ns (routing 0.126ns, distribution 0.624ns)

    Location             Delay type                Incr(ns)  Path(ns)    Netlist Resource(s)
  -------------------------------------------------------------------    -------------------
                         (clock clk rise edge)        0.000     0.000 r  
    M6                                                0.000     0.000 r  clk (IN)
                         net (fo=0)                   0.000     0.000    clk_IBUF_inst/I
    M6                   INBUF (Prop_INBUF_HPIOB_M_PAD_O)
                                                      0.145     0.145 r  clk_IBUF_inst/INBUF_INST/O
                         net (fo=1, routed)           0.000     0.145    clk_IBUF_inst/OUT
    M6                   IBUFCTRL (Prop_IBUFCTRL_HPIOB_M_I_O)
                                                      0.000     0.145 r  clk_IBUF_inst/IBUFCTRL_INST/O
                         net (fo=1, routed)           0.226     0.371    clk_IBUF
    BUFGCE_X0Y55         BUFGCE (Prop_BUFCE_BUFGCE_I_O)
                                                      0.023     0.394 r  clk_IBUF_BUFG_inst/O
    X1Y2 (CLOCK_ROOT)    net (fo=454, routed)         0.750     1.144    clk_IBUF_BUFG
    SLICE_X24Y172        FDRE                                         r  r_o_fx_reg[7]/C
  -------------------------------------------------------------------    -------------------
    SLICE_X24Y172        FDRE (Prop_HFF2_SLICEM_C_Q)
                                                      0.083     1.227 r  r_o_fx_reg[7]/Q
                         net (fo=1, routed)           0.524     1.751    o_fx_OBUF[7]
    G3                   OBUF (Prop_OUTBUF_HPIOB_M_I_O)
                                                      0.394     2.145 r  o_fx_OBUF[7]_inst/O
                         net (fo=0)                   0.000     2.145    o_fx[7]
    G3                                                                r  o_fx[7] (OUT)
  -------------------------------------------------------------------    -------------------

Slack:                    inf
  Source:                 r_o_fx_reg[9]/C
                            (rising edge-triggered cell FDRE clocked by clk  {rise@0.000ns fall@0.500ns period=1.000ns})
  Destination:            o_fx[9]
                            (output port)
  Path Group:             (none)
  Path Type:              Min at Fast Process Corner
  Data Path Delay:        0.999ns  (logic 0.483ns (48.367%)  route 0.516ns (51.633%))
  Logic Levels:           1  (OBUF=1)
  Clock Uncertainty:      0.025ns  ((TSJ^2 + TIJ^2)^1/2 + DJ) / 2 + PE
    Total System Jitter     (TSJ):    0.050ns
    Total Input Jitter      (TIJ):    0.000ns
    Discrete Jitter          (DJ):    0.000ns
    Phase Error              (PE):    0.000ns
  Clock Net Delay (Source):      0.753ns (routing 0.126ns, distribution 0.627ns)

    Location             Delay type                Incr(ns)  Path(ns)    Netlist Resource(s)
  -------------------------------------------------------------------    -------------------
                         (clock clk rise edge)        0.000     0.000 r  
    M6                                                0.000     0.000 r  clk (IN)
                         net (fo=0)                   0.000     0.000    clk_IBUF_inst/I
    M6                   INBUF (Prop_INBUF_HPIOB_M_PAD_O)
                                                      0.145     0.145 r  clk_IBUF_inst/INBUF_INST/O
                         net (fo=1, routed)           0.000     0.145    clk_IBUF_inst/OUT
    M6                   IBUFCTRL (Prop_IBUFCTRL_HPIOB_M_I_O)
                                                      0.000     0.145 r  clk_IBUF_inst/IBUFCTRL_INST/O
                         net (fo=1, routed)           0.226     0.371    clk_IBUF
    BUFGCE_X0Y55         BUFGCE (Prop_BUFCE_BUFGCE_I_O)
                                                      0.023     0.394 r  clk_IBUF_BUFG_inst/O
    X1Y2 (CLOCK_ROOT)    net (fo=454, routed)         0.753     1.147    clk_IBUF_BUFG
    SLICE_X25Y173        FDRE                                         r  r_o_fx_reg[9]/C
  -------------------------------------------------------------------    -------------------
    SLICE_X25Y173        FDRE (Prop_GFF2_SLICEM_C_Q)
                                                      0.084     1.231 r  r_o_fx_reg[9]/Q
                         net (fo=1, routed)           0.516     1.747    o_fx_OBUF[9]
    F2                   OBUF (Prop_OUTBUF_HPIOB_M_I_O)
                                                      0.399     2.146 r  o_fx_OBUF[9]_inst/O
                         net (fo=0)                   0.000     2.146    o_fx[9]
    F2                                                                r  o_fx[9] (OUT)
  -------------------------------------------------------------------    -------------------

Slack:                    inf
  Source:                 r_o_fx_reg[5]/C
                            (rising edge-triggered cell FDRE clocked by clk  {rise@0.000ns fall@0.500ns period=1.000ns})
  Destination:            o_fx[5]
                            (output port)
  Path Group:             (none)
  Path Type:              Min at Fast Process Corner
  Data Path Delay:        1.006ns  (logic 0.477ns (47.434%)  route 0.529ns (52.566%))
  Logic Levels:           1  (OBUF=1)
  Clock Uncertainty:      0.025ns  ((TSJ^2 + TIJ^2)^1/2 + DJ) / 2 + PE
    Total System Jitter     (TSJ):    0.050ns
    Total Input Jitter      (TIJ):    0.000ns
    Discrete Jitter          (DJ):    0.000ns
    Phase Error              (PE):    0.000ns
  Clock Net Delay (Source):      0.753ns (routing 0.126ns, distribution 0.627ns)

    Location             Delay type                Incr(ns)  Path(ns)    Netlist Resource(s)
  -------------------------------------------------------------------    -------------------
                         (clock clk rise edge)        0.000     0.000 r  
    M6                                                0.000     0.000 r  clk (IN)
                         net (fo=0)                   0.000     0.000    clk_IBUF_inst/I
    M6                   INBUF (Prop_INBUF_HPIOB_M_PAD_O)
                                                      0.145     0.145 r  clk_IBUF_inst/INBUF_INST/O
                         net (fo=1, routed)           0.000     0.145    clk_IBUF_inst/OUT
    M6                   IBUFCTRL (Prop_IBUFCTRL_HPIOB_M_I_O)
                                                      0.000     0.145 r  clk_IBUF_inst/IBUFCTRL_INST/O
                         net (fo=1, routed)           0.226     0.371    clk_IBUF
    BUFGCE_X0Y55         BUFGCE (Prop_BUFCE_BUFGCE_I_O)
                                                      0.023     0.394 r  clk_IBUF_BUFG_inst/O
    X1Y2 (CLOCK_ROOT)    net (fo=454, routed)         0.753     1.147    clk_IBUF_BUFG
    SLICE_X25Y173        FDRE                                         r  r_o_fx_reg[5]/C
  -------------------------------------------------------------------    -------------------
    SLICE_X25Y173        FDRE (Prop_FFF_SLICEM_C_Q)
                                                      0.082     1.229 r  r_o_fx_reg[5]/Q
                         net (fo=1, routed)           0.529     1.758    o_fx_OBUF[5]
    E4                   OBUF (Prop_OUTBUF_HPIOB_M_I_O)
                                                      0.395     2.153 r  o_fx_OBUF[5]_inst/O
                         net (fo=0)                   0.000     2.153    o_fx[5]
    E4                                                                r  o_fx[5] (OUT)
  -------------------------------------------------------------------    -------------------

Slack:                    inf
  Source:                 r_o_valid_reg/C
                            (rising edge-triggered cell FDRE clocked by clk  {rise@0.000ns fall@0.500ns period=1.000ns})
  Destination:            o_valid
                            (output port)
  Path Group:             (none)
  Path Type:              Min at Fast Process Corner
  Data Path Delay:        1.022ns  (logic 0.476ns (46.561%)  route 0.546ns (53.439%))
  Logic Levels:           1  (OBUF=1)
  Clock Uncertainty:      0.025ns  ((TSJ^2 + TIJ^2)^1/2 + DJ) / 2 + PE
    Total System Jitter     (TSJ):    0.050ns
    Total Input Jitter      (TIJ):    0.000ns
    Discrete Jitter          (DJ):    0.000ns
    Phase Error              (PE):    0.000ns
  Clock Net Delay (Source):      0.742ns (routing 0.126ns, distribution 0.616ns)

    Location             Delay type                Incr(ns)  Path(ns)    Netlist Resource(s)
  -------------------------------------------------------------------    -------------------
                         (clock clk rise edge)        0.000     0.000 r  
    M6                                                0.000     0.000 r  clk (IN)
                         net (fo=0)                   0.000     0.000    clk_IBUF_inst/I
    M6                   INBUF (Prop_INBUF_HPIOB_M_PAD_O)
                                                      0.145     0.145 r  clk_IBUF_inst/INBUF_INST/O
                         net (fo=1, routed)           0.000     0.145    clk_IBUF_inst/OUT
    M6                   IBUFCTRL (Prop_IBUFCTRL_HPIOB_M_I_O)
                                                      0.000     0.145 r  clk_IBUF_inst/IBUFCTRL_INST/O
                         net (fo=1, routed)           0.226     0.371    clk_IBUF
    BUFGCE_X0Y55         BUFGCE (Prop_BUFCE_BUFGCE_I_O)
                                                      0.023     0.394 r  clk_IBUF_BUFG_inst/O
    X1Y2 (CLOCK_ROOT)    net (fo=454, routed)         0.742     1.136    clk_IBUF_BUFG
    SLICE_X23Y175        FDRE                                         r  r_o_valid_reg/C
  -------------------------------------------------------------------    -------------------
    SLICE_X23Y175        FDRE (Prop_DFF2_SLICEL_C_Q)
                                                      0.086     1.222 r  r_o_valid_reg/Q
                         net (fo=1, routed)           0.546     1.768    o_valid_OBUF
    G4                   OBUF (Prop_OUTBUF_HPIOB_SNGL_I_O)
                                                      0.390     2.158 r  o_valid_OBUF_inst/O
                         net (fo=0)                   0.000     2.158    o_valid
    G4                                                                r  o_valid (OUT)
  -------------------------------------------------------------------    -------------------

Slack:                    inf
  Source:                 r_o_fx_reg[2]/C
                            (rising edge-triggered cell FDRE clocked by clk  {rise@0.000ns fall@0.500ns period=1.000ns})
  Destination:            o_fx[2]
                            (output port)
  Path Group:             (none)
  Path Type:              Min at Fast Process Corner
  Data Path Delay:        1.048ns  (logic 0.504ns (48.087%)  route 0.544ns (51.913%))
  Logic Levels:           1  (OBUF=1)
  Clock Uncertainty:      0.025ns  ((TSJ^2 + TIJ^2)^1/2 + DJ) / 2 + PE
    Total System Jitter     (TSJ):    0.050ns
    Total Input Jitter      (TIJ):    0.000ns
    Discrete Jitter          (DJ):    0.000ns
    Phase Error              (PE):    0.000ns
  Clock Net Delay (Source):      0.748ns (routing 0.126ns, distribution 0.622ns)

    Location             Delay type                Incr(ns)  Path(ns)    Netlist Resource(s)
  -------------------------------------------------------------------    -------------------
                         (clock clk rise edge)        0.000     0.000 r  
    M6                                                0.000     0.000 r  clk (IN)
                         net (fo=0)                   0.000     0.000    clk_IBUF_inst/I
    M6                   INBUF (Prop_INBUF_HPIOB_M_PAD_O)
                                                      0.145     0.145 r  clk_IBUF_inst/INBUF_INST/O
                         net (fo=1, routed)           0.000     0.145    clk_IBUF_inst/OUT
    M6                   IBUFCTRL (Prop_IBUFCTRL_HPIOB_M_I_O)
                                                      0.000     0.145 r  clk_IBUF_inst/IBUFCTRL_INST/O
                         net (fo=1, routed)           0.226     0.371    clk_IBUF
    BUFGCE_X0Y55         BUFGCE (Prop_BUFCE_BUFGCE_I_O)
                                                      0.023     0.394 r  clk_IBUF_BUFG_inst/O
    X1Y2 (CLOCK_ROOT)    net (fo=454, routed)         0.748     1.142    clk_IBUF_BUFG
    SLICE_X23Y171        FDRE                                         r  r_o_fx_reg[2]/C
  -------------------------------------------------------------------    -------------------
    SLICE_X23Y171        FDRE (Prop_EFF_SLICEL_C_Q)
                                                      0.084     1.226 r  r_o_fx_reg[2]/Q
                         net (fo=1, routed)           0.544     1.770    o_fx_OBUF[2]
    A1                   OBUF (Prop_OUTBUF_HPIOB_S_I_O)
                                                      0.420     2.190 r  o_fx_OBUF[2]_inst/O
                         net (fo=0)                   0.000     2.190    o_fx[2]
    A1                                                                r  o_fx[2] (OUT)
  -------------------------------------------------------------------    -------------------

Slack:                    inf
  Source:                 r_o_fx_reg[8]/C
                            (rising edge-triggered cell FDRE clocked by clk  {rise@0.000ns fall@0.500ns period=1.000ns})
  Destination:            o_fx[8]
                            (output port)
  Path Group:             (none)
  Path Type:              Min at Fast Process Corner
  Data Path Delay:        1.046ns  (logic 0.476ns (45.505%)  route 0.570ns (54.495%))
  Logic Levels:           1  (OBUF=1)
  Clock Uncertainty:      0.025ns  ((TSJ^2 + TIJ^2)^1/2 + DJ) / 2 + PE
    Total System Jitter     (TSJ):    0.050ns
    Total Input Jitter      (TIJ):    0.000ns
    Discrete Jitter          (DJ):    0.000ns
    Phase Error              (PE):    0.000ns
  Clock Net Delay (Source):      0.753ns (routing 0.126ns, distribution 0.627ns)

    Location             Delay type                Incr(ns)  Path(ns)    Netlist Resource(s)
  -------------------------------------------------------------------    -------------------
                         (clock clk rise edge)        0.000     0.000 r  
    M6                                                0.000     0.000 r  clk (IN)
                         net (fo=0)                   0.000     0.000    clk_IBUF_inst/I
    M6                   INBUF (Prop_INBUF_HPIOB_M_PAD_O)
                                                      0.145     0.145 r  clk_IBUF_inst/INBUF_INST/O
                         net (fo=1, routed)           0.000     0.145    clk_IBUF_inst/OUT
    M6                   IBUFCTRL (Prop_IBUFCTRL_HPIOB_M_I_O)
                                                      0.000     0.145 r  clk_IBUF_inst/IBUFCTRL_INST/O
                         net (fo=1, routed)           0.226     0.371    clk_IBUF
    BUFGCE_X0Y55         BUFGCE (Prop_BUFCE_BUFGCE_I_O)
                                                      0.023     0.394 r  clk_IBUF_BUFG_inst/O
    X1Y2 (CLOCK_ROOT)    net (fo=454, routed)         0.753     1.147    clk_IBUF_BUFG
    SLICE_X25Y173        FDRE                                         r  r_o_fx_reg[8]/C
  -------------------------------------------------------------------    -------------------
    SLICE_X25Y173        FDRE (Prop_GFF_SLICEM_C_Q)
                                                      0.083     1.230 r  r_o_fx_reg[8]/Q
                         net (fo=1, routed)           0.570     1.800    o_fx_OBUF[8]
    F3                   OBUF (Prop_OUTBUF_HPIOB_S_I_O)
                                                      0.393     2.193 r  o_fx_OBUF[8]_inst/O
                         net (fo=0)                   0.000     2.193    o_fx[8]
    F3                                                                r  o_fx[8] (OUT)
  -------------------------------------------------------------------    -------------------

Slack:                    inf
  Source:                 r_o_fx_reg[6]/C
                            (rising edge-triggered cell FDRE clocked by clk  {rise@0.000ns fall@0.500ns period=1.000ns})
  Destination:            o_fx[6]
                            (output port)
  Path Group:             (none)
  Path Type:              Min at Fast Process Corner
  Data Path Delay:        1.064ns  (logic 0.480ns (45.102%)  route 0.584ns (54.898%))
  Logic Levels:           1  (OBUF=1)
  Clock Uncertainty:      0.025ns  ((TSJ^2 + TIJ^2)^1/2 + DJ) / 2 + PE
    Total System Jitter     (TSJ):    0.050ns
    Total Input Jitter      (TIJ):    0.000ns
    Discrete Jitter          (DJ):    0.000ns
    Phase Error              (PE):    0.000ns
  Clock Net Delay (Source):      0.753ns (routing 0.126ns, distribution 0.627ns)

    Location             Delay type                Incr(ns)  Path(ns)    Netlist Resource(s)
  -------------------------------------------------------------------    -------------------
                         (clock clk rise edge)        0.000     0.000 r  
    M6                                                0.000     0.000 r  clk (IN)
                         net (fo=0)                   0.000     0.000    clk_IBUF_inst/I
    M6                   INBUF (Prop_INBUF_HPIOB_M_PAD_O)
                                                      0.145     0.145 r  clk_IBUF_inst/INBUF_INST/O
                         net (fo=1, routed)           0.000     0.145    clk_IBUF_inst/OUT
    M6                   IBUFCTRL (Prop_IBUFCTRL_HPIOB_M_I_O)
                                                      0.000     0.145 r  clk_IBUF_inst/IBUFCTRL_INST/O
                         net (fo=1, routed)           0.226     0.371    clk_IBUF
    BUFGCE_X0Y55         BUFGCE (Prop_BUFCE_BUFGCE_I_O)
                                                      0.023     0.394 r  clk_IBUF_BUFG_inst/O
    X1Y2 (CLOCK_ROOT)    net (fo=454, routed)         0.753     1.147    clk_IBUF_BUFG
    SLICE_X25Y173        FDRE                                         r  r_o_fx_reg[6]/C
  -------------------------------------------------------------------    -------------------
    SLICE_X25Y173        FDRE (Prop_FFF2_SLICEM_C_Q)
                                                      0.084     1.231 r  r_o_fx_reg[6]/Q
                         net (fo=1, routed)           0.584     1.815    o_fx_OBUF[6]
    E3                   OBUF (Prop_OUTBUF_HPIOB_S_I_O)
                                                      0.396     2.211 r  o_fx_OBUF[6]_inst/O
                         net (fo=0)                   0.000     2.211    o_fx[6]
    E3                                                                r  o_fx[6] (OUT)
  -------------------------------------------------------------------    -------------------

Slack:                    inf
  Source:                 r_o_fx_reg[0]/C
                            (rising edge-triggered cell FDRE clocked by clk  {rise@0.000ns fall@0.500ns period=1.000ns})
  Destination:            o_fx[0]
                            (output port)
  Path Group:             (none)
  Path Type:              Min at Fast Process Corner
  Data Path Delay:        1.077ns  (logic 0.496ns (46.068%)  route 0.581ns (53.932%))
  Logic Levels:           1  (OBUF=1)
  Clock Uncertainty:      0.025ns  ((TSJ^2 + TIJ^2)^1/2 + DJ) / 2 + PE
    Total System Jitter     (TSJ):    0.050ns
    Total Input Jitter      (TIJ):    0.000ns
    Discrete Jitter          (DJ):    0.000ns
    Phase Error              (PE):    0.000ns
  Clock Net Delay (Source):      0.750ns (routing 0.126ns, distribution 0.624ns)

    Location             Delay type                Incr(ns)  Path(ns)    Netlist Resource(s)
  -------------------------------------------------------------------    -------------------
                         (clock clk rise edge)        0.000     0.000 r  
    M6                                                0.000     0.000 r  clk (IN)
                         net (fo=0)                   0.000     0.000    clk_IBUF_inst/I
    M6                   INBUF (Prop_INBUF_HPIOB_M_PAD_O)
                                                      0.145     0.145 r  clk_IBUF_inst/INBUF_INST/O
                         net (fo=1, routed)           0.000     0.145    clk_IBUF_inst/OUT
    M6                   IBUFCTRL (Prop_IBUFCTRL_HPIOB_M_I_O)
                                                      0.000     0.145 r  clk_IBUF_inst/IBUFCTRL_INST/O
                         net (fo=1, routed)           0.226     0.371    clk_IBUF
    BUFGCE_X0Y55         BUFGCE (Prop_BUFCE_BUFGCE_I_O)
                                                      0.023     0.394 r  clk_IBUF_BUFG_inst/O
    X1Y2 (CLOCK_ROOT)    net (fo=454, routed)         0.750     1.144    clk_IBUF_BUFG
    SLICE_X24Y170        FDRE                                         r  r_o_fx_reg[0]/C
  -------------------------------------------------------------------    -------------------
    SLICE_X24Y170        FDRE (Prop_BFF2_SLICEM_C_Q)
                                                      0.085     1.229 r  r_o_fx_reg[0]/Q
                         net (fo=1, routed)           0.581     1.810    o_fx_OBUF[0]
    A3                   OBUF (Prop_OUTBUF_HPIOB_S_I_O)
                                                      0.411     2.221 r  o_fx_OBUF[0]_inst/O
                         net (fo=0)                   0.000     2.221    o_fx[0]
    A3                                                                r  o_fx[0] (OUT)
  -------------------------------------------------------------------    -------------------

Slack:                    inf
  Source:                 r_o_fx_reg[4]/C
                            (rising edge-triggered cell FDRE clocked by clk  {rise@0.000ns fall@0.500ns period=1.000ns})
  Destination:            o_fx[4]
                            (output port)
  Path Group:             (none)
  Path Type:              Min at Fast Process Corner
  Data Path Delay:        1.083ns  (logic 0.497ns (45.886%)  route 0.586ns (54.114%))
  Logic Levels:           1  (OBUF=1)
  Clock Uncertainty:      0.025ns  ((TSJ^2 + TIJ^2)^1/2 + DJ) / 2 + PE
    Total System Jitter     (TSJ):    0.050ns
    Total Input Jitter      (TIJ):    0.000ns
    Discrete Jitter          (DJ):    0.000ns
    Phase Error              (PE):    0.000ns
  Clock Net Delay (Source):      0.750ns (routing 0.126ns, distribution 0.624ns)

    Location             Delay type                Incr(ns)  Path(ns)    Netlist Resource(s)
  -------------------------------------------------------------------    -------------------
                         (clock clk rise edge)        0.000     0.000 r  
    M6                                                0.000     0.000 r  clk (IN)
                         net (fo=0)                   0.000     0.000    clk_IBUF_inst/I
    M6                   INBUF (Prop_INBUF_HPIOB_M_PAD_O)
                                                      0.145     0.145 r  clk_IBUF_inst/INBUF_INST/O
                         net (fo=1, routed)           0.000     0.145    clk_IBUF_inst/OUT
    M6                   IBUFCTRL (Prop_IBUFCTRL_HPIOB_M_I_O)
                                                      0.000     0.145 r  clk_IBUF_inst/IBUFCTRL_INST/O
                         net (fo=1, routed)           0.226     0.371    clk_IBUF
    BUFGCE_X0Y55         BUFGCE (Prop_BUFCE_BUFGCE_I_O)
                                                      0.023     0.394 r  clk_IBUF_BUFG_inst/O
    X1Y2 (CLOCK_ROOT)    net (fo=454, routed)         0.750     1.144    clk_IBUF_BUFG
    SLICE_X24Y172        FDRE                                         r  r_o_fx_reg[4]/C
  -------------------------------------------------------------------    -------------------
    SLICE_X24Y172        FDRE (Prop_GFF2_SLICEM_C_Q)
                                                      0.084     1.228 r  r_o_fx_reg[4]/Q
                         net (fo=1, routed)           0.586     1.814    o_fx_OBUF[4]
    B1                   OBUF (Prop_OUTBUF_HPIOB_S_I_O)
                                                      0.413     2.227 r  o_fx_OBUF[4]_inst/O
                         net (fo=0)                   0.000     2.227    o_fx[4]
    B1                                                                r  o_fx[4] (OUT)
  -------------------------------------------------------------------    -------------------





--------------------------------------------------------------------------------------
Path Group:  (none)
From Clock:  
  To Clock:  clk

Max Delay           669 Endpoints
Min Delay           669 Endpoints
--------------------------------------------------------------------------------------


Max Delay Paths
--------------------------------------------------------------------------------------
Slack:                    inf
  Source:                 rst
                            (input port)
  Destination:            x_squared_2_reg[0]/R
                            (rising edge-triggered cell FDRE clocked by clk  {rise@0.000ns fall@0.500ns period=1.000ns})
  Path Group:             (none)
  Path Type:              Setup (Max at Slow Process Corner)
  Data Path Delay:        4.206ns  (logic 0.540ns (12.830%)  route 3.666ns (87.170%))
  Logic Levels:           2  (IBUFCTRL=1 INBUF=1)
  Clock Path Skew:        1.932ns (DCD - SCD + CPR)
    Destination Clock Delay (DCD):    1.932ns
    Source Clock Delay      (SCD):    0.000ns
    Clock Pessimism Removal (CPR):    0.000ns
  Clock Uncertainty:      0.025ns  ((TSJ^2 + TIJ^2)^1/2 + DJ) / 2 + PE
    Total System Jitter     (TSJ):    0.050ns
    Total Input Jitter      (TIJ):    0.000ns
    Discrete Jitter          (DJ):    0.000ns
    Phase Error              (PE):    0.000ns
  Clock Net Delay (Destination): 1.273ns (routing 0.231ns, distribution 1.042ns)

    Location             Delay type                Incr(ns)  Path(ns)    Netlist Resource(s)
  -------------------------------------------------------------------    -------------------
    B3                                                0.000     0.000 r  rst (IN)
                         net (fo=0)                   0.000     0.000    rst_IBUF_inst/I
    B3                   INBUF (Prop_INBUF_HPIOB_M_PAD_O)
                                                      0.540     0.540 r  rst_IBUF_inst/INBUF_INST/O
                         net (fo=1, routed)           0.000     0.540    rst_IBUF_inst/OUT
    B3                   IBUFCTRL (Prop_IBUFCTRL_HPIOB_M_I_O)
                                                      0.000     0.540 r  rst_IBUF_inst/IBUFCTRL_INST/O
                         net (fo=312, routed)         3.666     4.206    rst_IBUF
    SLICE_X25Y175        FDRE                                         r  x_squared_2_reg[0]/R
  -------------------------------------------------------------------    -------------------

                         (clock clk rise edge)        0.000     0.000 r  
    M6                                                0.000     0.000 r  clk (IN)
                         net (fo=0)                   0.000     0.000    clk_IBUF_inst/I
    M6                   INBUF (Prop_INBUF_HPIOB_M_PAD_O)
                                                      0.260     0.260 r  clk_IBUF_inst/INBUF_INST/O
                         net (fo=1, routed)           0.000     0.260    clk_IBUF_inst/OUT
    M6                   IBUFCTRL (Prop_IBUFCTRL_HPIOB_M_I_O)
                                                      0.000     0.260 r  clk_IBUF_inst/IBUFCTRL_INST/O
                         net (fo=1, routed)           0.360     0.620    clk_IBUF
    BUFGCE_X0Y55         BUFGCE (Prop_BUFCE_BUFGCE_I_O)
                                                      0.039     0.659 r  clk_IBUF_BUFG_inst/O
    X1Y2 (CLOCK_ROOT)    net (fo=454, routed)         1.273     1.932    clk_IBUF_BUFG
    SLICE_X25Y175        FDRE                                         r  x_squared_2_reg[0]/C

Slack:                    inf
  Source:                 rst
                            (input port)
  Destination:            x_squared_2_reg[1]/R
                            (rising edge-triggered cell FDRE clocked by clk  {rise@0.000ns fall@0.500ns period=1.000ns})
  Path Group:             (none)
  Path Type:              Setup (Max at Slow Process Corner)
  Data Path Delay:        4.206ns  (logic 0.540ns (12.830%)  route 3.666ns (87.170%))
  Logic Levels:           2  (IBUFCTRL=1 INBUF=1)
  Clock Path Skew:        1.932ns (DCD - SCD + CPR)
    Destination Clock Delay (DCD):    1.932ns
    Source Clock Delay      (SCD):    0.000ns
    Clock Pessimism Removal (CPR):    0.000ns
  Clock Uncertainty:      0.025ns  ((TSJ^2 + TIJ^2)^1/2 + DJ) / 2 + PE
    Total System Jitter     (TSJ):    0.050ns
    Total Input Jitter      (TIJ):    0.000ns
    Discrete Jitter          (DJ):    0.000ns
    Phase Error              (PE):    0.000ns
  Clock Net Delay (Destination): 1.273ns (routing 0.231ns, distribution 1.042ns)

    Location             Delay type                Incr(ns)  Path(ns)    Netlist Resource(s)
  -------------------------------------------------------------------    -------------------
    B3                                                0.000     0.000 r  rst (IN)
                         net (fo=0)                   0.000     0.000    rst_IBUF_inst/I
    B3                   INBUF (Prop_INBUF_HPIOB_M_PAD_O)
                                                      0.540     0.540 r  rst_IBUF_inst/INBUF_INST/O
                         net (fo=1, routed)           0.000     0.540    rst_IBUF_inst/OUT
    B3                   IBUFCTRL (Prop_IBUFCTRL_HPIOB_M_I_O)
                                                      0.000     0.540 r  rst_IBUF_inst/IBUFCTRL_INST/O
                         net (fo=312, routed)         3.666     4.206    rst_IBUF
    SLICE_X25Y175        FDRE                                         r  x_squared_2_reg[1]/R
  -------------------------------------------------------------------    -------------------

                         (clock clk rise edge)        0.000     0.000 r  
    M6                                                0.000     0.000 r  clk (IN)
                         net (fo=0)                   0.000     0.000    clk_IBUF_inst/I
    M6                   INBUF (Prop_INBUF_HPIOB_M_PAD_O)
                                                      0.260     0.260 r  clk_IBUF_inst/INBUF_INST/O
                         net (fo=1, routed)           0.000     0.260    clk_IBUF_inst/OUT
    M6                   IBUFCTRL (Prop_IBUFCTRL_HPIOB_M_I_O)
                                                      0.000     0.260 r  clk_IBUF_inst/IBUFCTRL_INST/O
                         net (fo=1, routed)           0.360     0.620    clk_IBUF
    BUFGCE_X0Y55         BUFGCE (Prop_BUFCE_BUFGCE_I_O)
                                                      0.039     0.659 r  clk_IBUF_BUFG_inst/O
    X1Y2 (CLOCK_ROOT)    net (fo=454, routed)         1.273     1.932    clk_IBUF_BUFG
    SLICE_X25Y175        FDRE                                         r  x_squared_2_reg[1]/C

Slack:                    inf
  Source:                 rst
                            (input port)
  Destination:            x_squared_2_reg[3]/R
                            (rising edge-triggered cell FDRE clocked by clk  {rise@0.000ns fall@0.500ns period=1.000ns})
  Path Group:             (none)
  Path Type:              Setup (Max at Slow Process Corner)
  Data Path Delay:        4.206ns  (logic 0.540ns (12.830%)  route 3.666ns (87.170%))
  Logic Levels:           2  (IBUFCTRL=1 INBUF=1)
  Clock Path Skew:        1.932ns (DCD - SCD + CPR)
    Destination Clock Delay (DCD):    1.932ns
    Source Clock Delay      (SCD):    0.000ns
    Clock Pessimism Removal (CPR):    0.000ns
  Clock Uncertainty:      0.025ns  ((TSJ^2 + TIJ^2)^1/2 + DJ) / 2 + PE
    Total System Jitter     (TSJ):    0.050ns
    Total Input Jitter      (TIJ):    0.000ns
    Discrete Jitter          (DJ):    0.000ns
    Phase Error              (PE):    0.000ns
  Clock Net Delay (Destination): 1.273ns (routing 0.231ns, distribution 1.042ns)

    Location             Delay type                Incr(ns)  Path(ns)    Netlist Resource(s)
  -------------------------------------------------------------------    -------------------
    B3                                                0.000     0.000 r  rst (IN)
                         net (fo=0)                   0.000     0.000    rst_IBUF_inst/I
    B3                   INBUF (Prop_INBUF_HPIOB_M_PAD_O)
                                                      0.540     0.540 r  rst_IBUF_inst/INBUF_INST/O
                         net (fo=1, routed)           0.000     0.540    rst_IBUF_inst/OUT
    B3                   IBUFCTRL (Prop_IBUFCTRL_HPIOB_M_I_O)
                                                      0.000     0.540 r  rst_IBUF_inst/IBUFCTRL_INST/O
                         net (fo=312, routed)         3.666     4.206    rst_IBUF
    SLICE_X25Y175        FDRE                                         r  x_squared_2_reg[3]/R
  -------------------------------------------------------------------    -------------------

                         (clock clk rise edge)        0.000     0.000 r  
    M6                                                0.000     0.000 r  clk (IN)
                         net (fo=0)                   0.000     0.000    clk_IBUF_inst/I
    M6                   INBUF (Prop_INBUF_HPIOB_M_PAD_O)
                                                      0.260     0.260 r  clk_IBUF_inst/INBUF_INST/O
                         net (fo=1, routed)           0.000     0.260    clk_IBUF_inst/OUT
    M6                   IBUFCTRL (Prop_IBUFCTRL_HPIOB_M_I_O)
                                                      0.000     0.260 r  clk_IBUF_inst/IBUFCTRL_INST/O
                         net (fo=1, routed)           0.360     0.620    clk_IBUF
    BUFGCE_X0Y55         BUFGCE (Prop_BUFCE_BUFGCE_I_O)
                                                      0.039     0.659 r  clk_IBUF_BUFG_inst/O
    X1Y2 (CLOCK_ROOT)    net (fo=454, routed)         1.273     1.932    clk_IBUF_BUFG
    SLICE_X25Y175        FDRE                                         r  x_squared_2_reg[3]/C

Slack:                    inf
  Source:                 rst
                            (input port)
  Destination:            x_squared_2_reg[5]/R
                            (rising edge-triggered cell FDRE clocked by clk  {rise@0.000ns fall@0.500ns period=1.000ns})
  Path Group:             (none)
  Path Type:              Setup (Max at Slow Process Corner)
  Data Path Delay:        4.206ns  (logic 0.540ns (12.830%)  route 3.666ns (87.170%))
  Logic Levels:           2  (IBUFCTRL=1 INBUF=1)
  Clock Path Skew:        1.932ns (DCD - SCD + CPR)
    Destination Clock Delay (DCD):    1.932ns
    Source Clock Delay      (SCD):    0.000ns
    Clock Pessimism Removal (CPR):    0.000ns
  Clock Uncertainty:      0.025ns  ((TSJ^2 + TIJ^2)^1/2 + DJ) / 2 + PE
    Total System Jitter     (TSJ):    0.050ns
    Total Input Jitter      (TIJ):    0.000ns
    Discrete Jitter          (DJ):    0.000ns
    Phase Error              (PE):    0.000ns
  Clock Net Delay (Destination): 1.273ns (routing 0.231ns, distribution 1.042ns)

    Location             Delay type                Incr(ns)  Path(ns)    Netlist Resource(s)
  -------------------------------------------------------------------    -------------------
    B3                                                0.000     0.000 r  rst (IN)
                         net (fo=0)                   0.000     0.000    rst_IBUF_inst/I
    B3                   INBUF (Prop_INBUF_HPIOB_M_PAD_O)
                                                      0.540     0.540 r  rst_IBUF_inst/INBUF_INST/O
                         net (fo=1, routed)           0.000     0.540    rst_IBUF_inst/OUT
    B3                   IBUFCTRL (Prop_IBUFCTRL_HPIOB_M_I_O)
                                                      0.000     0.540 r  rst_IBUF_inst/IBUFCTRL_INST/O
                         net (fo=312, routed)         3.666     4.206    rst_IBUF
    SLICE_X25Y175        FDRE                                         r  x_squared_2_reg[5]/R
  -------------------------------------------------------------------    -------------------

                         (clock clk rise edge)        0.000     0.000 r  
    M6                                                0.000     0.000 r  clk (IN)
                         net (fo=0)                   0.000     0.000    clk_IBUF_inst/I
    M6                   INBUF (Prop_INBUF_HPIOB_M_PAD_O)
                                                      0.260     0.260 r  clk_IBUF_inst/INBUF_INST/O
                         net (fo=1, routed)           0.000     0.260    clk_IBUF_inst/OUT
    M6                   IBUFCTRL (Prop_IBUFCTRL_HPIOB_M_I_O)
                                                      0.000     0.260 r  clk_IBUF_inst/IBUFCTRL_INST/O
                         net (fo=1, routed)           0.360     0.620    clk_IBUF
    BUFGCE_X0Y55         BUFGCE (Prop_BUFCE_BUFGCE_I_O)
                                                      0.039     0.659 r  clk_IBUF_BUFG_inst/O
    X1Y2 (CLOCK_ROOT)    net (fo=454, routed)         1.273     1.932    clk_IBUF_BUFG
    SLICE_X25Y175        FDRE                                         r  x_squared_2_reg[5]/C

Slack:                    inf
  Source:                 rst
                            (input port)
  Destination:            p1_2_reg[0]_psdsp/R
                            (rising edge-triggered cell FDRE clocked by clk  {rise@0.000ns fall@0.500ns period=1.000ns})
  Path Group:             (none)
  Path Type:              Setup (Max at Slow Process Corner)
  Data Path Delay:        4.203ns  (logic 0.540ns (12.839%)  route 3.663ns (87.161%))
  Logic Levels:           2  (IBUFCTRL=1 INBUF=1)
  Clock Path Skew:        1.932ns (DCD - SCD + CPR)
    Destination Clock Delay (DCD):    1.932ns
    Source Clock Delay      (SCD):    0.000ns
    Clock Pessimism Removal (CPR):    0.000ns
  Clock Uncertainty:      0.025ns  ((TSJ^2 + TIJ^2)^1/2 + DJ) / 2 + PE
    Total System Jitter     (TSJ):    0.050ns
    Total Input Jitter      (TIJ):    0.000ns
    Discrete Jitter          (DJ):    0.000ns
    Phase Error              (PE):    0.000ns
  Clock Net Delay (Destination): 1.273ns (routing 0.231ns, distribution 1.042ns)

    Location             Delay type                Incr(ns)  Path(ns)    Netlist Resource(s)
  -------------------------------------------------------------------    -------------------
    B3                                                0.000     0.000 r  rst (IN)
                         net (fo=0)                   0.000     0.000    rst_IBUF_inst/I
    B3                   INBUF (Prop_INBUF_HPIOB_M_PAD_O)
                                                      0.540     0.540 r  rst_IBUF_inst/INBUF_INST/O
                         net (fo=1, routed)           0.000     0.540    rst_IBUF_inst/OUT
    B3                   IBUFCTRL (Prop_IBUFCTRL_HPIOB_M_I_O)
                                                      0.000     0.540 r  rst_IBUF_inst/IBUFCTRL_INST/O
                         net (fo=312, routed)         3.663     4.203    rst_IBUF
    SLICE_X25Y175        FDRE                                         r  p1_2_reg[0]_psdsp/R
  -------------------------------------------------------------------    -------------------

                         (clock clk rise edge)        0.000     0.000 r  
    M6                                                0.000     0.000 r  clk (IN)
                         net (fo=0)                   0.000     0.000    clk_IBUF_inst/I
    M6                   INBUF (Prop_INBUF_HPIOB_M_PAD_O)
                                                      0.260     0.260 r  clk_IBUF_inst/INBUF_INST/O
                         net (fo=1, routed)           0.000     0.260    clk_IBUF_inst/OUT
    M6                   IBUFCTRL (Prop_IBUFCTRL_HPIOB_M_I_O)
                                                      0.000     0.260 r  clk_IBUF_inst/IBUFCTRL_INST/O
                         net (fo=1, routed)           0.360     0.620    clk_IBUF
    BUFGCE_X0Y55         BUFGCE (Prop_BUFCE_BUFGCE_I_O)
                                                      0.039     0.659 r  clk_IBUF_BUFG_inst/O
    X1Y2 (CLOCK_ROOT)    net (fo=454, routed)         1.273     1.932    clk_IBUF_BUFG
    SLICE_X25Y175        FDRE                                         r  p1_2_reg[0]_psdsp/C

Slack:                    inf
  Source:                 rst
                            (input port)
  Destination:            p1_2_reg[7]_psdsp/R
                            (rising edge-triggered cell FDRE clocked by clk  {rise@0.000ns fall@0.500ns period=1.000ns})
  Path Group:             (none)
  Path Type:              Setup (Max at Slow Process Corner)
  Data Path Delay:        4.203ns  (logic 0.540ns (12.839%)  route 3.663ns (87.161%))
  Logic Levels:           2  (IBUFCTRL=1 INBUF=1)
  Clock Path Skew:        1.932ns (DCD - SCD + CPR)
    Destination Clock Delay (DCD):    1.932ns
    Source Clock Delay      (SCD):    0.000ns
    Clock Pessimism Removal (CPR):    0.000ns
  Clock Uncertainty:      0.025ns  ((TSJ^2 + TIJ^2)^1/2 + DJ) / 2 + PE
    Total System Jitter     (TSJ):    0.050ns
    Total Input Jitter      (TIJ):    0.000ns
    Discrete Jitter          (DJ):    0.000ns
    Phase Error              (PE):    0.000ns
  Clock Net Delay (Destination): 1.273ns (routing 0.231ns, distribution 1.042ns)

    Location             Delay type                Incr(ns)  Path(ns)    Netlist Resource(s)
  -------------------------------------------------------------------    -------------------
    B3                                                0.000     0.000 r  rst (IN)
                         net (fo=0)                   0.000     0.000    rst_IBUF_inst/I
    B3                   INBUF (Prop_INBUF_HPIOB_M_PAD_O)
                                                      0.540     0.540 r  rst_IBUF_inst/INBUF_INST/O
                         net (fo=1, routed)           0.000     0.540    rst_IBUF_inst/OUT
    B3                   IBUFCTRL (Prop_IBUFCTRL_HPIOB_M_I_O)
                                                      0.000     0.540 r  rst_IBUF_inst/IBUFCTRL_INST/O
                         net (fo=312, routed)         3.663     4.203    rst_IBUF
    SLICE_X25Y175        FDRE                                         r  p1_2_reg[7]_psdsp/R
  -------------------------------------------------------------------    -------------------

                         (clock clk rise edge)        0.000     0.000 r  
    M6                                                0.000     0.000 r  clk (IN)
                         net (fo=0)                   0.000     0.000    clk_IBUF_inst/I
    M6                   INBUF (Prop_INBUF_HPIOB_M_PAD_O)
                                                      0.260     0.260 r  clk_IBUF_inst/INBUF_INST/O
                         net (fo=1, routed)           0.000     0.260    clk_IBUF_inst/OUT
    M6                   IBUFCTRL (Prop_IBUFCTRL_HPIOB_M_I_O)
                                                      0.000     0.260 r  clk_IBUF_inst/IBUFCTRL_INST/O
                         net (fo=1, routed)           0.360     0.620    clk_IBUF
    BUFGCE_X0Y55         BUFGCE (Prop_BUFCE_BUFGCE_I_O)
                                                      0.039     0.659 r  clk_IBUF_BUFG_inst/O
    X1Y2 (CLOCK_ROOT)    net (fo=454, routed)         1.273     1.932    clk_IBUF_BUFG
    SLICE_X25Y175        FDRE                                         r  p1_2_reg[7]_psdsp/C

Slack:                    inf
  Source:                 rst
                            (input port)
  Destination:            p2_3_reg[8]/R
                            (rising edge-triggered cell FDRE clocked by clk  {rise@0.000ns fall@0.500ns period=1.000ns})
  Path Group:             (none)
  Path Type:              Setup (Max at Slow Process Corner)
  Data Path Delay:        4.203ns  (logic 0.540ns (12.839%)  route 3.663ns (87.161%))
  Logic Levels:           2  (IBUFCTRL=1 INBUF=1)
  Clock Path Skew:        1.932ns (DCD - SCD + CPR)
    Destination Clock Delay (DCD):    1.932ns
    Source Clock Delay      (SCD):    0.000ns
    Clock Pessimism Removal (CPR):    0.000ns
  Clock Uncertainty:      0.025ns  ((TSJ^2 + TIJ^2)^1/2 + DJ) / 2 + PE
    Total System Jitter     (TSJ):    0.050ns
    Total Input Jitter      (TIJ):    0.000ns
    Discrete Jitter          (DJ):    0.000ns
    Phase Error              (PE):    0.000ns
  Clock Net Delay (Destination): 1.273ns (routing 0.231ns, distribution 1.042ns)

    Location             Delay type                Incr(ns)  Path(ns)    Netlist Resource(s)
  -------------------------------------------------------------------    -------------------
    B3                                                0.000     0.000 r  rst (IN)
                         net (fo=0)                   0.000     0.000    rst_IBUF_inst/I
    B3                   INBUF (Prop_INBUF_HPIOB_M_PAD_O)
                                                      0.540     0.540 r  rst_IBUF_inst/INBUF_INST/O
                         net (fo=1, routed)           0.000     0.540    rst_IBUF_inst/OUT
    B3                   IBUFCTRL (Prop_IBUFCTRL_HPIOB_M_I_O)
                                                      0.000     0.540 r  rst_IBUF_inst/IBUFCTRL_INST/O
                         net (fo=312, routed)         3.663     4.203    rst_IBUF
    SLICE_X25Y175        FDRE                                         r  p2_3_reg[8]/R
  -------------------------------------------------------------------    -------------------

                         (clock clk rise edge)        0.000     0.000 r  
    M6                                                0.000     0.000 r  clk (IN)
                         net (fo=0)                   0.000     0.000    clk_IBUF_inst/I
    M6                   INBUF (Prop_INBUF_HPIOB_M_PAD_O)
                                                      0.260     0.260 r  clk_IBUF_inst/INBUF_INST/O
                         net (fo=1, routed)           0.000     0.260    clk_IBUF_inst/OUT
    M6                   IBUFCTRL (Prop_IBUFCTRL_HPIOB_M_I_O)
                                                      0.000     0.260 r  clk_IBUF_inst/IBUFCTRL_INST/O
                         net (fo=1, routed)           0.360     0.620    clk_IBUF
    BUFGCE_X0Y55         BUFGCE (Prop_BUFCE_BUFGCE_I_O)
                                                      0.039     0.659 r  clk_IBUF_BUFG_inst/O
    X1Y2 (CLOCK_ROOT)    net (fo=454, routed)         1.273     1.932    clk_IBUF_BUFG
    SLICE_X25Y175        FDRE                                         r  p2_3_reg[8]/C

Slack:                    inf
  Source:                 rst
                            (input port)
  Destination:            p3_4_reg[1]/R
                            (rising edge-triggered cell FDRE clocked by clk  {rise@0.000ns fall@0.500ns period=1.000ns})
  Path Group:             (none)
  Path Type:              Setup (Max at Slow Process Corner)
  Data Path Delay:        4.203ns  (logic 0.540ns (12.839%)  route 3.663ns (87.161%))
  Logic Levels:           2  (IBUFCTRL=1 INBUF=1)
  Clock Path Skew:        1.932ns (DCD - SCD + CPR)
    Destination Clock Delay (DCD):    1.932ns
    Source Clock Delay      (SCD):    0.000ns
    Clock Pessimism Removal (CPR):    0.000ns
  Clock Uncertainty:      0.025ns  ((TSJ^2 + TIJ^2)^1/2 + DJ) / 2 + PE
    Total System Jitter     (TSJ):    0.050ns
    Total Input Jitter      (TIJ):    0.000ns
    Discrete Jitter          (DJ):    0.000ns
    Phase Error              (PE):    0.000ns
  Clock Net Delay (Destination): 1.273ns (routing 0.231ns, distribution 1.042ns)

    Location             Delay type                Incr(ns)  Path(ns)    Netlist Resource(s)
  -------------------------------------------------------------------    -------------------
    B3                                                0.000     0.000 r  rst (IN)
                         net (fo=0)                   0.000     0.000    rst_IBUF_inst/I
    B3                   INBUF (Prop_INBUF_HPIOB_M_PAD_O)
                                                      0.540     0.540 r  rst_IBUF_inst/INBUF_INST/O
                         net (fo=1, routed)           0.000     0.540    rst_IBUF_inst/OUT
    B3                   IBUFCTRL (Prop_IBUFCTRL_HPIOB_M_I_O)
                                                      0.000     0.540 r  rst_IBUF_inst/IBUFCTRL_INST/O
                         net (fo=312, routed)         3.663     4.203    rst_IBUF
    SLICE_X25Y175        FDRE                                         r  p3_4_reg[1]/R
  -------------------------------------------------------------------    -------------------

                         (clock clk rise edge)        0.000     0.000 r  
    M6                                                0.000     0.000 r  clk (IN)
                         net (fo=0)                   0.000     0.000    clk_IBUF_inst/I
    M6                   INBUF (Prop_INBUF_HPIOB_M_PAD_O)
                                                      0.260     0.260 r  clk_IBUF_inst/INBUF_INST/O
                         net (fo=1, routed)           0.000     0.260    clk_IBUF_inst/OUT
    M6                   IBUFCTRL (Prop_IBUFCTRL_HPIOB_M_I_O)
                                                      0.000     0.260 r  clk_IBUF_inst/IBUFCTRL_INST/O
                         net (fo=1, routed)           0.360     0.620    clk_IBUF
    BUFGCE_X0Y55         BUFGCE (Prop_BUFCE_BUFGCE_I_O)
                                                      0.039     0.659 r  clk_IBUF_BUFG_inst/O
    X1Y2 (CLOCK_ROOT)    net (fo=454, routed)         1.273     1.932    clk_IBUF_BUFG
    SLICE_X25Y175        FDRE                                         r  p3_4_reg[1]/C

Slack:                    inf
  Source:                 rst
                            (input port)
  Destination:            p3_4_reg[3]/R
                            (rising edge-triggered cell FDRE clocked by clk  {rise@0.000ns fall@0.500ns period=1.000ns})
  Path Group:             (none)
  Path Type:              Setup (Max at Slow Process Corner)
  Data Path Delay:        4.203ns  (logic 0.540ns (12.839%)  route 3.663ns (87.161%))
  Logic Levels:           2  (IBUFCTRL=1 INBUF=1)
  Clock Path Skew:        1.932ns (DCD - SCD + CPR)
    Destination Clock Delay (DCD):    1.932ns
    Source Clock Delay      (SCD):    0.000ns
    Clock Pessimism Removal (CPR):    0.000ns
  Clock Uncertainty:      0.025ns  ((TSJ^2 + TIJ^2)^1/2 + DJ) / 2 + PE
    Total System Jitter     (TSJ):    0.050ns
    Total Input Jitter      (TIJ):    0.000ns
    Discrete Jitter          (DJ):    0.000ns
    Phase Error              (PE):    0.000ns
  Clock Net Delay (Destination): 1.273ns (routing 0.231ns, distribution 1.042ns)

    Location             Delay type                Incr(ns)  Path(ns)    Netlist Resource(s)
  -------------------------------------------------------------------    -------------------
    B3                                                0.000     0.000 r  rst (IN)
                         net (fo=0)                   0.000     0.000    rst_IBUF_inst/I
    B3                   INBUF (Prop_INBUF_HPIOB_M_PAD_O)
                                                      0.540     0.540 r  rst_IBUF_inst/INBUF_INST/O
                         net (fo=1, routed)           0.000     0.540    rst_IBUF_inst/OUT
    B3                   IBUFCTRL (Prop_IBUFCTRL_HPIOB_M_I_O)
                                                      0.000     0.540 r  rst_IBUF_inst/IBUFCTRL_INST/O
                         net (fo=312, routed)         3.663     4.203    rst_IBUF
    SLICE_X25Y175        FDRE                                         r  p3_4_reg[3]/R
  -------------------------------------------------------------------    -------------------

                         (clock clk rise edge)        0.000     0.000 r  
    M6                                                0.000     0.000 r  clk (IN)
                         net (fo=0)                   0.000     0.000    clk_IBUF_inst/I
    M6                   INBUF (Prop_INBUF_HPIOB_M_PAD_O)
                                                      0.260     0.260 r  clk_IBUF_inst/INBUF_INST/O
                         net (fo=1, routed)           0.000     0.260    clk_IBUF_inst/OUT
    M6                   IBUFCTRL (Prop_IBUFCTRL_HPIOB_M_I_O)
                                                      0.000     0.260 r  clk_IBUF_inst/IBUFCTRL_INST/O
                         net (fo=1, routed)           0.360     0.620    clk_IBUF
    BUFGCE_X0Y55         BUFGCE (Prop_BUFCE_BUFGCE_I_O)
                                                      0.039     0.659 r  clk_IBUF_BUFG_inst/O
    X1Y2 (CLOCK_ROOT)    net (fo=454, routed)         1.273     1.932    clk_IBUF_BUFG
    SLICE_X25Y175        FDRE                                         r  p3_4_reg[3]/C

Slack:                    inf
  Source:                 rst
                            (input port)
  Destination:            u_p4/c_d1_reg[13]/R
                            (rising edge-triggered cell FDRE clocked by clk  {rise@0.000ns fall@0.500ns period=1.000ns})
  Path Group:             (none)
  Path Type:              Setup (Max at Slow Process Corner)
  Data Path Delay:        4.203ns  (logic 0.540ns (12.839%)  route 3.663ns (87.161%))
  Logic Levels:           2  (IBUFCTRL=1 INBUF=1)
  Clock Path Skew:        1.932ns (DCD - SCD + CPR)
    Destination Clock Delay (DCD):    1.932ns
    Source Clock Delay      (SCD):    0.000ns
    Clock Pessimism Removal (CPR):    0.000ns
  Clock Uncertainty:      0.025ns  ((TSJ^2 + TIJ^2)^1/2 + DJ) / 2 + PE
    Total System Jitter     (TSJ):    0.050ns
    Total Input Jitter      (TIJ):    0.000ns
    Discrete Jitter          (DJ):    0.000ns
    Phase Error              (PE):    0.000ns
  Clock Net Delay (Destination): 1.273ns (routing 0.231ns, distribution 1.042ns)

    Location             Delay type                Incr(ns)  Path(ns)    Netlist Resource(s)
  -------------------------------------------------------------------    -------------------
    B3                                                0.000     0.000 r  rst (IN)
                         net (fo=0)                   0.000     0.000    rst_IBUF_inst/I
    B3                   INBUF (Prop_INBUF_HPIOB_M_PAD_O)
                                                      0.540     0.540 r  rst_IBUF_inst/INBUF_INST/O
                         net (fo=1, routed)           0.000     0.540    rst_IBUF_inst/OUT
    B3                   IBUFCTRL (Prop_IBUFCTRL_HPIOB_M_I_O)
                                                      0.000     0.540 r  rst_IBUF_inst/IBUFCTRL_INST/O
                         net (fo=312, routed)         3.663     4.203    u_p4/rst_IBUF
    SLICE_X25Y175        FDRE                                         r  u_p4/c_d1_reg[13]/R
  -------------------------------------------------------------------    -------------------

                         (clock clk rise edge)        0.000     0.000 r  
    M6                                                0.000     0.000 r  clk (IN)
                         net (fo=0)                   0.000     0.000    clk_IBUF_inst/I
    M6                   INBUF (Prop_INBUF_HPIOB_M_PAD_O)
                                                      0.260     0.260 r  clk_IBUF_inst/INBUF_INST/O
                         net (fo=1, routed)           0.000     0.260    clk_IBUF_inst/OUT
    M6                   IBUFCTRL (Prop_IBUFCTRL_HPIOB_M_I_O)
                                                      0.000     0.260 r  clk_IBUF_inst/IBUFCTRL_INST/O
                         net (fo=1, routed)           0.360     0.620    clk_IBUF
    BUFGCE_X0Y55         BUFGCE (Prop_BUFCE_BUFGCE_I_O)
                                                      0.039     0.659 r  clk_IBUF_BUFG_inst/O
    X1Y2 (CLOCK_ROOT)    net (fo=454, routed)         1.273     1.932    u_p4/clk_IBUF_BUFG
    SLICE_X25Y175        FDRE                                         r  u_p4/c_d1_reg[13]/C





Min Delay Paths
--------------------------------------------------------------------------------------
Slack:                    inf
  Source:                 i_valid
                            (input port)
  Destination:            u_delay_valid_fx/pipe_reg[2]_srl28___u_delay_valid_fx_pipe_reg_r_16/D
                            (rising edge-triggered cell SRLC32E clocked by clk  {rise@0.000ns fall@0.500ns period=1.000ns})
  Path Group:             (none)
  Path Type:              Hold (Min at Fast Process Corner)
  Data Path Delay:        0.667ns  (logic 0.191ns (28.644%)  route 0.476ns (71.356%))
  Logic Levels:           2  (IBUFCTRL=1 INBUF=1)
  Clock Path Skew:        1.578ns (DCD - SCD - CPR)
    Destination Clock Delay (DCD):    1.578ns
    Source Clock Delay      (SCD):    0.000ns
    Clock Pessimism Removal (CPR):    -0.000ns
  Clock Net Delay (Destination): 0.860ns (routing 0.133ns, distribution 0.727ns)

    Location             Delay type                Incr(ns)  Path(ns)    Netlist Resource(s)
  -------------------------------------------------------------------    -------------------
    A4                                                0.000     0.000 r  i_valid (IN)
                         net (fo=0)                   0.000     0.000    i_valid_IBUF_inst/I
    A4                   INBUF (Prop_INBUF_HPIOB_S_PAD_O)
                                                      0.191     0.191 r  i_valid_IBUF_inst/INBUF_INST/O
                         net (fo=1, routed)           0.000     0.191    i_valid_IBUF_inst/OUT
    A4                   IBUFCTRL (Prop_IBUFCTRL_HPIOB_S_I_O)
                                                      0.000     0.191 r  i_valid_IBUF_inst/IBUFCTRL_INST/O
                         net (fo=1, routed)           0.476     0.667    u_delay_valid_fx/i_valid_IBUF
    SLICE_X24Y175        SRLC32E                                      r  u_delay_valid_fx/pipe_reg[2]_srl28___u_delay_valid_fx_pipe_reg_r_16/D
  -------------------------------------------------------------------    -------------------

                         (clock clk rise edge)        0.000     0.000 r  
    M6                                                0.000     0.000 r  clk (IN)
                         net (fo=0)                   0.000     0.000    clk_IBUF_inst/I
    M6                   INBUF (Prop_INBUF_HPIOB_M_PAD_O)
                                                      0.330     0.330 r  clk_IBUF_inst/INBUF_INST/O
                         net (fo=1, routed)           0.000     0.330    clk_IBUF_inst/OUT
    M6                   IBUFCTRL (Prop_IBUFCTRL_HPIOB_M_I_O)
                                                      0.000     0.330 r  clk_IBUF_inst/IBUFCTRL_INST/O
                         net (fo=1, routed)           0.362     0.692    clk_IBUF
    BUFGCE_X0Y55         BUFGCE (Prop_BUFCE_BUFGCE_I_O)
                                                      0.026     0.718 r  clk_IBUF_BUFG_inst/O
    X1Y2 (CLOCK_ROOT)    net (fo=454, routed)         0.860     1.578    u_delay_valid_fx/clk_IBUF_BUFG
    SLICE_X24Y175        SRLC32E                                      r  u_delay_valid_fx/pipe_reg[2]_srl28___u_delay_valid_fx_pipe_reg_r_16/CLK

Slack:                    inf
  Source:                 rst
                            (input port)
  Destination:            p1_2_reg[10]/R
                            (rising edge-triggered cell FDRE clocked by clk  {rise@0.000ns fall@0.500ns period=1.000ns})
  Path Group:             (none)
  Path Type:              Hold (Min at Fast Process Corner)
  Data Path Delay:        0.669ns  (logic 0.174ns (26.071%)  route 0.494ns (73.929%))
  Logic Levels:           2  (IBUFCTRL=1 INBUF=1)
  Clock Path Skew:        1.566ns (DCD - SCD - CPR)
    Destination Clock Delay (DCD):    1.566ns
    Source Clock Delay      (SCD):    0.000ns
    Clock Pessimism Removal (CPR):    -0.000ns
  Clock Net Delay (Destination): 0.848ns (routing 0.133ns, distribution 0.715ns)

    Location             Delay type                Incr(ns)  Path(ns)    Netlist Resource(s)
  -------------------------------------------------------------------    -------------------
    B3                                                0.000     0.000 r  rst (IN)
                         net (fo=0)                   0.000     0.000    rst_IBUF_inst/I
    B3                   INBUF (Prop_INBUF_HPIOB_M_PAD_O)
                                                      0.174     0.174 r  rst_IBUF_inst/INBUF_INST/O
                         net (fo=1, routed)           0.000     0.174    rst_IBUF_inst/OUT
    B3                   IBUFCTRL (Prop_IBUFCTRL_HPIOB_M_I_O)
                                                      0.000     0.174 r  rst_IBUF_inst/IBUFCTRL_INST/O
                         net (fo=312, routed)         0.494     0.669    rst_IBUF
    SLICE_X24Y182        FDRE                                         r  p1_2_reg[10]/R
  -------------------------------------------------------------------    -------------------

                         (clock clk rise edge)        0.000     0.000 r  
    M6                                                0.000     0.000 r  clk (IN)
                         net (fo=0)                   0.000     0.000    clk_IBUF_inst/I
    M6                   INBUF (Prop_INBUF_HPIOB_M_PAD_O)
                                                      0.330     0.330 r  clk_IBUF_inst/INBUF_INST/O
                         net (fo=1, routed)           0.000     0.330    clk_IBUF_inst/OUT
    M6                   IBUFCTRL (Prop_IBUFCTRL_HPIOB_M_I_O)
                                                      0.000     0.330 r  clk_IBUF_inst/IBUFCTRL_INST/O
                         net (fo=1, routed)           0.362     0.692    clk_IBUF
    BUFGCE_X0Y55         BUFGCE (Prop_BUFCE_BUFGCE_I_O)
                                                      0.026     0.718 r  clk_IBUF_BUFG_inst/O
    X1Y2 (CLOCK_ROOT)    net (fo=454, routed)         0.848     1.566    clk_IBUF_BUFG
    SLICE_X24Y182        FDRE                                         r  p1_2_reg[10]/C

Slack:                    inf
  Source:                 rst
                            (input port)
  Destination:            p1_2_reg[11]/R
                            (rising edge-triggered cell FDRE clocked by clk  {rise@0.000ns fall@0.500ns period=1.000ns})
  Path Group:             (none)
  Path Type:              Hold (Min at Fast Process Corner)
  Data Path Delay:        0.669ns  (logic 0.174ns (26.071%)  route 0.494ns (73.929%))
  Logic Levels:           2  (IBUFCTRL=1 INBUF=1)
  Clock Path Skew:        1.566ns (DCD - SCD - CPR)
    Destination Clock Delay (DCD):    1.566ns
    Source Clock Delay      (SCD):    0.000ns
    Clock Pessimism Removal (CPR):    -0.000ns
  Clock Net Delay (Destination): 0.848ns (routing 0.133ns, distribution 0.715ns)

    Location             Delay type                Incr(ns)  Path(ns)    Netlist Resource(s)
  -------------------------------------------------------------------    -------------------
    B3                                                0.000     0.000 r  rst (IN)
                         net (fo=0)                   0.000     0.000    rst_IBUF_inst/I
    B3                   INBUF (Prop_INBUF_HPIOB_M_PAD_O)
                                                      0.174     0.174 r  rst_IBUF_inst/INBUF_INST/O
                         net (fo=1, routed)           0.000     0.174    rst_IBUF_inst/OUT
    B3                   IBUFCTRL (Prop_IBUFCTRL_HPIOB_M_I_O)
                                                      0.000     0.174 r  rst_IBUF_inst/IBUFCTRL_INST/O
                         net (fo=312, routed)         0.494     0.669    rst_IBUF
    SLICE_X24Y182        FDRE                                         r  p1_2_reg[11]/R
  -------------------------------------------------------------------    -------------------

                         (clock clk rise edge)        0.000     0.000 r  
    M6                                                0.000     0.000 r  clk (IN)
                         net (fo=0)                   0.000     0.000    clk_IBUF_inst/I
    M6                   INBUF (Prop_INBUF_HPIOB_M_PAD_O)
                                                      0.330     0.330 r  clk_IBUF_inst/INBUF_INST/O
                         net (fo=1, routed)           0.000     0.330    clk_IBUF_inst/OUT
    M6                   IBUFCTRL (Prop_IBUFCTRL_HPIOB_M_I_O)
                                                      0.000     0.330 r  clk_IBUF_inst/IBUFCTRL_INST/O
                         net (fo=1, routed)           0.362     0.692    clk_IBUF
    BUFGCE_X0Y55         BUFGCE (Prop_BUFCE_BUFGCE_I_O)
                                                      0.026     0.718 r  clk_IBUF_BUFG_inst/O
    X1Y2 (CLOCK_ROOT)    net (fo=454, routed)         0.848     1.566    clk_IBUF_BUFG
    SLICE_X24Y182        FDRE                                         r  p1_2_reg[11]/C

Slack:                    inf
  Source:                 rst
                            (input port)
  Destination:            p1_2_reg[12]/R
                            (rising edge-triggered cell FDRE clocked by clk  {rise@0.000ns fall@0.500ns period=1.000ns})
  Path Group:             (none)
  Path Type:              Hold (Min at Fast Process Corner)
  Data Path Delay:        0.669ns  (logic 0.174ns (26.071%)  route 0.494ns (73.929%))
  Logic Levels:           2  (IBUFCTRL=1 INBUF=1)
  Clock Path Skew:        1.566ns (DCD - SCD - CPR)
    Destination Clock Delay (DCD):    1.566ns
    Source Clock Delay      (SCD):    0.000ns
    Clock Pessimism Removal (CPR):    -0.000ns
  Clock Net Delay (Destination): 0.848ns (routing 0.133ns, distribution 0.715ns)

    Location             Delay type                Incr(ns)  Path(ns)    Netlist Resource(s)
  -------------------------------------------------------------------    -------------------
    B3                                                0.000     0.000 r  rst (IN)
                         net (fo=0)                   0.000     0.000    rst_IBUF_inst/I
    B3                   INBUF (Prop_INBUF_HPIOB_M_PAD_O)
                                                      0.174     0.174 r  rst_IBUF_inst/INBUF_INST/O
                         net (fo=1, routed)           0.000     0.174    rst_IBUF_inst/OUT
    B3                   IBUFCTRL (Prop_IBUFCTRL_HPIOB_M_I_O)
                                                      0.000     0.174 r  rst_IBUF_inst/IBUFCTRL_INST/O
                         net (fo=312, routed)         0.494     0.669    rst_IBUF
    SLICE_X24Y182        FDRE                                         r  p1_2_reg[12]/R
  -------------------------------------------------------------------    -------------------

                         (clock clk rise edge)        0.000     0.000 r  
    M6                                                0.000     0.000 r  clk (IN)
                         net (fo=0)                   0.000     0.000    clk_IBUF_inst/I
    M6                   INBUF (Prop_INBUF_HPIOB_M_PAD_O)
                                                      0.330     0.330 r  clk_IBUF_inst/INBUF_INST/O
                         net (fo=1, routed)           0.000     0.330    clk_IBUF_inst/OUT
    M6                   IBUFCTRL (Prop_IBUFCTRL_HPIOB_M_I_O)
                                                      0.000     0.330 r  clk_IBUF_inst/IBUFCTRL_INST/O
                         net (fo=1, routed)           0.362     0.692    clk_IBUF
    BUFGCE_X0Y55         BUFGCE (Prop_BUFCE_BUFGCE_I_O)
                                                      0.026     0.718 r  clk_IBUF_BUFG_inst/O
    X1Y2 (CLOCK_ROOT)    net (fo=454, routed)         0.848     1.566    clk_IBUF_BUFG
    SLICE_X24Y182        FDRE                                         r  p1_2_reg[12]/C

Slack:                    inf
  Source:                 rst
                            (input port)
  Destination:            p1_2_reg[6]/R
                            (rising edge-triggered cell FDRE clocked by clk  {rise@0.000ns fall@0.500ns period=1.000ns})
  Path Group:             (none)
  Path Type:              Hold (Min at Fast Process Corner)
  Data Path Delay:        0.669ns  (logic 0.174ns (26.071%)  route 0.494ns (73.929%))
  Logic Levels:           2  (IBUFCTRL=1 INBUF=1)
  Clock Path Skew:        1.566ns (DCD - SCD - CPR)
    Destination Clock Delay (DCD):    1.566ns
    Source Clock Delay      (SCD):    0.000ns
    Clock Pessimism Removal (CPR):    -0.000ns
  Clock Net Delay (Destination): 0.848ns (routing 0.133ns, distribution 0.715ns)

    Location             Delay type                Incr(ns)  Path(ns)    Netlist Resource(s)
  -------------------------------------------------------------------    -------------------
    B3                                                0.000     0.000 r  rst (IN)
                         net (fo=0)                   0.000     0.000    rst_IBUF_inst/I
    B3                   INBUF (Prop_INBUF_HPIOB_M_PAD_O)
                                                      0.174     0.174 r  rst_IBUF_inst/INBUF_INST/O
                         net (fo=1, routed)           0.000     0.174    rst_IBUF_inst/OUT
    B3                   IBUFCTRL (Prop_IBUFCTRL_HPIOB_M_I_O)
                                                      0.000     0.174 r  rst_IBUF_inst/IBUFCTRL_INST/O
                         net (fo=312, routed)         0.494     0.669    rst_IBUF
    SLICE_X24Y182        FDRE                                         r  p1_2_reg[6]/R
  -------------------------------------------------------------------    -------------------

                         (clock clk rise edge)        0.000     0.000 r  
    M6                                                0.000     0.000 r  clk (IN)
                         net (fo=0)                   0.000     0.000    clk_IBUF_inst/I
    M6                   INBUF (Prop_INBUF_HPIOB_M_PAD_O)
                                                      0.330     0.330 r  clk_IBUF_inst/INBUF_INST/O
                         net (fo=1, routed)           0.000     0.330    clk_IBUF_inst/OUT
    M6                   IBUFCTRL (Prop_IBUFCTRL_HPIOB_M_I_O)
                                                      0.000     0.330 r  clk_IBUF_inst/IBUFCTRL_INST/O
                         net (fo=1, routed)           0.362     0.692    clk_IBUF
    BUFGCE_X0Y55         BUFGCE (Prop_BUFCE_BUFGCE_I_O)
                                                      0.026     0.718 r  clk_IBUF_BUFG_inst/O
    X1Y2 (CLOCK_ROOT)    net (fo=454, routed)         0.848     1.566    clk_IBUF_BUFG
    SLICE_X24Y182        FDRE                                         r  p1_2_reg[6]/C

Slack:                    inf
  Source:                 rst
                            (input port)
  Destination:            p1_2_reg[9]/R
                            (rising edge-triggered cell FDRE clocked by clk  {rise@0.000ns fall@0.500ns period=1.000ns})
  Path Group:             (none)
  Path Type:              Hold (Min at Fast Process Corner)
  Data Path Delay:        0.669ns  (logic 0.174ns (26.071%)  route 0.494ns (73.929%))
  Logic Levels:           2  (IBUFCTRL=1 INBUF=1)
  Clock Path Skew:        1.566ns (DCD - SCD - CPR)
    Destination Clock Delay (DCD):    1.566ns
    Source Clock Delay      (SCD):    0.000ns
    Clock Pessimism Removal (CPR):    -0.000ns
  Clock Net Delay (Destination): 0.848ns (routing 0.133ns, distribution 0.715ns)

    Location             Delay type                Incr(ns)  Path(ns)    Netlist Resource(s)
  -------------------------------------------------------------------    -------------------
    B3                                                0.000     0.000 r  rst (IN)
                         net (fo=0)                   0.000     0.000    rst_IBUF_inst/I
    B3                   INBUF (Prop_INBUF_HPIOB_M_PAD_O)
                                                      0.174     0.174 r  rst_IBUF_inst/INBUF_INST/O
                         net (fo=1, routed)           0.000     0.174    rst_IBUF_inst/OUT
    B3                   IBUFCTRL (Prop_IBUFCTRL_HPIOB_M_I_O)
                                                      0.000     0.174 r  rst_IBUF_inst/IBUFCTRL_INST/O
                         net (fo=312, routed)         0.494     0.669    rst_IBUF
    SLICE_X24Y182        FDRE                                         r  p1_2_reg[9]/R
  -------------------------------------------------------------------    -------------------

                         (clock clk rise edge)        0.000     0.000 r  
    M6                                                0.000     0.000 r  clk (IN)
                         net (fo=0)                   0.000     0.000    clk_IBUF_inst/I
    M6                   INBUF (Prop_INBUF_HPIOB_M_PAD_O)
                                                      0.330     0.330 r  clk_IBUF_inst/INBUF_INST/O
                         net (fo=1, routed)           0.000     0.330    clk_IBUF_inst/OUT
    M6                   IBUFCTRL (Prop_IBUFCTRL_HPIOB_M_I_O)
                                                      0.000     0.330 r  clk_IBUF_inst/IBUFCTRL_INST/O
                         net (fo=1, routed)           0.362     0.692    clk_IBUF
    BUFGCE_X0Y55         BUFGCE (Prop_BUFCE_BUFGCE_I_O)
                                                      0.026     0.718 r  clk_IBUF_BUFG_inst/O
    X1Y2 (CLOCK_ROOT)    net (fo=454, routed)         0.848     1.566    clk_IBUF_BUFG
    SLICE_X24Y182        FDRE                                         r  p1_2_reg[9]/C

Slack:                    inf
  Source:                 rst
                            (input port)
  Destination:            p1_2_reg[7]/R
                            (rising edge-triggered cell FDRE clocked by clk  {rise@0.000ns fall@0.500ns period=1.000ns})
  Path Group:             (none)
  Path Type:              Hold (Min at Fast Process Corner)
  Data Path Delay:        0.689ns  (logic 0.174ns (25.296%)  route 0.515ns (74.704%))
  Logic Levels:           2  (IBUFCTRL=1 INBUF=1)
  Clock Path Skew:        1.569ns (DCD - SCD - CPR)
    Destination Clock Delay (DCD):    1.569ns
    Source Clock Delay      (SCD):    0.000ns
    Clock Pessimism Removal (CPR):    -0.000ns
  Clock Net Delay (Destination): 0.851ns (routing 0.133ns, distribution 0.718ns)

    Location             Delay type                Incr(ns)  Path(ns)    Netlist Resource(s)
  -------------------------------------------------------------------    -------------------
    B3                                                0.000     0.000 r  rst (IN)
                         net (fo=0)                   0.000     0.000    rst_IBUF_inst/I
    B3                   INBUF (Prop_INBUF_HPIOB_M_PAD_O)
                                                      0.174     0.174 r  rst_IBUF_inst/INBUF_INST/O
                         net (fo=1, routed)           0.000     0.174    rst_IBUF_inst/OUT
    B3                   IBUFCTRL (Prop_IBUFCTRL_HPIOB_M_I_O)
                                                      0.000     0.174 r  rst_IBUF_inst/IBUFCTRL_INST/O
                         net (fo=312, routed)         0.515     0.689    rst_IBUF
    SLICE_X25Y182        FDRE                                         r  p1_2_reg[7]/R
  -------------------------------------------------------------------    -------------------

                         (clock clk rise edge)        0.000     0.000 r  
    M6                                                0.000     0.000 r  clk (IN)
                         net (fo=0)                   0.000     0.000    clk_IBUF_inst/I
    M6                   INBUF (Prop_INBUF_HPIOB_M_PAD_O)
                                                      0.330     0.330 r  clk_IBUF_inst/INBUF_INST/O
                         net (fo=1, routed)           0.000     0.330    clk_IBUF_inst/OUT
    M6                   IBUFCTRL (Prop_IBUFCTRL_HPIOB_M_I_O)
                                                      0.000     0.330 r  clk_IBUF_inst/IBUFCTRL_INST/O
                         net (fo=1, routed)           0.362     0.692    clk_IBUF
    BUFGCE_X0Y55         BUFGCE (Prop_BUFCE_BUFGCE_I_O)
                                                      0.026     0.718 r  clk_IBUF_BUFG_inst/O
    X1Y2 (CLOCK_ROOT)    net (fo=454, routed)         0.851     1.569    clk_IBUF_BUFG
    SLICE_X25Y182        FDRE                                         r  p1_2_reg[7]/C

Slack:                    inf
  Source:                 rst
                            (input port)
  Destination:            p1_2_reg[1]/R
                            (rising edge-triggered cell FDRE clocked by clk  {rise@0.000ns fall@0.500ns period=1.000ns})
  Path Group:             (none)
  Path Type:              Hold (Min at Fast Process Corner)
  Data Path Delay:        0.693ns  (logic 0.174ns (25.163%)  route 0.519ns (74.837%))
  Logic Levels:           2  (IBUFCTRL=1 INBUF=1)
  Clock Path Skew:        1.577ns (DCD - SCD - CPR)
    Destination Clock Delay (DCD):    1.577ns
    Source Clock Delay      (SCD):    0.000ns
    Clock Pessimism Removal (CPR):    -0.000ns
  Clock Net Delay (Destination): 0.858ns (routing 0.133ns, distribution 0.725ns)

    Location             Delay type                Incr(ns)  Path(ns)    Netlist Resource(s)
  -------------------------------------------------------------------    -------------------
    B3                                                0.000     0.000 r  rst (IN)
                         net (fo=0)                   0.000     0.000    rst_IBUF_inst/I
    B3                   INBUF (Prop_INBUF_HPIOB_M_PAD_O)
                                                      0.174     0.174 r  rst_IBUF_inst/INBUF_INST/O
                         net (fo=1, routed)           0.000     0.174    rst_IBUF_inst/OUT
    B3                   IBUFCTRL (Prop_IBUFCTRL_HPIOB_M_I_O)
                                                      0.000     0.174 r  rst_IBUF_inst/IBUFCTRL_INST/O
                         net (fo=312, routed)         0.519     0.693    rst_IBUF
    SLICE_X24Y181        FDRE                                         r  p1_2_reg[1]/R
  -------------------------------------------------------------------    -------------------

                         (clock clk rise edge)        0.000     0.000 r  
    M6                                                0.000     0.000 r  clk (IN)
                         net (fo=0)                   0.000     0.000    clk_IBUF_inst/I
    M6                   INBUF (Prop_INBUF_HPIOB_M_PAD_O)
                                                      0.330     0.330 r  clk_IBUF_inst/INBUF_INST/O
                         net (fo=1, routed)           0.000     0.330    clk_IBUF_inst/OUT
    M6                   IBUFCTRL (Prop_IBUFCTRL_HPIOB_M_I_O)
                                                      0.000     0.330 r  clk_IBUF_inst/IBUFCTRL_INST/O
                         net (fo=1, routed)           0.362     0.692    clk_IBUF
    BUFGCE_X0Y55         BUFGCE (Prop_BUFCE_BUFGCE_I_O)
                                                      0.026     0.718 r  clk_IBUF_BUFG_inst/O
    X1Y2 (CLOCK_ROOT)    net (fo=454, routed)         0.858     1.577    clk_IBUF_BUFG
    SLICE_X24Y181        FDRE                                         r  p1_2_reg[1]/C

Slack:                    inf
  Source:                 rst
                            (input port)
  Destination:            p1_2_reg[2]/R
                            (rising edge-triggered cell FDRE clocked by clk  {rise@0.000ns fall@0.500ns period=1.000ns})
  Path Group:             (none)
  Path Type:              Hold (Min at Fast Process Corner)
  Data Path Delay:        0.693ns  (logic 0.174ns (25.163%)  route 0.519ns (74.837%))
  Logic Levels:           2  (IBUFCTRL=1 INBUF=1)
  Clock Path Skew:        1.577ns (DCD - SCD - CPR)
    Destination Clock Delay (DCD):    1.577ns
    Source Clock Delay      (SCD):    0.000ns
    Clock Pessimism Removal (CPR):    -0.000ns
  Clock Net Delay (Destination): 0.858ns (routing 0.133ns, distribution 0.725ns)

    Location             Delay type                Incr(ns)  Path(ns)    Netlist Resource(s)
  -------------------------------------------------------------------    -------------------
    B3                                                0.000     0.000 r  rst (IN)
                         net (fo=0)                   0.000     0.000    rst_IBUF_inst/I
    B3                   INBUF (Prop_INBUF_HPIOB_M_PAD_O)
                                                      0.174     0.174 r  rst_IBUF_inst/INBUF_INST/O
                         net (fo=1, routed)           0.000     0.174    rst_IBUF_inst/OUT
    B3                   IBUFCTRL (Prop_IBUFCTRL_HPIOB_M_I_O)
                                                      0.000     0.174 r  rst_IBUF_inst/IBUFCTRL_INST/O
                         net (fo=312, routed)         0.519     0.693    rst_IBUF
    SLICE_X24Y181        FDRE                                         r  p1_2_reg[2]/R
  -------------------------------------------------------------------    -------------------

                         (clock clk rise edge)        0.000     0.000 r  
    M6                                                0.000     0.000 r  clk (IN)
                         net (fo=0)                   0.000     0.000    clk_IBUF_inst/I
    M6                   INBUF (Prop_INBUF_HPIOB_M_PAD_O)
                                                      0.330     0.330 r  clk_IBUF_inst/INBUF_INST/O
                         net (fo=1, routed)           0.000     0.330    clk_IBUF_inst/OUT
    M6                   IBUFCTRL (Prop_IBUFCTRL_HPIOB_M_I_O)
                                                      0.000     0.330 r  clk_IBUF_inst/IBUFCTRL_INST/O
                         net (fo=1, routed)           0.362     0.692    clk_IBUF
    BUFGCE_X0Y55         BUFGCE (Prop_BUFCE_BUFGCE_I_O)
                                                      0.026     0.718 r  clk_IBUF_BUFG_inst/O
    X1Y2 (CLOCK_ROOT)    net (fo=454, routed)         0.858     1.577    clk_IBUF_BUFG
    SLICE_X24Y181        FDRE                                         r  p1_2_reg[2]/C

Slack:                    inf
  Source:                 rst
                            (input port)
  Destination:            p1_2_reg[3]/R
                            (rising edge-triggered cell FDRE clocked by clk  {rise@0.000ns fall@0.500ns period=1.000ns})
  Path Group:             (none)
  Path Type:              Hold (Min at Fast Process Corner)
  Data Path Delay:        0.693ns  (logic 0.174ns (25.163%)  route 0.519ns (74.837%))
  Logic Levels:           2  (IBUFCTRL=1 INBUF=1)
  Clock Path Skew:        1.577ns (DCD - SCD - CPR)
    Destination Clock Delay (DCD):    1.577ns
    Source Clock Delay      (SCD):    0.000ns
    Clock Pessimism Removal (CPR):    -0.000ns
  Clock Net Delay (Destination): 0.858ns (routing 0.133ns, distribution 0.725ns)

    Location             Delay type                Incr(ns)  Path(ns)    Netlist Resource(s)
  -------------------------------------------------------------------    -------------------
    B3                                                0.000     0.000 r  rst (IN)
                         net (fo=0)                   0.000     0.000    rst_IBUF_inst/I
    B3                   INBUF (Prop_INBUF_HPIOB_M_PAD_O)
                                                      0.174     0.174 r  rst_IBUF_inst/INBUF_INST/O
                         net (fo=1, routed)           0.000     0.174    rst_IBUF_inst/OUT
    B3                   IBUFCTRL (Prop_IBUFCTRL_HPIOB_M_I_O)
                                                      0.000     0.174 r  rst_IBUF_inst/IBUFCTRL_INST/O
                         net (fo=312, routed)         0.519     0.693    rst_IBUF
    SLICE_X24Y181        FDRE                                         r  p1_2_reg[3]/R
  -------------------------------------------------------------------    -------------------

                         (clock clk rise edge)        0.000     0.000 r  
    M6                                                0.000     0.000 r  clk (IN)
                         net (fo=0)                   0.000     0.000    clk_IBUF_inst/I
    M6                   INBUF (Prop_INBUF_HPIOB_M_PAD_O)
                                                      0.330     0.330 r  clk_IBUF_inst/INBUF_INST/O
                         net (fo=1, routed)           0.000     0.330    clk_IBUF_inst/OUT
    M6                   IBUFCTRL (Prop_IBUFCTRL_HPIOB_M_I_O)
                                                      0.000     0.330 r  clk_IBUF_inst/IBUFCTRL_INST/O
                         net (fo=1, routed)           0.362     0.692    clk_IBUF
    BUFGCE_X0Y55         BUFGCE (Prop_BUFCE_BUFGCE_I_O)
                                                      0.026     0.718 r  clk_IBUF_BUFG_inst/O
    X1Y2 (CLOCK_ROOT)    net (fo=454, routed)         0.858     1.577    clk_IBUF_BUFG
    SLICE_X24Y181        FDRE                                         r  p1_2_reg[3]/C





