Copyright 1986-2022 Xilinx, Inc. All Rights Reserved. Copyright 2022-2025 Advanced Micro Devices, Inc. All Rights Reserved.
--------------------------------------------------------------------------------------------------------------------------------------------------------------------------------------------------------------------------------
| Tool Version      : Vivado v.2024.2.2 (win64) Build 6060944 Thu Mar 06 19:10:01 MST 2025
| Date              : Fri Jun 12 11:40:28 2026
| Host              : ECE-MCU2-21 running 64-bit major release  (build 9200)
| Command           : report_timing_summary -max_paths 10 -report_unconstrained -file wordle_top_timing_summary_routed.rpt -pb wordle_top_timing_summary_routed.pb -rpx wordle_top_timing_summary_routed.rpx -warn_on_violation
| Design            : wordle_top
| Device            : xck26-sfvc784
| Speed File        : -2LV  PRODUCTION 1.30 05-15-2022
| Design State      : Routed
| Temperature Grade : C
--------------------------------------------------------------------------------------------------------------------------------------------------------------------------------------------------------------------------------

Timing Summary Report

------------------------------------------------------------------------------------------------
| Timer Settings
| --------------
------------------------------------------------------------------------------------------------

  Enable Multi Corner Analysis               :  Yes
  Enable Pessimism Removal                   :  Yes
  Pessimism Removal Resolution               :  Nearest Common Node
  Enable Input Delay Default Clock           :  No
  Enable Preset / Clear Arcs                 :  No
  Disable Flight Delays                      :  No
  Ignore I/O Paths                           :  No
  Timing Early Launch at Borrowing Latches   :  No
  Borrow Time for Max Delay Exceptions       :  Yes
  Merge Timing Exceptions                    :  Yes
  Inter-SLR Compensation                     :  Conservative

  Corner  Analyze    Analyze    
  Name    Max Paths  Min Paths  
  ------  ---------  ---------  
  Slow    Yes        Yes        
  Fast    Yes        Yes        


------------------------------------------------------------------------------------------------
| Report Methodology
| ------------------
------------------------------------------------------------------------------------------------

Rule       Severity  Description                    Violations  
---------  --------  -----------------------------  ----------  
TIMING-18  Warning   Missing input or output delay  62          

Note: This report is based on the most recent report_methodology run and may not be up-to-date. Run report_methodology on the current design for the latest report.



check_timing report

Table of Contents
-----------------
1. checking no_clock (0)
2. checking constant_clock (0)
3. checking pulse_width_clock (0)
4. checking unconstrained_internal_endpoints (0)
5. checking no_input_delay (47)
6. checking no_output_delay (15)
7. checking multiple_clock (0)
8. checking generated_clocks (0)
9. checking loops (0)
10. checking partial_input_delay (0)
11. checking partial_output_delay (0)
12. checking latch_loops (0)

1. checking no_clock (0)
------------------------
 There are 0 register/latch pins with no clock.


2. checking constant_clock (0)
------------------------------
 There are 0 register/latch pins with constant_clock.


3. checking pulse_width_clock (0)
---------------------------------
 There are 0 register/latch pins which need pulse_width check


4. checking unconstrained_internal_endpoints (0)
------------------------------------------------
 There are 0 pins that are not constrained for maximum delay.

 There are 0 pins that are not constrained for maximum delay due to constant clock.


5. checking no_input_delay (47)
-------------------------------
 There are 47 input ports with no input delay specified. (HIGH)

 There are 0 input ports with no input delay but user has a false path constraint.


6. checking no_output_delay (15)
--------------------------------
 There are 15 ports with no output delay specified. (HIGH)

 There are 0 ports with no output delay but user has a false path constraint

 There are 0 ports with no output delay but with a timing clock defined on it or propagating through it


7. checking multiple_clock (0)
------------------------------
 There are 0 register/latch pins with multiple clocks.


8. checking generated_clocks (0)
--------------------------------
 There are 0 generated clocks that are not connected to a clock source.


9. checking loops (0)
---------------------
 There are 0 combinational loops in the design.


10. checking partial_input_delay (0)
------------------------------------
 There are 0 input ports with partial input delay specified.


11. checking partial_output_delay (0)
-------------------------------------
 There are 0 ports with partial output delay specified.


12. checking latch_loops (0)
----------------------------
 There are 0 combinational latch loops in the design through latch input



------------------------------------------------------------------------------------------------
| Design Timing Summary
| ---------------------
------------------------------------------------------------------------------------------------

    WNS(ns)      TNS(ns)  TNS Failing Endpoints  TNS Total Endpoints      WHS(ns)      THS(ns)  THS Failing Endpoints  THS Total Endpoints     WPWS(ns)     TPWS(ns)  TPWS Failing Endpoints  TPWS Total Endpoints  
    -------      -------  ---------------------  -------------------      -------      -------  ---------------------  -------------------     --------     --------  ----------------------  --------------------  
      6.934        0.000                      0                  117        0.117        0.000                      0                  117        4.423        0.000                       0                    54  


All user specified timing constraints are met.


------------------------------------------------------------------------------------------------
| Clock Summary
| -------------
------------------------------------------------------------------------------------------------

Clock  Waveform(ns)       Period(ns)      Frequency(MHz)
-----  ------------       ----------      --------------
clk    {0.000 5.000}      10.000          100.000         


------------------------------------------------------------------------------------------------
| Intra Clock Table
| -----------------
------------------------------------------------------------------------------------------------

Clock             WNS(ns)      TNS(ns)  TNS Failing Endpoints  TNS Total Endpoints      WHS(ns)      THS(ns)  THS Failing Endpoints  THS Total Endpoints     WPWS(ns)     TPWS(ns)  TPWS Failing Endpoints  TPWS Total Endpoints  
-----             -------      -------  ---------------------  -------------------      -------      -------  ---------------------  -------------------     --------     --------  ----------------------  --------------------  
clk                 6.934        0.000                      0                  117        0.117        0.000                      0                  117        4.423        0.000                       0                    54  


------------------------------------------------------------------------------------------------
| Inter Clock Table
| -----------------
------------------------------------------------------------------------------------------------

From Clock    To Clock          WNS(ns)      TNS(ns)  TNS Failing Endpoints  TNS Total Endpoints      WHS(ns)      THS(ns)  THS Failing Endpoints  THS Total Endpoints  
----------    --------          -------      -------  ---------------------  -------------------      -------      -------  ---------------------  -------------------  


------------------------------------------------------------------------------------------------
| Other Path Groups Table
| -----------------------
------------------------------------------------------------------------------------------------

Path Group    From Clock    To Clock          WNS(ns)      TNS(ns)  TNS Failing Endpoints  TNS Total Endpoints      WHS(ns)      THS(ns)  THS Failing Endpoints  THS Total Endpoints  
----------    ----------    --------          -------      -------  ---------------------  -------------------      -------      -------  ---------------------  -------------------  


------------------------------------------------------------------------------------------------
| User Ignored Path Table
| -----------------------
------------------------------------------------------------------------------------------------

Path Group    From Clock    To Clock    
----------    ----------    --------    


------------------------------------------------------------------------------------------------
| Unconstrained Path Table
| ------------------------
------------------------------------------------------------------------------------------------

Path Group    From Clock    To Clock    
----------    ----------    --------    
(none)        clk                         
(none)                      clk           


------------------------------------------------------------------------------------------------
| Timing Details
| --------------
------------------------------------------------------------------------------------------------


---------------------------------------------------------------------------------------------------
From Clock:  clk
  To Clock:  clk

Setup :            0  Failing Endpoints,  Worst Slack        6.934ns,  Total Violation        0.000ns
Hold  :            0  Failing Endpoints,  Worst Slack        0.117ns,  Total Violation        0.000ns
PW    :            0  Failing Endpoints,  Worst Slack        4.423ns,  Total Violation        0.000ns
---------------------------------------------------------------------------------------------------


Max Delay Paths
--------------------------------------------------------------------------------------
Slack (MET) :             6.934ns  (required time - arrival time)
  Source:                 rom_inst/data_reg/CLKARDCLK
                            (rising edge-triggered cell RAMB36E2 clocked by clk  {rise@0.000ns fall@5.000ns period=10.000ns})
  Destination:            fsm_inst/r_result_reg[3][1]/D
                            (rising edge-triggered cell FDRE clocked by clk  {rise@0.000ns fall@5.000ns period=10.000ns})
  Path Group:             clk
  Path Type:              Setup (Max at Slow Process Corner)
  Requirement:            10.000ns  (clk rise@10.000ns - clk rise@0.000ns)
  Data Path Delay:        2.914ns  (logic 0.912ns (31.301%)  route 2.002ns (68.699%))
  Logic Levels:           5  (LUT5=1 LUT6=4)
  Clock Path Skew:        -0.161ns (DCD - SCD + CPR)
    Destination Clock Delay (DCD):    1.543ns = ( 11.543 - 10.000 ) 
    Source Clock Delay      (SCD):    2.123ns
    Clock Pessimism Removal (CPR):    0.420ns
  Clock Uncertainty:      0.035ns  ((TSJ^2 + TIJ^2)^1/2 + DJ) / 2 + PE
    Total System Jitter     (TSJ):    0.071ns
    Total Input Jitter      (TIJ):    0.000ns
    Discrete Jitter          (DJ):    0.000ns
    Phase Error              (PE):    0.000ns
  Clock Net Delay (Source):      1.122ns (routing 0.001ns, distribution 1.121ns)
  Clock Net Delay (Destination): 0.896ns (routing 0.001ns, distribution 0.895ns)

    Location             Delay type                Incr(ns)  Path(ns)    Netlist Resource(s)
  -------------------------------------------------------------------    -------------------
                         (clock clk rise edge)        0.000     0.000 r  
    L7                                                0.000     0.000 r  clk (IN)
                         net (fo=0)                   0.000     0.000    clk_IBUF_inst/I
    L7                   INBUF (Prop_INBUF_HPIOB_M_PAD_O)
                                                      0.497     0.497 r  clk_IBUF_inst/INBUF_INST/O
                         net (fo=1, routed)           0.000     0.497    clk_IBUF_inst/OUT
    L7                   IBUFCTRL (Prop_IBUFCTRL_HPIOB_M_I_O)
                                                      0.000     0.497 r  clk_IBUF_inst/IBUFCTRL_INST/O
                         net (fo=1, routed)           0.460     0.957    clk_IBUF
    BUFGCE_X0Y57         BUFGCE (Prop_BUFCE_BUFGCE_I_O)
                                                      0.044     1.001 r  clk_IBUF_BUFG_inst/O
    X1Y2 (CLOCK_ROOT)    net (fo=53, routed)          1.122     2.123    rom_inst/CLK
    RAMB36_X0Y35         RAMB36E2                                     r  rom_inst/data_reg/CLKARDCLK
  -------------------------------------------------------------------    -------------------
    RAMB36_X0Y35         RAMB36E2 (Prop_RAMB36E2_RAMB36_CLKARDCLK_DOUTADOUT[10])
                                                      0.300     2.423 r  rom_inst/data_reg/DOUTADOUT[10]
                         net (fo=29, routed)          0.605     3.028    rom_inst/DOUTADOUT[10]
    SLICE_X26Y173        LUT6 (Prop_H6LUT_SLICEL_I0_O)
                                                      0.188     3.216 r  rom_inst/r_game_status[0]_i_6/O
                         net (fo=2, routed)           0.315     3.531    rom_inst/r_game_status[0]_i_6_n_0
    SLICE_X27Y176        LUT5 (Prop_E6LUT_SLICEL_I1_O)
                                                      0.057     3.588 f  rom_inst/r_game_status[0]_i_2/O
                         net (fo=7, routed)           0.394     3.981    rom_inst/data_reg_11[0]
    SLICE_X28Y174        LUT6 (Prop_F6LUT_SLICEM_I2_O)
                                                      0.135     4.116 r  rom_inst/r_result[2][1]_i_4/O
                         net (fo=3, routed)           0.339     4.456    fsm_inst/r_result_reg[2][1]_1
    SLICE_X27Y175        LUT6 (Prop_G6LUT_SLICEL_I5_O)
                                                      0.151     4.607 f  fsm_inst/r_result[3][1]_i_2/O
                         net (fo=1, routed)           0.282     4.889    fsm_inst/r_result[3][1]_i_2_n_0
    SLICE_X27Y175        LUT6 (Prop_D6LUT_SLICEL_I2_O)
                                                      0.081     4.970 r  fsm_inst/r_result[3][1]_i_1/O
                         net (fo=1, routed)           0.067     5.037    fsm_inst/r_result[3][1]_i_1_n_0
    SLICE_X27Y175        FDRE                                         r  fsm_inst/r_result_reg[3][1]/D
  -------------------------------------------------------------------    -------------------

                         (clock clk rise edge)       10.000    10.000 r  
    L7                                                0.000    10.000 r  clk (IN)
                         net (fo=0)                   0.000    10.000    clk_IBUF_inst/I
    L7                   INBUF (Prop_INBUF_HPIOB_M_PAD_O)
                                                      0.247    10.247 r  clk_IBUF_inst/INBUF_INST/O
                         net (fo=1, routed)           0.000    10.247    clk_IBUF_inst/OUT
    L7                   IBUFCTRL (Prop_IBUFCTRL_HPIOB_M_I_O)
                                                      0.000    10.247 r  clk_IBUF_inst/IBUFCTRL_INST/O
                         net (fo=1, routed)           0.360    10.607    clk_IBUF
    BUFGCE_X0Y57         BUFGCE (Prop_BUFCE_BUFGCE_I_O)
                                                      0.039    10.646 r  clk_IBUF_BUFG_inst/O
    X1Y2 (CLOCK_ROOT)    net (fo=53, routed)          0.896    11.543    fsm_inst/CLK
    SLICE_X27Y175        FDRE                                         r  fsm_inst/r_result_reg[3][1]/C
                         clock pessimism              0.420    11.962    
                         clock uncertainty           -0.035    11.927    
    SLICE_X27Y175        FDRE (Setup_DFF_SLICEL_C_D)
                                                      0.044    11.971    fsm_inst/r_result_reg[3][1]
  -------------------------------------------------------------------
                         required time                         11.971    
                         arrival time                          -5.037    
  -------------------------------------------------------------------
                         slack                                  6.934    

Slack (MET) :             7.140ns  (required time - arrival time)
  Source:                 rom_inst/data_reg/CLKARDCLK
                            (rising edge-triggered cell RAMB36E2 clocked by clk  {rise@0.000ns fall@5.000ns period=10.000ns})
  Destination:            fsm_inst/r_ready_reg/D
                            (rising edge-triggered cell FDRE clocked by clk  {rise@0.000ns fall@5.000ns period=10.000ns})
  Path Group:             clk
  Path Type:              Setup (Max at Slow Process Corner)
  Requirement:            10.000ns  (clk rise@10.000ns - clk rise@0.000ns)
  Data Path Delay:        2.650ns  (logic 0.997ns (37.616%)  route 1.653ns (62.384%))
  Logic Levels:           5  (LUT4=1 LUT5=1 LUT6=3)
  Clock Path Skew:        -0.217ns (DCD - SCD + CPR)
    Destination Clock Delay (DCD):    1.538ns = ( 11.538 - 10.000 ) 
    Source Clock Delay      (SCD):    2.123ns
    Clock Pessimism Removal (CPR):    0.369ns
  Clock Uncertainty:      0.035ns  ((TSJ^2 + TIJ^2)^1/2 + DJ) / 2 + PE
    Total System Jitter     (TSJ):    0.071ns
    Total Input Jitter      (TIJ):    0.000ns
    Discrete Jitter          (DJ):    0.000ns
    Phase Error              (PE):    0.000ns
  Clock Net Delay (Source):      1.122ns (routing 0.001ns, distribution 1.121ns)
  Clock Net Delay (Destination): 0.891ns (routing 0.001ns, distribution 0.890ns)

    Location             Delay type                Incr(ns)  Path(ns)    Netlist Resource(s)
  -------------------------------------------------------------------    -------------------
                         (clock clk rise edge)        0.000     0.000 r  
    L7                                                0.000     0.000 r  clk (IN)
                         net (fo=0)                   0.000     0.000    clk_IBUF_inst/I
    L7                   INBUF (Prop_INBUF_HPIOB_M_PAD_O)
                                                      0.497     0.497 r  clk_IBUF_inst/INBUF_INST/O
                         net (fo=1, routed)           0.000     0.497    clk_IBUF_inst/OUT
    L7                   IBUFCTRL (Prop_IBUFCTRL_HPIOB_M_I_O)
                                                      0.000     0.497 r  clk_IBUF_inst/IBUFCTRL_INST/O
                         net (fo=1, routed)           0.460     0.957    clk_IBUF
    BUFGCE_X0Y57         BUFGCE (Prop_BUFCE_BUFGCE_I_O)
                                                      0.044     1.001 r  clk_IBUF_BUFG_inst/O
    X1Y2 (CLOCK_ROOT)    net (fo=53, routed)          1.122     2.123    rom_inst/CLK
    RAMB36_X0Y35         RAMB36E2                                     r  rom_inst/data_reg/CLKARDCLK
  -------------------------------------------------------------------    -------------------
    RAMB36_X0Y35         RAMB36E2 (Prop_RAMB36E2_RAMB36_CLKARDCLK_DOUTADOUT[2])
                                                      0.305     2.428 r  rom_inst/data_reg/DOUTADOUT[2]
                         net (fo=4, routed)           0.379     2.807    rom_inst/DOUTADOUT[2]
    SLICE_X28Y174        LUT6 (Prop_D6LUT_SLICEM_I3_O)
                                                      0.220     3.027 r  rom_inst/r_result[0][0]_i_2/O
                         net (fo=1, routed)           0.308     3.335    rom_inst/r_result[0][0]_i_2_n_0
    SLICE_X26Y174        LUT6 (Prop_D6LUT_SLICEL_I4_O)
                                                      0.136     3.471 f  rom_inst/r_result[0][0]_i_1/O
                         net (fo=9, routed)           0.527     3.999    rom_inst/data_reg_3
    SLICE_X25Y178        LUT4 (Prop_G6LUT_SLICEM_I1_O)
                                                      0.057     4.056 f  rom_inst/r_game_status[0]_i_1/O
                         net (fo=2, routed)           0.119     4.175    fsm_inst/r_game_status_reg[0]_0[0]
    SLICE_X25Y178        LUT5 (Prop_C5LUT_SLICEM_I0_O)
                                                      0.223     4.398 f  fsm_inst/r_game_status[1]_i_2/O
                         net (fo=2, routed)           0.224     4.622    fsm_inst/r_game_status[1]
    SLICE_X25Y175        LUT6 (Prop_D6LUT_SLICEM_I0_O)
                                                      0.056     4.678 r  fsm_inst/r_ready_i_1/O
                         net (fo=1, routed)           0.096     4.774    fsm_inst/r_ready_i_1_n_0
    SLICE_X25Y175        FDRE                                         r  fsm_inst/r_ready_reg/D
  -------------------------------------------------------------------    -------------------

                         (clock clk rise edge)       10.000    10.000 r  
    L7                                                0.000    10.000 r  clk (IN)
                         net (fo=0)                   0.000    10.000    clk_IBUF_inst/I
    L7                   INBUF (Prop_INBUF_HPIOB_M_PAD_O)
                                                      0.247    10.247 r  clk_IBUF_inst/INBUF_INST/O
                         net (fo=1, routed)           0.000    10.247    clk_IBUF_inst/OUT
    L7                   IBUFCTRL (Prop_IBUFCTRL_HPIOB_M_I_O)
                                                      0.000    10.247 r  clk_IBUF_inst/IBUFCTRL_INST/O
                         net (fo=1, routed)           0.360    10.607    clk_IBUF
    BUFGCE_X0Y57         BUFGCE (Prop_BUFCE_BUFGCE_I_O)
                                                      0.039    10.646 r  clk_IBUF_BUFG_inst/O
    X1Y2 (CLOCK_ROOT)    net (fo=53, routed)          0.891    11.538    fsm_inst/CLK
    SLICE_X25Y175        FDRE                                         r  fsm_inst/r_ready_reg/C
                         clock pessimism              0.369    11.906    
                         clock uncertainty           -0.035    11.871    
    SLICE_X25Y175        FDRE (Setup_DFF_SLICEM_C_D)
                                                      0.043    11.914    fsm_inst/r_ready_reg
  -------------------------------------------------------------------
                         required time                         11.914    
                         arrival time                          -4.774    
  -------------------------------------------------------------------
                         slack                                  7.140    

Slack (MET) :             7.147ns  (required time - arrival time)
  Source:                 rom_inst/data_reg/CLKARDCLK
                            (rising edge-triggered cell RAMB36E2 clocked by clk  {rise@0.000ns fall@5.000ns period=10.000ns})
  Destination:            fsm_inst/r_result_reg[2][1]/D
                            (rising edge-triggered cell FDRE clocked by clk  {rise@0.000ns fall@5.000ns period=10.000ns})
  Path Group:             clk
  Path Type:              Setup (Max at Slow Process Corner)
  Requirement:            10.000ns  (clk rise@10.000ns - clk rise@0.000ns)
  Data Path Delay:        2.701ns  (logic 0.988ns (36.583%)  route 1.713ns (63.417%))
  Logic Levels:           5  (LUT4=1 LUT5=2 LUT6=2)
  Clock Path Skew:        -0.161ns (DCD - SCD + CPR)
    Destination Clock Delay (DCD):    1.543ns = ( 11.543 - 10.000 ) 
    Source Clock Delay      (SCD):    2.123ns
    Clock Pessimism Removal (CPR):    0.420ns
  Clock Uncertainty:      0.035ns  ((TSJ^2 + TIJ^2)^1/2 + DJ) / 2 + PE
    Total System Jitter     (TSJ):    0.071ns
    Total Input Jitter      (TIJ):    0.000ns
    Discrete Jitter          (DJ):    0.000ns
    Phase Error              (PE):    0.000ns
  Clock Net Delay (Source):      1.122ns (routing 0.001ns, distribution 1.121ns)
  Clock Net Delay (Destination): 0.896ns (routing 0.001ns, distribution 0.895ns)

    Location             Delay type                Incr(ns)  Path(ns)    Netlist Resource(s)
  -------------------------------------------------------------------    -------------------
                         (clock clk rise edge)        0.000     0.000 r  
    L7                                                0.000     0.000 r  clk (IN)
                         net (fo=0)                   0.000     0.000    clk_IBUF_inst/I
    L7                   INBUF (Prop_INBUF_HPIOB_M_PAD_O)
                                                      0.497     0.497 r  clk_IBUF_inst/INBUF_INST/O
                         net (fo=1, routed)           0.000     0.497    clk_IBUF_inst/OUT
    L7                   IBUFCTRL (Prop_IBUFCTRL_HPIOB_M_I_O)
                                                      0.000     0.497 r  clk_IBUF_inst/IBUFCTRL_INST/O
                         net (fo=1, routed)           0.460     0.957    clk_IBUF
    BUFGCE_X0Y57         BUFGCE (Prop_BUFCE_BUFGCE_I_O)
                                                      0.044     1.001 r  clk_IBUF_BUFG_inst/O
    X1Y2 (CLOCK_ROOT)    net (fo=53, routed)          1.122     2.123    rom_inst/CLK
    RAMB36_X0Y35         RAMB36E2                                     r  rom_inst/data_reg/CLKARDCLK
  -------------------------------------------------------------------    -------------------
    RAMB36_X0Y35         RAMB36E2 (Prop_RAMB36E2_RAMB36_CLKARDCLK_DOUTADOUT[10])
                                                      0.300     2.423 r  rom_inst/data_reg/DOUTADOUT[10]
                         net (fo=29, routed)          0.605     3.028    rom_inst/DOUTADOUT[10]
    SLICE_X26Y173        LUT6 (Prop_H6LUT_SLICEL_I0_O)
                                                      0.188     3.216 r  rom_inst/r_game_status[0]_i_6/O
                         net (fo=2, routed)           0.315     3.531    rom_inst/r_game_status[0]_i_6_n_0
    SLICE_X27Y176        LUT5 (Prop_E6LUT_SLICEL_I1_O)
                                                      0.057     3.588 f  rom_inst/r_game_status[0]_i_2/O
                         net (fo=7, routed)           0.278     3.866    rom_inst/data_reg_11[0]
    SLICE_X28Y174        LUT4 (Prop_B6LUT_SLICEM_I2_O)
                                                      0.225     4.091 r  rom_inst/r_result[1][1]_i_2/O
                         net (fo=3, routed)           0.285     4.375    rom_inst/data_reg_4
    SLICE_X27Y177        LUT5 (Prop_G6LUT_SLICEL_I1_O)
                                                      0.137     4.512 r  rom_inst/r_result[2][1]_i_5/O
                         net (fo=2, routed)           0.161     4.674    fsm_inst/r_result_reg[3][1]_1
    SLICE_X27Y175        LUT6 (Prop_C6LUT_SLICEL_I4_O)
                                                      0.081     4.755 r  fsm_inst/r_result[2][1]_i_1/O
                         net (fo=1, routed)           0.069     4.824    fsm_inst/r_result[2][1]_i_1_n_0
    SLICE_X27Y175        FDRE                                         r  fsm_inst/r_result_reg[2][1]/D
  -------------------------------------------------------------------    -------------------

                         (clock clk rise edge)       10.000    10.000 r  
    L7                                                0.000    10.000 r  clk (IN)
                         net (fo=0)                   0.000    10.000    clk_IBUF_inst/I
    L7                   INBUF (Prop_INBUF_HPIOB_M_PAD_O)
                                                      0.247    10.247 r  clk_IBUF_inst/INBUF_INST/O
                         net (fo=1, routed)           0.000    10.247    clk_IBUF_inst/OUT
    L7                   IBUFCTRL (Prop_IBUFCTRL_HPIOB_M_I_O)
                                                      0.000    10.247 r  clk_IBUF_inst/IBUFCTRL_INST/O
                         net (fo=1, routed)           0.360    10.607    clk_IBUF
    BUFGCE_X0Y57         BUFGCE (Prop_BUFCE_BUFGCE_I_O)
                                                      0.039    10.646 r  clk_IBUF_BUFG_inst/O
    X1Y2 (CLOCK_ROOT)    net (fo=53, routed)          0.896    11.543    fsm_inst/CLK
    SLICE_X27Y175        FDRE                                         r  fsm_inst/r_result_reg[2][1]/C
                         clock pessimism              0.420    11.962    
                         clock uncertainty           -0.035    11.927    
    SLICE_X27Y175        FDRE (Setup_CFF_SLICEL_C_D)
                                                      0.044    11.971    fsm_inst/r_result_reg[2][1]
  -------------------------------------------------------------------
                         required time                         11.971    
                         arrival time                          -4.824    
  -------------------------------------------------------------------
                         slack                                  7.147    

Slack (MET) :             7.207ns  (required time - arrival time)
  Source:                 rom_inst/data_reg/CLKARDCLK
                            (rising edge-triggered cell RAMB36E2 clocked by clk  {rise@0.000ns fall@5.000ns period=10.000ns})
  Destination:            fsm_inst/r_game_status_reg[1]/D
                            (rising edge-triggered cell FDRE clocked by clk  {rise@0.000ns fall@5.000ns period=10.000ns})
  Path Group:             clk
  Path Type:              Setup (Max at Slow Process Corner)
  Requirement:            10.000ns  (clk rise@10.000ns - clk rise@0.000ns)
  Data Path Delay:        2.578ns  (logic 0.941ns (36.495%)  route 1.637ns (63.505%))
  Logic Levels:           4  (LUT4=1 LUT5=1 LUT6=2)
  Clock Path Skew:        -0.223ns (DCD - SCD + CPR)
    Destination Clock Delay (DCD):    1.531ns = ( 11.531 - 10.000 ) 
    Source Clock Delay      (SCD):    2.123ns
    Clock Pessimism Removal (CPR):    0.369ns
  Clock Uncertainty:      0.035ns  ((TSJ^2 + TIJ^2)^1/2 + DJ) / 2 + PE
    Total System Jitter     (TSJ):    0.071ns
    Total Input Jitter      (TIJ):    0.000ns
    Discrete Jitter          (DJ):    0.000ns
    Phase Error              (PE):    0.000ns
  Clock Net Delay (Source):      1.122ns (routing 0.001ns, distribution 1.121ns)
  Clock Net Delay (Destination): 0.885ns (routing 0.001ns, distribution 0.884ns)

    Location             Delay type                Incr(ns)  Path(ns)    Netlist Resource(s)
  -------------------------------------------------------------------    -------------------
                         (clock clk rise edge)        0.000     0.000 r  
    L7                                                0.000     0.000 r  clk (IN)
                         net (fo=0)                   0.000     0.000    clk_IBUF_inst/I
    L7                   INBUF (Prop_INBUF_HPIOB_M_PAD_O)
                                                      0.497     0.497 r  clk_IBUF_inst/INBUF_INST/O
                         net (fo=1, routed)           0.000     0.497    clk_IBUF_inst/OUT
    L7                   IBUFCTRL (Prop_IBUFCTRL_HPIOB_M_I_O)
                                                      0.000     0.497 r  clk_IBUF_inst/IBUFCTRL_INST/O
                         net (fo=1, routed)           0.460     0.957    clk_IBUF
    BUFGCE_X0Y57         BUFGCE (Prop_BUFCE_BUFGCE_I_O)
                                                      0.044     1.001 r  clk_IBUF_BUFG_inst/O
    X1Y2 (CLOCK_ROOT)    net (fo=53, routed)          1.122     2.123    rom_inst/CLK
    RAMB36_X0Y35         RAMB36E2                                     r  rom_inst/data_reg/CLKARDCLK
  -------------------------------------------------------------------    -------------------
    RAMB36_X0Y35         RAMB36E2 (Prop_RAMB36E2_RAMB36_CLKARDCLK_DOUTADOUT[2])
                                                      0.305     2.428 r  rom_inst/data_reg/DOUTADOUT[2]
                         net (fo=4, routed)           0.379     2.807    rom_inst/DOUTADOUT[2]
    SLICE_X28Y174        LUT6 (Prop_D6LUT_SLICEM_I3_O)
                                                      0.220     3.027 f  rom_inst/r_result[0][0]_i_2/O
                         net (fo=1, routed)           0.308     3.335    rom_inst/r_result[0][0]_i_2_n_0
    SLICE_X26Y174        LUT6 (Prop_D6LUT_SLICEL_I4_O)
                                                      0.136     3.471 r  rom_inst/r_result[0][0]_i_1/O
                         net (fo=9, routed)           0.527     3.999    rom_inst/data_reg_3
    SLICE_X25Y178        LUT4 (Prop_G6LUT_SLICEM_I1_O)
                                                      0.057     4.056 r  rom_inst/r_game_status[0]_i_1/O
                         net (fo=2, routed)           0.119     4.175    fsm_inst/r_game_status_reg[0]_0[0]
    SLICE_X25Y178        LUT5 (Prop_C5LUT_SLICEM_I0_O)
                                                      0.223     4.398 r  fsm_inst/r_game_status[1]_i_2/O
                         net (fo=2, routed)           0.304     4.702    fsm_inst/r_game_status[1]
    SLICE_X25Y176        FDRE                                         r  fsm_inst/r_game_status_reg[1]/D
  -------------------------------------------------------------------    -------------------

                         (clock clk rise edge)       10.000    10.000 r  
    L7                                                0.000    10.000 r  clk (IN)
                         net (fo=0)                   0.000    10.000    clk_IBUF_inst/I
    L7                   INBUF (Prop_INBUF_HPIOB_M_PAD_O)
                                                      0.247    10.247 r  clk_IBUF_inst/INBUF_INST/O
                         net (fo=1, routed)           0.000    10.247    clk_IBUF_inst/OUT
    L7                   IBUFCTRL (Prop_IBUFCTRL_HPIOB_M_I_O)
                                                      0.000    10.247 r  clk_IBUF_inst/IBUFCTRL_INST/O
                         net (fo=1, routed)           0.360    10.607    clk_IBUF
    BUFGCE_X0Y57         BUFGCE (Prop_BUFCE_BUFGCE_I_O)
                                                      0.039    10.646 r  clk_IBUF_BUFG_inst/O
    X1Y2 (CLOCK_ROOT)    net (fo=53, routed)          0.885    11.531    fsm_inst/CLK
    SLICE_X25Y176        FDRE                                         r  fsm_inst/r_game_status_reg[1]/C
                         clock pessimism              0.369    11.900    
                         clock uncertainty           -0.035    11.865    
    SLICE_X25Y176        FDRE (Setup_HFF_SLICEM_C_D)
                                                      0.044    11.909    fsm_inst/r_game_status_reg[1]
  -------------------------------------------------------------------
                         required time                         11.909    
                         arrival time                          -4.702    
  -------------------------------------------------------------------
                         slack                                  7.207    

Slack (MET) :             7.517ns  (required time - arrival time)
  Source:                 rom_inst/data_reg/CLKARDCLK
                            (rising edge-triggered cell RAMB36E2 clocked by clk  {rise@0.000ns fall@5.000ns period=10.000ns})
  Destination:            fsm_inst/r_result_reg[1][1]/D
                            (rising edge-triggered cell FDRE clocked by clk  {rise@0.000ns fall@5.000ns period=10.000ns})
  Path Group:             clk
  Path Type:              Setup (Max at Slow Process Corner)
  Requirement:            10.000ns  (clk rise@10.000ns - clk rise@0.000ns)
  Data Path Delay:        2.324ns  (logic 0.826ns (35.539%)  route 1.498ns (64.461%))
  Logic Levels:           4  (LUT4=1 LUT5=2 LUT6=1)
  Clock Path Skew:        -0.167ns (DCD - SCD + CPR)
    Destination Clock Delay (DCD):    1.536ns = ( 11.536 - 10.000 ) 
    Source Clock Delay      (SCD):    2.123ns
    Clock Pessimism Removal (CPR):    0.420ns
  Clock Uncertainty:      0.035ns  ((TSJ^2 + TIJ^2)^1/2 + DJ) / 2 + PE
    Total System Jitter     (TSJ):    0.071ns
    Total Input Jitter      (TIJ):    0.000ns
    Discrete Jitter          (DJ):    0.000ns
    Phase Error              (PE):    0.000ns
  Clock Net Delay (Source):      1.122ns (routing 0.001ns, distribution 1.121ns)
  Clock Net Delay (Destination): 0.890ns (routing 0.001ns, distribution 0.889ns)

    Location             Delay type                Incr(ns)  Path(ns)    Netlist Resource(s)
  -------------------------------------------------------------------    -------------------
                         (clock clk rise edge)        0.000     0.000 r  
    L7                                                0.000     0.000 r  clk (IN)
                         net (fo=0)                   0.000     0.000    clk_IBUF_inst/I
    L7                   INBUF (Prop_INBUF_HPIOB_M_PAD_O)
                                                      0.497     0.497 r  clk_IBUF_inst/INBUF_INST/O
                         net (fo=1, routed)           0.000     0.497    clk_IBUF_inst/OUT
    L7                   IBUFCTRL (Prop_IBUFCTRL_HPIOB_M_I_O)
                                                      0.000     0.497 r  clk_IBUF_inst/IBUFCTRL_INST/O
                         net (fo=1, routed)           0.460     0.957    clk_IBUF
    BUFGCE_X0Y57         BUFGCE (Prop_BUFCE_BUFGCE_I_O)
                                                      0.044     1.001 r  clk_IBUF_BUFG_inst/O
    X1Y2 (CLOCK_ROOT)    net (fo=53, routed)          1.122     2.123    rom_inst/CLK
    RAMB36_X0Y35         RAMB36E2                                     r  rom_inst/data_reg/CLKARDCLK
  -------------------------------------------------------------------    -------------------
    RAMB36_X0Y35         RAMB36E2 (Prop_RAMB36E2_RAMB36_CLKARDCLK_DOUTADOUT[10])
                                                      0.300     2.423 r  rom_inst/data_reg/DOUTADOUT[10]
                         net (fo=29, routed)          0.605     3.028    rom_inst/DOUTADOUT[10]
    SLICE_X26Y173        LUT6 (Prop_H6LUT_SLICEL_I0_O)
                                                      0.188     3.216 r  rom_inst/r_game_status[0]_i_6/O
                         net (fo=2, routed)           0.315     3.531    rom_inst/r_game_status[0]_i_6_n_0
    SLICE_X27Y176        LUT5 (Prop_E6LUT_SLICEL_I1_O)
                                                      0.057     3.588 f  rom_inst/r_game_status[0]_i_2/O
                         net (fo=7, routed)           0.278     3.866    rom_inst/data_reg_11[0]
    SLICE_X28Y174        LUT4 (Prop_B6LUT_SLICEM_I2_O)
                                                      0.225     4.091 r  rom_inst/r_result[1][1]_i_2/O
                         net (fo=3, routed)           0.232     4.322    rom_inst/data_reg_4
    SLICE_X27Y177        LUT5 (Prop_C6LUT_SLICEL_I0_O)
                                                      0.056     4.378 r  rom_inst/r_result[1][1]_i_1/O
                         net (fo=1, routed)           0.069     4.447    fsm_inst/r_result_reg[1][1]_0[0]
    SLICE_X27Y177        FDRE                                         r  fsm_inst/r_result_reg[1][1]/D
  -------------------------------------------------------------------    -------------------

                         (clock clk rise edge)       10.000    10.000 r  
    L7                                                0.000    10.000 r  clk (IN)
                         net (fo=0)                   0.000    10.000    clk_IBUF_inst/I
    L7                   INBUF (Prop_INBUF_HPIOB_M_PAD_O)
                                                      0.247    10.247 r  clk_IBUF_inst/INBUF_INST/O
                         net (fo=1, routed)           0.000    10.247    clk_IBUF_inst/OUT
    L7                   IBUFCTRL (Prop_IBUFCTRL_HPIOB_M_I_O)
                                                      0.000    10.247 r  clk_IBUF_inst/IBUFCTRL_INST/O
                         net (fo=1, routed)           0.360    10.607    clk_IBUF
    BUFGCE_X0Y57         BUFGCE (Prop_BUFCE_BUFGCE_I_O)
                                                      0.039    10.646 r  clk_IBUF_BUFG_inst/O
    X1Y2 (CLOCK_ROOT)    net (fo=53, routed)          0.890    11.536    fsm_inst/CLK
    SLICE_X27Y177        FDRE                                         r  fsm_inst/r_result_reg[1][1]/C
                         clock pessimism              0.420    11.956    
                         clock uncertainty           -0.035    11.921    
    SLICE_X27Y177        FDRE (Setup_CFF_SLICEL_C_D)
                                                      0.044    11.965    fsm_inst/r_result_reg[1][1]
  -------------------------------------------------------------------
                         required time                         11.965    
                         arrival time                          -4.447    
  -------------------------------------------------------------------
                         slack                                  7.517    

Slack (MET) :             7.648ns  (required time - arrival time)
  Source:                 rom_inst/data_reg/CLKARDCLK
                            (rising edge-triggered cell RAMB36E2 clocked by clk  {rise@0.000ns fall@5.000ns period=10.000ns})
  Destination:            fsm_inst/r_game_status_reg[0]/D
                            (rising edge-triggered cell FDRE clocked by clk  {rise@0.000ns fall@5.000ns period=10.000ns})
  Path Group:             clk
  Path Type:              Setup (Max at Slow Process Corner)
  Requirement:            10.000ns  (clk rise@10.000ns - clk rise@0.000ns)
  Data Path Delay:        2.144ns  (logic 0.718ns (33.496%)  route 1.426ns (66.504%))
  Logic Levels:           3  (LUT4=1 LUT6=2)
  Clock Path Skew:        -0.217ns (DCD - SCD + CPR)
    Destination Clock Delay (DCD):    1.538ns = ( 11.538 - 10.000 ) 
    Source Clock Delay      (SCD):    2.123ns
    Clock Pessimism Removal (CPR):    0.369ns
  Clock Uncertainty:      0.035ns  ((TSJ^2 + TIJ^2)^1/2 + DJ) / 2 + PE
    Total System Jitter     (TSJ):    0.071ns
    Total Input Jitter      (TIJ):    0.000ns
    Discrete Jitter          (DJ):    0.000ns
    Phase Error              (PE):    0.000ns
  Clock Net Delay (Source):      1.122ns (routing 0.001ns, distribution 1.121ns)
  Clock Net Delay (Destination): 0.891ns (routing 0.001ns, distribution 0.890ns)

    Location             Delay type                Incr(ns)  Path(ns)    Netlist Resource(s)
  -------------------------------------------------------------------    -------------------
                         (clock clk rise edge)        0.000     0.000 r  
    L7                                                0.000     0.000 r  clk (IN)
                         net (fo=0)                   0.000     0.000    clk_IBUF_inst/I
    L7                   INBUF (Prop_INBUF_HPIOB_M_PAD_O)
                                                      0.497     0.497 r  clk_IBUF_inst/INBUF_INST/O
                         net (fo=1, routed)           0.000     0.497    clk_IBUF_inst/OUT
    L7                   IBUFCTRL (Prop_IBUFCTRL_HPIOB_M_I_O)
                                                      0.000     0.497 r  clk_IBUF_inst/IBUFCTRL_INST/O
                         net (fo=1, routed)           0.460     0.957    clk_IBUF
    BUFGCE_X0Y57         BUFGCE (Prop_BUFCE_BUFGCE_I_O)
                                                      0.044     1.001 r  clk_IBUF_BUFG_inst/O
    X1Y2 (CLOCK_ROOT)    net (fo=53, routed)          1.122     2.123    rom_inst/CLK
    RAMB36_X0Y35         RAMB36E2                                     r  rom_inst/data_reg/CLKARDCLK
  -------------------------------------------------------------------    -------------------
    RAMB36_X0Y35         RAMB36E2 (Prop_RAMB36E2_RAMB36_CLKARDCLK_DOUTADOUT[2])
                                                      0.305     2.428 r  rom_inst/data_reg/DOUTADOUT[2]
                         net (fo=4, routed)           0.379     2.807    rom_inst/DOUTADOUT[2]
    SLICE_X28Y174        LUT6 (Prop_D6LUT_SLICEM_I3_O)
                                                      0.220     3.027 f  rom_inst/r_result[0][0]_i_2/O
                         net (fo=1, routed)           0.308     3.335    rom_inst/r_result[0][0]_i_2_n_0
    SLICE_X26Y174        LUT6 (Prop_D6LUT_SLICEL_I4_O)
                                                      0.136     3.471 r  rom_inst/r_result[0][0]_i_1/O
                         net (fo=9, routed)           0.527     3.999    rom_inst/data_reg_3
    SLICE_X25Y178        LUT4 (Prop_G6LUT_SLICEM_I1_O)
                                                      0.057     4.056 r  rom_inst/r_game_status[0]_i_1/O
                         net (fo=2, routed)           0.211     4.267    fsm_inst/r_game_status_reg[0]_0[0]
    SLICE_X25Y178        FDRE                                         r  fsm_inst/r_game_status_reg[0]/D
  -------------------------------------------------------------------    -------------------

                         (clock clk rise edge)       10.000    10.000 r  
    L7                                                0.000    10.000 r  clk (IN)
                         net (fo=0)                   0.000    10.000    clk_IBUF_inst/I
    L7                   INBUF (Prop_INBUF_HPIOB_M_PAD_O)
                                                      0.247    10.247 r  clk_IBUF_inst/INBUF_INST/O
                         net (fo=1, routed)           0.000    10.247    clk_IBUF_inst/OUT
    L7                   IBUFCTRL (Prop_IBUFCTRL_HPIOB_M_I_O)
                                                      0.000    10.247 r  clk_IBUF_inst/IBUFCTRL_INST/O
                         net (fo=1, routed)           0.360    10.607    clk_IBUF
    BUFGCE_X0Y57         BUFGCE (Prop_BUFCE_BUFGCE_I_O)
                                                      0.039    10.646 r  clk_IBUF_BUFG_inst/O
    X1Y2 (CLOCK_ROOT)    net (fo=53, routed)          0.891    11.538    fsm_inst/CLK
    SLICE_X25Y178        FDRE                                         r  fsm_inst/r_game_status_reg[0]/C
                         clock pessimism              0.369    11.906    
                         clock uncertainty           -0.035    11.871    
    SLICE_X25Y178        FDRE (Setup_EFF_SLICEM_C_D)
                                                      0.044    11.915    fsm_inst/r_game_status_reg[0]
  -------------------------------------------------------------------
                         required time                         11.915    
                         arrival time                          -4.267    
  -------------------------------------------------------------------
                         slack                                  7.648    

Slack (MET) :             7.723ns  (required time - arrival time)
  Source:                 fsm_inst/r_game_status_reg[1]/C
                            (rising edge-triggered cell FDRE clocked by clk  {rise@0.000ns fall@5.000ns period=10.000ns})
  Destination:            rom_inst/data_reg/REGCEAREGCE
                            (rising edge-triggered cell RAMB36E2 clocked by clk  {rise@0.000ns fall@5.000ns period=10.000ns})
  Path Group:             clk
  Path Type:              Setup (Max at Slow Process Corner)
  Requirement:            10.000ns  (clk rise@10.000ns - clk rise@0.000ns)
  Data Path Delay:        1.850ns  (logic 0.751ns (40.588%)  route 1.099ns (59.413%))
  Logic Levels:           3  (LUT2=1 LUT6=2)
  Clock Path Skew:        -0.049ns (DCD - SCD + CPR)
    Destination Clock Delay (DCD):    1.565ns = ( 11.565 - 10.000 ) 
    Source Clock Delay      (SCD):    1.983ns
    Clock Pessimism Removal (CPR):    0.369ns
  Clock Uncertainty:      0.035ns  ((TSJ^2 + TIJ^2)^1/2 + DJ) / 2 + PE
    Total System Jitter     (TSJ):    0.071ns
    Total Input Jitter      (TIJ):    0.000ns
    Discrete Jitter          (DJ):    0.000ns
    Phase Error              (PE):    0.000ns
  Clock Net Delay (Source):      0.982ns (routing 0.001ns, distribution 0.981ns)
  Clock Net Delay (Destination): 0.919ns (routing 0.001ns, distribution 0.918ns)

    Location             Delay type                Incr(ns)  Path(ns)    Netlist Resource(s)
  -------------------------------------------------------------------    -------------------
                         (clock clk rise edge)        0.000     0.000 r  
    L7                                                0.000     0.000 r  clk (IN)
                         net (fo=0)                   0.000     0.000    clk_IBUF_inst/I
    L7                   INBUF (Prop_INBUF_HPIOB_M_PAD_O)
                                                      0.497     0.497 r  clk_IBUF_inst/INBUF_INST/O
                         net (fo=1, routed)           0.000     0.497    clk_IBUF_inst/OUT
    L7                   IBUFCTRL (Prop_IBUFCTRL_HPIOB_M_I_O)
                                                      0.000     0.497 r  clk_IBUF_inst/IBUFCTRL_INST/O
                         net (fo=1, routed)           0.460     0.957    clk_IBUF
    BUFGCE_X0Y57         BUFGCE (Prop_BUFCE_BUFGCE_I_O)
                                                      0.044     1.001 r  clk_IBUF_BUFG_inst/O
    X1Y2 (CLOCK_ROOT)    net (fo=53, routed)          0.982     1.983    fsm_inst/CLK
    SLICE_X25Y176        FDRE                                         r  fsm_inst/r_game_status_reg[1]/C
  -------------------------------------------------------------------    -------------------
    SLICE_X25Y176        FDRE (Prop_HFF_SLICEM_C_Q)
                                                      0.114     2.097 f  fsm_inst/r_game_status_reg[1]/Q
                         net (fo=6, routed)           0.184     2.281    fsm_inst/Q[1]
    SLICE_X25Y177        LUT2 (Prop_D5LUT_SLICEM_I1_O)
                                                      0.220     2.501 r  fsm_inst/data_reg_i_3/O
                         net (fo=2, routed)           0.184     2.685    fsm_inst/data_reg_i_3_n_0
    SLICE_X25Y178        LUT6 (Prop_H6LUT_SLICEM_I5_O)
                                                      0.228     2.913 f  fsm_inst/data_reg_i_4/O
                         net (fo=1, routed)           0.110     3.023    fsm_inst/data_reg_i_4_n_0
    SLICE_X25Y177        LUT6 (Prop_H6LUT_SLICEM_I2_O)
                                                      0.189     3.212 r  fsm_inst/data_reg_i_1/O
                         net (fo=1, routed)           0.622     3.834    rom_inst/data_reg_14
    RAMB36_X0Y35         RAMB36E2                                     r  rom_inst/data_reg/REGCEAREGCE
  -------------------------------------------------------------------    -------------------

                         (clock clk rise edge)       10.000    10.000 r  
    L7                                                0.000    10.000 r  clk (IN)
                         net (fo=0)                   0.000    10.000    clk_IBUF_inst/I
    L7                   INBUF (Prop_INBUF_HPIOB_M_PAD_O)
                                                      0.247    10.247 r  clk_IBUF_inst/INBUF_INST/O
                         net (fo=1, routed)           0.000    10.247    clk_IBUF_inst/OUT
    L7                   IBUFCTRL (Prop_IBUFCTRL_HPIOB_M_I_O)
                                                      0.000    10.247 r  clk_IBUF_inst/IBUFCTRL_INST/O
                         net (fo=1, routed)           0.360    10.607    clk_IBUF
    BUFGCE_X0Y57         BUFGCE (Prop_BUFCE_BUFGCE_I_O)
                                                      0.039    10.646 r  clk_IBUF_BUFG_inst/O
    X1Y2 (CLOCK_ROOT)    net (fo=53, routed)          0.919    11.565    rom_inst/CLK
    RAMB36_X0Y35         RAMB36E2                                     r  rom_inst/data_reg/CLKARDCLK
                         clock pessimism              0.369    11.934    
                         clock uncertainty           -0.035    11.899    
    RAMB36_X0Y35         RAMB36E2 (Setup_RAMB36E2_RAMB36_CLKARDCLK_REGCEAREGCE)
                                                     -0.342    11.557    rom_inst/data_reg
  -------------------------------------------------------------------
                         required time                         11.557    
                         arrival time                          -3.834    
  -------------------------------------------------------------------
                         slack                                  7.723    

Slack (MET) :             7.803ns  (required time - arrival time)
  Source:                 rom_inst/data_reg/CLKARDCLK
                            (rising edge-triggered cell RAMB36E2 clocked by clk  {rise@0.000ns fall@5.000ns period=10.000ns})
  Destination:            fsm_inst/r_result_reg[0][0]/D
                            (rising edge-triggered cell FDRE clocked by clk  {rise@0.000ns fall@5.000ns period=10.000ns})
  Path Group:             clk
  Path Type:              Setup (Max at Slow Process Corner)
  Requirement:            10.000ns  (clk rise@10.000ns - clk rise@0.000ns)
  Data Path Delay:        1.988ns  (logic 0.661ns (33.257%)  route 1.327ns (66.743%))
  Logic Levels:           2  (LUT6=2)
  Clock Path Skew:        -0.217ns (DCD - SCD + CPR)
    Destination Clock Delay (DCD):    1.538ns = ( 11.538 - 10.000 ) 
    Source Clock Delay      (SCD):    2.123ns
    Clock Pessimism Removal (CPR):    0.369ns
  Clock Uncertainty:      0.035ns  ((TSJ^2 + TIJ^2)^1/2 + DJ) / 2 + PE
    Total System Jitter     (TSJ):    0.071ns
    Total Input Jitter      (TIJ):    0.000ns
    Discrete Jitter          (DJ):    0.000ns
    Phase Error              (PE):    0.000ns
  Clock Net Delay (Source):      1.122ns (routing 0.001ns, distribution 1.121ns)
  Clock Net Delay (Destination): 0.891ns (routing 0.001ns, distribution 0.890ns)

    Location             Delay type                Incr(ns)  Path(ns)    Netlist Resource(s)
  -------------------------------------------------------------------    -------------------
                         (clock clk rise edge)        0.000     0.000 r  
    L7                                                0.000     0.000 r  clk (IN)
                         net (fo=0)                   0.000     0.000    clk_IBUF_inst/I
    L7                   INBUF (Prop_INBUF_HPIOB_M_PAD_O)
                                                      0.497     0.497 r  clk_IBUF_inst/INBUF_INST/O
                         net (fo=1, routed)           0.000     0.497    clk_IBUF_inst/OUT
    L7                   IBUFCTRL (Prop_IBUFCTRL_HPIOB_M_I_O)
                                                      0.000     0.497 r  clk_IBUF_inst/IBUFCTRL_INST/O
                         net (fo=1, routed)           0.460     0.957    clk_IBUF
    BUFGCE_X0Y57         BUFGCE (Prop_BUFCE_BUFGCE_I_O)
                                                      0.044     1.001 r  clk_IBUF_BUFG_inst/O
    X1Y2 (CLOCK_ROOT)    net (fo=53, routed)          1.122     2.123    rom_inst/CLK
    RAMB36_X0Y35         RAMB36E2                                     r  rom_inst/data_reg/CLKARDCLK
  -------------------------------------------------------------------    -------------------
    RAMB36_X0Y35         RAMB36E2 (Prop_RAMB36E2_RAMB36_CLKARDCLK_DOUTADOUT[2])
                                                      0.305     2.428 r  rom_inst/data_reg/DOUTADOUT[2]
                         net (fo=4, routed)           0.379     2.807    rom_inst/DOUTADOUT[2]
    SLICE_X28Y174        LUT6 (Prop_D6LUT_SLICEM_I3_O)
                                                      0.220     3.027 f  rom_inst/r_result[0][0]_i_2/O
                         net (fo=1, routed)           0.308     3.335    rom_inst/r_result[0][0]_i_2_n_0
    SLICE_X26Y174        LUT6 (Prop_D6LUT_SLICEL_I4_O)
                                                      0.136     3.471 r  rom_inst/r_result[0][0]_i_1/O
                         net (fo=9, routed)           0.639     4.111    fsm_inst/r_result_reg[0][0]_0
    SLICE_X25Y178        FDRE                                         r  fsm_inst/r_result_reg[0][0]/D
  -------------------------------------------------------------------    -------------------

                         (clock clk rise edge)       10.000    10.000 r  
    L7                                                0.000    10.000 r  clk (IN)
                         net (fo=0)                   0.000    10.000    clk_IBUF_inst/I
    L7                   INBUF (Prop_INBUF_HPIOB_M_PAD_O)
                                                      0.247    10.247 r  clk_IBUF_inst/INBUF_INST/O
                         net (fo=1, routed)           0.000    10.247    clk_IBUF_inst/OUT
    L7                   IBUFCTRL (Prop_IBUFCTRL_HPIOB_M_I_O)
                                                      0.000    10.247 r  clk_IBUF_inst/IBUFCTRL_INST/O
                         net (fo=1, routed)           0.360    10.607    clk_IBUF
    BUFGCE_X0Y57         BUFGCE (Prop_BUFCE_BUFGCE_I_O)
                                                      0.039    10.646 r  clk_IBUF_BUFG_inst/O
    X1Y2 (CLOCK_ROOT)    net (fo=53, routed)          0.891    11.538    fsm_inst/CLK
    SLICE_X25Y178        FDRE                                         r  fsm_inst/r_result_reg[0][0]/C
                         clock pessimism              0.369    11.906    
                         clock uncertainty           -0.035    11.871    
    SLICE_X25Y178        FDRE (Setup_FFF_SLICEM_C_D)
                                                      0.043    11.914    fsm_inst/r_result_reg[0][0]
  -------------------------------------------------------------------
                         required time                         11.914    
                         arrival time                          -4.111    
  -------------------------------------------------------------------
                         slack                                  7.803    

Slack (MET) :             7.807ns  (required time - arrival time)
  Source:                 rom_inst/data_reg/CLKARDCLK
                            (rising edge-triggered cell RAMB36E2 clocked by clk  {rise@0.000ns fall@5.000ns period=10.000ns})
  Destination:            fsm_inst/r_result_reg[0][1]/D
                            (rising edge-triggered cell FDRE clocked by clk  {rise@0.000ns fall@5.000ns period=10.000ns})
  Path Group:             clk
  Path Type:              Setup (Max at Slow Process Corner)
  Requirement:            10.000ns  (clk rise@10.000ns - clk rise@0.000ns)
  Data Path Delay:        2.036ns  (logic 0.792ns (38.896%)  route 1.244ns (61.105%))
  Logic Levels:           4  (LUT4=1 LUT5=2 LUT6=1)
  Clock Path Skew:        -0.167ns (DCD - SCD + CPR)
    Destination Clock Delay (DCD):    1.536ns = ( 11.536 - 10.000 ) 
    Source Clock Delay      (SCD):    2.123ns
    Clock Pessimism Removal (CPR):    0.420ns
  Clock Uncertainty:      0.035ns  ((TSJ^2 + TIJ^2)^1/2 + DJ) / 2 + PE
    Total System Jitter     (TSJ):    0.071ns
    Total Input Jitter      (TIJ):    0.000ns
    Discrete Jitter          (DJ):    0.000ns
    Phase Error              (PE):    0.000ns
  Clock Net Delay (Source):      1.122ns (routing 0.001ns, distribution 1.121ns)
  Clock Net Delay (Destination): 0.890ns (routing 0.001ns, distribution 0.889ns)

    Location             Delay type                Incr(ns)  Path(ns)    Netlist Resource(s)
  -------------------------------------------------------------------    -------------------
                         (clock clk rise edge)        0.000     0.000 r  
    L7                                                0.000     0.000 r  clk (IN)
                         net (fo=0)                   0.000     0.000    clk_IBUF_inst/I
    L7                   INBUF (Prop_INBUF_HPIOB_M_PAD_O)
                                                      0.497     0.497 r  clk_IBUF_inst/INBUF_INST/O
                         net (fo=1, routed)           0.000     0.497    clk_IBUF_inst/OUT
    L7                   IBUFCTRL (Prop_IBUFCTRL_HPIOB_M_I_O)
                                                      0.000     0.497 r  clk_IBUF_inst/IBUFCTRL_INST/O
                         net (fo=1, routed)           0.460     0.957    clk_IBUF
    BUFGCE_X0Y57         BUFGCE (Prop_BUFCE_BUFGCE_I_O)
                                                      0.044     1.001 r  clk_IBUF_BUFG_inst/O
    X1Y2 (CLOCK_ROOT)    net (fo=53, routed)          1.122     2.123    rom_inst/CLK
    RAMB36_X0Y35         RAMB36E2                                     r  rom_inst/data_reg/CLKARDCLK
  -------------------------------------------------------------------    -------------------
    RAMB36_X0Y35         RAMB36E2 (Prop_RAMB36E2_RAMB36_CLKARDCLK_DOUTADOUT[10])
                                                      0.300     2.423 r  rom_inst/data_reg/DOUTADOUT[10]
                         net (fo=29, routed)          0.605     3.028    rom_inst/DOUTADOUT[10]
    SLICE_X26Y173        LUT6 (Prop_H6LUT_SLICEL_I0_O)
                                                      0.188     3.216 r  rom_inst/r_game_status[0]_i_6/O
                         net (fo=2, routed)           0.315     3.531    rom_inst/r_game_status[0]_i_6_n_0
    SLICE_X27Y176        LUT5 (Prop_E6LUT_SLICEL_I1_O)
                                                      0.057     3.588 f  rom_inst/r_game_status[0]_i_2/O
                         net (fo=7, routed)           0.106     3.693    rom_inst/data_reg_11[0]
    SLICE_X27Y177        LUT4 (Prop_B5LUT_SLICEL_I0_O)
                                                      0.159     3.852 f  rom_inst/r_result[0][1]_i_4/O
                         net (fo=1, routed)           0.195     4.047    fsm_inst/r_result_reg[0][1]_0
    SLICE_X27Y177        LUT5 (Prop_D5LUT_SLICEL_I3_O)
                                                      0.088     4.135 r  fsm_inst/r_result[0][1]_i_1/O
                         net (fo=1, routed)           0.024     4.159    fsm_inst/r_result[0][1]_i_1_n_0
    SLICE_X27Y177        FDRE                                         r  fsm_inst/r_result_reg[0][1]/D
  -------------------------------------------------------------------    -------------------

                         (clock clk rise edge)       10.000    10.000 r  
    L7                                                0.000    10.000 r  clk (IN)
                         net (fo=0)                   0.000    10.000    clk_IBUF_inst/I
    L7                   INBUF (Prop_INBUF_HPIOB_M_PAD_O)
                                                      0.247    10.247 r  clk_IBUF_inst/INBUF_INST/O
                         net (fo=1, routed)           0.000    10.247    clk_IBUF_inst/OUT
    L7                   IBUFCTRL (Prop_IBUFCTRL_HPIOB_M_I_O)
                                                      0.000    10.247 r  clk_IBUF_inst/IBUFCTRL_INST/O
                         net (fo=1, routed)           0.360    10.607    clk_IBUF
    BUFGCE_X0Y57         BUFGCE (Prop_BUFCE_BUFGCE_I_O)
                                                      0.039    10.646 r  clk_IBUF_BUFG_inst/O
    X1Y2 (CLOCK_ROOT)    net (fo=53, routed)          0.890    11.536    fsm_inst/CLK
    SLICE_X27Y177        FDRE                                         r  fsm_inst/r_result_reg[0][1]/C
                         clock pessimism              0.420    11.956    
                         clock uncertainty           -0.035    11.921    
    SLICE_X27Y177        FDRE (Setup_DFF2_SLICEL_C_D)
                                                      0.046    11.967    fsm_inst/r_result_reg[0][1]
  -------------------------------------------------------------------
                         required time                         11.967    
                         arrival time                          -4.159    
  -------------------------------------------------------------------
                         slack                                  7.807    

Slack (MET) :             7.865ns  (required time - arrival time)
  Source:                 rom_inst/data_reg/CLKARDCLK
                            (rising edge-triggered cell RAMB36E2 clocked by clk  {rise@0.000ns fall@5.000ns period=10.000ns})
  Destination:            fsm_inst/r_result_reg[2][0]/D
                            (rising edge-triggered cell FDRE clocked by clk  {rise@0.000ns fall@5.000ns period=10.000ns})
  Path Group:             clk
  Path Type:              Setup (Max at Slow Process Corner)
  Requirement:            10.000ns  (clk rise@10.000ns - clk rise@0.000ns)
  Data Path Delay:        1.926ns  (logic 0.711ns (36.915%)  route 1.215ns (63.085%))
  Logic Levels:           2  (LUT6=2)
  Clock Path Skew:        -0.217ns (DCD - SCD + CPR)
    Destination Clock Delay (DCD):    1.538ns = ( 11.538 - 10.000 ) 
    Source Clock Delay      (SCD):    2.123ns
    Clock Pessimism Removal (CPR):    0.369ns
  Clock Uncertainty:      0.035ns  ((TSJ^2 + TIJ^2)^1/2 + DJ) / 2 + PE
    Total System Jitter     (TSJ):    0.071ns
    Total Input Jitter      (TIJ):    0.000ns
    Discrete Jitter          (DJ):    0.000ns
    Phase Error              (PE):    0.000ns
  Clock Net Delay (Source):      1.122ns (routing 0.001ns, distribution 1.121ns)
  Clock Net Delay (Destination): 0.891ns (routing 0.001ns, distribution 0.890ns)

    Location             Delay type                Incr(ns)  Path(ns)    Netlist Resource(s)
  -------------------------------------------------------------------    -------------------
                         (clock clk rise edge)        0.000     0.000 r  
    L7                                                0.000     0.000 r  clk (IN)
                         net (fo=0)                   0.000     0.000    clk_IBUF_inst/I
    L7                   INBUF (Prop_INBUF_HPIOB_M_PAD_O)
                                                      0.497     0.497 r  clk_IBUF_inst/INBUF_INST/O
                         net (fo=1, routed)           0.000     0.497    clk_IBUF_inst/OUT
    L7                   IBUFCTRL (Prop_IBUFCTRL_HPIOB_M_I_O)
                                                      0.000     0.497 r  clk_IBUF_inst/IBUFCTRL_INST/O
                         net (fo=1, routed)           0.460     0.957    clk_IBUF
    BUFGCE_X0Y57         BUFGCE (Prop_BUFCE_BUFGCE_I_O)
                                                      0.044     1.001 r  clk_IBUF_BUFG_inst/O
    X1Y2 (CLOCK_ROOT)    net (fo=53, routed)          1.122     2.123    rom_inst/CLK
    RAMB36_X0Y35         RAMB36E2                                     r  rom_inst/data_reg/CLKARDCLK
  -------------------------------------------------------------------    -------------------
    RAMB36_X0Y35         RAMB36E2 (Prop_RAMB36E2_RAMB36_CLKARDCLK_DOUTADOUT[14])
                                                      0.296     2.419 r  rom_inst/data_reg/DOUTADOUT[14]
                         net (fo=4, routed)           0.482     2.901    rom_inst/DOUTADOUT[14]
    SLICE_X26Y175        LUT6 (Prop_H6LUT_SLICEL_I5_O)
                                                      0.227     3.128 f  rom_inst/r_game_status[0]_i_7/O
                         net (fo=1, routed)           0.103     3.231    rom_inst/r_game_status[0]_i_7_n_0
    SLICE_X26Y174        LUT6 (Prop_H6LUT_SLICEL_I4_O)
                                                      0.188     3.419 r  rom_inst/r_game_status[0]_i_3/O
                         net (fo=8, routed)           0.630     4.049    fsm_inst/r_result_reg[2][0]_0[0]
    SLICE_X25Y178        FDRE                                         r  fsm_inst/r_result_reg[2][0]/D
  -------------------------------------------------------------------    -------------------

                         (clock clk rise edge)       10.000    10.000 r  
    L7                                                0.000    10.000 r  clk (IN)
                         net (fo=0)                   0.000    10.000    clk_IBUF_inst/I
    L7                   INBUF (Prop_INBUF_HPIOB_M_PAD_O)
                                                      0.247    10.247 r  clk_IBUF_inst/INBUF_INST/O
                         net (fo=1, routed)           0.000    10.247    clk_IBUF_inst/OUT
    L7                   IBUFCTRL (Prop_IBUFCTRL_HPIOB_M_I_O)
                                                      0.000    10.247 r  clk_IBUF_inst/IBUFCTRL_INST/O
                         net (fo=1, routed)           0.360    10.607    clk_IBUF
    BUFGCE_X0Y57         BUFGCE (Prop_BUFCE_BUFGCE_I_O)
                                                      0.039    10.646 r  clk_IBUF_BUFG_inst/O
    X1Y2 (CLOCK_ROOT)    net (fo=53, routed)          0.891    11.538    fsm_inst/CLK
    SLICE_X25Y178        FDRE                                         r  fsm_inst/r_result_reg[2][0]/C
                         clock pessimism              0.369    11.906    
                         clock uncertainty           -0.035    11.871    
    SLICE_X25Y178        FDRE (Setup_GFF_SLICEM_C_D)
                                                      0.043    11.914    fsm_inst/r_result_reg[2][0]
  -------------------------------------------------------------------
                         required time                         11.914    
                         arrival time                          -4.049    
  -------------------------------------------------------------------
                         slack                                  7.865    





Min Delay Paths
--------------------------------------------------------------------------------------
Slack (MET) :             0.117ns  (arrival time - required time)
  Source:                 fsm_inst/r_guess_count_reg[1]/C
                            (rising edge-triggered cell FDRE clocked by clk  {rise@0.000ns fall@5.000ns period=10.000ns})
  Destination:            fsm_inst/r_guess_count_reg[2]/D
                            (rising edge-triggered cell FDRE clocked by clk  {rise@0.000ns fall@5.000ns period=10.000ns})
  Path Group:             clk
  Path Type:              Hold (Min at Fast Process Corner)
  Requirement:            0.000ns  (clk rise@0.000ns - clk rise@0.000ns)
  Data Path Delay:        0.169ns  (logic 0.124ns (73.381%)  route 0.045ns (26.619%))
  Logic Levels:           1  (LUT3=1)
  Clock Path Skew:        0.007ns (DCD - SCD - CPR)
    Destination Clock Delay (DCD):    1.289ns
    Source Clock Delay      (SCD):    0.916ns
    Clock Pessimism Removal (CPR):    0.367ns
  Clock Net Delay (Source):      0.535ns (routing 0.001ns, distribution 0.534ns)
  Clock Net Delay (Destination): 0.584ns (routing 0.001ns, distribution 0.583ns)

    Location             Delay type                Incr(ns)  Path(ns)    Netlist Resource(s)
  -------------------------------------------------------------------    -------------------
                         (clock clk rise edge)        0.000     0.000 r  
    L7                                                0.000     0.000 r  clk (IN)
                         net (fo=0)                   0.000     0.000    clk_IBUF_inst/I
    L7                   INBUF (Prop_INBUF_HPIOB_M_PAD_O)
                                                      0.132     0.132 r  clk_IBUF_inst/INBUF_INST/O
                         net (fo=1, routed)           0.000     0.132    clk_IBUF_inst/OUT
    L7                   IBUFCTRL (Prop_IBUFCTRL_HPIOB_M_I_O)
                                                      0.000     0.132 r  clk_IBUF_inst/IBUFCTRL_INST/O
                         net (fo=1, routed)           0.226     0.358    clk_IBUF
    BUFGCE_X0Y57         BUFGCE (Prop_BUFCE_BUFGCE_I_O)
                                                      0.023     0.381 r  clk_IBUF_BUFG_inst/O
    X1Y2 (CLOCK_ROOT)    net (fo=53, routed)          0.535     0.916    fsm_inst/CLK
    SLICE_X25Y178        FDRE                                         r  fsm_inst/r_guess_count_reg[1]/C
  -------------------------------------------------------------------    -------------------
    SLICE_X25Y178        FDRE (Prop_DFF_SLICEM_C_Q)
                                                      0.083     0.999 r  fsm_inst/r_guess_count_reg[1]/Q
                         net (fo=6, routed)           0.035     1.034    fsm_inst/r_guess_count_reg[3]_0[1]
    SLICE_X25Y178        LUT3 (Prop_D5LUT_SLICEM_I1_O)
                                                      0.041     1.075 r  fsm_inst/r_guess_count[2]_i_1/O
                         net (fo=1, routed)           0.010     1.085    fsm_inst/r_guess_count[2]_i_1_n_0
    SLICE_X25Y178        FDRE                                         r  fsm_inst/r_guess_count_reg[2]/D
  -------------------------------------------------------------------    -------------------

                         (clock clk rise edge)        0.000     0.000 r  
    L7                                                0.000     0.000 r  clk (IN)
                         net (fo=0)                   0.000     0.000    clk_IBUF_inst/I
    L7                   INBUF (Prop_INBUF_HPIOB_M_PAD_O)
                                                      0.317     0.317 r  clk_IBUF_inst/INBUF_INST/O
                         net (fo=1, routed)           0.000     0.317    clk_IBUF_inst/OUT
    L7                   IBUFCTRL (Prop_IBUFCTRL_HPIOB_M_I_O)
                                                      0.000     0.317 r  clk_IBUF_inst/IBUFCTRL_INST/O
                         net (fo=1, routed)           0.362     0.679    clk_IBUF
    BUFGCE_X0Y57         BUFGCE (Prop_BUFCE_BUFGCE_I_O)
                                                      0.026     0.705 r  clk_IBUF_BUFG_inst/O
    X1Y2 (CLOCK_ROOT)    net (fo=53, routed)          0.584     1.289    fsm_inst/CLK
    SLICE_X25Y178        FDRE                                         r  fsm_inst/r_guess_count_reg[2]/C
                         clock pessimism             -0.367     0.923    
    SLICE_X25Y178        FDRE (Hold_DFF2_SLICEM_C_D)
                                                      0.045     0.968    fsm_inst/r_guess_count_reg[2]
  -------------------------------------------------------------------
                         required time                         -0.968    
                         arrival time                           1.085    
  -------------------------------------------------------------------
                         slack                                  0.117    

Slack (MET) :             0.162ns  (arrival time - required time)
  Source:                 fsm_inst/r_state_reg[0]/C
                            (rising edge-triggered cell FDRE clocked by clk  {rise@0.000ns fall@5.000ns period=10.000ns})
  Destination:            fsm_inst/r_game_status_reg[1]/CE
                            (rising edge-triggered cell FDRE clocked by clk  {rise@0.000ns fall@5.000ns period=10.000ns})
  Path Group:             clk
  Path Type:              Hold (Min at Fast Process Corner)
  Requirement:            0.000ns  (clk rise@0.000ns - clk rise@0.000ns)
  Data Path Delay:        0.170ns  (logic 0.082ns (48.226%)  route 0.088ns (51.774%))
  Logic Levels:           0  
  Clock Path Skew:        0.015ns (DCD - SCD - CPR)
    Destination Clock Delay (DCD):    1.282ns
    Source Clock Delay      (SCD):    0.915ns
    Clock Pessimism Removal (CPR):    0.352ns
  Clock Net Delay (Source):      0.534ns (routing 0.001ns, distribution 0.533ns)
  Clock Net Delay (Destination): 0.577ns (routing 0.001ns, distribution 0.576ns)

    Location             Delay type                Incr(ns)  Path(ns)    Netlist Resource(s)
  -------------------------------------------------------------------    -------------------
                         (clock clk rise edge)        0.000     0.000 r  
    L7                                                0.000     0.000 r  clk (IN)
                         net (fo=0)                   0.000     0.000    clk_IBUF_inst/I
    L7                   INBUF (Prop_INBUF_HPIOB_M_PAD_O)
                                                      0.132     0.132 r  clk_IBUF_inst/INBUF_INST/O
                         net (fo=1, routed)           0.000     0.132    clk_IBUF_inst/OUT
    L7                   IBUFCTRL (Prop_IBUFCTRL_HPIOB_M_I_O)
                                                      0.000     0.132 r  clk_IBUF_inst/IBUFCTRL_INST/O
                         net (fo=1, routed)           0.226     0.358    clk_IBUF
    BUFGCE_X0Y57         BUFGCE (Prop_BUFCE_BUFGCE_I_O)
                                                      0.023     0.381 r  clk_IBUF_BUFG_inst/O
    X1Y2 (CLOCK_ROOT)    net (fo=53, routed)          0.534     0.915    fsm_inst/CLK
    SLICE_X25Y177        FDRE                                         r  fsm_inst/r_state_reg[0]/C
  -------------------------------------------------------------------    -------------------
    SLICE_X25Y177        FDRE (Prop_EFF_SLICEM_C_Q)
                                                      0.082     0.997 r  fsm_inst/r_state_reg[0]/Q
                         net (fo=20, routed)          0.088     1.085    fsm_inst/r_state_reg_n_0_[0]
    SLICE_X25Y176        FDRE                                         r  fsm_inst/r_game_status_reg[1]/CE
  -------------------------------------------------------------------    -------------------

                         (clock clk rise edge)        0.000     0.000 r  
    L7                                                0.000     0.000 r  clk (IN)
                         net (fo=0)                   0.000     0.000    clk_IBUF_inst/I
    L7                   INBUF (Prop_INBUF_HPIOB_M_PAD_O)
                                                      0.317     0.317 r  clk_IBUF_inst/INBUF_INST/O
                         net (fo=1, routed)           0.000     0.317    clk_IBUF_inst/OUT
    L7                   IBUFCTRL (Prop_IBUFCTRL_HPIOB_M_I_O)
                                                      0.000     0.317 r  clk_IBUF_inst/IBUFCTRL_INST/O
                         net (fo=1, routed)           0.362     0.679    clk_IBUF
    BUFGCE_X0Y57         BUFGCE (Prop_BUFCE_BUFGCE_I_O)
                                                      0.026     0.705 r  clk_IBUF_BUFG_inst/O
    X1Y2 (CLOCK_ROOT)    net (fo=53, routed)          0.577     1.282    fsm_inst/CLK
    SLICE_X25Y176        FDRE                                         r  fsm_inst/r_game_status_reg[1]/C
                         clock pessimism             -0.352     0.930    
    SLICE_X25Y176        FDRE (Hold_HFF_SLICEM_C_CE)
                                                     -0.007     0.923    fsm_inst/r_game_status_reg[1]
  -------------------------------------------------------------------
                         required time                         -0.923    
                         arrival time                           1.085    
  -------------------------------------------------------------------
                         slack                                  0.162    

Slack (MET) :             0.163ns  (arrival time - required time)
  Source:                 fsm_inst/r_guess_count_reg[1]/C
                            (rising edge-triggered cell FDRE clocked by clk  {rise@0.000ns fall@5.000ns period=10.000ns})
  Destination:            fsm_inst/r_guess_count_reg[1]/D
                            (rising edge-triggered cell FDRE clocked by clk  {rise@0.000ns fall@5.000ns period=10.000ns})
  Path Group:             clk
  Path Type:              Hold (Min at Fast Process Corner)
  Requirement:            0.000ns  (clk rise@0.000ns - clk rise@0.000ns)
  Data Path Delay:        0.214ns  (logic 0.150ns (70.100%)  route 0.064ns (29.900%))
  Logic Levels:           1  (LUT2=1)
  Clock Path Skew:        0.007ns (DCD - SCD - CPR)
    Destination Clock Delay (DCD):    1.289ns
    Source Clock Delay      (SCD):    0.916ns
    Clock Pessimism Removal (CPR):    0.367ns
  Clock Net Delay (Source):      0.535ns (routing 0.001ns, distribution 0.534ns)
  Clock Net Delay (Destination): 0.584ns (routing 0.001ns, distribution 0.583ns)

    Location             Delay type                Incr(ns)  Path(ns)    Netlist Resource(s)
  -------------------------------------------------------------------    -------------------
                         (clock clk rise edge)        0.000     0.000 r  
    L7                                                0.000     0.000 r  clk (IN)
                         net (fo=0)                   0.000     0.000    clk_IBUF_inst/I
    L7                   INBUF (Prop_INBUF_HPIOB_M_PAD_O)
                                                      0.132     0.132 r  clk_IBUF_inst/INBUF_INST/O
                         net (fo=1, routed)           0.000     0.132    clk_IBUF_inst/OUT
    L7                   IBUFCTRL (Prop_IBUFCTRL_HPIOB_M_I_O)
                                                      0.000     0.132 r  clk_IBUF_inst/IBUFCTRL_INST/O
                         net (fo=1, routed)           0.226     0.358    clk_IBUF
    BUFGCE_X0Y57         BUFGCE (Prop_BUFCE_BUFGCE_I_O)
                                                      0.023     0.381 r  clk_IBUF_BUFG_inst/O
    X1Y2 (CLOCK_ROOT)    net (fo=53, routed)          0.535     0.916    fsm_inst/CLK
    SLICE_X25Y178        FDRE                                         r  fsm_inst/r_guess_count_reg[1]/C
  -------------------------------------------------------------------    -------------------
    SLICE_X25Y178        FDRE (Prop_DFF_SLICEM_C_Q)
                                                      0.083     0.999 r  fsm_inst/r_guess_count_reg[1]/Q
                         net (fo=6, routed)           0.035     1.034    fsm_inst/r_guess_count_reg[3]_0[1]
    SLICE_X25Y178        LUT2 (Prop_D6LUT_SLICEM_I1_O)
                                                      0.067     1.101 r  fsm_inst/r_guess_count[1]_i_1/O
                         net (fo=1, routed)           0.029     1.130    fsm_inst/r_guess_count[1]_i_1_n_0
    SLICE_X25Y178        FDRE                                         r  fsm_inst/r_guess_count_reg[1]/D
  -------------------------------------------------------------------    -------------------

                         (clock clk rise edge)        0.000     0.000 r  
    L7                                                0.000     0.000 r  clk (IN)
                         net (fo=0)                   0.000     0.000    clk_IBUF_inst/I
    L7                   INBUF (Prop_INBUF_HPIOB_M_PAD_O)
                                                      0.317     0.317 r  clk_IBUF_inst/INBUF_INST/O
                         net (fo=1, routed)           0.000     0.317    clk_IBUF_inst/OUT
    L7                   IBUFCTRL (Prop_IBUFCTRL_HPIOB_M_I_O)
                                                      0.000     0.317 r  clk_IBUF_inst/IBUFCTRL_INST/O
                         net (fo=1, routed)           0.362     0.679    clk_IBUF
    BUFGCE_X0Y57         BUFGCE (Prop_BUFCE_BUFGCE_I_O)
                                                      0.026     0.705 r  clk_IBUF_BUFG_inst/O
    X1Y2 (CLOCK_ROOT)    net (fo=53, routed)          0.584     1.289    fsm_inst/CLK
    SLICE_X25Y178        FDRE                                         r  fsm_inst/r_guess_count_reg[1]/C
                         clock pessimism             -0.367     0.923    
    SLICE_X25Y178        FDRE (Hold_DFF_SLICEM_C_D)
                                                      0.044     0.967    fsm_inst/r_guess_count_reg[1]
  -------------------------------------------------------------------
                         required time                         -0.967    
                         arrival time                           1.130    
  -------------------------------------------------------------------
                         slack                                  0.163    

Slack (MET) :             0.174ns  (arrival time - required time)
  Source:                 fsm_inst/r_state_reg[0]/C
                            (rising edge-triggered cell FDRE clocked by clk  {rise@0.000ns fall@5.000ns period=10.000ns})
  Destination:            fsm_inst/r_guess_count_reg[0]/CE
                            (rising edge-triggered cell FDRE clocked by clk  {rise@0.000ns fall@5.000ns period=10.000ns})
  Path Group:             clk
  Path Type:              Hold (Min at Fast Process Corner)
  Requirement:            0.000ns  (clk rise@0.000ns - clk rise@0.000ns)
  Data Path Delay:        0.191ns  (logic 0.082ns (42.979%)  route 0.109ns (57.021%))
  Logic Levels:           0  
  Clock Path Skew:        0.022ns (DCD - SCD - CPR)
    Destination Clock Delay (DCD):    1.289ns
    Source Clock Delay      (SCD):    0.915ns
    Clock Pessimism Removal (CPR):    0.352ns
  Clock Net Delay (Source):      0.534ns (routing 0.001ns, distribution 0.533ns)
  Clock Net Delay (Destination): 0.584ns (routing 0.001ns, distribution 0.583ns)

    Location             Delay type                Incr(ns)  Path(ns)    Netlist Resource(s)
  -------------------------------------------------------------------    -------------------
                         (clock clk rise edge)        0.000     0.000 r  
    L7                                                0.000     0.000 r  clk (IN)
                         net (fo=0)                   0.000     0.000    clk_IBUF_inst/I
    L7                   INBUF (Prop_INBUF_HPIOB_M_PAD_O)
                                                      0.132     0.132 r  clk_IBUF_inst/INBUF_INST/O
                         net (fo=1, routed)           0.000     0.132    clk_IBUF_inst/OUT
    L7                   IBUFCTRL (Prop_IBUFCTRL_HPIOB_M_I_O)
                                                      0.000     0.132 r  clk_IBUF_inst/IBUFCTRL_INST/O
                         net (fo=1, routed)           0.226     0.358    clk_IBUF
    BUFGCE_X0Y57         BUFGCE (Prop_BUFCE_BUFGCE_I_O)
                                                      0.023     0.381 r  clk_IBUF_BUFG_inst/O
    X1Y2 (CLOCK_ROOT)    net (fo=53, routed)          0.534     0.915    fsm_inst/CLK
    SLICE_X25Y177        FDRE                                         r  fsm_inst/r_state_reg[0]/C
  -------------------------------------------------------------------    -------------------
    SLICE_X25Y177        FDRE (Prop_EFF_SLICEM_C_Q)
                                                      0.082     0.997 r  fsm_inst/r_state_reg[0]/Q
                         net (fo=20, routed)          0.109     1.106    fsm_inst/r_state_reg_n_0_[0]
    SLICE_X25Y178        FDRE                                         r  fsm_inst/r_guess_count_reg[0]/CE
  -------------------------------------------------------------------    -------------------

                         (clock clk rise edge)        0.000     0.000 r  
    L7                                                0.000     0.000 r  clk (IN)
                         net (fo=0)                   0.000     0.000    clk_IBUF_inst/I
    L7                   INBUF (Prop_INBUF_HPIOB_M_PAD_O)
                                                      0.317     0.317 r  clk_IBUF_inst/INBUF_INST/O
                         net (fo=1, routed)           0.000     0.317    clk_IBUF_inst/OUT
    L7                   IBUFCTRL (Prop_IBUFCTRL_HPIOB_M_I_O)
                                                      0.000     0.317 r  clk_IBUF_inst/IBUFCTRL_INST/O
                         net (fo=1, routed)           0.362     0.679    clk_IBUF
    BUFGCE_X0Y57         BUFGCE (Prop_BUFCE_BUFGCE_I_O)
                                                      0.026     0.705 r  clk_IBUF_BUFG_inst/O
    X1Y2 (CLOCK_ROOT)    net (fo=53, routed)          0.584     1.289    fsm_inst/CLK
    SLICE_X25Y178        FDRE                                         r  fsm_inst/r_guess_count_reg[0]/C
                         clock pessimism             -0.352     0.937    
    SLICE_X25Y178        FDRE (Hold_BFF2_SLICEM_C_CE)
                                                     -0.006     0.931    fsm_inst/r_guess_count_reg[0]
  -------------------------------------------------------------------
                         required time                         -0.931    
                         arrival time                           1.106    
  -------------------------------------------------------------------
                         slack                                  0.174    

Slack (MET) :             0.174ns  (arrival time - required time)
  Source:                 fsm_inst/r_state_reg[0]/C
                            (rising edge-triggered cell FDRE clocked by clk  {rise@0.000ns fall@5.000ns period=10.000ns})
  Destination:            fsm_inst/r_guess_count_reg[2]/CE
                            (rising edge-triggered cell FDRE clocked by clk  {rise@0.000ns fall@5.000ns period=10.000ns})
  Path Group:             clk
  Path Type:              Hold (Min at Fast Process Corner)
  Requirement:            0.000ns  (clk rise@0.000ns - clk rise@0.000ns)
  Data Path Delay:        0.191ns  (logic 0.082ns (42.979%)  route 0.109ns (57.021%))
  Logic Levels:           0  
  Clock Path Skew:        0.022ns (DCD - SCD - CPR)
    Destination Clock Delay (DCD):    1.289ns
    Source Clock Delay      (SCD):    0.915ns
    Clock Pessimism Removal (CPR):    0.352ns
  Clock Net Delay (Source):      0.534ns (routing 0.001ns, distribution 0.533ns)
  Clock Net Delay (Destination): 0.584ns (routing 0.001ns, distribution 0.583ns)

    Location             Delay type                Incr(ns)  Path(ns)    Netlist Resource(s)
  -------------------------------------------------------------------    -------------------
                         (clock clk rise edge)        0.000     0.000 r  
    L7                                                0.000     0.000 r  clk (IN)
                         net (fo=0)                   0.000     0.000    clk_IBUF_inst/I
    L7                   INBUF (Prop_INBUF_HPIOB_M_PAD_O)
                                                      0.132     0.132 r  clk_IBUF_inst/INBUF_INST/O
                         net (fo=1, routed)           0.000     0.132    clk_IBUF_inst/OUT
    L7                   IBUFCTRL (Prop_IBUFCTRL_HPIOB_M_I_O)
                                                      0.000     0.132 r  clk_IBUF_inst/IBUFCTRL_INST/O
                         net (fo=1, routed)           0.226     0.358    clk_IBUF
    BUFGCE_X0Y57         BUFGCE (Prop_BUFCE_BUFGCE_I_O)
                                                      0.023     0.381 r  clk_IBUF_BUFG_inst/O
    X1Y2 (CLOCK_ROOT)    net (fo=53, routed)          0.534     0.915    fsm_inst/CLK
    SLICE_X25Y177        FDRE                                         r  fsm_inst/r_state_reg[0]/C
  -------------------------------------------------------------------    -------------------
    SLICE_X25Y177        FDRE (Prop_EFF_SLICEM_C_Q)
                                                      0.082     0.997 r  fsm_inst/r_state_reg[0]/Q
                         net (fo=20, routed)          0.109     1.106    fsm_inst/r_state_reg_n_0_[0]
    SLICE_X25Y178        FDRE                                         r  fsm_inst/r_guess_count_reg[2]/CE
  -------------------------------------------------------------------    -------------------

                         (clock clk rise edge)        0.000     0.000 r  
    L7                                                0.000     0.000 r  clk (IN)
                         net (fo=0)                   0.000     0.000    clk_IBUF_inst/I
    L7                   INBUF (Prop_INBUF_HPIOB_M_PAD_O)
                                                      0.317     0.317 r  clk_IBUF_inst/INBUF_INST/O
                         net (fo=1, routed)           0.000     0.317    clk_IBUF_inst/OUT
    L7                   IBUFCTRL (Prop_IBUFCTRL_HPIOB_M_I_O)
                                                      0.000     0.317 r  clk_IBUF_inst/IBUFCTRL_INST/O
                         net (fo=1, routed)           0.362     0.679    clk_IBUF
    BUFGCE_X0Y57         BUFGCE (Prop_BUFCE_BUFGCE_I_O)
                                                      0.026     0.705 r  clk_IBUF_BUFG_inst/O
    X1Y2 (CLOCK_ROOT)    net (fo=53, routed)          0.584     1.289    fsm_inst/CLK
    SLICE_X25Y178        FDRE                                         r  fsm_inst/r_guess_count_reg[2]/C
                         clock pessimism             -0.352     0.937    
    SLICE_X25Y178        FDRE (Hold_DFF2_SLICEM_C_CE)
                                                     -0.006     0.931    fsm_inst/r_guess_count_reg[2]
  -------------------------------------------------------------------
                         required time                         -0.931    
                         arrival time                           1.106    
  -------------------------------------------------------------------
                         slack                                  0.174    

Slack (MET) :             0.175ns  (arrival time - required time)
  Source:                 fsm_inst/r_state_reg[0]/C
                            (rising edge-triggered cell FDRE clocked by clk  {rise@0.000ns fall@5.000ns period=10.000ns})
  Destination:            fsm_inst/r_guess_count_reg[1]/CE
                            (rising edge-triggered cell FDRE clocked by clk  {rise@0.000ns fall@5.000ns period=10.000ns})
  Path Group:             clk
  Path Type:              Hold (Min at Fast Process Corner)
  Requirement:            0.000ns  (clk rise@0.000ns - clk rise@0.000ns)
  Data Path Delay:        0.191ns  (logic 0.082ns (42.979%)  route 0.109ns (57.021%))
  Logic Levels:           0  
  Clock Path Skew:        0.022ns (DCD - SCD - CPR)
    Destination Clock Delay (DCD):    1.289ns
    Source Clock Delay      (SCD):    0.915ns
    Clock Pessimism Removal (CPR):    0.352ns
  Clock Net Delay (Source):      0.534ns (routing 0.001ns, distribution 0.533ns)
  Clock Net Delay (Destination): 0.584ns (routing 0.001ns, distribution 0.583ns)

    Location             Delay type                Incr(ns)  Path(ns)    Netlist Resource(s)
  -------------------------------------------------------------------    -------------------
                         (clock clk rise edge)        0.000     0.000 r  
    L7                                                0.000     0.000 r  clk (IN)
                         net (fo=0)                   0.000     0.000    clk_IBUF_inst/I
    L7                   INBUF (Prop_INBUF_HPIOB_M_PAD_O)
                                                      0.132     0.132 r  clk_IBUF_inst/INBUF_INST/O
                         net (fo=1, routed)           0.000     0.132    clk_IBUF_inst/OUT
    L7                   IBUFCTRL (Prop_IBUFCTRL_HPIOB_M_I_O)
                                                      0.000     0.132 r  clk_IBUF_inst/IBUFCTRL_INST/O
                         net (fo=1, routed)           0.226     0.358    clk_IBUF
    BUFGCE_X0Y57         BUFGCE (Prop_BUFCE_BUFGCE_I_O)
                                                      0.023     0.381 r  clk_IBUF_BUFG_inst/O
    X1Y2 (CLOCK_ROOT)    net (fo=53, routed)          0.534     0.915    fsm_inst/CLK
    SLICE_X25Y177        FDRE                                         r  fsm_inst/r_state_reg[0]/C
  -------------------------------------------------------------------    -------------------
    SLICE_X25Y177        FDRE (Prop_EFF_SLICEM_C_Q)
                                                      0.082     0.997 r  fsm_inst/r_state_reg[0]/Q
                         net (fo=20, routed)          0.109     1.106    fsm_inst/r_state_reg_n_0_[0]
    SLICE_X25Y178        FDRE                                         r  fsm_inst/r_guess_count_reg[1]/CE
  -------------------------------------------------------------------    -------------------

                         (clock clk rise edge)        0.000     0.000 r  
    L7                                                0.000     0.000 r  clk (IN)
                         net (fo=0)                   0.000     0.000    clk_IBUF_inst/I
    L7                   INBUF (Prop_INBUF_HPIOB_M_PAD_O)
                                                      0.317     0.317 r  clk_IBUF_inst/INBUF_INST/O
                         net (fo=1, routed)           0.000     0.317    clk_IBUF_inst/OUT
    L7                   IBUFCTRL (Prop_IBUFCTRL_HPIOB_M_I_O)
                                                      0.000     0.317 r  clk_IBUF_inst/IBUFCTRL_INST/O
                         net (fo=1, routed)           0.362     0.679    clk_IBUF
    BUFGCE_X0Y57         BUFGCE (Prop_BUFCE_BUFGCE_I_O)
                                                      0.026     0.705 r  clk_IBUF_BUFG_inst/O
    X1Y2 (CLOCK_ROOT)    net (fo=53, routed)          0.584     1.289    fsm_inst/CLK
    SLICE_X25Y178        FDRE                                         r  fsm_inst/r_guess_count_reg[1]/C
                         clock pessimism             -0.352     0.937    
    SLICE_X25Y178        FDRE (Hold_DFF_SLICEM_C_CE)
                                                     -0.007     0.930    fsm_inst/r_guess_count_reg[1]
  -------------------------------------------------------------------
                         required time                         -0.930    
                         arrival time                           1.106    
  -------------------------------------------------------------------
                         slack                                  0.175    

Slack (MET) :             0.176ns  (arrival time - required time)
  Source:                 fsm_inst/r_guess_count_reg[0]/C
                            (rising edge-triggered cell FDRE clocked by clk  {rise@0.000ns fall@5.000ns period=10.000ns})
  Destination:            fsm_inst/r_guess_count_reg[0]/D
                            (rising edge-triggered cell FDRE clocked by clk  {rise@0.000ns fall@5.000ns period=10.000ns})
  Path Group:             clk
  Path Type:              Hold (Min at Fast Process Corner)
  Requirement:            0.000ns  (clk rise@0.000ns - clk rise@0.000ns)
  Data Path Delay:        0.228ns  (logic 0.130ns (57.058%)  route 0.098ns (42.942%))
  Logic Levels:           1  (LUT1=1)
  Clock Path Skew:        0.007ns (DCD - SCD - CPR)
    Destination Clock Delay (DCD):    1.289ns
    Source Clock Delay      (SCD):    0.916ns
    Clock Pessimism Removal (CPR):    0.367ns
  Clock Net Delay (Source):      0.535ns (routing 0.001ns, distribution 0.534ns)
  Clock Net Delay (Destination): 0.584ns (routing 0.001ns, distribution 0.583ns)

    Location             Delay type                Incr(ns)  Path(ns)    Netlist Resource(s)
  -------------------------------------------------------------------    -------------------
                         (clock clk rise edge)        0.000     0.000 r  
    L7                                                0.000     0.000 r  clk (IN)
                         net (fo=0)                   0.000     0.000    clk_IBUF_inst/I
    L7                   INBUF (Prop_INBUF_HPIOB_M_PAD_O)
                                                      0.132     0.132 r  clk_IBUF_inst/INBUF_INST/O
                         net (fo=1, routed)           0.000     0.132    clk_IBUF_inst/OUT
    L7                   IBUFCTRL (Prop_IBUFCTRL_HPIOB_M_I_O)
                                                      0.000     0.132 r  clk_IBUF_inst/IBUFCTRL_INST/O
                         net (fo=1, routed)           0.226     0.358    clk_IBUF
    BUFGCE_X0Y57         BUFGCE (Prop_BUFCE_BUFGCE_I_O)
                                                      0.023     0.381 r  clk_IBUF_BUFG_inst/O
    X1Y2 (CLOCK_ROOT)    net (fo=53, routed)          0.535     0.916    fsm_inst/CLK
    SLICE_X25Y178        FDRE                                         r  fsm_inst/r_guess_count_reg[0]/C
  -------------------------------------------------------------------    -------------------
    SLICE_X25Y178        FDRE (Prop_BFF2_SLICEM_C_Q)
                                                      0.085     1.001 f  fsm_inst/r_guess_count_reg[0]/Q
                         net (fo=7, routed)           0.089     1.090    fsm_inst/r_guess_count_reg[3]_0[0]
    SLICE_X25Y178        LUT1 (Prop_B5LUT_SLICEM_I0_O)
                                                      0.045     1.135 r  fsm_inst/r_guess_count[0]_i_1/O
                         net (fo=1, routed)           0.009     1.144    fsm_inst/p_0_in[0]
    SLICE_X25Y178        FDRE                                         r  fsm_inst/r_guess_count_reg[0]/D
  -------------------------------------------------------------------    -------------------

                         (clock clk rise edge)        0.000     0.000 r  
    L7                                                0.000     0.000 r  clk (IN)
                         net (fo=0)                   0.000     0.000    clk_IBUF_inst/I
    L7                   INBUF (Prop_INBUF_HPIOB_M_PAD_O)
                                                      0.317     0.317 r  clk_IBUF_inst/INBUF_INST/O
                         net (fo=1, routed)           0.000     0.317    clk_IBUF_inst/OUT
    L7                   IBUFCTRL (Prop_IBUFCTRL_HPIOB_M_I_O)
                                                      0.000     0.317 r  clk_IBUF_inst/IBUFCTRL_INST/O
                         net (fo=1, routed)           0.362     0.679    clk_IBUF
    BUFGCE_X0Y57         BUFGCE (Prop_BUFCE_BUFGCE_I_O)
                                                      0.026     0.705 r  clk_IBUF_BUFG_inst/O
    X1Y2 (CLOCK_ROOT)    net (fo=53, routed)          0.584     1.289    fsm_inst/CLK
    SLICE_X25Y178        FDRE                                         r  fsm_inst/r_guess_count_reg[0]/C
                         clock pessimism             -0.367     0.923    
    SLICE_X25Y178        FDRE (Hold_BFF2_SLICEM_C_D)
                                                      0.045     0.968    fsm_inst/r_guess_count_reg[0]
  -------------------------------------------------------------------
                         required time                         -0.968    
                         arrival time                           1.144    
  -------------------------------------------------------------------
                         slack                                  0.176    

Slack (MET) :             0.178ns  (arrival time - required time)
  Source:                 fsm_inst/r_state_reg[0]/C
                            (rising edge-triggered cell FDRE clocked by clk  {rise@0.000ns fall@5.000ns period=10.000ns})
  Destination:            fsm_inst/r_guess_count_reg[3]/CE
                            (rising edge-triggered cell FDRE clocked by clk  {rise@0.000ns fall@5.000ns period=10.000ns})
  Path Group:             clk
  Path Type:              Hold (Min at Fast Process Corner)
  Requirement:            0.000ns  (clk rise@0.000ns - clk rise@0.000ns)
  Data Path Delay:        0.192ns  (logic 0.082ns (42.755%)  route 0.110ns (57.245%))
  Logic Levels:           0  
  Clock Path Skew:        0.020ns (DCD - SCD - CPR)
    Destination Clock Delay (DCD):    1.287ns
    Source Clock Delay      (SCD):    0.915ns
    Clock Pessimism Removal (CPR):    0.352ns
  Clock Net Delay (Source):      0.534ns (routing 0.001ns, distribution 0.533ns)
  Clock Net Delay (Destination): 0.582ns (routing 0.001ns, distribution 0.581ns)

    Location             Delay type                Incr(ns)  Path(ns)    Netlist Resource(s)
  -------------------------------------------------------------------    -------------------
                         (clock clk rise edge)        0.000     0.000 r  
    L7                                                0.000     0.000 r  clk (IN)
                         net (fo=0)                   0.000     0.000    clk_IBUF_inst/I
    L7                   INBUF (Prop_INBUF_HPIOB_M_PAD_O)
                                                      0.132     0.132 r  clk_IBUF_inst/INBUF_INST/O
                         net (fo=1, routed)           0.000     0.132    clk_IBUF_inst/OUT
    L7                   IBUFCTRL (Prop_IBUFCTRL_HPIOB_M_I_O)
                                                      0.000     0.132 r  clk_IBUF_inst/IBUFCTRL_INST/O
                         net (fo=1, routed)           0.226     0.358    clk_IBUF
    BUFGCE_X0Y57         BUFGCE (Prop_BUFCE_BUFGCE_I_O)
                                                      0.023     0.381 r  clk_IBUF_BUFG_inst/O
    X1Y2 (CLOCK_ROOT)    net (fo=53, routed)          0.534     0.915    fsm_inst/CLK
    SLICE_X25Y177        FDRE                                         r  fsm_inst/r_state_reg[0]/C
  -------------------------------------------------------------------    -------------------
    SLICE_X25Y177        FDRE (Prop_EFF_SLICEM_C_Q)
                                                      0.082     0.997 r  fsm_inst/r_state_reg[0]/Q
                         net (fo=20, routed)          0.110     1.107    fsm_inst/r_state_reg_n_0_[0]
    SLICE_X25Y178        FDRE                                         r  fsm_inst/r_guess_count_reg[3]/CE
  -------------------------------------------------------------------    -------------------

                         (clock clk rise edge)        0.000     0.000 r  
    L7                                                0.000     0.000 r  clk (IN)
                         net (fo=0)                   0.000     0.000    clk_IBUF_inst/I
    L7                   INBUF (Prop_INBUF_HPIOB_M_PAD_O)
                                                      0.317     0.317 r  clk_IBUF_inst/INBUF_INST/O
                         net (fo=1, routed)           0.000     0.317    clk_IBUF_inst/OUT
    L7                   IBUFCTRL (Prop_IBUFCTRL_HPIOB_M_I_O)
                                                      0.000     0.317 r  clk_IBUF_inst/IBUFCTRL_INST/O
                         net (fo=1, routed)           0.362     0.679    clk_IBUF
    BUFGCE_X0Y57         BUFGCE (Prop_BUFCE_BUFGCE_I_O)
                                                      0.026     0.705 r  clk_IBUF_BUFG_inst/O
    X1Y2 (CLOCK_ROOT)    net (fo=53, routed)          0.582     1.287    fsm_inst/CLK
    SLICE_X25Y178        FDRE                                         r  fsm_inst/r_guess_count_reg[3]/C
                         clock pessimism             -0.352     0.935    
    SLICE_X25Y178        FDRE (Hold_EFF2_SLICEM_C_CE)
                                                     -0.006     0.929    fsm_inst/r_guess_count_reg[3]
  -------------------------------------------------------------------
                         required time                         -0.929    
                         arrival time                           1.107    
  -------------------------------------------------------------------
                         slack                                  0.178    

Slack (MET) :             0.178ns  (arrival time - required time)
  Source:                 fsm_inst/r_state_reg[0]/C
                            (rising edge-triggered cell FDRE clocked by clk  {rise@0.000ns fall@5.000ns period=10.000ns})
  Destination:            fsm_inst/r_result_reg[1][0]/CE
                            (rising edge-triggered cell FDRE clocked by clk  {rise@0.000ns fall@5.000ns period=10.000ns})
  Path Group:             clk
  Path Type:              Hold (Min at Fast Process Corner)
  Requirement:            0.000ns  (clk rise@0.000ns - clk rise@0.000ns)
  Data Path Delay:        0.192ns  (logic 0.082ns (42.755%)  route 0.110ns (57.245%))
  Logic Levels:           0  
  Clock Path Skew:        0.020ns (DCD - SCD - CPR)
    Destination Clock Delay (DCD):    1.287ns
    Source Clock Delay      (SCD):    0.915ns
    Clock Pessimism Removal (CPR):    0.352ns
  Clock Net Delay (Source):      0.534ns (routing 0.001ns, distribution 0.533ns)
  Clock Net Delay (Destination): 0.582ns (routing 0.001ns, distribution 0.581ns)

    Location             Delay type                Incr(ns)  Path(ns)    Netlist Resource(s)
  -------------------------------------------------------------------    -------------------
                         (clock clk rise edge)        0.000     0.000 r  
    L7                                                0.000     0.000 r  clk (IN)
                         net (fo=0)                   0.000     0.000    clk_IBUF_inst/I
    L7                   INBUF (Prop_INBUF_HPIOB_M_PAD_O)
                                                      0.132     0.132 r  clk_IBUF_inst/INBUF_INST/O
                         net (fo=1, routed)           0.000     0.132    clk_IBUF_inst/OUT
    L7                   IBUFCTRL (Prop_IBUFCTRL_HPIOB_M_I_O)
                                                      0.000     0.132 r  clk_IBUF_inst/IBUFCTRL_INST/O
                         net (fo=1, routed)           0.226     0.358    clk_IBUF
    BUFGCE_X0Y57         BUFGCE (Prop_BUFCE_BUFGCE_I_O)
                                                      0.023     0.381 r  clk_IBUF_BUFG_inst/O
    X1Y2 (CLOCK_ROOT)    net (fo=53, routed)          0.534     0.915    fsm_inst/CLK
    SLICE_X25Y177        FDRE                                         r  fsm_inst/r_state_reg[0]/C
  -------------------------------------------------------------------    -------------------
    SLICE_X25Y177        FDRE (Prop_EFF_SLICEM_C_Q)
                                                      0.082     0.997 r  fsm_inst/r_state_reg[0]/Q
                         net (fo=20, routed)          0.110     1.107    fsm_inst/r_state_reg_n_0_[0]
    SLICE_X25Y178        FDRE                                         r  fsm_inst/r_result_reg[1][0]/CE
  -------------------------------------------------------------------    -------------------

                         (clock clk rise edge)        0.000     0.000 r  
    L7                                                0.000     0.000 r  clk (IN)
                         net (fo=0)                   0.000     0.000    clk_IBUF_inst/I
    L7                   INBUF (Prop_INBUF_HPIOB_M_PAD_O)
                                                      0.317     0.317 r  clk_IBUF_inst/INBUF_INST/O
                         net (fo=1, routed)           0.000     0.317    clk_IBUF_inst/OUT
    L7                   IBUFCTRL (Prop_IBUFCTRL_HPIOB_M_I_O)
                                                      0.000     0.317 r  clk_IBUF_inst/IBUFCTRL_INST/O
                         net (fo=1, routed)           0.362     0.679    clk_IBUF
    BUFGCE_X0Y57         BUFGCE (Prop_BUFCE_BUFGCE_I_O)
                                                      0.026     0.705 r  clk_IBUF_BUFG_inst/O
    X1Y2 (CLOCK_ROOT)    net (fo=53, routed)          0.582     1.287    fsm_inst/CLK
    SLICE_X25Y178        FDRE                                         r  fsm_inst/r_result_reg[1][0]/C
                         clock pessimism             -0.352     0.935    
    SLICE_X25Y178        FDRE (Hold_FFF2_SLICEM_C_CE)
                                                     -0.006     0.929    fsm_inst/r_result_reg[1][0]
  -------------------------------------------------------------------
                         required time                         -0.929    
                         arrival time                           1.107    
  -------------------------------------------------------------------
                         slack                                  0.178    

Slack (MET) :             0.178ns  (arrival time - required time)
  Source:                 fsm_inst/r_state_reg[0]/C
                            (rising edge-triggered cell FDRE clocked by clk  {rise@0.000ns fall@5.000ns period=10.000ns})
  Destination:            fsm_inst/r_result_reg[3][0]/CE
                            (rising edge-triggered cell FDRE clocked by clk  {rise@0.000ns fall@5.000ns period=10.000ns})
  Path Group:             clk
  Path Type:              Hold (Min at Fast Process Corner)
  Requirement:            0.000ns  (clk rise@0.000ns - clk rise@0.000ns)
  Data Path Delay:        0.192ns  (logic 0.082ns (42.755%)  route 0.110ns (57.245%))
  Logic Levels:           0  
  Clock Path Skew:        0.020ns (DCD - SCD - CPR)
    Destination Clock Delay (DCD):    1.287ns
    Source Clock Delay      (SCD):    0.915ns
    Clock Pessimism Removal (CPR):    0.352ns
  Clock Net Delay (Source):      0.534ns (routing 0.001ns, distribution 0.533ns)
  Clock Net Delay (Destination): 0.582ns (routing 0.001ns, distribution 0.581ns)

    Location             Delay type                Incr(ns)  Path(ns)    Netlist Resource(s)
  -------------------------------------------------------------------    -------------------
                         (clock clk rise edge)        0.000     0.000 r  
    L7                                                0.000     0.000 r  clk (IN)
                         net (fo=0)                   0.000     0.000    clk_IBUF_inst/I
    L7                   INBUF (Prop_INBUF_HPIOB_M_PAD_O)
                                                      0.132     0.132 r  clk_IBUF_inst/INBUF_INST/O
                         net (fo=1, routed)           0.000     0.132    clk_IBUF_inst/OUT
    L7                   IBUFCTRL (Prop_IBUFCTRL_HPIOB_M_I_O)
                                                      0.000     0.132 r  clk_IBUF_inst/IBUFCTRL_INST/O
                         net (fo=1, routed)           0.226     0.358    clk_IBUF
    BUFGCE_X0Y57         BUFGCE (Prop_BUFCE_BUFGCE_I_O)
                                                      0.023     0.381 r  clk_IBUF_BUFG_inst/O
    X1Y2 (CLOCK_ROOT)    net (fo=53, routed)          0.534     0.915    fsm_inst/CLK
    SLICE_X25Y177        FDRE                                         r  fsm_inst/r_state_reg[0]/C
  -------------------------------------------------------------------    -------------------
    SLICE_X25Y177        FDRE (Prop_EFF_SLICEM_C_Q)
                                                      0.082     0.997 r  fsm_inst/r_state_reg[0]/Q
                         net (fo=20, routed)          0.110     1.107    fsm_inst/r_state_reg_n_0_[0]
    SLICE_X25Y178        FDRE                                         r  fsm_inst/r_result_reg[3][0]/CE
  -------------------------------------------------------------------    -------------------

                         (clock clk rise edge)        0.000     0.000 r  
    L7                                                0.000     0.000 r  clk (IN)
                         net (fo=0)                   0.000     0.000    clk_IBUF_inst/I
    L7                   INBUF (Prop_INBUF_HPIOB_M_PAD_O)
                                                      0.317     0.317 r  clk_IBUF_inst/INBUF_INST/O
                         net (fo=1, routed)           0.000     0.317    clk_IBUF_inst/OUT
    L7                   IBUFCTRL (Prop_IBUFCTRL_HPIOB_M_I_O)
                                                      0.000     0.317 r  clk_IBUF_inst/IBUFCTRL_INST/O
                         net (fo=1, routed)           0.362     0.679    clk_IBUF
    BUFGCE_X0Y57         BUFGCE (Prop_BUFCE_BUFGCE_I_O)
                                                      0.026     0.705 r  clk_IBUF_BUFG_inst/O
    X1Y2 (CLOCK_ROOT)    net (fo=53, routed)          0.582     1.287    fsm_inst/CLK
    SLICE_X25Y178        FDRE                                         r  fsm_inst/r_result_reg[3][0]/C
                         clock pessimism             -0.352     0.935    
    SLICE_X25Y178        FDRE (Hold_GFF2_SLICEM_C_CE)
                                                     -0.006     0.929    fsm_inst/r_result_reg[3][0]
  -------------------------------------------------------------------
                         required time                         -0.929    
                         arrival time                           1.107    
  -------------------------------------------------------------------
                         slack                                  0.178    





Pulse Width Checks
--------------------------------------------------------------------------------------
Clock Name:         clk
Waveform(ns):       { 0.000 5.000 }
Period(ns):         10.000
Sources:            { clk }

Check Type        Corner  Lib Pin             Reference Pin  Required(ns)  Actual(ns)  Slack(ns)  Location       Pin
Min Period        n/a     RAMB36E2/CLKARDCLK  n/a            1.709         10.000      8.291      RAMB36_X0Y35   rom_inst/data_reg/CLKARDCLK
Min Period        n/a     BUFGCE/I            n/a            1.379         10.000      8.621      BUFGCE_X0Y57   clk_IBUF_BUFG_inst/I
Min Period        n/a     FDRE/C              n/a            0.550         10.000      9.450      SLICE_X25Y178  fsm_inst/r_game_status_reg[0]/C
Min Period        n/a     FDRE/C              n/a            0.550         10.000      9.450      SLICE_X25Y176  fsm_inst/r_game_status_reg[1]/C
Min Period        n/a     FDRE/C              n/a            0.550         10.000      9.450      SLICE_X25Y178  fsm_inst/r_guess_count_reg[0]/C
Min Period        n/a     FDRE/C              n/a            0.550         10.000      9.450      SLICE_X25Y178  fsm_inst/r_guess_count_reg[1]/C
Min Period        n/a     FDRE/C              n/a            0.550         10.000      9.450      SLICE_X25Y178  fsm_inst/r_guess_count_reg[2]/C
Min Period        n/a     FDRE/C              n/a            0.550         10.000      9.450      SLICE_X25Y178  fsm_inst/r_guess_count_reg[3]/C
Min Period        n/a     FDRE/C              n/a            0.550         10.000      9.450      SLICE_X27Y175  fsm_inst/r_guess_word_reg[0]/C
Min Period        n/a     FDRE/C              n/a            0.550         10.000      9.450      SLICE_X26Y170  fsm_inst/r_guess_word_reg[10]/C
Low Pulse Width   Slow    RAMB36E2/CLKARDCLK  n/a            0.577         5.000       4.423      RAMB36_X0Y35   rom_inst/data_reg/CLKARDCLK
Low Pulse Width   Fast    RAMB36E2/CLKARDCLK  n/a            0.577         5.000       4.423      RAMB36_X0Y35   rom_inst/data_reg/CLKARDCLK
Low Pulse Width   Slow    FDRE/C              n/a            0.275         5.000       4.725      SLICE_X25Y178  fsm_inst/r_game_status_reg[0]/C
Low Pulse Width   Fast    FDRE/C              n/a            0.275         5.000       4.725      SLICE_X25Y178  fsm_inst/r_game_status_reg[0]/C
Low Pulse Width   Slow    FDRE/C              n/a            0.275         5.000       4.725      SLICE_X25Y176  fsm_inst/r_game_status_reg[1]/C
Low Pulse Width   Fast    FDRE/C              n/a            0.275         5.000       4.725      SLICE_X25Y176  fsm_inst/r_game_status_reg[1]/C
Low Pulse Width   Slow    FDRE/C              n/a            0.275         5.000       4.725      SLICE_X25Y178  fsm_inst/r_guess_count_reg[0]/C
Low Pulse Width   Fast    FDRE/C              n/a            0.275         5.000       4.725      SLICE_X25Y178  fsm_inst/r_guess_count_reg[0]/C
Low Pulse Width   Slow    FDRE/C              n/a            0.275         5.000       4.725      SLICE_X25Y178  fsm_inst/r_guess_count_reg[1]/C
Low Pulse Width   Fast    FDRE/C              n/a            0.275         5.000       4.725      SLICE_X25Y178  fsm_inst/r_guess_count_reg[1]/C
High Pulse Width  Slow    RAMB36E2/CLKARDCLK  n/a            0.577         5.000       4.423      RAMB36_X0Y35   rom_inst/data_reg/CLKARDCLK
High Pulse Width  Fast    RAMB36E2/CLKARDCLK  n/a            0.577         5.000       4.423      RAMB36_X0Y35   rom_inst/data_reg/CLKARDCLK
High Pulse Width  Slow    FDRE/C              n/a            0.275         5.000       4.725      SLICE_X25Y178  fsm_inst/r_game_status_reg[0]/C
High Pulse Width  Fast    FDRE/C              n/a            0.275         5.000       4.725      SLICE_X25Y178  fsm_inst/r_game_status_reg[0]/C
High Pulse Width  Slow    FDRE/C              n/a            0.275         5.000       4.725      SLICE_X25Y176  fsm_inst/r_game_status_reg[1]/C
High Pulse Width  Fast    FDRE/C              n/a            0.275         5.000       4.725      SLICE_X25Y176  fsm_inst/r_game_status_reg[1]/C
High Pulse Width  Slow    FDRE/C              n/a            0.275         5.000       4.725      SLICE_X25Y178  fsm_inst/r_guess_count_reg[0]/C
High Pulse Width  Fast    FDRE/C              n/a            0.275         5.000       4.725      SLICE_X25Y178  fsm_inst/r_guess_count_reg[0]/C
High Pulse Width  Slow    FDRE/C              n/a            0.275         5.000       4.725      SLICE_X25Y178  fsm_inst/r_guess_count_reg[1]/C
High Pulse Width  Fast    FDRE/C              n/a            0.275         5.000       4.725      SLICE_X25Y178  fsm_inst/r_guess_count_reg[1]/C



--------------------------------------------------------------------------------------
Path Group:  (none)
From Clock:  clk
  To Clock:  

Max Delay            15 Endpoints
Min Delay            15 Endpoints
--------------------------------------------------------------------------------------


Max Delay Paths
--------------------------------------------------------------------------------------
Slack:                    inf
  Source:                 fsm_inst/r_game_status_reg[0]/C
                            (rising edge-triggered cell FDRE clocked by clk  {rise@0.000ns fall@5.000ns period=10.000ns})
  Destination:            o_game_status[0]
                            (output port)
  Path Group:             (none)
  Path Type:              Max at Slow Process Corner
  Data Path Delay:        2.771ns  (logic 0.981ns (35.411%)  route 1.790ns (64.589%))
  Logic Levels:           1  (OBUF=1)
  Clock Uncertainty:      0.025ns  ((TSJ^2 + TIJ^2)^1/2 + DJ) / 2 + PE
    Total System Jitter     (TSJ):    0.050ns
    Total Input Jitter      (TIJ):    0.000ns
    Discrete Jitter          (DJ):    0.000ns
    Phase Error              (PE):    0.000ns
  Clock Net Delay (Source):      0.998ns (routing 0.001ns, distribution 0.997ns)

    Location             Delay type                Incr(ns)  Path(ns)    Netlist Resource(s)
  -------------------------------------------------------------------    -------------------
                         (clock clk rise edge)        0.000     0.000 r  
    L7                                                0.000     0.000 r  clk (IN)
                         net (fo=0)                   0.000     0.000    clk_IBUF_inst/I
    L7                   INBUF (Prop_INBUF_HPIOB_M_PAD_O)
                                                      0.497     0.497 r  clk_IBUF_inst/INBUF_INST/O
                         net (fo=1, routed)           0.000     0.497    clk_IBUF_inst/OUT
    L7                   IBUFCTRL (Prop_IBUFCTRL_HPIOB_M_I_O)
                                                      0.000     0.497 r  clk_IBUF_inst/IBUFCTRL_INST/O
                         net (fo=1, routed)           0.460     0.957    clk_IBUF
    BUFGCE_X0Y57         BUFGCE (Prop_BUFCE_BUFGCE_I_O)
                                                      0.044     1.001 r  clk_IBUF_BUFG_inst/O
    X1Y2 (CLOCK_ROOT)    net (fo=53, routed)          0.998     1.999    fsm_inst/CLK
    SLICE_X25Y178        FDRE                                         r  fsm_inst/r_game_status_reg[0]/C
  -------------------------------------------------------------------    -------------------
    SLICE_X25Y178        FDRE (Prop_EFF_SLICEM_C_Q)
                                                      0.113     2.112 r  fsm_inst/r_game_status_reg[0]/Q
                         net (fo=6, routed)           1.790     3.902    o_game_status_OBUF[0]
    U9                   OBUF (Prop_OUTBUF_HPIOB_M_I_O)
                                                      0.868     4.770 r  o_game_status_OBUF[0]_inst/O
                         net (fo=0)                   0.000     4.770    o_game_status[0]
    U9                                                                r  o_game_status[0] (OUT)
  -------------------------------------------------------------------    -------------------

Slack:                    inf
  Source:                 fsm_inst/r_game_status_reg[1]/C
                            (rising edge-triggered cell FDRE clocked by clk  {rise@0.000ns fall@5.000ns period=10.000ns})
  Destination:            o_game_status[1]
                            (output port)
  Path Group:             (none)
  Path Type:              Max at Slow Process Corner
  Data Path Delay:        2.668ns  (logic 0.986ns (36.953%)  route 1.682ns (63.047%))
  Logic Levels:           1  (OBUF=1)
  Clock Uncertainty:      0.025ns  ((TSJ^2 + TIJ^2)^1/2 + DJ) / 2 + PE
    Total System Jitter     (TSJ):    0.050ns
    Total Input Jitter      (TIJ):    0.000ns
    Discrete Jitter          (DJ):    0.000ns
    Phase Error              (PE):    0.000ns
  Clock Net Delay (Source):      0.982ns (routing 0.001ns, distribution 0.981ns)

    Location             Delay type                Incr(ns)  Path(ns)    Netlist Resource(s)
  -------------------------------------------------------------------    -------------------
                         (clock clk rise edge)        0.000     0.000 r  
    L7                                                0.000     0.000 r  clk (IN)
                         net (fo=0)                   0.000     0.000    clk_IBUF_inst/I
    L7                   INBUF (Prop_INBUF_HPIOB_M_PAD_O)
                                                      0.497     0.497 r  clk_IBUF_inst/INBUF_INST/O
                         net (fo=1, routed)           0.000     0.497    clk_IBUF_inst/OUT
    L7                   IBUFCTRL (Prop_IBUFCTRL_HPIOB_M_I_O)
                                                      0.000     0.497 r  clk_IBUF_inst/IBUFCTRL_INST/O
                         net (fo=1, routed)           0.460     0.957    clk_IBUF
    BUFGCE_X0Y57         BUFGCE (Prop_BUFCE_BUFGCE_I_O)
                                                      0.044     1.001 r  clk_IBUF_BUFG_inst/O
    X1Y2 (CLOCK_ROOT)    net (fo=53, routed)          0.982     1.983    fsm_inst/CLK
    SLICE_X25Y176        FDRE                                         r  fsm_inst/r_game_status_reg[1]/C
  -------------------------------------------------------------------    -------------------
    SLICE_X25Y176        FDRE (Prop_HFF_SLICEM_C_Q)
                                                      0.114     2.097 r  fsm_inst/r_game_status_reg[1]/Q
                         net (fo=6, routed)           1.682     3.779    o_game_status_OBUF[1]
    V9                   OBUF (Prop_OUTBUF_HPIOB_S_I_O)
                                                      0.872     4.651 r  o_game_status_OBUF[1]_inst/O
                         net (fo=0)                   0.000     4.651    o_game_status[1]
    V9                                                                r  o_game_status[1] (OUT)
  -------------------------------------------------------------------    -------------------

Slack:                    inf
  Source:                 fsm_inst/r_ready_reg/C
                            (rising edge-triggered cell FDRE clocked by clk  {rise@0.000ns fall@5.000ns period=10.000ns})
  Destination:            o_ready
                            (output port)
  Path Group:             (none)
  Path Type:              Max at Slow Process Corner
  Data Path Delay:        2.635ns  (logic 0.991ns (37.620%)  route 1.644ns (62.380%))
  Logic Levels:           1  (OBUF=1)
  Clock Uncertainty:      0.025ns  ((TSJ^2 + TIJ^2)^1/2 + DJ) / 2 + PE
    Total System Jitter     (TSJ):    0.050ns
    Total Input Jitter      (TIJ):    0.000ns
    Discrete Jitter          (DJ):    0.000ns
    Phase Error              (PE):    0.000ns
  Clock Net Delay (Source):      0.999ns (routing 0.001ns, distribution 0.998ns)

    Location             Delay type                Incr(ns)  Path(ns)    Netlist Resource(s)
  -------------------------------------------------------------------    -------------------
                         (clock clk rise edge)        0.000     0.000 r  
    L7                                                0.000     0.000 r  clk (IN)
                         net (fo=0)                   0.000     0.000    clk_IBUF_inst/I
    L7                   INBUF (Prop_INBUF_HPIOB_M_PAD_O)
                                                      0.497     0.497 r  clk_IBUF_inst/INBUF_INST/O
                         net (fo=1, routed)           0.000     0.497    clk_IBUF_inst/OUT
    L7                   IBUFCTRL (Prop_IBUFCTRL_HPIOB_M_I_O)
                                                      0.000     0.497 r  clk_IBUF_inst/IBUFCTRL_INST/O
                         net (fo=1, routed)           0.460     0.957    clk_IBUF
    BUFGCE_X0Y57         BUFGCE (Prop_BUFCE_BUFGCE_I_O)
                                                      0.044     1.001 r  clk_IBUF_BUFG_inst/O
    X1Y2 (CLOCK_ROOT)    net (fo=53, routed)          0.999     2.000    fsm_inst/CLK
    SLICE_X25Y175        FDRE                                         r  fsm_inst/r_ready_reg/C
  -------------------------------------------------------------------    -------------------
    SLICE_X25Y175        FDRE (Prop_DFF_SLICEM_C_Q)
                                                      0.116     2.116 r  fsm_inst/r_ready_reg/Q
                         net (fo=1, routed)           1.644     3.760    o_ready_OBUF
    W8                   OBUF (Prop_OUTBUF_HPIOB_M_I_O)
                                                      0.875     4.636 r  o_ready_OBUF_inst/O
                         net (fo=0)                   0.000     4.636    o_ready
    W8                                                                r  o_ready (OUT)
  -------------------------------------------------------------------    -------------------

Slack:                    inf
  Source:                 fsm_inst/r_result_reg[1][1]/C
                            (rising edge-triggered cell FDRE clocked by clk  {rise@0.000ns fall@5.000ns period=10.000ns})
  Destination:            o_result[3]
                            (output port)
  Path Group:             (none)
  Path Type:              Max at Slow Process Corner
  Data Path Delay:        2.601ns  (logic 1.021ns (39.244%)  route 1.580ns (60.756%))
  Logic Levels:           1  (OBUF=1)
  Clock Uncertainty:      0.025ns  ((TSJ^2 + TIJ^2)^1/2 + DJ) / 2 + PE
    Total System Jitter     (TSJ):    0.050ns
    Total Input Jitter      (TIJ):    0.000ns
    Discrete Jitter          (DJ):    0.000ns
    Phase Error              (PE):    0.000ns
  Clock Net Delay (Source):      0.987ns (routing 0.001ns, distribution 0.986ns)

    Location             Delay type                Incr(ns)  Path(ns)    Netlist Resource(s)
  -------------------------------------------------------------------    -------------------
                         (clock clk rise edge)        0.000     0.000 r  
    L7                                                0.000     0.000 r  clk (IN)
                         net (fo=0)                   0.000     0.000    clk_IBUF_inst/I
    L7                   INBUF (Prop_INBUF_HPIOB_M_PAD_O)
                                                      0.497     0.497 r  clk_IBUF_inst/INBUF_INST/O
                         net (fo=1, routed)           0.000     0.497    clk_IBUF_inst/OUT
    L7                   IBUFCTRL (Prop_IBUFCTRL_HPIOB_M_I_O)
                                                      0.000     0.497 r  clk_IBUF_inst/IBUFCTRL_INST/O
                         net (fo=1, routed)           0.460     0.957    clk_IBUF
    BUFGCE_X0Y57         BUFGCE (Prop_BUFCE_BUFGCE_I_O)
                                                      0.044     1.001 r  clk_IBUF_BUFG_inst/O
    X1Y2 (CLOCK_ROOT)    net (fo=53, routed)          0.987     1.988    fsm_inst/CLK
    SLICE_X27Y177        FDRE                                         r  fsm_inst/r_result_reg[1][1]/C
  -------------------------------------------------------------------    -------------------
    SLICE_X27Y177        FDRE (Prop_CFF_SLICEL_C_Q)
                                                      0.114     2.102 r  fsm_inst/r_result_reg[1][1]/Q
                         net (fo=1, routed)           1.580     3.682    o_result_OBUF[3]
    C4                   OBUF (Prop_OUTBUF_HPIOB_S_I_O)
                                                      0.907     4.589 r  o_result_OBUF[3]_inst/O
                         net (fo=0)                   0.000     4.589    o_result[3]
    C4                                                                r  o_result[3] (OUT)
  -------------------------------------------------------------------    -------------------

Slack:                    inf
  Source:                 fsm_inst/r_result_reg[2][1]/C
                            (rising edge-triggered cell FDRE clocked by clk  {rise@0.000ns fall@5.000ns period=10.000ns})
  Destination:            o_result[5]
                            (output port)
  Path Group:             (none)
  Path Type:              Max at Slow Process Corner
  Data Path Delay:        2.567ns  (logic 1.047ns (40.797%)  route 1.520ns (59.203%))
  Logic Levels:           1  (OBUF=1)
  Clock Uncertainty:      0.025ns  ((TSJ^2 + TIJ^2)^1/2 + DJ) / 2 + PE
    Total System Jitter     (TSJ):    0.050ns
    Total Input Jitter      (TIJ):    0.000ns
    Discrete Jitter          (DJ):    0.000ns
    Phase Error              (PE):    0.000ns
  Clock Net Delay (Source):      1.001ns (routing 0.001ns, distribution 1.000ns)

    Location             Delay type                Incr(ns)  Path(ns)    Netlist Resource(s)
  -------------------------------------------------------------------    -------------------
                         (clock clk rise edge)        0.000     0.000 r  
    L7                                                0.000     0.000 r  clk (IN)
                         net (fo=0)                   0.000     0.000    clk_IBUF_inst/I
    L7                   INBUF (Prop_INBUF_HPIOB_M_PAD_O)
                                                      0.497     0.497 r  clk_IBUF_inst/INBUF_INST/O
                         net (fo=1, routed)           0.000     0.497    clk_IBUF_inst/OUT
    L7                   IBUFCTRL (Prop_IBUFCTRL_HPIOB_M_I_O)
                                                      0.000     0.497 r  clk_IBUF_inst/IBUFCTRL_INST/O
                         net (fo=1, routed)           0.460     0.957    clk_IBUF
    BUFGCE_X0Y57         BUFGCE (Prop_BUFCE_BUFGCE_I_O)
                                                      0.044     1.001 r  clk_IBUF_BUFG_inst/O
    X1Y2 (CLOCK_ROOT)    net (fo=53, routed)          1.001     2.002    fsm_inst/CLK
    SLICE_X27Y175        FDRE                                         r  fsm_inst/r_result_reg[2][1]/C
  -------------------------------------------------------------------    -------------------
    SLICE_X27Y175        FDRE (Prop_CFF_SLICEL_C_Q)
                                                      0.114     2.116 r  fsm_inst/r_result_reg[2][1]/Q
                         net (fo=1, routed)           1.520     3.636    o_result_OBUF[5]
    A4                   OBUF (Prop_OUTBUF_HPIOB_S_I_O)
                                                      0.933     4.570 r  o_result_OBUF[5]_inst/O
                         net (fo=0)                   0.000     4.570    o_result[5]
    A4                                                                r  o_result[5] (OUT)
  -------------------------------------------------------------------    -------------------

Slack:                    inf
  Source:                 fsm_inst/r_result_reg[0][1]/C
                            (rising edge-triggered cell FDRE clocked by clk  {rise@0.000ns fall@5.000ns period=10.000ns})
  Destination:            o_result[1]
                            (output port)
  Path Group:             (none)
  Path Type:              Max at Slow Process Corner
  Data Path Delay:        2.564ns  (logic 1.030ns (40.167%)  route 1.534ns (59.833%))
  Logic Levels:           1  (OBUF=1)
  Clock Uncertainty:      0.025ns  ((TSJ^2 + TIJ^2)^1/2 + DJ) / 2 + PE
    Total System Jitter     (TSJ):    0.050ns
    Total Input Jitter      (TIJ):    0.000ns
    Discrete Jitter          (DJ):    0.000ns
    Phase Error              (PE):    0.000ns
  Clock Net Delay (Source):      0.987ns (routing 0.001ns, distribution 0.986ns)

    Location             Delay type                Incr(ns)  Path(ns)    Netlist Resource(s)
  -------------------------------------------------------------------    -------------------
                         (clock clk rise edge)        0.000     0.000 r  
    L7                                                0.000     0.000 r  clk (IN)
                         net (fo=0)                   0.000     0.000    clk_IBUF_inst/I
    L7                   INBUF (Prop_INBUF_HPIOB_M_PAD_O)
                                                      0.497     0.497 r  clk_IBUF_inst/INBUF_INST/O
                         net (fo=1, routed)           0.000     0.497    clk_IBUF_inst/OUT
    L7                   IBUFCTRL (Prop_IBUFCTRL_HPIOB_M_I_O)
                                                      0.000     0.497 r  clk_IBUF_inst/IBUFCTRL_INST/O
                         net (fo=1, routed)           0.460     0.957    clk_IBUF
    BUFGCE_X0Y57         BUFGCE (Prop_BUFCE_BUFGCE_I_O)
                                                      0.044     1.001 r  clk_IBUF_BUFG_inst/O
    X1Y2 (CLOCK_ROOT)    net (fo=53, routed)          0.987     1.988    fsm_inst/CLK
    SLICE_X27Y177        FDRE                                         r  fsm_inst/r_result_reg[0][1]/C
  -------------------------------------------------------------------    -------------------
    SLICE_X27Y177        FDRE (Prop_DFF2_SLICEL_C_Q)
                                                      0.115     2.103 r  fsm_inst/r_result_reg[0][1]/Q
                         net (fo=1, routed)           1.534     3.637    o_result_OBUF[1]
    C2                   OBUF (Prop_OUTBUF_HPIOB_S_I_O)
                                                      0.915     4.552 r  o_result_OBUF[1]_inst/O
                         net (fo=0)                   0.000     4.552    o_result[1]
    C2                                                                r  o_result[1] (OUT)
  -------------------------------------------------------------------    -------------------

Slack:                    inf
  Source:                 fsm_inst/r_guess_count_reg[0]/C
                            (rising edge-triggered cell FDRE clocked by clk  {rise@0.000ns fall@5.000ns period=10.000ns})
  Destination:            o_guess_count[0]
                            (output port)
  Path Group:             (none)
  Path Type:              Max at Slow Process Corner
  Data Path Delay:        2.538ns  (logic 1.047ns (41.258%)  route 1.491ns (58.742%))
  Logic Levels:           1  (OBUF=1)
  Clock Uncertainty:      0.025ns  ((TSJ^2 + TIJ^2)^1/2 + DJ) / 2 + PE
    Total System Jitter     (TSJ):    0.050ns
    Total Input Jitter      (TIJ):    0.000ns
    Discrete Jitter          (DJ):    0.000ns
    Phase Error              (PE):    0.000ns
  Clock Net Delay (Source):      1.000ns (routing 0.001ns, distribution 0.999ns)

    Location             Delay type                Incr(ns)  Path(ns)    Netlist Resource(s)
  -------------------------------------------------------------------    -------------------
                         (clock clk rise edge)        0.000     0.000 r  
    L7                                                0.000     0.000 r  clk (IN)
                         net (fo=0)                   0.000     0.000    clk_IBUF_inst/I
    L7                   INBUF (Prop_INBUF_HPIOB_M_PAD_O)
                                                      0.497     0.497 r  clk_IBUF_inst/INBUF_INST/O
                         net (fo=1, routed)           0.000     0.497    clk_IBUF_inst/OUT
    L7                   IBUFCTRL (Prop_IBUFCTRL_HPIOB_M_I_O)
                                                      0.000     0.497 r  clk_IBUF_inst/IBUFCTRL_INST/O
                         net (fo=1, routed)           0.460     0.957    clk_IBUF
    BUFGCE_X0Y57         BUFGCE (Prop_BUFCE_BUFGCE_I_O)
                                                      0.044     1.001 r  clk_IBUF_BUFG_inst/O
    X1Y2 (CLOCK_ROOT)    net (fo=53, routed)          1.000     2.001    fsm_inst/CLK
    SLICE_X25Y178        FDRE                                         r  fsm_inst/r_guess_count_reg[0]/C
  -------------------------------------------------------------------    -------------------
    SLICE_X25Y178        FDRE (Prop_BFF2_SLICEM_C_Q)
                                                      0.115     2.116 r  fsm_inst/r_guess_count_reg[0]/Q
                         net (fo=7, routed)           1.491     3.607    o_guess_count_OBUF[0]
    A2                   OBUF (Prop_OUTBUF_HPIOB_M_I_O)
                                                      0.932     4.539 r  o_guess_count_OBUF[0]_inst/O
                         net (fo=0)                   0.000     4.539    o_guess_count[0]
    A2                                                                r  o_guess_count[0] (OUT)
  -------------------------------------------------------------------    -------------------

Slack:                    inf
  Source:                 fsm_inst/r_guess_count_reg[1]/C
                            (rising edge-triggered cell FDRE clocked by clk  {rise@0.000ns fall@5.000ns period=10.000ns})
  Destination:            o_guess_count[1]
                            (output port)
  Path Group:             (none)
  Path Type:              Max at Slow Process Corner
  Data Path Delay:        2.535ns  (logic 1.044ns (41.198%)  route 1.490ns (58.802%))
  Logic Levels:           1  (OBUF=1)
  Clock Uncertainty:      0.025ns  ((TSJ^2 + TIJ^2)^1/2 + DJ) / 2 + PE
    Total System Jitter     (TSJ):    0.050ns
    Total Input Jitter      (TIJ):    0.000ns
    Discrete Jitter          (DJ):    0.000ns
    Phase Error              (PE):    0.000ns
  Clock Net Delay (Source):      1.000ns (routing 0.001ns, distribution 0.999ns)

    Location             Delay type                Incr(ns)  Path(ns)    Netlist Resource(s)
  -------------------------------------------------------------------    -------------------
                         (clock clk rise edge)        0.000     0.000 r  
    L7                                                0.000     0.000 r  clk (IN)
                         net (fo=0)                   0.000     0.000    clk_IBUF_inst/I
    L7                   INBUF (Prop_INBUF_HPIOB_M_PAD_O)
                                                      0.497     0.497 r  clk_IBUF_inst/INBUF_INST/O
                         net (fo=1, routed)           0.000     0.497    clk_IBUF_inst/OUT
    L7                   IBUFCTRL (Prop_IBUFCTRL_HPIOB_M_I_O)
                                                      0.000     0.497 r  clk_IBUF_inst/IBUFCTRL_INST/O
                         net (fo=1, routed)           0.460     0.957    clk_IBUF
    BUFGCE_X0Y57         BUFGCE (Prop_BUFCE_BUFGCE_I_O)
                                                      0.044     1.001 r  clk_IBUF_BUFG_inst/O
    X1Y2 (CLOCK_ROOT)    net (fo=53, routed)          1.000     2.001    fsm_inst/CLK
    SLICE_X25Y178        FDRE                                         r  fsm_inst/r_guess_count_reg[1]/C
  -------------------------------------------------------------------    -------------------
    SLICE_X25Y178        FDRE (Prop_DFF_SLICEM_C_Q)
                                                      0.116     2.117 r  fsm_inst/r_guess_count_reg[1]/Q
                         net (fo=6, routed)           1.490     3.608    o_guess_count_OBUF[1]
    A1                   OBUF (Prop_OUTBUF_HPIOB_S_I_O)
                                                      0.928     4.536 r  o_guess_count_OBUF[1]_inst/O
                         net (fo=0)                   0.000     4.536    o_guess_count[1]
    A1                                                                r  o_guess_count[1] (OUT)
  -------------------------------------------------------------------    -------------------

Slack:                    inf
  Source:                 fsm_inst/r_result_reg[3][1]/C
                            (rising edge-triggered cell FDRE clocked by clk  {rise@0.000ns fall@5.000ns period=10.000ns})
  Destination:            o_result[7]
                            (output port)
  Path Group:             (none)
  Path Type:              Max at Slow Process Corner
  Data Path Delay:        2.456ns  (logic 1.034ns (42.090%)  route 1.422ns (57.910%))
  Logic Levels:           1  (OBUF=1)
  Clock Uncertainty:      0.025ns  ((TSJ^2 + TIJ^2)^1/2 + DJ) / 2 + PE
    Total System Jitter     (TSJ):    0.050ns
    Total Input Jitter      (TIJ):    0.000ns
    Discrete Jitter          (DJ):    0.000ns
    Phase Error              (PE):    0.000ns
  Clock Net Delay (Source):      1.001ns (routing 0.001ns, distribution 1.000ns)

    Location             Delay type                Incr(ns)  Path(ns)    Netlist Resource(s)
  -------------------------------------------------------------------    -------------------
                         (clock clk rise edge)        0.000     0.000 r  
    L7                                                0.000     0.000 r  clk (IN)
                         net (fo=0)                   0.000     0.000    clk_IBUF_inst/I
    L7                   INBUF (Prop_INBUF_HPIOB_M_PAD_O)
                                                      0.497     0.497 r  clk_IBUF_inst/INBUF_INST/O
                         net (fo=1, routed)           0.000     0.497    clk_IBUF_inst/OUT
    L7                   IBUFCTRL (Prop_IBUFCTRL_HPIOB_M_I_O)
                                                      0.000     0.497 r  clk_IBUF_inst/IBUFCTRL_INST/O
                         net (fo=1, routed)           0.460     0.957    clk_IBUF
    BUFGCE_X0Y57         BUFGCE (Prop_BUFCE_BUFGCE_I_O)
                                                      0.044     1.001 r  clk_IBUF_BUFG_inst/O
    X1Y2 (CLOCK_ROOT)    net (fo=53, routed)          1.001     2.002    fsm_inst/CLK
    SLICE_X27Y175        FDRE                                         r  fsm_inst/r_result_reg[3][1]/C
  -------------------------------------------------------------------    -------------------
    SLICE_X27Y175        FDRE (Prop_DFF_SLICEL_C_Q)
                                                      0.114     2.116 r  fsm_inst/r_result_reg[3][1]/Q
                         net (fo=1, routed)           1.422     3.538    o_result_OBUF[7]
    A3                   OBUF (Prop_OUTBUF_HPIOB_S_I_O)
                                                      0.920     4.458 r  o_result_OBUF[7]_inst/O
                         net (fo=0)                   0.000     4.458    o_result[7]
    A3                                                                r  o_result[7] (OUT)
  -------------------------------------------------------------------    -------------------

Slack:                    inf
  Source:                 fsm_inst/r_result_reg[0][0]/C
                            (rising edge-triggered cell FDRE clocked by clk  {rise@0.000ns fall@5.000ns period=10.000ns})
  Destination:            o_result[0]
                            (output port)
  Path Group:             (none)
  Path Type:              Max at Slow Process Corner
  Data Path Delay:        2.429ns  (logic 1.027ns (42.271%)  route 1.402ns (57.729%))
  Logic Levels:           1  (OBUF=1)
  Clock Uncertainty:      0.025ns  ((TSJ^2 + TIJ^2)^1/2 + DJ) / 2 + PE
    Total System Jitter     (TSJ):    0.050ns
    Total Input Jitter      (TIJ):    0.000ns
    Discrete Jitter          (DJ):    0.000ns
    Phase Error              (PE):    0.000ns
  Clock Net Delay (Source):      0.998ns (routing 0.001ns, distribution 0.997ns)

    Location             Delay type                Incr(ns)  Path(ns)    Netlist Resource(s)
  -------------------------------------------------------------------    -------------------
                         (clock clk rise edge)        0.000     0.000 r  
    L7                                                0.000     0.000 r  clk (IN)
                         net (fo=0)                   0.000     0.000    clk_IBUF_inst/I
    L7                   INBUF (Prop_INBUF_HPIOB_M_PAD_O)
                                                      0.497     0.497 r  clk_IBUF_inst/INBUF_INST/O
                         net (fo=1, routed)           0.000     0.497    clk_IBUF_inst/OUT
    L7                   IBUFCTRL (Prop_IBUFCTRL_HPIOB_M_I_O)
                                                      0.000     0.497 r  clk_IBUF_inst/IBUFCTRL_INST/O
                         net (fo=1, routed)           0.460     0.957    clk_IBUF
    BUFGCE_X0Y57         BUFGCE (Prop_BUFCE_BUFGCE_I_O)
                                                      0.044     1.001 r  clk_IBUF_BUFG_inst/O
    X1Y2 (CLOCK_ROOT)    net (fo=53, routed)          0.998     1.999    fsm_inst/CLK
    SLICE_X25Y178        FDRE                                         r  fsm_inst/r_result_reg[0][0]/C
  -------------------------------------------------------------------    -------------------
    SLICE_X25Y178        FDRE (Prop_FFF_SLICEM_C_Q)
                                                      0.112     2.111 r  fsm_inst/r_result_reg[0][0]/Q
                         net (fo=1, routed)           1.402     3.513    o_result_OBUF[0]
    C3                   OBUF (Prop_OUTBUF_HPIOB_M_I_O)
                                                      0.915     4.428 r  o_result_OBUF[0]_inst/O
                         net (fo=0)                   0.000     4.428    o_result[0]
    C3                                                                r  o_result[0] (OUT)
  -------------------------------------------------------------------    -------------------





Min Delay Paths
--------------------------------------------------------------------------------------
Slack:                    inf
  Source:                 fsm_inst/r_result_reg[0][0]/C
                            (rising edge-triggered cell FDRE clocked by clk  {rise@0.000ns fall@5.000ns period=10.000ns})
  Destination:            o_result[0]
                            (output port)
  Path Group:             (none)
  Path Type:              Min at Fast Process Corner
  Data Path Delay:        1.047ns  (logic 0.488ns (46.630%)  route 0.559ns (53.370%))
  Logic Levels:           1  (OBUF=1)
  Clock Uncertainty:      0.025ns  ((TSJ^2 + TIJ^2)^1/2 + DJ) / 2 + PE
    Total System Jitter     (TSJ):    0.050ns
    Total Input Jitter      (TIJ):    0.000ns
    Discrete Jitter          (DJ):    0.000ns
    Phase Error              (PE):    0.000ns
  Clock Net Delay (Source):      0.534ns (routing 0.001ns, distribution 0.533ns)

    Location             Delay type                Incr(ns)  Path(ns)    Netlist Resource(s)
  -------------------------------------------------------------------    -------------------
                         (clock clk rise edge)        0.000     0.000 r  
    L7                                                0.000     0.000 r  clk (IN)
                         net (fo=0)                   0.000     0.000    clk_IBUF_inst/I
    L7                   INBUF (Prop_INBUF_HPIOB_M_PAD_O)
                                                      0.132     0.132 r  clk_IBUF_inst/INBUF_INST/O
                         net (fo=1, routed)           0.000     0.132    clk_IBUF_inst/OUT
    L7                   IBUFCTRL (Prop_IBUFCTRL_HPIOB_M_I_O)
                                                      0.000     0.132 r  clk_IBUF_inst/IBUFCTRL_INST/O
                         net (fo=1, routed)           0.226     0.358    clk_IBUF
    BUFGCE_X0Y57         BUFGCE (Prop_BUFCE_BUFGCE_I_O)
                                                      0.023     0.381 r  clk_IBUF_BUFG_inst/O
    X1Y2 (CLOCK_ROOT)    net (fo=53, routed)          0.534     0.915    fsm_inst/CLK
    SLICE_X25Y178        FDRE                                         r  fsm_inst/r_result_reg[0][0]/C
  -------------------------------------------------------------------    -------------------
    SLICE_X25Y178        FDRE (Prop_FFF_SLICEM_C_Q)
                                                      0.082     0.997 r  fsm_inst/r_result_reg[0][0]/Q
                         net (fo=1, routed)           0.559     1.556    o_result_OBUF[0]
    C3                   OBUF (Prop_OUTBUF_HPIOB_M_I_O)
                                                      0.406     1.962 r  o_result_OBUF[0]_inst/O
                         net (fo=0)                   0.000     1.962    o_result[0]
    C3                                                                r  o_result[0] (OUT)
  -------------------------------------------------------------------    -------------------

Slack:                    inf
  Source:                 fsm_inst/r_result_reg[3][0]/C
                            (rising edge-triggered cell FDRE clocked by clk  {rise@0.000ns fall@5.000ns period=10.000ns})
  Destination:            o_result[6]
                            (output port)
  Path Group:             (none)
  Path Type:              Min at Fast Process Corner
  Data Path Delay:        1.053ns  (logic 0.492ns (46.742%)  route 0.561ns (53.258%))
  Logic Levels:           1  (OBUF=1)
  Clock Uncertainty:      0.025ns  ((TSJ^2 + TIJ^2)^1/2 + DJ) / 2 + PE
    Total System Jitter     (TSJ):    0.050ns
    Total Input Jitter      (TIJ):    0.000ns
    Discrete Jitter          (DJ):    0.000ns
    Phase Error              (PE):    0.000ns
  Clock Net Delay (Source):      0.534ns (routing 0.001ns, distribution 0.533ns)

    Location             Delay type                Incr(ns)  Path(ns)    Netlist Resource(s)
  -------------------------------------------------------------------    -------------------
                         (clock clk rise edge)        0.000     0.000 r  
    L7                                                0.000     0.000 r  clk (IN)
                         net (fo=0)                   0.000     0.000    clk_IBUF_inst/I
    L7                   INBUF (Prop_INBUF_HPIOB_M_PAD_O)
                                                      0.132     0.132 r  clk_IBUF_inst/INBUF_INST/O
                         net (fo=1, routed)           0.000     0.132    clk_IBUF_inst/OUT
    L7                   IBUFCTRL (Prop_IBUFCTRL_HPIOB_M_I_O)
                                                      0.000     0.132 r  clk_IBUF_inst/IBUFCTRL_INST/O
                         net (fo=1, routed)           0.226     0.358    clk_IBUF
    BUFGCE_X0Y57         BUFGCE (Prop_BUFCE_BUFGCE_I_O)
                                                      0.023     0.381 r  clk_IBUF_BUFG_inst/O
    X1Y2 (CLOCK_ROOT)    net (fo=53, routed)          0.534     0.915    fsm_inst/CLK
    SLICE_X25Y178        FDRE                                         r  fsm_inst/r_result_reg[3][0]/C
  -------------------------------------------------------------------    -------------------
    SLICE_X25Y178        FDRE (Prop_GFF2_SLICEM_C_Q)
                                                      0.084     0.999 r  fsm_inst/r_result_reg[3][0]/Q
                         net (fo=1, routed)           0.561     1.560    o_result_OBUF[6]
    B3                   OBUF (Prop_OUTBUF_HPIOB_M_I_O)
                                                      0.408     1.968 r  o_result_OBUF[6]_inst/O
                         net (fo=0)                   0.000     1.968    o_result[6]
    B3                                                                r  o_result[6] (OUT)
  -------------------------------------------------------------------    -------------------

Slack:                    inf
  Source:                 fsm_inst/r_result_reg[1][0]/C
                            (rising edge-triggered cell FDRE clocked by clk  {rise@0.000ns fall@5.000ns period=10.000ns})
  Destination:            o_result[2]
                            (output port)
  Path Group:             (none)
  Path Type:              Min at Fast Process Corner
  Data Path Delay:        1.056ns  (logic 0.483ns (45.723%)  route 0.573ns (54.277%))
  Logic Levels:           1  (OBUF=1)
  Clock Uncertainty:      0.025ns  ((TSJ^2 + TIJ^2)^1/2 + DJ) / 2 + PE
    Total System Jitter     (TSJ):    0.050ns
    Total Input Jitter      (TIJ):    0.000ns
    Discrete Jitter          (DJ):    0.000ns
    Phase Error              (PE):    0.000ns
  Clock Net Delay (Source):      0.534ns (routing 0.001ns, distribution 0.533ns)

    Location             Delay type                Incr(ns)  Path(ns)    Netlist Resource(s)
  -------------------------------------------------------------------    -------------------
                         (clock clk rise edge)        0.000     0.000 r  
    L7                                                0.000     0.000 r  clk (IN)
                         net (fo=0)                   0.000     0.000    clk_IBUF_inst/I
    L7                   INBUF (Prop_INBUF_HPIOB_M_PAD_O)
                                                      0.132     0.132 r  clk_IBUF_inst/INBUF_INST/O
                         net (fo=1, routed)           0.000     0.132    clk_IBUF_inst/OUT
    L7                   IBUFCTRL (Prop_IBUFCTRL_HPIOB_M_I_O)
                                                      0.000     0.132 r  clk_IBUF_inst/IBUFCTRL_INST/O
                         net (fo=1, routed)           0.226     0.358    clk_IBUF
    BUFGCE_X0Y57         BUFGCE (Prop_BUFCE_BUFGCE_I_O)
                                                      0.023     0.381 r  clk_IBUF_BUFG_inst/O
    X1Y2 (CLOCK_ROOT)    net (fo=53, routed)          0.534     0.915    fsm_inst/CLK
    SLICE_X25Y178        FDRE                                         r  fsm_inst/r_result_reg[1][0]/C
  -------------------------------------------------------------------    -------------------
    SLICE_X25Y178        FDRE (Prop_FFF2_SLICEM_C_Q)
                                                      0.084     0.999 r  fsm_inst/r_result_reg[1][0]/Q
                         net (fo=1, routed)           0.573     1.572    o_result_OBUF[2]
    D4                   OBUF (Prop_OUTBUF_HPIOB_M_I_O)
                                                      0.399     1.971 r  o_result_OBUF[2]_inst/O
                         net (fo=0)                   0.000     1.971    o_result[2]
    D4                                                                r  o_result[2] (OUT)
  -------------------------------------------------------------------    -------------------

Slack:                    inf
  Source:                 fsm_inst/r_guess_count_reg[2]/C
                            (rising edge-triggered cell FDRE clocked by clk  {rise@0.000ns fall@5.000ns period=10.000ns})
  Destination:            o_guess_count[2]
                            (output port)
  Path Group:             (none)
  Path Type:              Min at Fast Process Corner
  Data Path Delay:        1.057ns  (logic 0.498ns (47.079%)  route 0.560ns (52.921%))
  Logic Levels:           1  (OBUF=1)
  Clock Uncertainty:      0.025ns  ((TSJ^2 + TIJ^2)^1/2 + DJ) / 2 + PE
    Total System Jitter     (TSJ):    0.050ns
    Total Input Jitter      (TIJ):    0.000ns
    Discrete Jitter          (DJ):    0.000ns
    Phase Error              (PE):    0.000ns
  Clock Net Delay (Source):      0.535ns (routing 0.001ns, distribution 0.534ns)

    Location             Delay type                Incr(ns)  Path(ns)    Netlist Resource(s)
  -------------------------------------------------------------------    -------------------
                         (clock clk rise edge)        0.000     0.000 r  
    L7                                                0.000     0.000 r  clk (IN)
                         net (fo=0)                   0.000     0.000    clk_IBUF_inst/I
    L7                   INBUF (Prop_INBUF_HPIOB_M_PAD_O)
                                                      0.132     0.132 r  clk_IBUF_inst/INBUF_INST/O
                         net (fo=1, routed)           0.000     0.132    clk_IBUF_inst/OUT
    L7                   IBUFCTRL (Prop_IBUFCTRL_HPIOB_M_I_O)
                                                      0.000     0.132 r  clk_IBUF_inst/IBUFCTRL_INST/O
                         net (fo=1, routed)           0.226     0.358    clk_IBUF
    BUFGCE_X0Y57         BUFGCE (Prop_BUFCE_BUFGCE_I_O)
                                                      0.023     0.381 r  clk_IBUF_BUFG_inst/O
    X1Y2 (CLOCK_ROOT)    net (fo=53, routed)          0.535     0.916    fsm_inst/CLK
    SLICE_X25Y178        FDRE                                         r  fsm_inst/r_guess_count_reg[2]/C
  -------------------------------------------------------------------    -------------------
    SLICE_X25Y178        FDRE (Prop_DFF2_SLICEM_C_Q)
                                                      0.086     1.002 r  fsm_inst/r_guess_count_reg[2]/Q
                         net (fo=5, routed)           0.560     1.562    o_guess_count_OBUF[2]
    C1                   OBUF (Prop_OUTBUF_HPIOB_M_I_O)
                                                      0.412     1.973 r  o_guess_count_OBUF[2]_inst/O
                         net (fo=0)                   0.000     1.973    o_guess_count[2]
    C1                                                                r  o_guess_count[2] (OUT)
  -------------------------------------------------------------------    -------------------

Slack:                    inf
  Source:                 fsm_inst/r_guess_count_reg[3]/C
                            (rising edge-triggered cell FDRE clocked by clk  {rise@0.000ns fall@5.000ns period=10.000ns})
  Destination:            o_guess_count[3]
                            (output port)
  Path Group:             (none)
  Path Type:              Min at Fast Process Corner
  Data Path Delay:        1.059ns  (logic 0.497ns (46.927%)  route 0.562ns (53.073%))
  Logic Levels:           1  (OBUF=1)
  Clock Uncertainty:      0.025ns  ((TSJ^2 + TIJ^2)^1/2 + DJ) / 2 + PE
    Total System Jitter     (TSJ):    0.050ns
    Total Input Jitter      (TIJ):    0.000ns
    Discrete Jitter          (DJ):    0.000ns
    Phase Error              (PE):    0.000ns
  Clock Net Delay (Source):      0.534ns (routing 0.001ns, distribution 0.533ns)

    Location             Delay type                Incr(ns)  Path(ns)    Netlist Resource(s)
  -------------------------------------------------------------------    -------------------
                         (clock clk rise edge)        0.000     0.000 r  
    L7                                                0.000     0.000 r  clk (IN)
                         net (fo=0)                   0.000     0.000    clk_IBUF_inst/I
    L7                   INBUF (Prop_INBUF_HPIOB_M_PAD_O)
                                                      0.132     0.132 r  clk_IBUF_inst/INBUF_INST/O
                         net (fo=1, routed)           0.000     0.132    clk_IBUF_inst/OUT
    L7                   IBUFCTRL (Prop_IBUFCTRL_HPIOB_M_I_O)
                                                      0.000     0.132 r  clk_IBUF_inst/IBUFCTRL_INST/O
                         net (fo=1, routed)           0.226     0.358    clk_IBUF
    BUFGCE_X0Y57         BUFGCE (Prop_BUFCE_BUFGCE_I_O)
                                                      0.023     0.381 r  clk_IBUF_BUFG_inst/O
    X1Y2 (CLOCK_ROOT)    net (fo=53, routed)          0.534     0.915    fsm_inst/CLK
    SLICE_X25Y178        FDRE                                         r  fsm_inst/r_guess_count_reg[3]/C
  -------------------------------------------------------------------    -------------------
    SLICE_X25Y178        FDRE (Prop_EFF2_SLICEM_C_Q)
                                                      0.084     0.999 r  fsm_inst/r_guess_count_reg[3]/Q
                         net (fo=4, routed)           0.562     1.561    o_guess_count_OBUF[3]
    B1                   OBUF (Prop_OUTBUF_HPIOB_S_I_O)
                                                      0.413     1.974 r  o_guess_count_OBUF[3]_inst/O
                         net (fo=0)                   0.000     1.974    o_guess_count[3]
    B1                                                                r  o_guess_count[3] (OUT)
  -------------------------------------------------------------------    -------------------

Slack:                    inf
  Source:                 fsm_inst/r_result_reg[2][0]/C
                            (rising edge-triggered cell FDRE clocked by clk  {rise@0.000ns fall@5.000ns period=10.000ns})
  Destination:            o_result[4]
                            (output port)
  Path Group:             (none)
  Path Type:              Min at Fast Process Corner
  Data Path Delay:        1.083ns  (logic 0.509ns (47.000%)  route 0.574ns (53.000%))
  Logic Levels:           1  (OBUF=1)
  Clock Uncertainty:      0.025ns  ((TSJ^2 + TIJ^2)^1/2 + DJ) / 2 + PE
    Total System Jitter     (TSJ):    0.050ns
    Total Input Jitter      (TIJ):    0.000ns
    Discrete Jitter          (DJ):    0.000ns
    Phase Error              (PE):    0.000ns
  Clock Net Delay (Source):      0.534ns (routing 0.001ns, distribution 0.533ns)

    Location             Delay type                Incr(ns)  Path(ns)    Netlist Resource(s)
  -------------------------------------------------------------------    -------------------
                         (clock clk rise edge)        0.000     0.000 r  
    L7                                                0.000     0.000 r  clk (IN)
                         net (fo=0)                   0.000     0.000    clk_IBUF_inst/I
    L7                   INBUF (Prop_INBUF_HPIOB_M_PAD_O)
                                                      0.132     0.132 r  clk_IBUF_inst/INBUF_INST/O
                         net (fo=1, routed)           0.000     0.132    clk_IBUF_inst/OUT
    L7                   IBUFCTRL (Prop_IBUFCTRL_HPIOB_M_I_O)
                                                      0.000     0.132 r  clk_IBUF_inst/IBUFCTRL_INST/O
                         net (fo=1, routed)           0.226     0.358    clk_IBUF
    BUFGCE_X0Y57         BUFGCE (Prop_BUFCE_BUFGCE_I_O)
                                                      0.023     0.381 r  clk_IBUF_BUFG_inst/O
    X1Y2 (CLOCK_ROOT)    net (fo=53, routed)          0.534     0.915    fsm_inst/CLK
    SLICE_X25Y178        FDRE                                         r  fsm_inst/r_result_reg[2][0]/C
  -------------------------------------------------------------------    -------------------
    SLICE_X25Y178        FDRE (Prop_GFF_SLICEM_C_Q)
                                                      0.083     0.998 r  fsm_inst/r_result_reg[2][0]/Q
                         net (fo=1, routed)           0.574     1.572    o_result_OBUF[4]
    B4                   OBUF (Prop_OUTBUF_HPIOB_M_I_O)
                                                      0.426     1.998 r  o_result_OBUF[4]_inst/O
                         net (fo=0)                   0.000     1.998    o_result[4]
    B4                                                                r  o_result[4] (OUT)
  -------------------------------------------------------------------    -------------------

Slack:                    inf
  Source:                 fsm_inst/r_guess_count_reg[1]/C
                            (rising edge-triggered cell FDRE clocked by clk  {rise@0.000ns fall@5.000ns period=10.000ns})
  Destination:            o_guess_count[1]
                            (output port)
  Path Group:             (none)
  Path Type:              Min at Fast Process Corner
  Data Path Delay:        1.091ns  (logic 0.503ns (46.094%)  route 0.588ns (53.906%))
  Logic Levels:           1  (OBUF=1)
  Clock Uncertainty:      0.025ns  ((TSJ^2 + TIJ^2)^1/2 + DJ) / 2 + PE
    Total System Jitter     (TSJ):    0.050ns
    Total Input Jitter      (TIJ):    0.000ns
    Discrete Jitter          (DJ):    0.000ns
    Phase Error              (PE):    0.000ns
  Clock Net Delay (Source):      0.535ns (routing 0.001ns, distribution 0.534ns)

    Location             Delay type                Incr(ns)  Path(ns)    Netlist Resource(s)
  -------------------------------------------------------------------    -------------------
                         (clock clk rise edge)        0.000     0.000 r  
    L7                                                0.000     0.000 r  clk (IN)
                         net (fo=0)                   0.000     0.000    clk_IBUF_inst/I
    L7                   INBUF (Prop_INBUF_HPIOB_M_PAD_O)
                                                      0.132     0.132 r  clk_IBUF_inst/INBUF_INST/O
                         net (fo=1, routed)           0.000     0.132    clk_IBUF_inst/OUT
    L7                   IBUFCTRL (Prop_IBUFCTRL_HPIOB_M_I_O)
                                                      0.000     0.132 r  clk_IBUF_inst/IBUFCTRL_INST/O
                         net (fo=1, routed)           0.226     0.358    clk_IBUF
    BUFGCE_X0Y57         BUFGCE (Prop_BUFCE_BUFGCE_I_O)
                                                      0.023     0.381 r  clk_IBUF_BUFG_inst/O
    X1Y2 (CLOCK_ROOT)    net (fo=53, routed)          0.535     0.916    fsm_inst/CLK
    SLICE_X25Y178        FDRE                                         r  fsm_inst/r_guess_count_reg[1]/C
  -------------------------------------------------------------------    -------------------
    SLICE_X25Y178        FDRE (Prop_DFF_SLICEM_C_Q)
                                                      0.083     0.999 r  fsm_inst/r_guess_count_reg[1]/Q
                         net (fo=6, routed)           0.588     1.587    o_guess_count_OBUF[1]
    A1                   OBUF (Prop_OUTBUF_HPIOB_S_I_O)
                                                      0.420     2.007 r  o_guess_count_OBUF[1]_inst/O
                         net (fo=0)                   0.000     2.007    o_guess_count[1]
    A1                                                                r  o_guess_count[1] (OUT)
  -------------------------------------------------------------------    -------------------

Slack:                    inf
  Source:                 fsm_inst/r_result_reg[0][1]/C
                            (rising edge-triggered cell FDRE clocked by clk  {rise@0.000ns fall@5.000ns period=10.000ns})
  Destination:            o_result[1]
                            (output port)
  Path Group:             (none)
  Path Type:              Min at Fast Process Corner
  Data Path Delay:        1.096ns  (logic 0.493ns (44.963%)  route 0.603ns (55.037%))
  Logic Levels:           1  (OBUF=1)
  Clock Uncertainty:      0.025ns  ((TSJ^2 + TIJ^2)^1/2 + DJ) / 2 + PE
    Total System Jitter     (TSJ):    0.050ns
    Total Input Jitter      (TIJ):    0.000ns
    Discrete Jitter          (DJ):    0.000ns
    Phase Error              (PE):    0.000ns
  Clock Net Delay (Source):      0.534ns (routing 0.001ns, distribution 0.533ns)

    Location             Delay type                Incr(ns)  Path(ns)    Netlist Resource(s)
  -------------------------------------------------------------------    -------------------
                         (clock clk rise edge)        0.000     0.000 r  
    L7                                                0.000     0.000 r  clk (IN)
                         net (fo=0)                   0.000     0.000    clk_IBUF_inst/I
    L7                   INBUF (Prop_INBUF_HPIOB_M_PAD_O)
                                                      0.132     0.132 r  clk_IBUF_inst/INBUF_INST/O
                         net (fo=1, routed)           0.000     0.132    clk_IBUF_inst/OUT
    L7                   IBUFCTRL (Prop_IBUFCTRL_HPIOB_M_I_O)
                                                      0.000     0.132 r  clk_IBUF_inst/IBUFCTRL_INST/O
                         net (fo=1, routed)           0.226     0.358    clk_IBUF
    BUFGCE_X0Y57         BUFGCE (Prop_BUFCE_BUFGCE_I_O)
                                                      0.023     0.381 r  clk_IBUF_BUFG_inst/O
    X1Y2 (CLOCK_ROOT)    net (fo=53, routed)          0.534     0.915    fsm_inst/CLK
    SLICE_X27Y177        FDRE                                         r  fsm_inst/r_result_reg[0][1]/C
  -------------------------------------------------------------------    -------------------
    SLICE_X27Y177        FDRE (Prop_DFF2_SLICEL_C_Q)
                                                      0.086     1.001 r  fsm_inst/r_result_reg[0][1]/Q
                         net (fo=1, routed)           0.603     1.604    o_result_OBUF[1]
    C2                   OBUF (Prop_OUTBUF_HPIOB_S_I_O)
                                                      0.407     2.011 r  o_result_OBUF[1]_inst/O
                         net (fo=0)                   0.000     2.011    o_result[1]
    C2                                                                r  o_result[1] (OUT)
  -------------------------------------------------------------------    -------------------

Slack:                    inf
  Source:                 fsm_inst/r_guess_count_reg[0]/C
                            (rising edge-triggered cell FDRE clocked by clk  {rise@0.000ns fall@5.000ns period=10.000ns})
  Destination:            o_guess_count[0]
                            (output port)
  Path Group:             (none)
  Path Type:              Min at Fast Process Corner
  Data Path Delay:        1.105ns  (logic 0.509ns (46.026%)  route 0.597ns (53.974%))
  Logic Levels:           1  (OBUF=1)
  Clock Uncertainty:      0.025ns  ((TSJ^2 + TIJ^2)^1/2 + DJ) / 2 + PE
    Total System Jitter     (TSJ):    0.050ns
    Total Input Jitter      (TIJ):    0.000ns
    Discrete Jitter          (DJ):    0.000ns
    Phase Error              (PE):    0.000ns
  Clock Net Delay (Source):      0.535ns (routing 0.001ns, distribution 0.534ns)

    Location             Delay type                Incr(ns)  Path(ns)    Netlist Resource(s)
  -------------------------------------------------------------------    -------------------
                         (clock clk rise edge)        0.000     0.000 r  
    L7                                                0.000     0.000 r  clk (IN)
                         net (fo=0)                   0.000     0.000    clk_IBUF_inst/I
    L7                   INBUF (Prop_INBUF_HPIOB_M_PAD_O)
                                                      0.132     0.132 r  clk_IBUF_inst/INBUF_INST/O
                         net (fo=1, routed)           0.000     0.132    clk_IBUF_inst/OUT
    L7                   IBUFCTRL (Prop_IBUFCTRL_HPIOB_M_I_O)
                                                      0.000     0.132 r  clk_IBUF_inst/IBUFCTRL_INST/O
                         net (fo=1, routed)           0.226     0.358    clk_IBUF
    BUFGCE_X0Y57         BUFGCE (Prop_BUFCE_BUFGCE_I_O)
                                                      0.023     0.381 r  clk_IBUF_BUFG_inst/O
    X1Y2 (CLOCK_ROOT)    net (fo=53, routed)          0.535     0.916    fsm_inst/CLK
    SLICE_X25Y178        FDRE                                         r  fsm_inst/r_guess_count_reg[0]/C
  -------------------------------------------------------------------    -------------------
    SLICE_X25Y178        FDRE (Prop_BFF2_SLICEM_C_Q)
                                                      0.085     1.001 r  fsm_inst/r_guess_count_reg[0]/Q
                         net (fo=7, routed)           0.597     1.598    o_guess_count_OBUF[0]
    A2                   OBUF (Prop_OUTBUF_HPIOB_M_I_O)
                                                      0.424     2.021 r  o_guess_count_OBUF[0]_inst/O
                         net (fo=0)                   0.000     2.021    o_guess_count[0]
    A2                                                                r  o_guess_count[0] (OUT)
  -------------------------------------------------------------------    -------------------

Slack:                    inf
  Source:                 fsm_inst/r_result_reg[3][1]/C
                            (rising edge-triggered cell FDRE clocked by clk  {rise@0.000ns fall@5.000ns period=10.000ns})
  Destination:            o_result[7]
                            (output port)
  Path Group:             (none)
  Path Type:              Min at Fast Process Corner
  Data Path Delay:        1.104ns  (logic 0.495ns (44.851%)  route 0.609ns (55.149%))
  Logic Levels:           1  (OBUF=1)
  Clock Uncertainty:      0.025ns  ((TSJ^2 + TIJ^2)^1/2 + DJ) / 2 + PE
    Total System Jitter     (TSJ):    0.050ns
    Total Input Jitter      (TIJ):    0.000ns
    Discrete Jitter          (DJ):    0.000ns
    Phase Error              (PE):    0.000ns
  Clock Net Delay (Source):      0.539ns (routing 0.001ns, distribution 0.538ns)

    Location             Delay type                Incr(ns)  Path(ns)    Netlist Resource(s)
  -------------------------------------------------------------------    -------------------
                         (clock clk rise edge)        0.000     0.000 r  
    L7                                                0.000     0.000 r  clk (IN)
                         net (fo=0)                   0.000     0.000    clk_IBUF_inst/I
    L7                   INBUF (Prop_INBUF_HPIOB_M_PAD_O)
                                                      0.132     0.132 r  clk_IBUF_inst/INBUF_INST/O
                         net (fo=1, routed)           0.000     0.132    clk_IBUF_inst/OUT
    L7                   IBUFCTRL (Prop_IBUFCTRL_HPIOB_M_I_O)
                                                      0.000     0.132 r  clk_IBUF_inst/IBUFCTRL_INST/O
                         net (fo=1, routed)           0.226     0.358    clk_IBUF
    BUFGCE_X0Y57         BUFGCE (Prop_BUFCE_BUFGCE_I_O)
                                                      0.023     0.381 r  clk_IBUF_BUFG_inst/O
    X1Y2 (CLOCK_ROOT)    net (fo=53, routed)          0.539     0.920    fsm_inst/CLK
    SLICE_X27Y175        FDRE                                         r  fsm_inst/r_result_reg[3][1]/C
  -------------------------------------------------------------------    -------------------
    SLICE_X27Y175        FDRE (Prop_DFF_SLICEL_C_Q)
                                                      0.084     1.004 r  fsm_inst/r_result_reg[3][1]/Q
                         net (fo=1, routed)           0.609     1.613    o_result_OBUF[7]
    A3                   OBUF (Prop_OUTBUF_HPIOB_S_I_O)
                                                      0.411     2.024 r  o_result_OBUF[7]_inst/O
                         net (fo=0)                   0.000     2.024    o_result[7]
    A3                                                                r  o_result[7] (OUT)
  -------------------------------------------------------------------    -------------------





--------------------------------------------------------------------------------------
Path Group:  (none)
From Clock:  
  To Clock:  clk

Max Delay           137 Endpoints
Min Delay           137 Endpoints
--------------------------------------------------------------------------------------


Max Delay Paths
--------------------------------------------------------------------------------------
Slack:                    inf
  Source:                 i_guess_id[2]
                            (input port)
  Destination:            fsm_inst/r_result_reg[0][1]/R
                            (rising edge-triggered cell FDRE clocked by clk  {rise@0.000ns fall@5.000ns period=10.000ns})
  Path Group:             (none)
  Path Type:              Setup (Max at Slow Process Corner)
  Data Path Delay:        3.528ns  (logic 0.904ns (25.619%)  route 2.624ns (74.381%))
  Logic Levels:           4  (IBUFCTRL=1 INBUF=1 LUT4=1 LUT5=1)
  Clock Path Skew:        1.536ns (DCD - SCD + CPR)
    Destination Clock Delay (DCD):    1.536ns
    Source Clock Delay      (SCD):    0.000ns
    Clock Pessimism Removal (CPR):    0.000ns
  Clock Uncertainty:      0.025ns  ((TSJ^2 + TIJ^2)^1/2 + DJ) / 2 + PE
    Total System Jitter     (TSJ):    0.050ns
    Total Input Jitter      (TIJ):    0.000ns
    Discrete Jitter          (DJ):    0.000ns
    Phase Error              (PE):    0.000ns
  Clock Net Delay (Destination): 0.890ns (routing 0.001ns, distribution 0.889ns)

    Location             Delay type                Incr(ns)  Path(ns)    Netlist Resource(s)
  -------------------------------------------------------------------    -------------------
    T8                                                0.000     0.000 f  i_guess_id[2] (IN)
                         net (fo=0)                   0.000     0.000    i_guess_id_IBUF[2]_inst/I
    T8                   INBUF (Prop_INBUF_HPIOB_S_PAD_O)
                                                      0.492     0.492 f  i_guess_id_IBUF[2]_inst/INBUF_INST/O
                         net (fo=1, routed)           0.000     0.492    i_guess_id_IBUF[2]_inst/OUT
    T8                   IBUFCTRL (Prop_IBUFCTRL_HPIOB_S_I_O)
                                                      0.000     0.492 f  i_guess_id_IBUF[2]_inst/IBUFCTRL_INST/O
                         net (fo=3, routed)           1.437     1.928    fsm_inst/D[2]
    SLICE_X25Y175        LUT4 (Prop_F6LUT_SLICEM_I0_O)
                                                      0.186     2.114 r  fsm_inst/r_guess_word[31]_i_3/O
                         net (fo=3, routed)           0.253     2.368    fsm_inst/r_guess_word[31]_i_3_n_0
    SLICE_X25Y177        LUT5 (Prop_G6LUT_SLICEM_I3_O)
                                                      0.226     2.594 r  fsm_inst/r_guess_word[31]_i_1/O
                         net (fo=50, routed)          0.935     3.528    fsm_inst/r_guess_word[31]_i_1_n_0
    SLICE_X27Y177        FDRE                                         r  fsm_inst/r_result_reg[0][1]/R
  -------------------------------------------------------------------    -------------------

                         (clock clk rise edge)        0.000     0.000 r  
    L7                                                0.000     0.000 r  clk (IN)
                         net (fo=0)                   0.000     0.000    clk_IBUF_inst/I
    L7                   INBUF (Prop_INBUF_HPIOB_M_PAD_O)
                                                      0.247     0.247 r  clk_IBUF_inst/INBUF_INST/O
                         net (fo=1, routed)           0.000     0.247    clk_IBUF_inst/OUT
    L7                   IBUFCTRL (Prop_IBUFCTRL_HPIOB_M_I_O)
                                                      0.000     0.247 r  clk_IBUF_inst/IBUFCTRL_INST/O
                         net (fo=1, routed)           0.360     0.607    clk_IBUF
    BUFGCE_X0Y57         BUFGCE (Prop_BUFCE_BUFGCE_I_O)
                                                      0.039     0.646 r  clk_IBUF_BUFG_inst/O
    X1Y2 (CLOCK_ROOT)    net (fo=53, routed)          0.890     1.536    fsm_inst/CLK
    SLICE_X27Y177        FDRE                                         r  fsm_inst/r_result_reg[0][1]/C

Slack:                    inf
  Source:                 i_guess_id[2]
                            (input port)
  Destination:            fsm_inst/r_result_reg[1][1]/R
                            (rising edge-triggered cell FDRE clocked by clk  {rise@0.000ns fall@5.000ns period=10.000ns})
  Path Group:             (none)
  Path Type:              Setup (Max at Slow Process Corner)
  Data Path Delay:        3.528ns  (logic 0.904ns (25.619%)  route 2.624ns (74.381%))
  Logic Levels:           4  (IBUFCTRL=1 INBUF=1 LUT4=1 LUT5=1)
  Clock Path Skew:        1.536ns (DCD - SCD + CPR)
    Destination Clock Delay (DCD):    1.536ns
    Source Clock Delay      (SCD):    0.000ns
    Clock Pessimism Removal (CPR):    0.000ns
  Clock Uncertainty:      0.025ns  ((TSJ^2 + TIJ^2)^1/2 + DJ) / 2 + PE
    Total System Jitter     (TSJ):    0.050ns
    Total Input Jitter      (TIJ):    0.000ns
    Discrete Jitter          (DJ):    0.000ns
    Phase Error              (PE):    0.000ns
  Clock Net Delay (Destination): 0.890ns (routing 0.001ns, distribution 0.889ns)

    Location             Delay type                Incr(ns)  Path(ns)    Netlist Resource(s)
  -------------------------------------------------------------------    -------------------
    T8                                                0.000     0.000 f  i_guess_id[2] (IN)
                         net (fo=0)                   0.000     0.000    i_guess_id_IBUF[2]_inst/I
    T8                   INBUF (Prop_INBUF_HPIOB_S_PAD_O)
                                                      0.492     0.492 f  i_guess_id_IBUF[2]_inst/INBUF_INST/O
                         net (fo=1, routed)           0.000     0.492    i_guess_id_IBUF[2]_inst/OUT
    T8                   IBUFCTRL (Prop_IBUFCTRL_HPIOB_S_I_O)
                                                      0.000     0.492 f  i_guess_id_IBUF[2]_inst/IBUFCTRL_INST/O
                         net (fo=3, routed)           1.437     1.928    fsm_inst/D[2]
    SLICE_X25Y175        LUT4 (Prop_F6LUT_SLICEM_I0_O)
                                                      0.186     2.114 r  fsm_inst/r_guess_word[31]_i_3/O
                         net (fo=3, routed)           0.253     2.368    fsm_inst/r_guess_word[31]_i_3_n_0
    SLICE_X25Y177        LUT5 (Prop_G6LUT_SLICEM_I3_O)
                                                      0.226     2.594 r  fsm_inst/r_guess_word[31]_i_1/O
                         net (fo=50, routed)          0.935     3.528    fsm_inst/r_guess_word[31]_i_1_n_0
    SLICE_X27Y177        FDRE                                         r  fsm_inst/r_result_reg[1][1]/R
  -------------------------------------------------------------------    -------------------

                         (clock clk rise edge)        0.000     0.000 r  
    L7                                                0.000     0.000 r  clk (IN)
                         net (fo=0)                   0.000     0.000    clk_IBUF_inst/I
    L7                   INBUF (Prop_INBUF_HPIOB_M_PAD_O)
                                                      0.247     0.247 r  clk_IBUF_inst/INBUF_INST/O
                         net (fo=1, routed)           0.000     0.247    clk_IBUF_inst/OUT
    L7                   IBUFCTRL (Prop_IBUFCTRL_HPIOB_M_I_O)
                                                      0.000     0.247 r  clk_IBUF_inst/IBUFCTRL_INST/O
                         net (fo=1, routed)           0.360     0.607    clk_IBUF
    BUFGCE_X0Y57         BUFGCE (Prop_BUFCE_BUFGCE_I_O)
                                                      0.039     0.646 r  clk_IBUF_BUFG_inst/O
    X1Y2 (CLOCK_ROOT)    net (fo=53, routed)          0.890     1.536    fsm_inst/CLK
    SLICE_X27Y177        FDRE                                         r  fsm_inst/r_result_reg[1][1]/C

Slack:                    inf
  Source:                 i_guess_id[2]
                            (input port)
  Destination:            fsm_inst/r_guess_word_reg[0]/R
                            (rising edge-triggered cell FDRE clocked by clk  {rise@0.000ns fall@5.000ns period=10.000ns})
  Path Group:             (none)
  Path Type:              Setup (Max at Slow Process Corner)
  Data Path Delay:        3.493ns  (logic 0.904ns (25.880%)  route 2.589ns (74.120%))
  Logic Levels:           4  (IBUFCTRL=1 INBUF=1 LUT4=1 LUT5=1)
  Clock Path Skew:        1.546ns (DCD - SCD + CPR)
    Destination Clock Delay (DCD):    1.546ns
    Source Clock Delay      (SCD):    0.000ns
    Clock Pessimism Removal (CPR):    0.000ns
  Clock Uncertainty:      0.025ns  ((TSJ^2 + TIJ^2)^1/2 + DJ) / 2 + PE
    Total System Jitter     (TSJ):    0.050ns
    Total Input Jitter      (TIJ):    0.000ns
    Discrete Jitter          (DJ):    0.000ns
    Phase Error              (PE):    0.000ns
  Clock Net Delay (Destination): 0.899ns (routing 0.001ns, distribution 0.898ns)

    Location             Delay type                Incr(ns)  Path(ns)    Netlist Resource(s)
  -------------------------------------------------------------------    -------------------
    T8                                                0.000     0.000 f  i_guess_id[2] (IN)
                         net (fo=0)                   0.000     0.000    i_guess_id_IBUF[2]_inst/I
    T8                   INBUF (Prop_INBUF_HPIOB_S_PAD_O)
                                                      0.492     0.492 f  i_guess_id_IBUF[2]_inst/INBUF_INST/O
                         net (fo=1, routed)           0.000     0.492    i_guess_id_IBUF[2]_inst/OUT
    T8                   IBUFCTRL (Prop_IBUFCTRL_HPIOB_S_I_O)
                                                      0.000     0.492 f  i_guess_id_IBUF[2]_inst/IBUFCTRL_INST/O
                         net (fo=3, routed)           1.437     1.928    fsm_inst/D[2]
    SLICE_X25Y175        LUT4 (Prop_F6LUT_SLICEM_I0_O)
                                                      0.186     2.114 r  fsm_inst/r_guess_word[31]_i_3/O
                         net (fo=3, routed)           0.253     2.368    fsm_inst/r_guess_word[31]_i_3_n_0
    SLICE_X25Y177        LUT5 (Prop_G6LUT_SLICEM_I3_O)
                                                      0.226     2.594 r  fsm_inst/r_guess_word[31]_i_1/O
                         net (fo=50, routed)          0.899     3.493    fsm_inst/r_guess_word[31]_i_1_n_0
    SLICE_X27Y175        FDRE                                         r  fsm_inst/r_guess_word_reg[0]/R
  -------------------------------------------------------------------    -------------------

                         (clock clk rise edge)        0.000     0.000 r  
    L7                                                0.000     0.000 r  clk (IN)
                         net (fo=0)                   0.000     0.000    clk_IBUF_inst/I
    L7                   INBUF (Prop_INBUF_HPIOB_M_PAD_O)
                                                      0.247     0.247 r  clk_IBUF_inst/INBUF_INST/O
                         net (fo=1, routed)           0.000     0.247    clk_IBUF_inst/OUT
    L7                   IBUFCTRL (Prop_IBUFCTRL_HPIOB_M_I_O)
                                                      0.000     0.247 r  clk_IBUF_inst/IBUFCTRL_INST/O
                         net (fo=1, routed)           0.360     0.607    clk_IBUF
    BUFGCE_X0Y57         BUFGCE (Prop_BUFCE_BUFGCE_I_O)
                                                      0.039     0.646 r  clk_IBUF_BUFG_inst/O
    X1Y2 (CLOCK_ROOT)    net (fo=53, routed)          0.899     1.546    fsm_inst/CLK
    SLICE_X27Y175        FDRE                                         r  fsm_inst/r_guess_word_reg[0]/C

Slack:                    inf
  Source:                 i_guess_id[2]
                            (input port)
  Destination:            fsm_inst/r_result_reg[2][1]/R
                            (rising edge-triggered cell FDRE clocked by clk  {rise@0.000ns fall@5.000ns period=10.000ns})
  Path Group:             (none)
  Path Type:              Setup (Max at Slow Process Corner)
  Data Path Delay:        3.493ns  (logic 0.904ns (25.880%)  route 2.589ns (74.120%))
  Logic Levels:           4  (IBUFCTRL=1 INBUF=1 LUT4=1 LUT5=1)
  Clock Path Skew:        1.543ns (DCD - SCD + CPR)
    Destination Clock Delay (DCD):    1.543ns
    Source Clock Delay      (SCD):    0.000ns
    Clock Pessimism Removal (CPR):    0.000ns
  Clock Uncertainty:      0.025ns  ((TSJ^2 + TIJ^2)^1/2 + DJ) / 2 + PE
    Total System Jitter     (TSJ):    0.050ns
    Total Input Jitter      (TIJ):    0.000ns
    Discrete Jitter          (DJ):    0.000ns
    Phase Error              (PE):    0.000ns
  Clock Net Delay (Destination): 0.896ns (routing 0.001ns, distribution 0.895ns)

    Location             Delay type                Incr(ns)  Path(ns)    Netlist Resource(s)
  -------------------------------------------------------------------    -------------------
    T8                                                0.000     0.000 f  i_guess_id[2] (IN)
                         net (fo=0)                   0.000     0.000    i_guess_id_IBUF[2]_inst/I
    T8                   INBUF (Prop_INBUF_HPIOB_S_PAD_O)
                                                      0.492     0.492 f  i_guess_id_IBUF[2]_inst/INBUF_INST/O
                         net (fo=1, routed)           0.000     0.492    i_guess_id_IBUF[2]_inst/OUT
    T8                   IBUFCTRL (Prop_IBUFCTRL_HPIOB_S_I_O)
                                                      0.000     0.492 f  i_guess_id_IBUF[2]_inst/IBUFCTRL_INST/O
                         net (fo=3, routed)           1.437     1.928    fsm_inst/D[2]
    SLICE_X25Y175        LUT4 (Prop_F6LUT_SLICEM_I0_O)
                                                      0.186     2.114 r  fsm_inst/r_guess_word[31]_i_3/O
                         net (fo=3, routed)           0.253     2.368    fsm_inst/r_guess_word[31]_i_3_n_0
    SLICE_X25Y177        LUT5 (Prop_G6LUT_SLICEM_I3_O)
                                                      0.226     2.594 r  fsm_inst/r_guess_word[31]_i_1/O
                         net (fo=50, routed)          0.899     3.493    fsm_inst/r_guess_word[31]_i_1_n_0
    SLICE_X27Y175        FDRE                                         r  fsm_inst/r_result_reg[2][1]/R
  -------------------------------------------------------------------    -------------------

                         (clock clk rise edge)        0.000     0.000 r  
    L7                                                0.000     0.000 r  clk (IN)
                         net (fo=0)                   0.000     0.000    clk_IBUF_inst/I
    L7                   INBUF (Prop_INBUF_HPIOB_M_PAD_O)
                                                      0.247     0.247 r  clk_IBUF_inst/INBUF_INST/O
                         net (fo=1, routed)           0.000     0.247    clk_IBUF_inst/OUT
    L7                   IBUFCTRL (Prop_IBUFCTRL_HPIOB_M_I_O)
                                                      0.000     0.247 r  clk_IBUF_inst/IBUFCTRL_INST/O
                         net (fo=1, routed)           0.360     0.607    clk_IBUF
    BUFGCE_X0Y57         BUFGCE (Prop_BUFCE_BUFGCE_I_O)
                                                      0.039     0.646 r  clk_IBUF_BUFG_inst/O
    X1Y2 (CLOCK_ROOT)    net (fo=53, routed)          0.896     1.543    fsm_inst/CLK
    SLICE_X27Y175        FDRE                                         r  fsm_inst/r_result_reg[2][1]/C

Slack:                    inf
  Source:                 i_guess_id[2]
                            (input port)
  Destination:            fsm_inst/r_result_reg[3][1]/R
                            (rising edge-triggered cell FDRE clocked by clk  {rise@0.000ns fall@5.000ns period=10.000ns})
  Path Group:             (none)
  Path Type:              Setup (Max at Slow Process Corner)
  Data Path Delay:        3.493ns  (logic 0.904ns (25.880%)  route 2.589ns (74.120%))
  Logic Levels:           4  (IBUFCTRL=1 INBUF=1 LUT4=1 LUT5=1)
  Clock Path Skew:        1.543ns (DCD - SCD + CPR)
    Destination Clock Delay (DCD):    1.543ns
    Source Clock Delay      (SCD):    0.000ns
    Clock Pessimism Removal (CPR):    0.000ns
  Clock Uncertainty:      0.025ns  ((TSJ^2 + TIJ^2)^1/2 + DJ) / 2 + PE
    Total System Jitter     (TSJ):    0.050ns
    Total Input Jitter      (TIJ):    0.000ns
    Discrete Jitter          (DJ):    0.000ns
    Phase Error              (PE):    0.000ns
  Clock Net Delay (Destination): 0.896ns (routing 0.001ns, distribution 0.895ns)

    Location             Delay type                Incr(ns)  Path(ns)    Netlist Resource(s)
  -------------------------------------------------------------------    -------------------
    T8                                                0.000     0.000 f  i_guess_id[2] (IN)
                         net (fo=0)                   0.000     0.000    i_guess_id_IBUF[2]_inst/I
    T8                   INBUF (Prop_INBUF_HPIOB_S_PAD_O)
                                                      0.492     0.492 f  i_guess_id_IBUF[2]_inst/INBUF_INST/O
                         net (fo=1, routed)           0.000     0.492    i_guess_id_IBUF[2]_inst/OUT
    T8                   IBUFCTRL (Prop_IBUFCTRL_HPIOB_S_I_O)
                                                      0.000     0.492 f  i_guess_id_IBUF[2]_inst/IBUFCTRL_INST/O
                         net (fo=3, routed)           1.437     1.928    fsm_inst/D[2]
    SLICE_X25Y175        LUT4 (Prop_F6LUT_SLICEM_I0_O)
                                                      0.186     2.114 r  fsm_inst/r_guess_word[31]_i_3/O
                         net (fo=3, routed)           0.253     2.368    fsm_inst/r_guess_word[31]_i_3_n_0
    SLICE_X25Y177        LUT5 (Prop_G6LUT_SLICEM_I3_O)
                                                      0.226     2.594 r  fsm_inst/r_guess_word[31]_i_1/O
                         net (fo=50, routed)          0.899     3.493    fsm_inst/r_guess_word[31]_i_1_n_0
    SLICE_X27Y175        FDRE                                         r  fsm_inst/r_result_reg[3][1]/R
  -------------------------------------------------------------------    -------------------

                         (clock clk rise edge)        0.000     0.000 r  
    L7                                                0.000     0.000 r  clk (IN)
                         net (fo=0)                   0.000     0.000    clk_IBUF_inst/I
    L7                   INBUF (Prop_INBUF_HPIOB_M_PAD_O)
                                                      0.247     0.247 r  clk_IBUF_inst/INBUF_INST/O
                         net (fo=1, routed)           0.000     0.247    clk_IBUF_inst/OUT
    L7                   IBUFCTRL (Prop_IBUFCTRL_HPIOB_M_I_O)
                                                      0.000     0.247 r  clk_IBUF_inst/IBUFCTRL_INST/O
                         net (fo=1, routed)           0.360     0.607    clk_IBUF
    BUFGCE_X0Y57         BUFGCE (Prop_BUFCE_BUFGCE_I_O)
                                                      0.039     0.646 r  clk_IBUF_BUFG_inst/O
    X1Y2 (CLOCK_ROOT)    net (fo=53, routed)          0.896     1.543    fsm_inst/CLK
    SLICE_X27Y175        FDRE                                         r  fsm_inst/r_result_reg[3][1]/C

Slack:                    inf
  Source:                 i_guess_id[0]
                            (input port)
  Destination:            fsm_inst/r_guess_word_reg[17]/CE
                            (rising edge-triggered cell FDRE clocked by clk  {rise@0.000ns fall@5.000ns period=10.000ns})
  Path Group:             (none)
  Path Type:              Setup (Max at Slow Process Corner)
  Data Path Delay:        3.452ns  (logic 0.914ns (26.469%)  route 2.538ns (73.531%))
  Logic Levels:           5  (IBUFCTRL=1 INBUF=1 LUT3=1 LUT4=1 LUT6=1)
  Clock Path Skew:        1.537ns (DCD - SCD + CPR)
    Destination Clock Delay (DCD):    1.537ns
    Source Clock Delay      (SCD):    0.000ns
    Clock Pessimism Removal (CPR):    0.000ns
  Clock Uncertainty:      0.025ns  ((TSJ^2 + TIJ^2)^1/2 + DJ) / 2 + PE
    Total System Jitter     (TSJ):    0.050ns
    Total Input Jitter      (TIJ):    0.000ns
    Discrete Jitter          (DJ):    0.000ns
    Phase Error              (PE):    0.000ns
  Clock Net Delay (Destination): 0.890ns (routing 0.001ns, distribution 0.889ns)

    Location             Delay type                Incr(ns)  Path(ns)    Netlist Resource(s)
  -------------------------------------------------------------------    -------------------
    T7                                                0.000     0.000 r  i_guess_id[0] (IN)
                         net (fo=0)                   0.000     0.000    i_guess_id_IBUF[0]_inst/I
    T7                   INBUF (Prop_INBUF_HPIOB_S_PAD_O)
                                                      0.492     0.492 r  i_guess_id_IBUF[0]_inst/INBUF_INST/O
                         net (fo=1, routed)           0.000     0.492    i_guess_id_IBUF[0]_inst/OUT
    T7                   IBUFCTRL (Prop_IBUFCTRL_HPIOB_S_I_O)
                                                      0.000     0.492 r  i_guess_id_IBUF[0]_inst/IBUFCTRL_INST/O
                         net (fo=3, routed)           1.486     1.978    fsm_inst/D[0]
    SLICE_X25Y175        LUT6 (Prop_H6LUT_SLICEM_I2_O)
                                                      0.228     2.206 f  fsm_inst/r_guess_word[31]_i_5/O
                         net (fo=1, routed)           0.052     2.258    fsm_inst/r_guess_word[31]_i_5_n_0
    SLICE_X25Y175        LUT3 (Prop_E6LUT_SLICEM_I0_O)
                                                      0.138     2.396 f  fsm_inst/r_guess_word[31]_i_4/O
                         net (fo=4, routed)           0.120     2.515    fsm_inst/r_guess_word[31]_i_4_n_0
    SLICE_X25Y177        LUT4 (Prop_F6LUT_SLICEM_I0_O)
                                                      0.056     2.571 r  fsm_inst/r_guess_word[31]_i_2/O
                         net (fo=36, routed)          0.881     3.452    fsm_inst/r_last_guess_id
    SLICE_X25Y172        FDRE                                         r  fsm_inst/r_guess_word_reg[17]/CE
  -------------------------------------------------------------------    -------------------

                         (clock clk rise edge)        0.000     0.000 r  
    L7                                                0.000     0.000 r  clk (IN)
                         net (fo=0)                   0.000     0.000    clk_IBUF_inst/I
    L7                   INBUF (Prop_INBUF_HPIOB_M_PAD_O)
                                                      0.247     0.247 r  clk_IBUF_inst/INBUF_INST/O
                         net (fo=1, routed)           0.000     0.247    clk_IBUF_inst/OUT
    L7                   IBUFCTRL (Prop_IBUFCTRL_HPIOB_M_I_O)
                                                      0.000     0.247 r  clk_IBUF_inst/IBUFCTRL_INST/O
                         net (fo=1, routed)           0.360     0.607    clk_IBUF
    BUFGCE_X0Y57         BUFGCE (Prop_BUFCE_BUFGCE_I_O)
                                                      0.039     0.646 r  clk_IBUF_BUFG_inst/O
    X1Y2 (CLOCK_ROOT)    net (fo=53, routed)          0.890     1.537    fsm_inst/CLK
    SLICE_X25Y172        FDRE                                         r  fsm_inst/r_guess_word_reg[17]/C

Slack:                    inf
  Source:                 i_guess_id[0]
                            (input port)
  Destination:            fsm_inst/r_guess_word_reg[19]/CE
                            (rising edge-triggered cell FDRE clocked by clk  {rise@0.000ns fall@5.000ns period=10.000ns})
  Path Group:             (none)
  Path Type:              Setup (Max at Slow Process Corner)
  Data Path Delay:        3.452ns  (logic 0.914ns (26.469%)  route 2.538ns (73.531%))
  Logic Levels:           5  (IBUFCTRL=1 INBUF=1 LUT3=1 LUT4=1 LUT6=1)
  Clock Path Skew:        1.537ns (DCD - SCD + CPR)
    Destination Clock Delay (DCD):    1.537ns
    Source Clock Delay      (SCD):    0.000ns
    Clock Pessimism Removal (CPR):    0.000ns
  Clock Uncertainty:      0.025ns  ((TSJ^2 + TIJ^2)^1/2 + DJ) / 2 + PE
    Total System Jitter     (TSJ):    0.050ns
    Total Input Jitter      (TIJ):    0.000ns
    Discrete Jitter          (DJ):    0.000ns
    Phase Error              (PE):    0.000ns
  Clock Net Delay (Destination): 0.890ns (routing 0.001ns, distribution 0.889ns)

    Location             Delay type                Incr(ns)  Path(ns)    Netlist Resource(s)
  -------------------------------------------------------------------    -------------------
    T7                                                0.000     0.000 r  i_guess_id[0] (IN)
                         net (fo=0)                   0.000     0.000    i_guess_id_IBUF[0]_inst/I
    T7                   INBUF (Prop_INBUF_HPIOB_S_PAD_O)
                                                      0.492     0.492 r  i_guess_id_IBUF[0]_inst/INBUF_INST/O
                         net (fo=1, routed)           0.000     0.492    i_guess_id_IBUF[0]_inst/OUT
    T7                   IBUFCTRL (Prop_IBUFCTRL_HPIOB_S_I_O)
                                                      0.000     0.492 r  i_guess_id_IBUF[0]_inst/IBUFCTRL_INST/O
                         net (fo=3, routed)           1.486     1.978    fsm_inst/D[0]
    SLICE_X25Y175        LUT6 (Prop_H6LUT_SLICEM_I2_O)
                                                      0.228     2.206 f  fsm_inst/r_guess_word[31]_i_5/O
                         net (fo=1, routed)           0.052     2.258    fsm_inst/r_guess_word[31]_i_5_n_0
    SLICE_X25Y175        LUT3 (Prop_E6LUT_SLICEM_I0_O)
                                                      0.138     2.396 f  fsm_inst/r_guess_word[31]_i_4/O
                         net (fo=4, routed)           0.120     2.515    fsm_inst/r_guess_word[31]_i_4_n_0
    SLICE_X25Y177        LUT4 (Prop_F6LUT_SLICEM_I0_O)
                                                      0.056     2.571 r  fsm_inst/r_guess_word[31]_i_2/O
                         net (fo=36, routed)          0.881     3.452    fsm_inst/r_last_guess_id
    SLICE_X25Y172        FDRE                                         r  fsm_inst/r_guess_word_reg[19]/CE
  -------------------------------------------------------------------    -------------------

                         (clock clk rise edge)        0.000     0.000 r  
    L7                                                0.000     0.000 r  clk (IN)
                         net (fo=0)                   0.000     0.000    clk_IBUF_inst/I
    L7                   INBUF (Prop_INBUF_HPIOB_M_PAD_O)
                                                      0.247     0.247 r  clk_IBUF_inst/INBUF_INST/O
                         net (fo=1, routed)           0.000     0.247    clk_IBUF_inst/OUT
    L7                   IBUFCTRL (Prop_IBUFCTRL_HPIOB_M_I_O)
                                                      0.000     0.247 r  clk_IBUF_inst/IBUFCTRL_INST/O
                         net (fo=1, routed)           0.360     0.607    clk_IBUF
    BUFGCE_X0Y57         BUFGCE (Prop_BUFCE_BUFGCE_I_O)
                                                      0.039     0.646 r  clk_IBUF_BUFG_inst/O
    X1Y2 (CLOCK_ROOT)    net (fo=53, routed)          0.890     1.537    fsm_inst/CLK
    SLICE_X25Y172        FDRE                                         r  fsm_inst/r_guess_word_reg[19]/C

Slack:                    inf
  Source:                 i_guess_id[0]
                            (input port)
  Destination:            fsm_inst/r_guess_word_reg[22]/CE
                            (rising edge-triggered cell FDRE clocked by clk  {rise@0.000ns fall@5.000ns period=10.000ns})
  Path Group:             (none)
  Path Type:              Setup (Max at Slow Process Corner)
  Data Path Delay:        3.452ns  (logic 0.914ns (26.469%)  route 2.538ns (73.531%))
  Logic Levels:           5  (IBUFCTRL=1 INBUF=1 LUT3=1 LUT4=1 LUT6=1)
  Clock Path Skew:        1.537ns (DCD - SCD + CPR)
    Destination Clock Delay (DCD):    1.537ns
    Source Clock Delay      (SCD):    0.000ns
    Clock Pessimism Removal (CPR):    0.000ns
  Clock Uncertainty:      0.025ns  ((TSJ^2 + TIJ^2)^1/2 + DJ) / 2 + PE
    Total System Jitter     (TSJ):    0.050ns
    Total Input Jitter      (TIJ):    0.000ns
    Discrete Jitter          (DJ):    0.000ns
    Phase Error              (PE):    0.000ns
  Clock Net Delay (Destination): 0.890ns (routing 0.001ns, distribution 0.889ns)

    Location             Delay type                Incr(ns)  Path(ns)    Netlist Resource(s)
  -------------------------------------------------------------------    -------------------
    T7                                                0.000     0.000 r  i_guess_id[0] (IN)
                         net (fo=0)                   0.000     0.000    i_guess_id_IBUF[0]_inst/I
    T7                   INBUF (Prop_INBUF_HPIOB_S_PAD_O)
                                                      0.492     0.492 r  i_guess_id_IBUF[0]_inst/INBUF_INST/O
                         net (fo=1, routed)           0.000     0.492    i_guess_id_IBUF[0]_inst/OUT
    T7                   IBUFCTRL (Prop_IBUFCTRL_HPIOB_S_I_O)
                                                      0.000     0.492 r  i_guess_id_IBUF[0]_inst/IBUFCTRL_INST/O
                         net (fo=3, routed)           1.486     1.978    fsm_inst/D[0]
    SLICE_X25Y175        LUT6 (Prop_H6LUT_SLICEM_I2_O)
                                                      0.228     2.206 f  fsm_inst/r_guess_word[31]_i_5/O
                         net (fo=1, routed)           0.052     2.258    fsm_inst/r_guess_word[31]_i_5_n_0
    SLICE_X25Y175        LUT3 (Prop_E6LUT_SLICEM_I0_O)
                                                      0.138     2.396 f  fsm_inst/r_guess_word[31]_i_4/O
                         net (fo=4, routed)           0.120     2.515    fsm_inst/r_guess_word[31]_i_4_n_0
    SLICE_X25Y177        LUT4 (Prop_F6LUT_SLICEM_I0_O)
                                                      0.056     2.571 r  fsm_inst/r_guess_word[31]_i_2/O
                         net (fo=36, routed)          0.881     3.452    fsm_inst/r_last_guess_id
    SLICE_X25Y172        FDRE                                         r  fsm_inst/r_guess_word_reg[22]/CE
  -------------------------------------------------------------------    -------------------

                         (clock clk rise edge)        0.000     0.000 r  
    L7                                                0.000     0.000 r  clk (IN)
                         net (fo=0)                   0.000     0.000    clk_IBUF_inst/I
    L7                   INBUF (Prop_INBUF_HPIOB_M_PAD_O)
                                                      0.247     0.247 r  clk_IBUF_inst/INBUF_INST/O
                         net (fo=1, routed)           0.000     0.247    clk_IBUF_inst/OUT
    L7                   IBUFCTRL (Prop_IBUFCTRL_HPIOB_M_I_O)
                                                      0.000     0.247 r  clk_IBUF_inst/IBUFCTRL_INST/O
                         net (fo=1, routed)           0.360     0.607    clk_IBUF
    BUFGCE_X0Y57         BUFGCE (Prop_BUFCE_BUFGCE_I_O)
                                                      0.039     0.646 r  clk_IBUF_BUFG_inst/O
    X1Y2 (CLOCK_ROOT)    net (fo=53, routed)          0.890     1.537    fsm_inst/CLK
    SLICE_X25Y172        FDRE                                         r  fsm_inst/r_guess_word_reg[22]/C

Slack:                    inf
  Source:                 i_guess_id[0]
                            (input port)
  Destination:            fsm_inst/r_guess_word_reg[6]/CE
                            (rising edge-triggered cell FDRE clocked by clk  {rise@0.000ns fall@5.000ns period=10.000ns})
  Path Group:             (none)
  Path Type:              Setup (Max at Slow Process Corner)
  Data Path Delay:        3.452ns  (logic 0.914ns (26.469%)  route 2.538ns (73.531%))
  Logic Levels:           5  (IBUFCTRL=1 INBUF=1 LUT3=1 LUT4=1 LUT6=1)
  Clock Path Skew:        1.537ns (DCD - SCD + CPR)
    Destination Clock Delay (DCD):    1.537ns
    Source Clock Delay      (SCD):    0.000ns
    Clock Pessimism Removal (CPR):    0.000ns
  Clock Uncertainty:      0.025ns  ((TSJ^2 + TIJ^2)^1/2 + DJ) / 2 + PE
    Total System Jitter     (TSJ):    0.050ns
    Total Input Jitter      (TIJ):    0.000ns
    Discrete Jitter          (DJ):    0.000ns
    Phase Error              (PE):    0.000ns
  Clock Net Delay (Destination): 0.890ns (routing 0.001ns, distribution 0.889ns)

    Location             Delay type                Incr(ns)  Path(ns)    Netlist Resource(s)
  -------------------------------------------------------------------    -------------------
    T7                                                0.000     0.000 r  i_guess_id[0] (IN)
                         net (fo=0)                   0.000     0.000    i_guess_id_IBUF[0]_inst/I
    T7                   INBUF (Prop_INBUF_HPIOB_S_PAD_O)
                                                      0.492     0.492 r  i_guess_id_IBUF[0]_inst/INBUF_INST/O
                         net (fo=1, routed)           0.000     0.492    i_guess_id_IBUF[0]_inst/OUT
    T7                   IBUFCTRL (Prop_IBUFCTRL_HPIOB_S_I_O)
                                                      0.000     0.492 r  i_guess_id_IBUF[0]_inst/IBUFCTRL_INST/O
                         net (fo=3, routed)           1.486     1.978    fsm_inst/D[0]
    SLICE_X25Y175        LUT6 (Prop_H6LUT_SLICEM_I2_O)
                                                      0.228     2.206 f  fsm_inst/r_guess_word[31]_i_5/O
                         net (fo=1, routed)           0.052     2.258    fsm_inst/r_guess_word[31]_i_5_n_0
    SLICE_X25Y175        LUT3 (Prop_E6LUT_SLICEM_I0_O)
                                                      0.138     2.396 f  fsm_inst/r_guess_word[31]_i_4/O
                         net (fo=4, routed)           0.120     2.515    fsm_inst/r_guess_word[31]_i_4_n_0
    SLICE_X25Y177        LUT4 (Prop_F6LUT_SLICEM_I0_O)
                                                      0.056     2.571 r  fsm_inst/r_guess_word[31]_i_2/O
                         net (fo=36, routed)          0.881     3.452    fsm_inst/r_last_guess_id
    SLICE_X25Y172        FDRE                                         r  fsm_inst/r_guess_word_reg[6]/CE
  -------------------------------------------------------------------    -------------------

                         (clock clk rise edge)        0.000     0.000 r  
    L7                                                0.000     0.000 r  clk (IN)
                         net (fo=0)                   0.000     0.000    clk_IBUF_inst/I
    L7                   INBUF (Prop_INBUF_HPIOB_M_PAD_O)
                                                      0.247     0.247 r  clk_IBUF_inst/INBUF_INST/O
                         net (fo=1, routed)           0.000     0.247    clk_IBUF_inst/OUT
    L7                   IBUFCTRL (Prop_IBUFCTRL_HPIOB_M_I_O)
                                                      0.000     0.247 r  clk_IBUF_inst/IBUFCTRL_INST/O
                         net (fo=1, routed)           0.360     0.607    clk_IBUF
    BUFGCE_X0Y57         BUFGCE (Prop_BUFCE_BUFGCE_I_O)
                                                      0.039     0.646 r  clk_IBUF_BUFG_inst/O
    X1Y2 (CLOCK_ROOT)    net (fo=53, routed)          0.890     1.537    fsm_inst/CLK
    SLICE_X25Y172        FDRE                                         r  fsm_inst/r_guess_word_reg[6]/C

Slack:                    inf
  Source:                 i_guess_id[0]
                            (input port)
  Destination:            fsm_inst/r_guess_word_reg[9]/CE
                            (rising edge-triggered cell FDRE clocked by clk  {rise@0.000ns fall@5.000ns period=10.000ns})
  Path Group:             (none)
  Path Type:              Setup (Max at Slow Process Corner)
  Data Path Delay:        3.452ns  (logic 0.914ns (26.469%)  route 2.538ns (73.531%))
  Logic Levels:           5  (IBUFCTRL=1 INBUF=1 LUT3=1 LUT4=1 LUT6=1)
  Clock Path Skew:        1.536ns (DCD - SCD + CPR)
    Destination Clock Delay (DCD):    1.536ns
    Source Clock Delay      (SCD):    0.000ns
    Clock Pessimism Removal (CPR):    0.000ns
  Clock Uncertainty:      0.025ns  ((TSJ^2 + TIJ^2)^1/2 + DJ) / 2 + PE
    Total System Jitter     (TSJ):    0.050ns
    Total Input Jitter      (TIJ):    0.000ns
    Discrete Jitter          (DJ):    0.000ns
    Phase Error              (PE):    0.000ns
  Clock Net Delay (Destination): 0.889ns (routing 0.001ns, distribution 0.888ns)

    Location             Delay type                Incr(ns)  Path(ns)    Netlist Resource(s)
  -------------------------------------------------------------------    -------------------
    T7                                                0.000     0.000 r  i_guess_id[0] (IN)
                         net (fo=0)                   0.000     0.000    i_guess_id_IBUF[0]_inst/I
    T7                   INBUF (Prop_INBUF_HPIOB_S_PAD_O)
                                                      0.492     0.492 r  i_guess_id_IBUF[0]_inst/INBUF_INST/O
                         net (fo=1, routed)           0.000     0.492    i_guess_id_IBUF[0]_inst/OUT
    T7                   IBUFCTRL (Prop_IBUFCTRL_HPIOB_S_I_O)
                                                      0.000     0.492 r  i_guess_id_IBUF[0]_inst/IBUFCTRL_INST/O
                         net (fo=3, routed)           1.486     1.978    fsm_inst/D[0]
    SLICE_X25Y175        LUT6 (Prop_H6LUT_SLICEM_I2_O)
                                                      0.228     2.206 f  fsm_inst/r_guess_word[31]_i_5/O
                         net (fo=1, routed)           0.052     2.258    fsm_inst/r_guess_word[31]_i_5_n_0
    SLICE_X25Y175        LUT3 (Prop_E6LUT_SLICEM_I0_O)
                                                      0.138     2.396 f  fsm_inst/r_guess_word[31]_i_4/O
                         net (fo=4, routed)           0.120     2.515    fsm_inst/r_guess_word[31]_i_4_n_0
    SLICE_X25Y177        LUT4 (Prop_F6LUT_SLICEM_I0_O)
                                                      0.056     2.571 r  fsm_inst/r_guess_word[31]_i_2/O
                         net (fo=36, routed)          0.881     3.452    fsm_inst/r_last_guess_id
    SLICE_X26Y172        FDRE                                         r  fsm_inst/r_guess_word_reg[9]/CE
  -------------------------------------------------------------------    -------------------

                         (clock clk rise edge)        0.000     0.000 r  
    L7                                                0.000     0.000 r  clk (IN)
                         net (fo=0)                   0.000     0.000    clk_IBUF_inst/I
    L7                   INBUF (Prop_INBUF_HPIOB_M_PAD_O)
                                                      0.247     0.247 r  clk_IBUF_inst/INBUF_INST/O
                         net (fo=1, routed)           0.000     0.247    clk_IBUF_inst/OUT
    L7                   IBUFCTRL (Prop_IBUFCTRL_HPIOB_M_I_O)
                                                      0.000     0.247 r  clk_IBUF_inst/IBUFCTRL_INST/O
                         net (fo=1, routed)           0.360     0.607    clk_IBUF
    BUFGCE_X0Y57         BUFGCE (Prop_BUFCE_BUFGCE_I_O)
                                                      0.039     0.646 r  clk_IBUF_BUFG_inst/O
    X1Y2 (CLOCK_ROOT)    net (fo=53, routed)          0.889     1.536    fsm_inst/CLK
    SLICE_X26Y172        FDRE                                         r  fsm_inst/r_guess_word_reg[9]/C





Min Delay Paths
--------------------------------------------------------------------------------------
Slack:                    inf
  Source:                 i_guess_word[3]
                            (input port)
  Destination:            fsm_inst/r_guess_word_reg[3]/D
                            (rising edge-triggered cell FDRE clocked by clk  {rise@0.000ns fall@5.000ns period=10.000ns})
  Path Group:             (none)
  Path Type:              Hold (Min at Fast Process Corner)
  Data Path Delay:        0.522ns  (logic 0.126ns (24.100%)  route 0.396ns (75.900%))
  Logic Levels:           2  (IBUFCTRL=1 INBUF=1)
  Clock Path Skew:        1.287ns (DCD - SCD - CPR)
    Destination Clock Delay (DCD):    1.287ns
    Source Clock Delay      (SCD):    0.000ns
    Clock Pessimism Removal (CPR):    -0.000ns
  Clock Net Delay (Destination): 0.582ns (routing 0.001ns, distribution 0.581ns)

    Location             Delay type                Incr(ns)  Path(ns)    Netlist Resource(s)
  -------------------------------------------------------------------    -------------------
    J9                                                0.000     0.000 r  i_guess_word[3] (IN)
                         net (fo=0)                   0.000     0.000    i_guess_word_IBUF[3]_inst/I
    J9                   INBUF (Prop_INBUF_HPIOB_S_PAD_O)
                                                      0.126     0.126 r  i_guess_word_IBUF[3]_inst/INBUF_INST/O
                         net (fo=1, routed)           0.000     0.126    i_guess_word_IBUF[3]_inst/OUT
    J9                   IBUFCTRL (Prop_IBUFCTRL_HPIOB_S_I_O)
                                                      0.000     0.126 r  i_guess_word_IBUF[3]_inst/IBUFCTRL_INST/O
                         net (fo=1, routed)           0.396     0.522    fsm_inst/r_guess_word_reg[31]_2[3]
    SLICE_X26Y177        FDRE                                         r  fsm_inst/r_guess_word_reg[3]/D
  -------------------------------------------------------------------    -------------------

                         (clock clk rise edge)        0.000     0.000 r  
    L7                                                0.000     0.000 r  clk (IN)
                         net (fo=0)                   0.000     0.000    clk_IBUF_inst/I
    L7                   INBUF (Prop_INBUF_HPIOB_M_PAD_O)
                                                      0.317     0.317 r  clk_IBUF_inst/INBUF_INST/O
                         net (fo=1, routed)           0.000     0.317    clk_IBUF_inst/OUT
    L7                   IBUFCTRL (Prop_IBUFCTRL_HPIOB_M_I_O)
                                                      0.000     0.317 r  clk_IBUF_inst/IBUFCTRL_INST/O
                         net (fo=1, routed)           0.362     0.679    clk_IBUF
    BUFGCE_X0Y57         BUFGCE (Prop_BUFCE_BUFGCE_I_O)
                                                      0.026     0.705 r  clk_IBUF_BUFG_inst/O
    X1Y2 (CLOCK_ROOT)    net (fo=53, routed)          0.582     1.287    fsm_inst/CLK
    SLICE_X26Y177        FDRE                                         r  fsm_inst/r_guess_word_reg[3]/C

Slack:                    inf
  Source:                 i_guess_word[2]
                            (input port)
  Destination:            fsm_inst/r_guess_word_reg[2]/D
                            (rising edge-triggered cell FDRE clocked by clk  {rise@0.000ns fall@5.000ns period=10.000ns})
  Path Group:             (none)
  Path Type:              Hold (Min at Fast Process Corner)
  Data Path Delay:        0.536ns  (logic 0.126ns (23.486%)  route 0.410ns (76.514%))
  Logic Levels:           2  (IBUFCTRL=1 INBUF=1)
  Clock Path Skew:        1.287ns (DCD - SCD - CPR)
    Destination Clock Delay (DCD):    1.287ns
    Source Clock Delay      (SCD):    0.000ns
    Clock Pessimism Removal (CPR):    -0.000ns
  Clock Net Delay (Destination): 0.582ns (routing 0.001ns, distribution 0.581ns)

    Location             Delay type                Incr(ns)  Path(ns)    Netlist Resource(s)
  -------------------------------------------------------------------    -------------------
    K9                                                0.000     0.000 r  i_guess_word[2] (IN)
                         net (fo=0)                   0.000     0.000    i_guess_word_IBUF[2]_inst/I
    K9                   INBUF (Prop_INBUF_HPIOB_M_PAD_O)
                                                      0.126     0.126 r  i_guess_word_IBUF[2]_inst/INBUF_INST/O
                         net (fo=1, routed)           0.000     0.126    i_guess_word_IBUF[2]_inst/OUT
    K9                   IBUFCTRL (Prop_IBUFCTRL_HPIOB_M_I_O)
                                                      0.000     0.126 r  i_guess_word_IBUF[2]_inst/IBUFCTRL_INST/O
                         net (fo=1, routed)           0.410     0.536    fsm_inst/r_guess_word_reg[31]_2[2]
    SLICE_X25Y174        FDRE                                         r  fsm_inst/r_guess_word_reg[2]/D
  -------------------------------------------------------------------    -------------------

                         (clock clk rise edge)        0.000     0.000 r  
    L7                                                0.000     0.000 r  clk (IN)
                         net (fo=0)                   0.000     0.000    clk_IBUF_inst/I
    L7                   INBUF (Prop_INBUF_HPIOB_M_PAD_O)
                                                      0.317     0.317 r  clk_IBUF_inst/INBUF_INST/O
                         net (fo=1, routed)           0.000     0.317    clk_IBUF_inst/OUT
    L7                   IBUFCTRL (Prop_IBUFCTRL_HPIOB_M_I_O)
                                                      0.000     0.317 r  clk_IBUF_inst/IBUFCTRL_INST/O
                         net (fo=1, routed)           0.362     0.679    clk_IBUF
    BUFGCE_X0Y57         BUFGCE (Prop_BUFCE_BUFGCE_I_O)
                                                      0.026     0.705 r  clk_IBUF_BUFG_inst/O
    X1Y2 (CLOCK_ROOT)    net (fo=53, routed)          0.582     1.287    fsm_inst/CLK
    SLICE_X25Y174        FDRE                                         r  fsm_inst/r_guess_word_reg[2]/C

Slack:                    inf
  Source:                 i_guess_word[7]
                            (input port)
  Destination:            fsm_inst/r_guess_word_reg[7]/D
                            (rising edge-triggered cell FDRE clocked by clk  {rise@0.000ns fall@5.000ns period=10.000ns})
  Path Group:             (none)
  Path Type:              Hold (Min at Fast Process Corner)
  Data Path Delay:        0.536ns  (logic 0.141ns (26.369%)  route 0.395ns (73.631%))
  Logic Levels:           2  (IBUFCTRL=1 INBUF=1)
  Clock Path Skew:        1.286ns (DCD - SCD - CPR)
    Destination Clock Delay (DCD):    1.286ns
    Source Clock Delay      (SCD):    0.000ns
    Clock Pessimism Removal (CPR):    -0.000ns
  Clock Net Delay (Destination): 0.581ns (routing 0.001ns, distribution 0.580ns)

    Location             Delay type                Incr(ns)  Path(ns)    Netlist Resource(s)
  -------------------------------------------------------------------    -------------------
    H7                                                0.000     0.000 r  i_guess_word[7] (IN)
                         net (fo=0)                   0.000     0.000    i_guess_word_IBUF[7]_inst/I
    H7                   INBUF (Prop_INBUF_HPIOB_S_PAD_O)
                                                      0.141     0.141 r  i_guess_word_IBUF[7]_inst/INBUF_INST/O
                         net (fo=1, routed)           0.000     0.141    i_guess_word_IBUF[7]_inst/OUT
    H7                   IBUFCTRL (Prop_IBUFCTRL_HPIOB_S_I_O)
                                                      0.000     0.141 r  i_guess_word_IBUF[7]_inst/IBUFCTRL_INST/O
                         net (fo=1, routed)           0.395     0.536    fsm_inst/r_guess_word_reg[31]_2[7]
    SLICE_X25Y170        FDRE                                         r  fsm_inst/r_guess_word_reg[7]/D
  -------------------------------------------------------------------    -------------------

                         (clock clk rise edge)        0.000     0.000 r  
    L7                                                0.000     0.000 r  clk (IN)
                         net (fo=0)                   0.000     0.000    clk_IBUF_inst/I
    L7                   INBUF (Prop_INBUF_HPIOB_M_PAD_O)
                                                      0.317     0.317 r  clk_IBUF_inst/INBUF_INST/O
                         net (fo=1, routed)           0.000     0.317    clk_IBUF_inst/OUT
    L7                   IBUFCTRL (Prop_IBUFCTRL_HPIOB_M_I_O)
                                                      0.000     0.317 r  clk_IBUF_inst/IBUFCTRL_INST/O
                         net (fo=1, routed)           0.362     0.679    clk_IBUF
    BUFGCE_X0Y57         BUFGCE (Prop_BUFCE_BUFGCE_I_O)
                                                      0.026     0.705 r  clk_IBUF_BUFG_inst/O
    X1Y2 (CLOCK_ROOT)    net (fo=53, routed)          0.581     1.286    fsm_inst/CLK
    SLICE_X25Y170        FDRE                                         r  fsm_inst/r_guess_word_reg[7]/C

Slack:                    inf
  Source:                 i_guess_word[6]
                            (input port)
  Destination:            fsm_inst/r_guess_word_reg[6]/D
                            (rising edge-triggered cell FDRE clocked by clk  {rise@0.000ns fall@5.000ns period=10.000ns})
  Path Group:             (none)
  Path Type:              Hold (Min at Fast Process Corner)
  Data Path Delay:        0.538ns  (logic 0.137ns (25.416%)  route 0.401ns (74.584%))
  Logic Levels:           2  (IBUFCTRL=1 INBUF=1)
  Clock Path Skew:        1.286ns (DCD - SCD - CPR)
    Destination Clock Delay (DCD):    1.286ns
    Source Clock Delay      (SCD):    0.000ns
    Clock Pessimism Removal (CPR):    -0.000ns
  Clock Net Delay (Destination): 0.581ns (routing 0.001ns, distribution 0.580ns)

    Location             Delay type                Incr(ns)  Path(ns)    Netlist Resource(s)
  -------------------------------------------------------------------    -------------------
    J7                                                0.000     0.000 r  i_guess_word[6] (IN)
                         net (fo=0)                   0.000     0.000    i_guess_word_IBUF[6]_inst/I
    J7                   INBUF (Prop_INBUF_HPIOB_M_PAD_O)
                                                      0.137     0.137 r  i_guess_word_IBUF[6]_inst/INBUF_INST/O
                         net (fo=1, routed)           0.000     0.137    i_guess_word_IBUF[6]_inst/OUT
    J7                   IBUFCTRL (Prop_IBUFCTRL_HPIOB_M_I_O)
                                                      0.000     0.137 r  i_guess_word_IBUF[6]_inst/IBUFCTRL_INST/O
                         net (fo=1, routed)           0.401     0.538    fsm_inst/r_guess_word_reg[31]_2[6]
    SLICE_X25Y172        FDRE                                         r  fsm_inst/r_guess_word_reg[6]/D
  -------------------------------------------------------------------    -------------------

                         (clock clk rise edge)        0.000     0.000 r  
    L7                                                0.000     0.000 r  clk (IN)
                         net (fo=0)                   0.000     0.000    clk_IBUF_inst/I
    L7                   INBUF (Prop_INBUF_HPIOB_M_PAD_O)
                                                      0.317     0.317 r  clk_IBUF_inst/INBUF_INST/O
                         net (fo=1, routed)           0.000     0.317    clk_IBUF_inst/OUT
    L7                   IBUFCTRL (Prop_IBUFCTRL_HPIOB_M_I_O)
                                                      0.000     0.317 r  clk_IBUF_inst/IBUFCTRL_INST/O
                         net (fo=1, routed)           0.362     0.679    clk_IBUF
    BUFGCE_X0Y57         BUFGCE (Prop_BUFCE_BUFGCE_I_O)
                                                      0.026     0.705 r  clk_IBUF_BUFG_inst/O
    X1Y2 (CLOCK_ROOT)    net (fo=53, routed)          0.581     1.286    fsm_inst/CLK
    SLICE_X25Y172        FDRE                                         r  fsm_inst/r_guess_word_reg[6]/C

Slack:                    inf
  Source:                 i_guess_word[4]
                            (input port)
  Destination:            fsm_inst/r_guess_word_reg[4]/D
                            (rising edge-triggered cell FDRE clocked by clk  {rise@0.000ns fall@5.000ns period=10.000ns})
  Path Group:             (none)
  Path Type:              Hold (Min at Fast Process Corner)
  Data Path Delay:        0.545ns  (logic 0.126ns (23.091%)  route 0.419ns (76.909%))
  Logic Levels:           2  (IBUFCTRL=1 INBUF=1)
  Clock Path Skew:        1.286ns (DCD - SCD - CPR)
    Destination Clock Delay (DCD):    1.286ns
    Source Clock Delay      (SCD):    0.000ns
    Clock Pessimism Removal (CPR):    -0.000ns
  Clock Net Delay (Destination): 0.581ns (routing 0.001ns, distribution 0.580ns)

    Location             Delay type                Incr(ns)  Path(ns)    Netlist Resource(s)
  -------------------------------------------------------------------    -------------------
    K8                                                0.000     0.000 r  i_guess_word[4] (IN)
                         net (fo=0)                   0.000     0.000    i_guess_word_IBUF[4]_inst/I
    K8                   INBUF (Prop_INBUF_HPIOB_M_PAD_O)
                                                      0.126     0.126 r  i_guess_word_IBUF[4]_inst/INBUF_INST/O
                         net (fo=1, routed)           0.000     0.126    i_guess_word_IBUF[4]_inst/OUT
    K8                   IBUFCTRL (Prop_IBUFCTRL_HPIOB_M_I_O)
                                                      0.000     0.126 r  i_guess_word_IBUF[4]_inst/IBUFCTRL_INST/O
                         net (fo=1, routed)           0.419     0.545    fsm_inst/r_guess_word_reg[31]_2[4]
    SLICE_X25Y173        FDRE                                         r  fsm_inst/r_guess_word_reg[4]/D
  -------------------------------------------------------------------    -------------------

                         (clock clk rise edge)        0.000     0.000 r  
    L7                                                0.000     0.000 r  clk (IN)
                         net (fo=0)                   0.000     0.000    clk_IBUF_inst/I
    L7                   INBUF (Prop_INBUF_HPIOB_M_PAD_O)
                                                      0.317     0.317 r  clk_IBUF_inst/INBUF_INST/O
                         net (fo=1, routed)           0.000     0.317    clk_IBUF_inst/OUT
    L7                   IBUFCTRL (Prop_IBUFCTRL_HPIOB_M_I_O)
                                                      0.000     0.317 r  clk_IBUF_inst/IBUFCTRL_INST/O
                         net (fo=1, routed)           0.362     0.679    clk_IBUF
    BUFGCE_X0Y57         BUFGCE (Prop_BUFCE_BUFGCE_I_O)
                                                      0.026     0.705 r  clk_IBUF_BUFG_inst/O
    X1Y2 (CLOCK_ROOT)    net (fo=53, routed)          0.581     1.286    fsm_inst/CLK
    SLICE_X25Y173        FDRE                                         r  fsm_inst/r_guess_word_reg[4]/C

Slack:                    inf
  Source:                 i_guess_word[5]
                            (input port)
  Destination:            fsm_inst/r_guess_word_reg[5]/D
                            (rising edge-triggered cell FDRE clocked by clk  {rise@0.000ns fall@5.000ns period=10.000ns})
  Path Group:             (none)
  Path Type:              Hold (Min at Fast Process Corner)
  Data Path Delay:        0.558ns  (logic 0.126ns (22.569%)  route 0.432ns (77.431%))
  Logic Levels:           2  (IBUFCTRL=1 INBUF=1)
  Clock Path Skew:        1.287ns (DCD - SCD - CPR)
    Destination Clock Delay (DCD):    1.287ns
    Source Clock Delay      (SCD):    0.000ns
    Clock Pessimism Removal (CPR):    -0.000ns
  Clock Net Delay (Destination): 0.582ns (routing 0.001ns, distribution 0.581ns)

    Location             Delay type                Incr(ns)  Path(ns)    Netlist Resource(s)
  -------------------------------------------------------------------    -------------------
    K7                                                0.000     0.000 r  i_guess_word[5] (IN)
                         net (fo=0)                   0.000     0.000    i_guess_word_IBUF[5]_inst/I
    K7                   INBUF (Prop_INBUF_HPIOB_S_PAD_O)
                                                      0.126     0.126 r  i_guess_word_IBUF[5]_inst/INBUF_INST/O
                         net (fo=1, routed)           0.000     0.126    i_guess_word_IBUF[5]_inst/OUT
    K7                   IBUFCTRL (Prop_IBUFCTRL_HPIOB_S_I_O)
                                                      0.000     0.126 r  i_guess_word_IBUF[5]_inst/IBUFCTRL_INST/O
                         net (fo=1, routed)           0.432     0.558    fsm_inst/r_guess_word_reg[31]_2[5]
    SLICE_X25Y174        FDRE                                         r  fsm_inst/r_guess_word_reg[5]/D
  -------------------------------------------------------------------    -------------------

                         (clock clk rise edge)        0.000     0.000 r  
    L7                                                0.000     0.000 r  clk (IN)
                         net (fo=0)                   0.000     0.000    clk_IBUF_inst/I
    L7                   INBUF (Prop_INBUF_HPIOB_M_PAD_O)
                                                      0.317     0.317 r  clk_IBUF_inst/INBUF_INST/O
                         net (fo=1, routed)           0.000     0.317    clk_IBUF_inst/OUT
    L7                   IBUFCTRL (Prop_IBUFCTRL_HPIOB_M_I_O)
                                                      0.000     0.317 r  clk_IBUF_inst/IBUFCTRL_INST/O
                         net (fo=1, routed)           0.362     0.679    clk_IBUF
    BUFGCE_X0Y57         BUFGCE (Prop_BUFCE_BUFGCE_I_O)
                                                      0.026     0.705 r  clk_IBUF_BUFG_inst/O
    X1Y2 (CLOCK_ROOT)    net (fo=53, routed)          0.582     1.287    fsm_inst/CLK
    SLICE_X25Y174        FDRE                                         r  fsm_inst/r_guess_word_reg[5]/C

Slack:                    inf
  Source:                 i_guess_word[1]
                            (input port)
  Destination:            fsm_inst/r_guess_word_reg[1]/D
                            (rising edge-triggered cell FDRE clocked by clk  {rise@0.000ns fall@5.000ns period=10.000ns})
  Path Group:             (none)
  Path Type:              Hold (Min at Fast Process Corner)
  Data Path Delay:        0.570ns  (logic 0.127ns (22.324%)  route 0.443ns (77.676%))
  Logic Levels:           2  (IBUFCTRL=1 INBUF=1)
  Clock Path Skew:        1.282ns (DCD - SCD - CPR)
    Destination Clock Delay (DCD):    1.282ns
    Source Clock Delay      (SCD):    0.000ns
    Clock Pessimism Removal (CPR):    -0.000ns
  Clock Net Delay (Destination): 0.577ns (routing 0.001ns, distribution 0.576ns)

    Location             Delay type                Incr(ns)  Path(ns)    Netlist Resource(s)
  -------------------------------------------------------------------    -------------------
    H8                                                0.000     0.000 r  i_guess_word[1] (IN)
                         net (fo=0)                   0.000     0.000    i_guess_word_IBUF[1]_inst/I
    H8                   INBUF (Prop_INBUF_HPIOB_S_PAD_O)
                                                      0.127     0.127 r  i_guess_word_IBUF[1]_inst/INBUF_INST/O
                         net (fo=1, routed)           0.000     0.127    i_guess_word_IBUF[1]_inst/OUT
    H8                   IBUFCTRL (Prop_IBUFCTRL_HPIOB_S_I_O)
                                                      0.000     0.127 r  i_guess_word_IBUF[1]_inst/IBUFCTRL_INST/O
                         net (fo=1, routed)           0.443     0.570    fsm_inst/r_guess_word_reg[31]_2[1]
    SLICE_X25Y176        FDRE                                         r  fsm_inst/r_guess_word_reg[1]/D
  -------------------------------------------------------------------    -------------------

                         (clock clk rise edge)        0.000     0.000 r  
    L7                                                0.000     0.000 r  clk (IN)
                         net (fo=0)                   0.000     0.000    clk_IBUF_inst/I
    L7                   INBUF (Prop_INBUF_HPIOB_M_PAD_O)
                                                      0.317     0.317 r  clk_IBUF_inst/INBUF_INST/O
                         net (fo=1, routed)           0.000     0.317    clk_IBUF_inst/OUT
    L7                   IBUFCTRL (Prop_IBUFCTRL_HPIOB_M_I_O)
                                                      0.000     0.317 r  clk_IBUF_inst/IBUFCTRL_INST/O
                         net (fo=1, routed)           0.362     0.679    clk_IBUF
    BUFGCE_X0Y57         BUFGCE (Prop_BUFCE_BUFGCE_I_O)
                                                      0.026     0.705 r  clk_IBUF_BUFG_inst/O
    X1Y2 (CLOCK_ROOT)    net (fo=53, routed)          0.577     1.282    fsm_inst/CLK
    SLICE_X25Y176        FDRE                                         r  fsm_inst/r_guess_word_reg[1]/C

Slack:                    inf
  Source:                 i_guess_word[10]
                            (input port)
  Destination:            fsm_inst/r_guess_word_reg[10]/D
                            (rising edge-triggered cell FDRE clocked by clk  {rise@0.000ns fall@5.000ns period=10.000ns})
  Path Group:             (none)
  Path Type:              Hold (Min at Fast Process Corner)
  Data Path Delay:        0.586ns  (logic 0.128ns (21.878%)  route 0.458ns (78.122%))
  Logic Levels:           2  (IBUFCTRL=1 INBUF=1)
  Clock Path Skew:        1.286ns (DCD - SCD - CPR)
    Destination Clock Delay (DCD):    1.286ns
    Source Clock Delay      (SCD):    0.000ns
    Clock Pessimism Removal (CPR):    -0.000ns
  Clock Net Delay (Destination): 0.581ns (routing 0.001ns, distribution 0.580ns)

    Location             Delay type                Incr(ns)  Path(ns)    Netlist Resource(s)
  -------------------------------------------------------------------    -------------------
    N9                                                0.000     0.000 r  i_guess_word[10] (IN)
                         net (fo=0)                   0.000     0.000    i_guess_word_IBUF[10]_inst/I
    N9                   INBUF (Prop_INBUF_HPIOB_M_PAD_O)
                                                      0.128     0.128 r  i_guess_word_IBUF[10]_inst/INBUF_INST/O
                         net (fo=1, routed)           0.000     0.128    i_guess_word_IBUF[10]_inst/OUT
    N9                   IBUFCTRL (Prop_IBUFCTRL_HPIOB_M_I_O)
                                                      0.000     0.128 r  i_guess_word_IBUF[10]_inst/IBUFCTRL_INST/O
                         net (fo=1, routed)           0.458     0.586    fsm_inst/r_guess_word_reg[31]_2[10]
    SLICE_X26Y170        FDRE                                         r  fsm_inst/r_guess_word_reg[10]/D
  -------------------------------------------------------------------    -------------------

                         (clock clk rise edge)        0.000     0.000 r  
    L7                                                0.000     0.000 r  clk (IN)
                         net (fo=0)                   0.000     0.000    clk_IBUF_inst/I
    L7                   INBUF (Prop_INBUF_HPIOB_M_PAD_O)
                                                      0.317     0.317 r  clk_IBUF_inst/INBUF_INST/O
                         net (fo=1, routed)           0.000     0.317    clk_IBUF_inst/OUT
    L7                   IBUFCTRL (Prop_IBUFCTRL_HPIOB_M_I_O)
                                                      0.000     0.317 r  clk_IBUF_inst/IBUFCTRL_INST/O
                         net (fo=1, routed)           0.362     0.679    clk_IBUF
    BUFGCE_X0Y57         BUFGCE (Prop_BUFCE_BUFGCE_I_O)
                                                      0.026     0.705 r  clk_IBUF_BUFG_inst/O
    X1Y2 (CLOCK_ROOT)    net (fo=53, routed)          0.581     1.286    fsm_inst/CLK
    SLICE_X26Y170        FDRE                                         r  fsm_inst/r_guess_word_reg[10]/C

Slack:                    inf
  Source:                 i_guess_word[8]
                            (input port)
  Destination:            fsm_inst/r_guess_word_reg[8]/D
                            (rising edge-triggered cell FDRE clocked by clk  {rise@0.000ns fall@5.000ns period=10.000ns})
  Path Group:             (none)
  Path Type:              Hold (Min at Fast Process Corner)
  Data Path Delay:        0.606ns  (logic 0.151ns (24.892%)  route 0.455ns (75.108%))
  Logic Levels:           2  (IBUFCTRL=1 INBUF=1)
  Clock Path Skew:        1.286ns (DCD - SCD - CPR)
    Destination Clock Delay (DCD):    1.286ns
    Source Clock Delay      (SCD):    0.000ns
    Clock Pessimism Removal (CPR):    -0.000ns
  Clock Net Delay (Destination): 0.581ns (routing 0.001ns, distribution 0.580ns)

    Location             Delay type                Incr(ns)  Path(ns)    Netlist Resource(s)
  -------------------------------------------------------------------    -------------------
    J5                                                0.000     0.000 r  i_guess_word[8] (IN)
                         net (fo=0)                   0.000     0.000    i_guess_word_IBUF[8]_inst/I
    J5                   INBUF (Prop_INBUF_HPIOB_M_PAD_O)
                                                      0.151     0.151 r  i_guess_word_IBUF[8]_inst/INBUF_INST/O
                         net (fo=1, routed)           0.000     0.151    i_guess_word_IBUF[8]_inst/OUT
    J5                   IBUFCTRL (Prop_IBUFCTRL_HPIOB_M_I_O)
                                                      0.000     0.151 r  i_guess_word_IBUF[8]_inst/IBUFCTRL_INST/O
                         net (fo=1, routed)           0.455     0.606    fsm_inst/r_guess_word_reg[31]_2[8]
    SLICE_X26Y172        FDRE                                         r  fsm_inst/r_guess_word_reg[8]/D
  -------------------------------------------------------------------    -------------------

                         (clock clk rise edge)        0.000     0.000 r  
    L7                                                0.000     0.000 r  clk (IN)
                         net (fo=0)                   0.000     0.000    clk_IBUF_inst/I
    L7                   INBUF (Prop_INBUF_HPIOB_M_PAD_O)
                                                      0.317     0.317 r  clk_IBUF_inst/INBUF_INST/O
                         net (fo=1, routed)           0.000     0.317    clk_IBUF_inst/OUT
    L7                   IBUFCTRL (Prop_IBUFCTRL_HPIOB_M_I_O)
                                                      0.000     0.317 r  clk_IBUF_inst/IBUFCTRL_INST/O
                         net (fo=1, routed)           0.362     0.679    clk_IBUF
    BUFGCE_X0Y57         BUFGCE (Prop_BUFCE_BUFGCE_I_O)
                                                      0.026     0.705 r  clk_IBUF_BUFG_inst/O
    X1Y2 (CLOCK_ROOT)    net (fo=53, routed)          0.581     1.286    fsm_inst/CLK
    SLICE_X26Y172        FDRE                                         r  fsm_inst/r_guess_word_reg[8]/C

Slack:                    inf
  Source:                 i_guess_word[0]
                            (input port)
  Destination:            fsm_inst/r_guess_word_reg[0]/D
                            (rising edge-triggered cell FDRE clocked by clk  {rise@0.000ns fall@5.000ns period=10.000ns})
  Path Group:             (none)
  Path Type:              Hold (Min at Fast Process Corner)
  Data Path Delay:        0.614ns  (logic 0.127ns (20.629%)  route 0.487ns (79.371%))
  Logic Levels:           2  (IBUFCTRL=1 INBUF=1)
  Clock Path Skew:        1.293ns (DCD - SCD - CPR)
    Destination Clock Delay (DCD):    1.293ns
    Source Clock Delay      (SCD):    0.000ns
    Clock Pessimism Removal (CPR):    -0.000ns
  Clock Net Delay (Destination): 0.588ns (routing 0.001ns, distribution 0.587ns)

    Location             Delay type                Incr(ns)  Path(ns)    Netlist Resource(s)
  -------------------------------------------------------------------    -------------------
    H9                                                0.000     0.000 r  i_guess_word[0] (IN)
                         net (fo=0)                   0.000     0.000    i_guess_word_IBUF[0]_inst/I
    H9                   INBUF (Prop_INBUF_HPIOB_M_PAD_O)
                                                      0.127     0.127 r  i_guess_word_IBUF[0]_inst/INBUF_INST/O
                         net (fo=1, routed)           0.000     0.127    i_guess_word_IBUF[0]_inst/OUT
    H9                   IBUFCTRL (Prop_IBUFCTRL_HPIOB_M_I_O)
                                                      0.000     0.127 r  i_guess_word_IBUF[0]_inst/IBUFCTRL_INST/O
                         net (fo=1, routed)           0.487     0.614    fsm_inst/r_guess_word_reg[31]_2[0]
    SLICE_X27Y175        FDRE                                         r  fsm_inst/r_guess_word_reg[0]/D
  -------------------------------------------------------------------    -------------------

                         (clock clk rise edge)        0.000     0.000 r  
    L7                                                0.000     0.000 r  clk (IN)
                         net (fo=0)                   0.000     0.000    clk_IBUF_inst/I
    L7                   INBUF (Prop_INBUF_HPIOB_M_PAD_O)
                                                      0.317     0.317 r  clk_IBUF_inst/INBUF_INST/O
                         net (fo=1, routed)           0.000     0.317    clk_IBUF_inst/OUT
    L7                   IBUFCTRL (Prop_IBUFCTRL_HPIOB_M_I_O)
                                                      0.000     0.317 r  clk_IBUF_inst/IBUFCTRL_INST/O
                         net (fo=1, routed)           0.362     0.679    clk_IBUF
    BUFGCE_X0Y57         BUFGCE (Prop_BUFCE_BUFGCE_I_O)
                                                      0.026     0.705 r  clk_IBUF_BUFG_inst/O
    X1Y2 (CLOCK_ROOT)    net (fo=53, routed)          0.588     1.293    fsm_inst/CLK
    SLICE_X27Y175        FDRE                                         r  fsm_inst/r_guess_word_reg[0]/C





