
*** Running vivado
    with args -log mvm.vds -m64 -product Vivado -mode batch -messageDb vivado.pb -notrace -source mvm.tcl



****** Vivado v2024.2.2 (64-bit)
  **** SW Build 6060944 on Thu Mar 06 19:10:01 MST 2025
  **** IP Build 6050500 on Thu Mar  6 23:33:39 MST 2025
  **** SharedData Build 6060542 on Thu Mar 06 10:31:07 MST 2025
  **** Start of session at: Sun Jul 26 14:56:45 2026
    ** Copyright 1986-2022 Xilinx, Inc. All Rights Reserved.
    ** Copyright 2022-2025 Advanced Micro Devices, Inc. All Rights Reserved.

source mvm.tcl -notrace
create_project: Time (s): cpu = 00:00:05 ; elapsed = 00:00:06 . Memory (MB): peak = 625.398 ; gain = 192.883
Command: read_checkpoint -auto_incremental -incremental C:/Users/g55wang/lab4/lab4.srcs/utils_1/imports/synth_1/mvm.dcp
INFO: [Vivado 12-5825] Read reference checkpoint from C:/Users/g55wang/lab4/lab4.srcs/utils_1/imports/synth_1/mvm.dcp for incremental synthesis
INFO: [Vivado 12-7989] Please ensure there are no constraint changes
Command: synth_design -top mvm -part xck26-sfvc784-2LV-c -mode out_of_context -cascade_dsp tree
Starting synth_design
Attempting to get a license for feature 'Synthesis' and/or device 'xck26'
INFO: [Common 17-349] Got license for feature 'Synthesis' and/or device 'xck26'
INFO: [Device 21-403] Loading part xck26-sfvc784-2LV-c
INFO: [Designutils 20-5440] No compile time benefit to using incremental synthesis; A full resynthesis will be run
INFO: [Designutils 20-4379] Flow is switching to default flow due to incremental criteria not met. If you would like to alter this behaviour and have the flow terminate instead, please set the following parameter config_implementation {autoIncr.Synth.RejectBehavior Terminate}
INFO: [Synth 8-7079] Multithreading enabled for synth_design using a maximum of 2 processes.
INFO: [Synth 8-7078] Launching helper process for spawning children vivado processes
INFO: [Synth 8-7075] Helper process launched with PID 16708
---------------------------------------------------------------------------------
Starting RTL Elaboration : Time (s): cpu = 00:00:04 ; elapsed = 00:00:04 . Memory (MB): peak = 1849.875 ; gain = 181.668
---------------------------------------------------------------------------------
INFO: [Synth 8-6157] synthesizing module 'mvm' [C:/Users/g55wang/lab4_template/src/mvm.sv:7]
INFO: [Synth 8-6157] synthesizing module 'mem' [C:/Users/g55wang/lab4_template/src/mem.sv:7]
	Parameter DATAW bound to: 64 - type: integer 
	Parameter DEPTH bound to: 512 - type: integer 
	Parameter ADDRW bound to: 9 - type: integer 
INFO: [Synth 8-6155] done synthesizing module 'mem' (0#1) [C:/Users/g55wang/lab4_template/src/mem.sv:7]
INFO: [Synth 8-6157] synthesizing module 'dot8' [C:/Users/g55wang/lab4_template/src/dot8.sv:7]
	Parameter IWIDTH bound to: 8 - type: integer 
	Parameter OWIDTH bound to: 32 - type: integer 
INFO: [Synth 8-6157] synthesizing module 'dsp_signed_mult_pipe' [C:/Users/g55wang/lab4_template/src/dot8.sv:103]
	Parameter IWIDTH bound to: 8 - type: integer 
INFO: [Synth 8-6157] synthesizing module 'DSP48E2' [C:/Software/Xilinx/Vivado/2024.2/scripts/rt/data/unisim_comp.v:42062]
	Parameter ACASCREG bound to: 2 - type: integer 
	Parameter ADREG bound to: 0 - type: integer 
	Parameter ALUMODEREG bound to: 0 - type: integer 
	Parameter AMULTSEL bound to: A - type: string 
	Parameter AREG bound to: 2 - type: integer 
	Parameter AUTORESET_PATDET bound to: NO_RESET - type: string 
	Parameter AUTORESET_PRIORITY bound to: RESET - type: string 
	Parameter A_INPUT bound to: DIRECT - type: string 
	Parameter BCASCREG bound to: 2 - type: integer 
	Parameter BMULTSEL bound to: B - type: string 
	Parameter BREG bound to: 2 - type: integer 
	Parameter B_INPUT bound to: DIRECT - type: string 
	Parameter CARRYINREG bound to: 0 - type: integer 
	Parameter CARRYINSELREG bound to: 0 - type: integer 
	Parameter CREG bound to: 0 - type: integer 
	Parameter DREG bound to: 0 - type: integer 
	Parameter INMODEREG bound to: 0 - type: integer 
	Parameter MASK bound to: 48'b001111111111111111111111111111111111111111111111 
	Parameter MREG bound to: 1 - type: integer 
	Parameter OPMODEREG bound to: 0 - type: integer 
	Parameter PATTERN bound to: 48'b000000000000000000000000000000000000000000000000 
	Parameter PREADDINSEL bound to: A - type: string 
	Parameter PREG bound to: 1 - type: integer 
	Parameter SEL_MASK bound to: MASK - type: string 
	Parameter SEL_PATTERN bound to: PATTERN - type: string 
	Parameter USE_MULT bound to: MULTIPLY - type: string 
	Parameter USE_PATTERN_DETECT bound to: NO_PATDET - type: string 
	Parameter USE_SIMD bound to: ONE48 - type: string 
	Parameter USE_WIDEXOR bound to: FALSE - type: string 
	Parameter XORSIMD bound to: XOR24_48_96 - type: string 
INFO: [Synth 8-6155] done synthesizing module 'DSP48E2' (0#1) [C:/Software/Xilinx/Vivado/2024.2/scripts/rt/data/unisim_comp.v:42062]
INFO: [Synth 8-6155] done synthesizing module 'dsp_signed_mult_pipe' (0#1) [C:/Users/g55wang/lab4_template/src/dot8.sv:103]
INFO: [Synth 8-6155] done synthesizing module 'dot8' (0#1) [C:/Users/g55wang/lab4_template/src/dot8.sv:7]
INFO: [Synth 8-6157] synthesizing module 'accum' [C:/Users/g55wang/lab4_template/src/accum.sv:7]
	Parameter DATAW bound to: 32 - type: integer 
	Parameter ACCUMW bound to: 32 - type: integer 
WARNING: [Synth 8-693] zero replication count - replication ignored [C:/Users/g55wang/lab4_template/src/accum.sv:30]
INFO: [Synth 8-6157] synthesizing module 'DSP48E2__parameterized0' [C:/Software/Xilinx/Vivado/2024.2/scripts/rt/data/unisim_comp.v:42062]
	Parameter ACASCREG bound to: 0 - type: integer 
	Parameter ADREG bound to: 0 - type: integer 
	Parameter ALUMODEREG bound to: 0 - type: integer 
	Parameter AMULTSEL bound to: A - type: string 
	Parameter AREG bound to: 0 - type: integer 
	Parameter AUTORESET_PATDET bound to: NO_RESET - type: string 
	Parameter AUTORESET_PRIORITY bound to: RESET - type: string 
	Parameter A_INPUT bound to: DIRECT - type: string 
	Parameter BCASCREG bound to: 0 - type: integer 
	Parameter BMULTSEL bound to: B - type: string 
	Parameter BREG bound to: 0 - type: integer 
	Parameter B_INPUT bound to: DIRECT - type: string 
	Parameter CARRYINREG bound to: 0 - type: integer 
	Parameter CARRYINSELREG bound to: 0 - type: integer 
	Parameter CREG bound to: 1 - type: integer 
	Parameter DREG bound to: 0 - type: integer 
	Parameter INMODEREG bound to: 0 - type: integer 
	Parameter MASK bound to: 48'b001111111111111111111111111111111111111111111111 
	Parameter MREG bound to: 0 - type: integer 
	Parameter OPMODEREG bound to: 1 - type: integer 
	Parameter PATTERN bound to: 48'b000000000000000000000000000000000000000000000000 
	Parameter PREADDINSEL bound to: A - type: string 
	Parameter PREG bound to: 1 - type: integer 
	Parameter SEL_MASK bound to: MASK - type: string 
	Parameter SEL_PATTERN bound to: PATTERN - type: string 
	Parameter USE_MULT bound to: NONE - type: string 
	Parameter USE_PATTERN_DETECT bound to: NO_PATDET - type: string 
	Parameter USE_SIMD bound to: ONE48 - type: string 
	Parameter USE_WIDEXOR bound to: FALSE - type: string 
	Parameter XORSIMD bound to: XOR24_48_96 - type: string 
INFO: [Synth 8-6155] done synthesizing module 'DSP48E2__parameterized0' (0#1) [C:/Software/Xilinx/Vivado/2024.2/scripts/rt/data/unisim_comp.v:42062]
INFO: [Synth 8-6155] done synthesizing module 'accum' (0#1) [C:/Users/g55wang/lab4_template/src/accum.sv:7]
INFO: [Synth 8-6157] synthesizing module 'ctrl' [C:/Users/g55wang/lab4_template/src/ctrl.sv:7]
	Parameter VEC_ADDRW bound to: 8 - type: integer 
	Parameter MAT_ADDRW bound to: 9 - type: integer 
	Parameter VEC_SIZEW bound to: 9 - type: integer 
	Parameter MAT_SIZEW bound to: 10 - type: integer 
INFO: [Synth 8-226] default block is never used [C:/Users/g55wang/lab4_template/src/ctrl.sv:96]
INFO: [Synth 8-226] default block is never used [C:/Users/g55wang/lab4_template/src/ctrl.sv:123]
INFO: [Synth 8-6155] done synthesizing module 'ctrl' (0#1) [C:/Users/g55wang/lab4_template/src/ctrl.sv:7]
INFO: [Synth 8-6157] synthesizing module 'mem__parameterized0' [C:/Users/g55wang/lab4_template/src/mem.sv:7]
	Parameter DATAW bound to: 64 - type: integer 
	Parameter DEPTH bound to: 256 - type: integer 
	Parameter ADDRW bound to: 8 - type: integer 
INFO: [Synth 8-6155] done synthesizing module 'mem__parameterized0' (0#1) [C:/Users/g55wang/lab4_template/src/mem.sv:7]
INFO: [Synth 8-6155] done synthesizing module 'mvm' (0#1) [C:/Users/g55wang/lab4_template/src/mvm.sv:7]
WARNING: [Synth 8-6014] Unused sequential element gen_olanes[1].vec_lane_reg[1] was removed.  [C:/Users/g55wang/lab4_template/src/mvm.sv:258]
WARNING: [Synth 8-6014] Unused sequential element gen_olanes[2].vec_lane_reg[2] was removed.  [C:/Users/g55wang/lab4_template/src/mvm.sv:258]
WARNING: [Synth 8-6014] Unused sequential element gen_olanes[3].vec_lane_reg[3] was removed.  [C:/Users/g55wang/lab4_template/src/mvm.sv:258]
WARNING: [Synth 8-6014] Unused sequential element gen_olanes[4].vec_lane_reg[4] was removed.  [C:/Users/g55wang/lab4_template/src/mvm.sv:258]
WARNING: [Synth 8-6014] Unused sequential element gen_olanes[5].vec_lane_reg[5] was removed.  [C:/Users/g55wang/lab4_template/src/mvm.sv:258]
WARNING: [Synth 8-6014] Unused sequential element gen_olanes[6].vec_lane_reg[6] was removed.  [C:/Users/g55wang/lab4_template/src/mvm.sv:258]
WARNING: [Synth 8-6014] Unused sequential element gen_olanes[7].vec_lane_reg[7] was removed.  [C:/Users/g55wang/lab4_template/src/mvm.sv:258]
WARNING: [Synth 8-6014] Unused sequential element gen_olanes[9].vec_lane_reg[9] was removed.  [C:/Users/g55wang/lab4_template/src/mvm.sv:258]
WARNING: [Synth 8-6014] Unused sequential element gen_olanes[10].vec_lane_reg[10] was removed.  [C:/Users/g55wang/lab4_template/src/mvm.sv:258]
WARNING: [Synth 8-6014] Unused sequential element gen_olanes[11].vec_lane_reg[11] was removed.  [C:/Users/g55wang/lab4_template/src/mvm.sv:258]
WARNING: [Synth 8-6014] Unused sequential element gen_olanes[12].vec_lane_reg[12] was removed.  [C:/Users/g55wang/lab4_template/src/mvm.sv:258]
WARNING: [Synth 8-6014] Unused sequential element gen_olanes[13].vec_lane_reg[13] was removed.  [C:/Users/g55wang/lab4_template/src/mvm.sv:258]
WARNING: [Synth 8-6014] Unused sequential element gen_olanes[14].vec_lane_reg[14] was removed.  [C:/Users/g55wang/lab4_template/src/mvm.sv:258]
WARNING: [Synth 8-6014] Unused sequential element gen_olanes[15].vec_lane_reg[15] was removed.  [C:/Users/g55wang/lab4_template/src/mvm.sv:258]
WARNING: [Synth 8-6014] Unused sequential element gen_olanes[17].vec_lane_reg[17] was removed.  [C:/Users/g55wang/lab4_template/src/mvm.sv:258]
WARNING: [Synth 8-6014] Unused sequential element gen_olanes[18].vec_lane_reg[18] was removed.  [C:/Users/g55wang/lab4_template/src/mvm.sv:258]
WARNING: [Synth 8-6014] Unused sequential element gen_olanes[19].vec_lane_reg[19] was removed.  [C:/Users/g55wang/lab4_template/src/mvm.sv:258]
WARNING: [Synth 8-6014] Unused sequential element gen_olanes[20].vec_lane_reg[20] was removed.  [C:/Users/g55wang/lab4_template/src/mvm.sv:258]
WARNING: [Synth 8-6014] Unused sequential element gen_olanes[21].vec_lane_reg[21] was removed.  [C:/Users/g55wang/lab4_template/src/mvm.sv:258]
WARNING: [Synth 8-6014] Unused sequential element gen_olanes[22].vec_lane_reg[22] was removed.  [C:/Users/g55wang/lab4_template/src/mvm.sv:258]
WARNING: [Synth 8-6014] Unused sequential element gen_olanes[23].vec_lane_reg[23] was removed.  [C:/Users/g55wang/lab4_template/src/mvm.sv:258]
WARNING: [Synth 8-6014] Unused sequential element gen_olanes[25].vec_lane_reg[25] was removed.  [C:/Users/g55wang/lab4_template/src/mvm.sv:258]
WARNING: [Synth 8-6014] Unused sequential element gen_olanes[26].vec_lane_reg[26] was removed.  [C:/Users/g55wang/lab4_template/src/mvm.sv:258]
WARNING: [Synth 8-6014] Unused sequential element gen_olanes[27].vec_lane_reg[27] was removed.  [C:/Users/g55wang/lab4_template/src/mvm.sv:258]
WARNING: [Synth 8-6014] Unused sequential element gen_olanes[28].vec_lane_reg[28] was removed.  [C:/Users/g55wang/lab4_template/src/mvm.sv:258]
WARNING: [Synth 8-6014] Unused sequential element gen_olanes[29].vec_lane_reg[29] was removed.  [C:/Users/g55wang/lab4_template/src/mvm.sv:258]
WARNING: [Synth 8-6014] Unused sequential element gen_olanes[30].vec_lane_reg[30] was removed.  [C:/Users/g55wang/lab4_template/src/mvm.sv:258]
WARNING: [Synth 8-6014] Unused sequential element gen_olanes[31].vec_lane_reg[31] was removed.  [C:/Users/g55wang/lab4_template/src/mvm.sv:258]
WARNING: [Synth 8-6014] Unused sequential element gen_olanes[33].vec_lane_reg[33] was removed.  [C:/Users/g55wang/lab4_template/src/mvm.sv:258]
WARNING: [Synth 8-6014] Unused sequential element gen_olanes[34].vec_lane_reg[34] was removed.  [C:/Users/g55wang/lab4_template/src/mvm.sv:258]
WARNING: [Synth 8-6014] Unused sequential element gen_olanes[35].vec_lane_reg[35] was removed.  [C:/Users/g55wang/lab4_template/src/mvm.sv:258]
WARNING: [Synth 8-6014] Unused sequential element gen_olanes[36].vec_lane_reg[36] was removed.  [C:/Users/g55wang/lab4_template/src/mvm.sv:258]
WARNING: [Synth 8-6014] Unused sequential element gen_olanes[37].vec_lane_reg[37] was removed.  [C:/Users/g55wang/lab4_template/src/mvm.sv:258]
WARNING: [Synth 8-6014] Unused sequential element gen_olanes[38].vec_lane_reg[38] was removed.  [C:/Users/g55wang/lab4_template/src/mvm.sv:258]
WARNING: [Synth 8-6014] Unused sequential element gen_olanes[39].vec_lane_reg[39] was removed.  [C:/Users/g55wang/lab4_template/src/mvm.sv:258]
WARNING: [Synth 8-6014] Unused sequential element gen_olanes[41].vec_lane_reg[41] was removed.  [C:/Users/g55wang/lab4_template/src/mvm.sv:258]
WARNING: [Synth 8-6014] Unused sequential element gen_olanes[42].vec_lane_reg[42] was removed.  [C:/Users/g55wang/lab4_template/src/mvm.sv:258]
WARNING: [Synth 8-6014] Unused sequential element gen_olanes[43].vec_lane_reg[43] was removed.  [C:/Users/g55wang/lab4_template/src/mvm.sv:258]
WARNING: [Synth 8-6014] Unused sequential element gen_olanes[44].vec_lane_reg[44] was removed.  [C:/Users/g55wang/lab4_template/src/mvm.sv:258]
WARNING: [Synth 8-6014] Unused sequential element gen_olanes[45].vec_lane_reg[45] was removed.  [C:/Users/g55wang/lab4_template/src/mvm.sv:258]
WARNING: [Synth 8-6014] Unused sequential element gen_olanes[46].vec_lane_reg[46] was removed.  [C:/Users/g55wang/lab4_template/src/mvm.sv:258]
WARNING: [Synth 8-6014] Unused sequential element gen_olanes[47].vec_lane_reg[47] was removed.  [C:/Users/g55wang/lab4_template/src/mvm.sv:258]
WARNING: [Synth 8-6014] Unused sequential element gen_olanes[49].vec_lane_reg[49] was removed.  [C:/Users/g55wang/lab4_template/src/mvm.sv:258]
WARNING: [Synth 8-6014] Unused sequential element gen_olanes[50].vec_lane_reg[50] was removed.  [C:/Users/g55wang/lab4_template/src/mvm.sv:258]
WARNING: [Synth 8-6014] Unused sequential element gen_olanes[51].vec_lane_reg[51] was removed.  [C:/Users/g55wang/lab4_template/src/mvm.sv:258]
WARNING: [Synth 8-6014] Unused sequential element gen_olanes[52].vec_lane_reg[52] was removed.  [C:/Users/g55wang/lab4_template/src/mvm.sv:258]
WARNING: [Synth 8-6014] Unused sequential element gen_olanes[53].vec_lane_reg[53] was removed.  [C:/Users/g55wang/lab4_template/src/mvm.sv:258]
WARNING: [Synth 8-6014] Unused sequential element gen_olanes[54].vec_lane_reg[54] was removed.  [C:/Users/g55wang/lab4_template/src/mvm.sv:258]
WARNING: [Synth 8-6014] Unused sequential element gen_olanes[55].vec_lane_reg[55] was removed.  [C:/Users/g55wang/lab4_template/src/mvm.sv:258]
WARNING: [Synth 8-6014] Unused sequential element gen_olanes[57].vec_lane_reg[57] was removed.  [C:/Users/g55wang/lab4_template/src/mvm.sv:258]
WARNING: [Synth 8-6014] Unused sequential element gen_olanes[58].vec_lane_reg[58] was removed.  [C:/Users/g55wang/lab4_template/src/mvm.sv:258]
WARNING: [Synth 8-6014] Unused sequential element gen_olanes[59].vec_lane_reg[59] was removed.  [C:/Users/g55wang/lab4_template/src/mvm.sv:258]
WARNING: [Synth 8-6014] Unused sequential element gen_olanes[60].vec_lane_reg[60] was removed.  [C:/Users/g55wang/lab4_template/src/mvm.sv:258]
WARNING: [Synth 8-6014] Unused sequential element gen_olanes[61].vec_lane_reg[61] was removed.  [C:/Users/g55wang/lab4_template/src/mvm.sv:258]
WARNING: [Synth 8-6014] Unused sequential element gen_olanes[62].vec_lane_reg[62] was removed.  [C:/Users/g55wang/lab4_template/src/mvm.sv:258]
WARNING: [Synth 8-6014] Unused sequential element gen_olanes[63].vec_lane_reg[63] was removed.  [C:/Users/g55wang/lab4_template/src/mvm.sv:258]
WARNING: [Synth 8-6014] Unused sequential element gen_olanes[65].vec_lane_reg[65] was removed.  [C:/Users/g55wang/lab4_template/src/mvm.sv:258]
WARNING: [Synth 8-6014] Unused sequential element gen_olanes[66].vec_lane_reg[66] was removed.  [C:/Users/g55wang/lab4_template/src/mvm.sv:258]
WARNING: [Synth 8-6014] Unused sequential element gen_olanes[67].vec_lane_reg[67] was removed.  [C:/Users/g55wang/lab4_template/src/mvm.sv:258]
WARNING: [Synth 8-6014] Unused sequential element gen_olanes[68].vec_lane_reg[68] was removed.  [C:/Users/g55wang/lab4_template/src/mvm.sv:258]
WARNING: [Synth 8-6014] Unused sequential element gen_olanes[69].vec_lane_reg[69] was removed.  [C:/Users/g55wang/lab4_template/src/mvm.sv:258]
WARNING: [Synth 8-6014] Unused sequential element gen_olanes[70].vec_lane_reg[70] was removed.  [C:/Users/g55wang/lab4_template/src/mvm.sv:258]
WARNING: [Synth 8-6014] Unused sequential element gen_olanes[71].vec_lane_reg[71] was removed.  [C:/Users/g55wang/lab4_template/src/mvm.sv:258]
WARNING: [Synth 8-6014] Unused sequential element gen_olanes[73].vec_lane_reg[73] was removed.  [C:/Users/g55wang/lab4_template/src/mvm.sv:258]
WARNING: [Synth 8-6014] Unused sequential element gen_olanes[74].vec_lane_reg[74] was removed.  [C:/Users/g55wang/lab4_template/src/mvm.sv:258]
WARNING: [Synth 8-6014] Unused sequential element gen_olanes[75].vec_lane_reg[75] was removed.  [C:/Users/g55wang/lab4_template/src/mvm.sv:258]
WARNING: [Synth 8-6014] Unused sequential element gen_olanes[76].vec_lane_reg[76] was removed.  [C:/Users/g55wang/lab4_template/src/mvm.sv:258]
WARNING: [Synth 8-6014] Unused sequential element gen_olanes[77].vec_lane_reg[77] was removed.  [C:/Users/g55wang/lab4_template/src/mvm.sv:258]
WARNING: [Synth 8-6014] Unused sequential element gen_olanes[78].vec_lane_reg[78] was removed.  [C:/Users/g55wang/lab4_template/src/mvm.sv:258]
WARNING: [Synth 8-6014] Unused sequential element gen_olanes[79].vec_lane_reg[79] was removed.  [C:/Users/g55wang/lab4_template/src/mvm.sv:258]
WARNING: [Synth 8-6014] Unused sequential element gen_olanes[81].vec_lane_reg[81] was removed.  [C:/Users/g55wang/lab4_template/src/mvm.sv:258]
WARNING: [Synth 8-6014] Unused sequential element gen_olanes[82].vec_lane_reg[82] was removed.  [C:/Users/g55wang/lab4_template/src/mvm.sv:258]
WARNING: [Synth 8-6014] Unused sequential element gen_olanes[83].vec_lane_reg[83] was removed.  [C:/Users/g55wang/lab4_template/src/mvm.sv:258]
WARNING: [Synth 8-6014] Unused sequential element gen_olanes[84].vec_lane_reg[84] was removed.  [C:/Users/g55wang/lab4_template/src/mvm.sv:258]
WARNING: [Synth 8-6014] Unused sequential element gen_olanes[85].vec_lane_reg[85] was removed.  [C:/Users/g55wang/lab4_template/src/mvm.sv:258]
WARNING: [Synth 8-6014] Unused sequential element gen_olanes[86].vec_lane_reg[86] was removed.  [C:/Users/g55wang/lab4_template/src/mvm.sv:258]
WARNING: [Synth 8-6014] Unused sequential element gen_olanes[87].vec_lane_reg[87] was removed.  [C:/Users/g55wang/lab4_template/src/mvm.sv:258]
WARNING: [Synth 8-6014] Unused sequential element gen_olanes[89].vec_lane_reg[89] was removed.  [C:/Users/g55wang/lab4_template/src/mvm.sv:258]
WARNING: [Synth 8-6014] Unused sequential element gen_olanes[90].vec_lane_reg[90] was removed.  [C:/Users/g55wang/lab4_template/src/mvm.sv:258]
WARNING: [Synth 8-6014] Unused sequential element gen_olanes[91].vec_lane_reg[91] was removed.  [C:/Users/g55wang/lab4_template/src/mvm.sv:258]
WARNING: [Synth 8-6014] Unused sequential element gen_olanes[92].vec_lane_reg[92] was removed.  [C:/Users/g55wang/lab4_template/src/mvm.sv:258]
WARNING: [Synth 8-6014] Unused sequential element gen_olanes[93].vec_lane_reg[93] was removed.  [C:/Users/g55wang/lab4_template/src/mvm.sv:258]
WARNING: [Synth 8-6014] Unused sequential element gen_olanes[94].vec_lane_reg[94] was removed.  [C:/Users/g55wang/lab4_template/src/mvm.sv:258]
WARNING: [Synth 8-6014] Unused sequential element gen_olanes[95].vec_lane_reg[95] was removed.  [C:/Users/g55wang/lab4_template/src/mvm.sv:258]
WARNING: [Synth 8-6014] Unused sequential element gen_olanes[97].vec_lane_reg[97] was removed.  [C:/Users/g55wang/lab4_template/src/mvm.sv:258]
WARNING: [Synth 8-6014] Unused sequential element gen_olanes[98].vec_lane_reg[98] was removed.  [C:/Users/g55wang/lab4_template/src/mvm.sv:258]
WARNING: [Synth 8-6014] Unused sequential element gen_olanes[99].vec_lane_reg[99] was removed.  [C:/Users/g55wang/lab4_template/src/mvm.sv:258]
WARNING: [Synth 8-6014] Unused sequential element gen_olanes[100].vec_lane_reg[100] was removed.  [C:/Users/g55wang/lab4_template/src/mvm.sv:258]
WARNING: [Synth 8-6014] Unused sequential element gen_olanes[101].vec_lane_reg[101] was removed.  [C:/Users/g55wang/lab4_template/src/mvm.sv:258]
WARNING: [Synth 8-6014] Unused sequential element gen_olanes[102].vec_lane_reg[102] was removed.  [C:/Users/g55wang/lab4_template/src/mvm.sv:258]
WARNING: [Synth 8-6014] Unused sequential element gen_olanes[103].vec_lane_reg[103] was removed.  [C:/Users/g55wang/lab4_template/src/mvm.sv:258]
WARNING: [Synth 8-6014] Unused sequential element gen_olanes[105].vec_lane_reg[105] was removed.  [C:/Users/g55wang/lab4_template/src/mvm.sv:258]
WARNING: [Synth 8-6014] Unused sequential element gen_olanes[106].vec_lane_reg[106] was removed.  [C:/Users/g55wang/lab4_template/src/mvm.sv:258]
WARNING: [Synth 8-6014] Unused sequential element gen_olanes[107].vec_lane_reg[107] was removed.  [C:/Users/g55wang/lab4_template/src/mvm.sv:258]
WARNING: [Synth 8-6014] Unused sequential element gen_olanes[108].vec_lane_reg[108] was removed.  [C:/Users/g55wang/lab4_template/src/mvm.sv:258]
WARNING: [Synth 8-6014] Unused sequential element gen_olanes[109].vec_lane_reg[109] was removed.  [C:/Users/g55wang/lab4_template/src/mvm.sv:258]
WARNING: [Synth 8-6014] Unused sequential element gen_olanes[110].vec_lane_reg[110] was removed.  [C:/Users/g55wang/lab4_template/src/mvm.sv:258]
WARNING: [Synth 8-6014] Unused sequential element gen_olanes[111].vec_lane_reg[111] was removed.  [C:/Users/g55wang/lab4_template/src/mvm.sv:258]
WARNING: [Synth 8-6014] Unused sequential element gen_olanes[113].vec_lane_reg[113] was removed.  [C:/Users/g55wang/lab4_template/src/mvm.sv:258]
WARNING: [Synth 8-6014] Unused sequential element gen_olanes[114].vec_lane_reg[114] was removed.  [C:/Users/g55wang/lab4_template/src/mvm.sv:258]
INFO: [Common 17-14] Message 'Synth 8-6014' appears 100 times and further instances of the messages will be disabled. Use the Tcl command set_msg_config to change the current settings.
---------------------------------------------------------------------------------
Finished RTL Elaboration : Time (s): cpu = 00:00:06 ; elapsed = 00:00:06 . Memory (MB): peak = 1982.852 ; gain = 314.645
---------------------------------------------------------------------------------
---------------------------------------------------------------------------------
Start Handling Custom Attributes
---------------------------------------------------------------------------------
---------------------------------------------------------------------------------
Finished Handling Custom Attributes : Time (s): cpu = 00:00:06 ; elapsed = 00:00:06 . Memory (MB): peak = 1982.852 ; gain = 314.645
---------------------------------------------------------------------------------
---------------------------------------------------------------------------------
Finished RTL Optimization Phase 1 : Time (s): cpu = 00:00:06 ; elapsed = 00:00:06 . Memory (MB): peak = 1982.852 ; gain = 314.645
---------------------------------------------------------------------------------
Netlist sorting complete. Time (s): cpu = 00:00:00 ; elapsed = 00:00:00.543 . Memory (MB): peak = 1982.852 ; gain = 0.000
INFO: [Netlist 29-17] Analyzing 1152 Unisim elements for replacement
INFO: [Netlist 29-28] Unisim Transformation completed in 7 CPU seconds
INFO: [Project 1-570] Preparing netlist for logic optimization

Processing XDC Constraints
Initializing timing engine
Parsing XDC File [C:/Users/g55wang/lab4_template/constraints.xdc]
INFO: [Vivado 12-2286] Implicit search of objects for pattern 'clk' matched to 'port' objects. [C:/Users/g55wang/lab4_template/constraints.xdc:1]
Resolution: To avoid ambiguous patterns, provide proper objects using get commands e.g. [get_nets xyz].
Finished Parsing XDC File [C:/Users/g55wang/lab4_template/constraints.xdc]
Completed Processing XDC Constraints

Netlist sorting complete. Time (s): cpu = 00:00:00 ; elapsed = 00:00:00.012 . Memory (MB): peak = 3410.039 ; gain = 0.000
INFO: [Project 1-111] Unisim Transformation Summary:
  A total of 1152 instances were transformed.
  DSP48E2 => DSP48E2 (DSP_ALU, DSP_A_B_DATA, DSP_C_DATA, DSP_MULTIPLIER, DSP_M_DATA, DSP_OUTPUT, DSP_PREADD, DSP_PREADD_DATA): 1152 instances

Constraint Validation Runtime : Time (s): cpu = 00:00:04 ; elapsed = 00:00:03 . Memory (MB): peak = 3454.176 ; gain = 44.137
INFO: [Designutils 20-5440] No compile time benefit to using incremental synthesis; A full resynthesis will be run
INFO: [Designutils 20-4379] Flow is switching to default flow due to incremental criteria not met. If you would like to alter this behaviour and have the flow terminate instead, please set the following parameter config_implementation {autoIncr.Synth.RejectBehavior Terminate}
---------------------------------------------------------------------------------
Finished Constraint Validation : Time (s): cpu = 00:00:46 ; elapsed = 00:00:41 . Memory (MB): peak = 3454.176 ; gain = 1785.969
---------------------------------------------------------------------------------
---------------------------------------------------------------------------------
Start Loading Part and Timing Information
---------------------------------------------------------------------------------
Loading part: xck26-sfvc784-2LV-c
INFO: [Synth 8-6742] Reading net delay rules and data
---------------------------------------------------------------------------------
Finished Loading Part and Timing Information : Time (s): cpu = 00:00:46 ; elapsed = 00:00:41 . Memory (MB): peak = 3454.176 ; gain = 1785.969
---------------------------------------------------------------------------------
---------------------------------------------------------------------------------
Start Applying 'set_property' XDC Constraints
---------------------------------------------------------------------------------
---------------------------------------------------------------------------------
Finished applying 'set_property' XDC Constraints : Time (s): cpu = 00:00:46 ; elapsed = 00:00:41 . Memory (MB): peak = 3454.176 ; gain = 1785.969
---------------------------------------------------------------------------------
---------------------------------------------------------------------------------
Finished RTL Optimization Phase 2 : Time (s): cpu = 00:00:47 ; elapsed = 00:00:41 . Memory (MB): peak = 3454.176 ; gain = 1785.969
---------------------------------------------------------------------------------
---------------------------------------------------------------------------------
Start RTL Component Statistics 
---------------------------------------------------------------------------------
Detailed RTL Component Info : 
+---Adders : 
	   2 Input   19 Bit       Adders := 128   
	   2 Input   18 Bit       Adders := 256   
	   2 Input   17 Bit       Adders := 512   
	   2 Input   10 Bit       Adders := 2     
	   2 Input    9 Bit       Adders := 2     
	   2 Input    8 Bit       Adders := 1     
+---Registers : 
	               64 Bit    Registers := 386   
	               19 Bit    Registers := 128   
	               18 Bit    Registers := 256   
	               17 Bit    Registers := 512   
	               10 Bit    Registers := 2     
	                9 Bit    Registers := 3     
	                8 Bit    Registers := 3     
	                7 Bit    Registers := 176   
	                1 Bit    Registers := 398   
+---RAMs : 
	              32K Bit	(512 X 64 bit)          RAMs := 128   
	              16K Bit	(256 X 64 bit)          RAMs := 1     
+---Muxes : 
	   2 Input   10 Bit        Muxes := 2     
	   2 Input    9 Bit        Muxes := 4     
	   2 Input    8 Bit        Muxes := 3     
	   2 Input    6 Bit        Muxes := 128   
	   2 Input    1 Bit        Muxes := 10    
---------------------------------------------------------------------------------
Finished RTL Component Statistics 
---------------------------------------------------------------------------------
---------------------------------------------------------------------------------
Start Part Resource Summary
---------------------------------------------------------------------------------
Part Resources:
DSPs: 1248 (col length:96)
BRAMs: 288 (col length: RAMB18 96 RAMB36 48)
---------------------------------------------------------------------------------
Finished Part Resource Summary
---------------------------------------------------------------------------------
---------------------------------------------------------------------------------
Start Cross Boundary and Area Optimization
---------------------------------------------------------------------------------
WARNING: [Synth 8-7080] Parallel synthesis criteria is not met
RAM ("mvm/gen_olanes[72].u_mat_mem/mem_array_reg") is too shallow (depth = 512) to use URAM. Choosing BRAM instead of URAM 
RAM ("mvm/gen_olanes[71].u_mat_mem/mem_array_reg") is too shallow (depth = 512) to use URAM. Choosing BRAM instead of URAM 
RAM ("mvm/gen_olanes[70].u_mat_mem/mem_array_reg") is too shallow (depth = 512) to use URAM. Choosing BRAM instead of URAM 
RAM ("mvm/gen_olanes[69].u_mat_mem/mem_array_reg") is too shallow (depth = 512) to use URAM. Choosing BRAM instead of URAM 
RAM ("mvm/gen_olanes[68].u_mat_mem/mem_array_reg") is too shallow (depth = 512) to use URAM. Choosing BRAM instead of URAM 
RAM ("mvm/gen_olanes[79].u_mat_mem/mem_array_reg") is too shallow (depth = 512) to use URAM. Choosing BRAM instead of URAM 
RAM ("mvm/gen_olanes[78].u_mat_mem/mem_array_reg") is too shallow (depth = 512) to use URAM. Choosing BRAM instead of URAM 
RAM ("mvm/gen_olanes[77].u_mat_mem/mem_array_reg") is too shallow (depth = 512) to use URAM. Choosing BRAM instead of URAM 
RAM ("mvm/gen_olanes[76].u_mat_mem/mem_array_reg") is too shallow (depth = 512) to use URAM. Choosing BRAM instead of URAM 
RAM ("mvm/gen_olanes[75].u_mat_mem/mem_array_reg") is too shallow (depth = 512) to use URAM. Choosing BRAM instead of URAM 
RAM ("mvm/gen_olanes[61].u_mat_mem/mem_array_reg") is too shallow (depth = 512) to use URAM. Choosing BRAM instead of URAM 
RAM ("mvm/gen_olanes[60].u_mat_mem/mem_array_reg") is too shallow (depth = 512) to use URAM. Choosing BRAM instead of URAM 
RAM ("mvm/gen_olanes[103].u_mat_mem/mem_array_reg") is too shallow (depth = 512) to use URAM. Choosing BRAM instead of URAM 
RAM ("mvm/gen_olanes[102].u_mat_mem/mem_array_reg") is too shallow (depth = 512) to use URAM. Choosing BRAM instead of URAM 
RAM ("mvm/gen_olanes[101].u_mat_mem/mem_array_reg") is too shallow (depth = 512) to use URAM. Choosing BRAM instead of URAM 
RAM ("mvm/gen_olanes[100].u_mat_mem/mem_array_reg") is too shallow (depth = 512) to use URAM. Choosing BRAM instead of URAM 
RAM ("mvm/gen_olanes[99].u_mat_mem/mem_array_reg") is too shallow (depth = 512) to use URAM. Choosing BRAM instead of URAM 
RAM ("mvm/gen_olanes[59].u_mat_mem/mem_array_reg") is too shallow (depth = 512) to use URAM. Choosing BRAM instead of URAM 
RAM ("mvm/gen_olanes[98].u_mat_mem/mem_array_reg") is too shallow (depth = 512) to use URAM. Choosing BRAM instead of URAM 
RAM ("mvm/gen_olanes[97].u_mat_mem/mem_array_reg") is too shallow (depth = 512) to use URAM. Choosing BRAM instead of URAM 
RAM ("mvm/gen_olanes[96].u_mat_mem/mem_array_reg") is too shallow (depth = 512) to use URAM. Choosing BRAM instead of URAM 
RAM ("mvm/gen_olanes[95].u_mat_mem/mem_array_reg") is too shallow (depth = 512) to use URAM. Choosing BRAM instead of URAM 
RAM ("mvm/gen_olanes[118].u_mat_mem/mem_array_reg") is too shallow (depth = 512) to use URAM. Choosing BRAM instead of URAM 
RAM ("mvm/gen_olanes[117].u_mat_mem/mem_array_reg") is too shallow (depth = 512) to use URAM. Choosing BRAM instead of URAM 
RAM ("mvm/gen_olanes[94].u_mat_mem/mem_array_reg") is too shallow (depth = 512) to use URAM. Choosing BRAM instead of URAM 
RAM ("mvm/gen_olanes[74].u_mat_mem/mem_array_reg") is too shallow (depth = 512) to use URAM. Choosing BRAM instead of URAM 
RAM ("mvm/gen_olanes[58].u_mat_mem/mem_array_reg") is too shallow (depth = 512) to use URAM. Choosing BRAM instead of URAM 
RAM ("mvm/gen_olanes[93].u_mat_mem/mem_array_reg") is too shallow (depth = 512) to use URAM. Choosing BRAM instead of URAM 
RAM ("mvm/gen_olanes[92].u_mat_mem/mem_array_reg") is too shallow (depth = 512) to use URAM. Choosing BRAM instead of URAM 
RAM ("mvm/gen_olanes[73].u_mat_mem/mem_array_reg") is too shallow (depth = 512) to use URAM. Choosing BRAM instead of URAM 
RAM ("mvm/gen_olanes[91].u_mat_mem/mem_array_reg") is too shallow (depth = 512) to use URAM. Choosing BRAM instead of URAM 
RAM ("mvm/gen_olanes[104].u_mat_mem/mem_array_reg") is too shallow (depth = 512) to use URAM. Choosing BRAM instead of URAM 
RAM ("mvm/gen_olanes[105].u_mat_mem/mem_array_reg") is too shallow (depth = 512) to use URAM. Choosing BRAM instead of URAM 
RAM ("mvm/gen_olanes[81].u_mat_mem/mem_array_reg") is too shallow (depth = 512) to use URAM. Choosing BRAM instead of URAM 
RAM ("mvm/gen_olanes[84].u_mat_mem/mem_array_reg") is too shallow (depth = 512) to use URAM. Choosing BRAM instead of URAM 
RAM ("mvm/gen_olanes[86].u_mat_mem/mem_array_reg") is too shallow (depth = 512) to use URAM. Choosing BRAM instead of URAM 
RAM ("mvm/gen_olanes[88].u_mat_mem/mem_array_reg") is too shallow (depth = 512) to use URAM. Choosing BRAM instead of URAM 
RAM ("mvm/gen_olanes[89].u_mat_mem/mem_array_reg") is too shallow (depth = 512) to use URAM. Choosing BRAM instead of URAM 
RAM ("mvm/gen_olanes[90].u_mat_mem/mem_array_reg") is too shallow (depth = 512) to use URAM. Choosing BRAM instead of URAM 
RAM ("mvm/gen_olanes[115].u_mat_mem/mem_array_reg") is too shallow (depth = 512) to use URAM. Choosing BRAM instead of URAM 
RAM ("mvm/gen_olanes[116].u_mat_mem/mem_array_reg") is too shallow (depth = 512) to use URAM. Choosing BRAM instead of URAM 
RAM ("mvm/gen_olanes[106].u_mat_mem/mem_array_reg") is too shallow (depth = 512) to use URAM. Choosing BRAM instead of URAM 
RAM ("mvm/gen_olanes[107].u_mat_mem/mem_array_reg") is too shallow (depth = 512) to use URAM. Choosing BRAM instead of URAM 
RAM ("mvm/gen_olanes[108].u_mat_mem/mem_array_reg") is too shallow (depth = 512) to use URAM. Choosing BRAM instead of URAM 
RAM ("mvm/gen_olanes[109].u_mat_mem/mem_array_reg") is too shallow (depth = 512) to use URAM. Choosing BRAM instead of URAM 
RAM ("mvm/gen_olanes[110].u_mat_mem/mem_array_reg") is too shallow (depth = 512) to use URAM. Choosing BRAM instead of URAM 
RAM ("mvm/gen_olanes[111].u_mat_mem/mem_array_reg") is too shallow (depth = 512) to use URAM. Choosing BRAM instead of URAM 
RAM ("mvm/gen_olanes[112].u_mat_mem/mem_array_reg") is too shallow (depth = 512) to use URAM. Choosing BRAM instead of URAM 
RAM ("mvm/gen_olanes[113].u_mat_mem/mem_array_reg") is too shallow (depth = 512) to use URAM. Choosing BRAM instead of URAM 
RAM ("mvm/gen_olanes[114].u_mat_mem/mem_array_reg") is too shallow (depth = 512) to use URAM. Choosing BRAM instead of URAM 
RAM ("mvm/gen_olanes[55].u_mat_mem/mem_array_reg") is too shallow (depth = 512) to use URAM. Choosing BRAM instead of URAM 
RAM ("mvm/gen_olanes[54].u_mat_mem/mem_array_reg") is too shallow (depth = 512) to use URAM. Choosing BRAM instead of URAM 
RAM ("mvm/gen_olanes[53].u_mat_mem/mem_array_reg") is too shallow (depth = 512) to use URAM. Choosing BRAM instead of URAM 
RAM ("mvm/gen_olanes[52].u_mat_mem/mem_array_reg") is too shallow (depth = 512) to use URAM. Choosing BRAM instead of URAM 
RAM ("mvm/gen_olanes[119].u_mat_mem/mem_array_reg") is too shallow (depth = 512) to use URAM. Choosing BRAM instead of URAM 
RAM ("mvm/gen_olanes[120].u_mat_mem/mem_array_reg") is too shallow (depth = 512) to use URAM. Choosing BRAM instead of URAM 
RAM ("mvm/gen_olanes[121].u_mat_mem/mem_array_reg") is too shallow (depth = 512) to use URAM. Choosing BRAM instead of URAM 
RAM ("mvm/gen_olanes[122].u_mat_mem/mem_array_reg") is too shallow (depth = 512) to use URAM. Choosing BRAM instead of URAM 
RAM ("mvm/gen_olanes[123].u_mat_mem/mem_array_reg") is too shallow (depth = 512) to use URAM. Choosing BRAM instead of URAM 
RAM ("mvm/gen_olanes[124].u_mat_mem/mem_array_reg") is too shallow (depth = 512) to use URAM. Choosing BRAM instead of URAM 
RAM ("mvm/gen_olanes[125].u_mat_mem/mem_array_reg") is too shallow (depth = 512) to use URAM. Choosing BRAM instead of URAM 
RAM ("mvm/gen_olanes[126].u_mat_mem/mem_array_reg") is too shallow (depth = 512) to use URAM. Choosing BRAM instead of URAM 
RAM ("mvm/gen_olanes[127].u_mat_mem/mem_array_reg") is too shallow (depth = 512) to use URAM. Choosing BRAM instead of URAM 
RAM ("mvm/gen_olanes[51].u_mat_mem/mem_array_reg") is too shallow (depth = 512) to use URAM. Choosing BRAM instead of URAM 
RAM ("mvm/gen_olanes[50].u_mat_mem/mem_array_reg") is too shallow (depth = 512) to use URAM. Choosing BRAM instead of URAM 
RAM ("mvm/gen_olanes[49].u_mat_mem/mem_array_reg") is too shallow (depth = 512) to use URAM. Choosing BRAM instead of URAM 
RAM ("mvm/gen_olanes[48].u_mat_mem/mem_array_reg") is too shallow (depth = 512) to use URAM. Choosing BRAM instead of URAM 
RAM ("mvm/gen_olanes[47].u_mat_mem/mem_array_reg") is too shallow (depth = 512) to use URAM. Choosing BRAM instead of URAM 
RAM ("mvm/gen_olanes[45].u_mat_mem/mem_array_reg") is too shallow (depth = 512) to use URAM. Choosing BRAM instead of URAM 
RAM ("mvm/gen_olanes[43].u_mat_mem/mem_array_reg") is too shallow (depth = 512) to use URAM. Choosing BRAM instead of URAM 
RAM ("mvm/gen_olanes[40].u_mat_mem/mem_array_reg") is too shallow (depth = 512) to use URAM. Choosing BRAM instead of URAM 
RAM ("mvm/gen_olanes[39].u_mat_mem/mem_array_reg") is too shallow (depth = 512) to use URAM. Choosing BRAM instead of URAM 
RAM ("mvm/gen_olanes[38].u_mat_mem/mem_array_reg") is too shallow (depth = 512) to use URAM. Choosing BRAM instead of URAM 
RAM ("mvm/gen_olanes[37].u_mat_mem/mem_array_reg") is too shallow (depth = 512) to use URAM. Choosing BRAM instead of URAM 
RAM ("mvm/gen_olanes[36].u_mat_mem/mem_array_reg") is too shallow (depth = 512) to use URAM. Choosing BRAM instead of URAM 
RAM ("mvm/gen_olanes[35].u_mat_mem/mem_array_reg") is too shallow (depth = 512) to use URAM. Choosing BRAM instead of URAM 
RAM ("mvm/gen_olanes[34].u_mat_mem/mem_array_reg") is too shallow (depth = 512) to use URAM. Choosing BRAM instead of URAM 
RAM ("mvm/gen_olanes[33].u_mat_mem/mem_array_reg") is too shallow (depth = 512) to use URAM. Choosing BRAM instead of URAM 
RAM ("mvm/gen_olanes[32].u_mat_mem/mem_array_reg") is too shallow (depth = 512) to use URAM. Choosing BRAM instead of URAM 
RAM ("mvm/gen_olanes[31].u_mat_mem/mem_array_reg") is too shallow (depth = 512) to use URAM. Choosing BRAM instead of URAM 
RAM ("mvm/gen_olanes[30].u_mat_mem/mem_array_reg") is too shallow (depth = 512) to use URAM. Choosing BRAM instead of URAM 
RAM ("mvm/gen_olanes[29].u_mat_mem/mem_array_reg") is too shallow (depth = 512) to use URAM. Choosing BRAM instead of URAM 
RAM ("mvm/gen_olanes[28].u_mat_mem/mem_array_reg") is too shallow (depth = 512) to use URAM. Choosing BRAM instead of URAM 
RAM ("mvm/gen_olanes[27].u_mat_mem/mem_array_reg") is too shallow (depth = 512) to use URAM. Choosing BRAM instead of URAM 
RAM ("mvm/gen_olanes[26].u_mat_mem/mem_array_reg") is too shallow (depth = 512) to use URAM. Choosing BRAM instead of URAM 
RAM ("mvm/gen_olanes[25].u_mat_mem/mem_array_reg") is too shallow (depth = 512) to use URAM. Choosing BRAM instead of URAM 
RAM ("mvm/gen_olanes[24].u_mat_mem/mem_array_reg") is too shallow (depth = 512) to use URAM. Choosing BRAM instead of URAM 
RAM ("mvm/gen_olanes[21].u_mat_mem/mem_array_reg") is too shallow (depth = 512) to use URAM. Choosing BRAM instead of URAM 
RAM ("mvm/gen_olanes[20].u_mat_mem/mem_array_reg") is too shallow (depth = 512) to use URAM. Choosing BRAM instead of URAM 
RAM ("mvm/gen_olanes[18].u_mat_mem/mem_array_reg") is too shallow (depth = 512) to use URAM. Choosing BRAM instead of URAM 
RAM ("mvm/gen_olanes[16].u_mat_mem/mem_array_reg") is too shallow (depth = 512) to use URAM. Choosing BRAM instead of URAM 
RAM ("mvm/gen_olanes[15].u_mat_mem/mem_array_reg") is too shallow (depth = 512) to use URAM. Choosing BRAM instead of URAM 
RAM ("mvm/gen_olanes[11].u_mat_mem/mem_array_reg") is too shallow (depth = 512) to use URAM. Choosing BRAM instead of URAM 
RAM ("mvm/gen_olanes[10].u_mat_mem/mem_array_reg") is too shallow (depth = 512) to use URAM. Choosing BRAM instead of URAM 
RAM ("mvm/gen_olanes[9].u_mat_mem/mem_array_reg") is too shallow (depth = 512) to use URAM. Choosing BRAM instead of URAM 
RAM ("mvm/gen_olanes[8].u_mat_mem/mem_array_reg") is too shallow (depth = 512) to use URAM. Choosing BRAM instead of URAM 
RAM ("mvm/gen_olanes[7].u_mat_mem/mem_array_reg") is too shallow (depth = 512) to use URAM. Choosing BRAM instead of URAM 
RAM ("mvm/gen_olanes[6].u_mat_mem/mem_array_reg") is too shallow (depth = 512) to use URAM. Choosing BRAM instead of URAM 
RAM ("mvm/gen_olanes[2].u_mat_mem/mem_array_reg") is too shallow (depth = 512) to use URAM. Choosing BRAM instead of URAM 
RAM ("mvm/gen_olanes[0].u_mat_mem/mem_array_reg") is too shallow (depth = 512) to use URAM. Choosing BRAM instead of URAM 
RAM ("mvm/u_vec_mem/mem_array_reg") is too shallow (depth = 256) to use URAM. Choosing BRAM instead of URAM 
RAM ("mvm/gen_olanes[87].u_mat_mem/mem_array_reg") is too shallow (depth = 512) to use URAM. Choosing BRAM instead of URAM 
RAM ("mvm/gen_olanes[85].u_mat_mem/mem_array_reg") is too shallow (depth = 512) to use URAM. Choosing BRAM instead of URAM 
RAM ("mvm/gen_olanes[83].u_mat_mem/mem_array_reg") is too shallow (depth = 512) to use URAM. Choosing BRAM instead of URAM 
RAM ("mvm/gen_olanes[82].u_mat_mem/mem_array_reg") is too shallow (depth = 512) to use URAM. Choosing BRAM instead of URAM 
RAM ("mvm/gen_olanes[80].u_mat_mem/mem_array_reg") is too shallow (depth = 512) to use URAM. Choosing BRAM instead of URAM 
RAM ("mvm/gen_olanes[67].u_mat_mem/mem_array_reg") is too shallow (depth = 512) to use URAM. Choosing BRAM instead of URAM 
RAM ("mvm/gen_olanes[66].u_mat_mem/mem_array_reg") is too shallow (depth = 512) to use URAM. Choosing BRAM instead of URAM 
RAM ("mvm/gen_olanes[65].u_mat_mem/mem_array_reg") is too shallow (depth = 512) to use URAM. Choosing BRAM instead of URAM 
RAM ("mvm/gen_olanes[64].u_mat_mem/mem_array_reg") is too shallow (depth = 512) to use URAM. Choosing BRAM instead of URAM 
RAM ("mvm/gen_olanes[63].u_mat_mem/mem_array_reg") is too shallow (depth = 512) to use URAM. Choosing BRAM instead of URAM 
RAM ("mvm/gen_olanes[62].u_mat_mem/mem_array_reg") is too shallow (depth = 512) to use URAM. Choosing BRAM instead of URAM 
RAM ("mvm/gen_olanes[57].u_mat_mem/mem_array_reg") is too shallow (depth = 512) to use URAM. Choosing BRAM instead of URAM 
RAM ("mvm/gen_olanes[56].u_mat_mem/mem_array_reg") is too shallow (depth = 512) to use URAM. Choosing BRAM instead of URAM 
RAM ("mvm/gen_olanes[46].u_mat_mem/mem_array_reg") is too shallow (depth = 512) to use URAM. Choosing BRAM instead of URAM 
RAM ("mvm/gen_olanes[44].u_mat_mem/mem_array_reg") is too shallow (depth = 512) to use URAM. Choosing BRAM instead of URAM 
RAM ("mvm/gen_olanes[42].u_mat_mem/mem_array_reg") is too shallow (depth = 512) to use URAM. Choosing BRAM instead of URAM 
RAM ("mvm/gen_olanes[41].u_mat_mem/mem_array_reg") is too shallow (depth = 512) to use URAM. Choosing BRAM instead of URAM 
RAM ("mvm/gen_olanes[23].u_mat_mem/mem_array_reg") is too shallow (depth = 512) to use URAM. Choosing BRAM instead of URAM 
RAM ("mvm/gen_olanes[22].u_mat_mem/mem_array_reg") is too shallow (depth = 512) to use URAM. Choosing BRAM instead of URAM 
RAM ("mvm/gen_olanes[19].u_mat_mem/mem_array_reg") is too shallow (depth = 512) to use URAM. Choosing BRAM instead of URAM 
RAM ("mvm/gen_olanes[17].u_mat_mem/mem_array_reg") is too shallow (depth = 512) to use URAM. Choosing BRAM instead of URAM 
RAM ("mvm/gen_olanes[14].u_mat_mem/mem_array_reg") is too shallow (depth = 512) to use URAM. Choosing BRAM instead of URAM 
RAM ("mvm/gen_olanes[13].u_mat_mem/mem_array_reg") is too shallow (depth = 512) to use URAM. Choosing BRAM instead of URAM 
RAM ("mvm/gen_olanes[12].u_mat_mem/mem_array_reg") is too shallow (depth = 512) to use URAM. Choosing BRAM instead of URAM 
RAM ("mvm/gen_olanes[5].u_mat_mem/mem_array_reg") is too shallow (depth = 512) to use URAM. Choosing BRAM instead of URAM 
RAM ("mvm/gen_olanes[4].u_mat_mem/mem_array_reg") is too shallow (depth = 512) to use URAM. Choosing BRAM instead of URAM 
RAM ("mvm/gen_olanes[3].u_mat_mem/mem_array_reg") is too shallow (depth = 512) to use URAM. Choosing BRAM instead of URAM 
RAM ("mvm/gen_olanes[1].u_mat_mem/mem_array_reg") is too shallow (depth = 512) to use URAM. Choosing BRAM instead of URAM 
---------------------------------------------------------------------------------
Finished Cross Boundary and Area Optimization : Time (s): cpu = 00:00:55 ; elapsed = 00:00:51 . Memory (MB): peak = 3454.176 ; gain = 1785.969
---------------------------------------------------------------------------------
---------------------------------------------------------------------------------
Start ROM, RAM, DSP, Shift Register and Retiming Reporting
---------------------------------------------------------------------------------

Block RAM: Preliminary Mapping Report (see note below)
+------------+-----------------------------------------+------------------------+---+---+------------------------+---+---+------------------+--------+--------+-----------------+
|Module Name | RTL Object                              | PORT A (Depth x Width) | W | R | PORT B (Depth x Width) | W | R | Ports driving FF | RAMB18 | RAMB36 | Cascade Heights | 
+------------+-----------------------------------------+------------------------+---+---+------------------------+---+---+------------------+--------+--------+-----------------+
|mvm         | gen_olanes[72].u_mat_mem/mem_array_reg  | 512 x 64(READ_FIRST)   | W |   | 512 x 64(WRITE_FIRST)  |   | R | Port A and B     | 0      | 1      |                 | 
|mvm         | gen_olanes[71].u_mat_mem/mem_array_reg  | 512 x 64(READ_FIRST)   | W |   | 512 x 64(WRITE_FIRST)  |   | R | Port A and B     | 0      | 1      |                 | 
|mvm         | gen_olanes[70].u_mat_mem/mem_array_reg  | 512 x 64(READ_FIRST)   | W |   | 512 x 64(WRITE_FIRST)  |   | R | Port A and B     | 0      | 1      |                 | 
|mvm         | gen_olanes[69].u_mat_mem/mem_array_reg  | 512 x 64(READ_FIRST)   | W |   | 512 x 64(WRITE_FIRST)  |   | R | Port A and B     | 0      | 1      |                 | 
|mvm         | gen_olanes[68].u_mat_mem/mem_array_reg  | 512 x 64(READ_FIRST)   | W |   | 512 x 64(WRITE_FIRST)  |   | R | Port A and B     | 0      | 1      |                 | 
|mvm         | gen_olanes[79].u_mat_mem/mem_array_reg  | 512 x 64(READ_FIRST)   | W |   | 512 x 64(WRITE_FIRST)  |   | R | Port A and B     | 0      | 1      |                 | 
|mvm         | gen_olanes[78].u_mat_mem/mem_array_reg  | 512 x 64(READ_FIRST)   | W |   | 512 x 64(WRITE_FIRST)  |   | R | Port A and B     | 0      | 1      |                 | 
|mvm         | gen_olanes[77].u_mat_mem/mem_array_reg  | 512 x 64(READ_FIRST)   | W |   | 512 x 64(WRITE_FIRST)  |   | R | Port A and B     | 0      | 1      |                 | 
|mvm         | gen_olanes[76].u_mat_mem/mem_array_reg  | 512 x 64(READ_FIRST)   | W |   | 512 x 64(WRITE_FIRST)  |   | R | Port A and B     | 0      | 1      |                 | 
|mvm         | gen_olanes[75].u_mat_mem/mem_array_reg  | 512 x 64(READ_FIRST)   | W |   | 512 x 64(WRITE_FIRST)  |   | R | Port A and B     | 0      | 1      |                 | 
|mvm         | gen_olanes[61].u_mat_mem/mem_array_reg  | 512 x 64(READ_FIRST)   | W |   | 512 x 64(WRITE_FIRST)  |   | R | Port A and B     | 0      | 1      |                 | 
|mvm         | gen_olanes[60].u_mat_mem/mem_array_reg  | 512 x 64(READ_FIRST)   | W |   | 512 x 64(WRITE_FIRST)  |   | R | Port A and B     | 0      | 1      |                 | 
|mvm         | gen_olanes[103].u_mat_mem/mem_array_reg | 512 x 64(READ_FIRST)   | W |   | 512 x 64(WRITE_FIRST)  |   | R | Port A and B     | 0      | 1      |                 | 
|mvm         | gen_olanes[102].u_mat_mem/mem_array_reg | 512 x 64(READ_FIRST)   | W |   | 512 x 64(WRITE_FIRST)  |   | R | Port A and B     | 0      | 1      |                 | 
|mvm         | gen_olanes[101].u_mat_mem/mem_array_reg | 512 x 64(READ_FIRST)   | W |   | 512 x 64(WRITE_FIRST)  |   | R | Port A and B     | 0      | 1      |                 | 
|mvm         | gen_olanes[100].u_mat_mem/mem_array_reg | 512 x 64(READ_FIRST)   | W |   | 512 x 64(WRITE_FIRST)  |   | R | Port A and B     | 0      | 1      |                 | 
|mvm         | gen_olanes[99].u_mat_mem/mem_array_reg  | 512 x 64(READ_FIRST)   | W |   | 512 x 64(WRITE_FIRST)  |   | R | Port A and B     | 0      | 1      |                 | 
|mvm         | gen_olanes[59].u_mat_mem/mem_array_reg  | 512 x 64(READ_FIRST)   | W |   | 512 x 64(WRITE_FIRST)  |   | R | Port A and B     | 0      | 1      |                 | 
|mvm         | gen_olanes[98].u_mat_mem/mem_array_reg  | 512 x 64(READ_FIRST)   | W |   | 512 x 64(WRITE_FIRST)  |   | R | Port A and B     | 0      | 1      |                 | 
|mvm         | gen_olanes[97].u_mat_mem/mem_array_reg  | 512 x 64(READ_FIRST)   | W |   | 512 x 64(WRITE_FIRST)  |   | R | Port A and B     | 0      | 1      |                 | 
|mvm         | gen_olanes[96].u_mat_mem/mem_array_reg  | 512 x 64(READ_FIRST)   | W |   | 512 x 64(WRITE_FIRST)  |   | R | Port A and B     | 0      | 1      |                 | 
|mvm         | gen_olanes[95].u_mat_mem/mem_array_reg  | 512 x 64(READ_FIRST)   | W |   | 512 x 64(WRITE_FIRST)  |   | R | Port A and B     | 0      | 1      |                 | 
|mvm         | gen_olanes[118].u_mat_mem/mem_array_reg | 512 x 64(READ_FIRST)   | W |   | 512 x 64(WRITE_FIRST)  |   | R | Port A and B     | 0      | 1      |                 | 
|mvm         | gen_olanes[117].u_mat_mem/mem_array_reg | 512 x 64(READ_FIRST)   | W |   | 512 x 64(WRITE_FIRST)  |   | R | Port A and B     | 0      | 1      |                 | 
|mvm         | gen_olanes[94].u_mat_mem/mem_array_reg  | 512 x 64(READ_FIRST)   | W |   | 512 x 64(WRITE_FIRST)  |   | R | Port A and B     | 0      | 1      |                 | 
|mvm         | gen_olanes[74].u_mat_mem/mem_array_reg  | 512 x 64(READ_FIRST)   | W |   | 512 x 64(WRITE_FIRST)  |   | R | Port A and B     | 0      | 1      |                 | 
|mvm         | gen_olanes[58].u_mat_mem/mem_array_reg  | 512 x 64(READ_FIRST)   | W |   | 512 x 64(WRITE_FIRST)  |   | R | Port A and B     | 0      | 1      |                 | 
|mvm         | gen_olanes[93].u_mat_mem/mem_array_reg  | 512 x 64(READ_FIRST)   | W |   | 512 x 64(WRITE_FIRST)  |   | R | Port A and B     | 0      | 1      |                 | 
|mvm         | gen_olanes[92].u_mat_mem/mem_array_reg  | 512 x 64(READ_FIRST)   | W |   | 512 x 64(WRITE_FIRST)  |   | R | Port A and B     | 0      | 1      |                 | 
|mvm         | gen_olanes[73].u_mat_mem/mem_array_reg  | 512 x 64(READ_FIRST)   | W |   | 512 x 64(WRITE_FIRST)  |   | R | Port A and B     | 0      | 1      |                 | 
|mvm         | gen_olanes[91].u_mat_mem/mem_array_reg  | 512 x 64(READ_FIRST)   | W |   | 512 x 64(WRITE_FIRST)  |   | R | Port A and B     | 0      | 1      |                 | 
|mvm         | gen_olanes[104].u_mat_mem/mem_array_reg | 512 x 64(READ_FIRST)   | W |   | 512 x 64(WRITE_FIRST)  |   | R | Port A and B     | 0      | 1      |                 | 
|mvm         | gen_olanes[105].u_mat_mem/mem_array_reg | 512 x 64(READ_FIRST)   | W |   | 512 x 64(WRITE_FIRST)  |   | R | Port A and B     | 0      | 1      |                 | 
|mvm         | gen_olanes[81].u_mat_mem/mem_array_reg  | 512 x 64(READ_FIRST)   | W |   | 512 x 64(WRITE_FIRST)  |   | R | Port A and B     | 0      | 1      |                 | 
|mvm         | gen_olanes[84].u_mat_mem/mem_array_reg  | 512 x 64(READ_FIRST)   | W |   | 512 x 64(WRITE_FIRST)  |   | R | Port A and B     | 0      | 1      |                 | 
|mvm         | gen_olanes[86].u_mat_mem/mem_array_reg  | 512 x 64(READ_FIRST)   | W |   | 512 x 64(WRITE_FIRST)  |   | R | Port A and B     | 0      | 1      |                 | 
|mvm         | gen_olanes[88].u_mat_mem/mem_array_reg  | 512 x 64(READ_FIRST)   | W |   | 512 x 64(WRITE_FIRST)  |   | R | Port A and B     | 0      | 1      |                 | 
|mvm         | gen_olanes[89].u_mat_mem/mem_array_reg  | 512 x 64(READ_FIRST)   | W |   | 512 x 64(WRITE_FIRST)  |   | R | Port A and B     | 0      | 1      |                 | 
|mvm         | gen_olanes[90].u_mat_mem/mem_array_reg  | 512 x 64(READ_FIRST)   | W |   | 512 x 64(WRITE_FIRST)  |   | R | Port A and B     | 0      | 1      |                 | 
|mvm         | gen_olanes[115].u_mat_mem/mem_array_reg | 512 x 64(READ_FIRST)   | W |   | 512 x 64(WRITE_FIRST)  |   | R | Port A and B     | 0      | 1      |                 | 
|mvm         | gen_olanes[116].u_mat_mem/mem_array_reg | 512 x 64(READ_FIRST)   | W |   | 512 x 64(WRITE_FIRST)  |   | R | Port A and B     | 0      | 1      |                 | 
|mvm         | gen_olanes[106].u_mat_mem/mem_array_reg | 512 x 64(READ_FIRST)   | W |   | 512 x 64(WRITE_FIRST)  |   | R | Port A and B     | 0      | 1      |                 | 
|mvm         | gen_olanes[107].u_mat_mem/mem_array_reg | 512 x 64(READ_FIRST)   | W |   | 512 x 64(WRITE_FIRST)  |   | R | Port A and B     | 0      | 1      |                 | 
|mvm         | gen_olanes[108].u_mat_mem/mem_array_reg | 512 x 64(READ_FIRST)   | W |   | 512 x 64(WRITE_FIRST)  |   | R | Port A and B     | 0      | 1      |                 | 
|mvm         | gen_olanes[109].u_mat_mem/mem_array_reg | 512 x 64(READ_FIRST)   | W |   | 512 x 64(WRITE_FIRST)  |   | R | Port A and B     | 0      | 1      |                 | 
|mvm         | gen_olanes[110].u_mat_mem/mem_array_reg | 512 x 64(READ_FIRST)   | W |   | 512 x 64(WRITE_FIRST)  |   | R | Port A and B     | 0      | 1      |                 | 
|mvm         | gen_olanes[111].u_mat_mem/mem_array_reg | 512 x 64(READ_FIRST)   | W |   | 512 x 64(WRITE_FIRST)  |   | R | Port A and B     | 0      | 1      |                 | 
|mvm         | gen_olanes[112].u_mat_mem/mem_array_reg | 512 x 64(READ_FIRST)   | W |   | 512 x 64(WRITE_FIRST)  |   | R | Port A and B     | 0      | 1      |                 | 
|mvm         | gen_olanes[113].u_mat_mem/mem_array_reg | 512 x 64(READ_FIRST)   | W |   | 512 x 64(WRITE_FIRST)  |   | R | Port A and B     | 0      | 1      |                 | 
|mvm         | gen_olanes[114].u_mat_mem/mem_array_reg | 512 x 64(READ_FIRST)   | W |   | 512 x 64(WRITE_FIRST)  |   | R | Port A and B     | 0      | 1      |                 | 
|mvm         | gen_olanes[55].u_mat_mem/mem_array_reg  | 512 x 64(READ_FIRST)   | W |   | 512 x 64(WRITE_FIRST)  |   | R | Port A and B     | 0      | 1      |                 | 
|mvm         | gen_olanes[54].u_mat_mem/mem_array_reg  | 512 x 64(READ_FIRST)   | W |   | 512 x 64(WRITE_FIRST)  |   | R | Port A and B     | 0      | 1      |                 | 
|mvm         | gen_olanes[53].u_mat_mem/mem_array_reg  | 512 x 64(READ_FIRST)   | W |   | 512 x 64(WRITE_FIRST)  |   | R | Port A and B     | 0      | 1      |                 | 
|mvm         | gen_olanes[52].u_mat_mem/mem_array_reg  | 512 x 64(READ_FIRST)   | W |   | 512 x 64(WRITE_FIRST)  |   | R | Port A and B     | 0      | 1      |                 | 
|mvm         | gen_olanes[119].u_mat_mem/mem_array_reg | 512 x 64(READ_FIRST)   | W |   | 512 x 64(WRITE_FIRST)  |   | R | Port A and B     | 0      | 1      |                 | 
|mvm         | gen_olanes[120].u_mat_mem/mem_array_reg | 512 x 64(READ_FIRST)   | W |   | 512 x 64(WRITE_FIRST)  |   | R | Port A and B     | 0      | 1      |                 | 
|mvm         | gen_olanes[121].u_mat_mem/mem_array_reg | 512 x 64(READ_FIRST)   | W |   | 512 x 64(WRITE_FIRST)  |   | R | Port A and B     | 0      | 1      |                 | 
|mvm         | gen_olanes[122].u_mat_mem/mem_array_reg | 512 x 64(READ_FIRST)   | W |   | 512 x 64(WRITE_FIRST)  |   | R | Port A and B     | 0      | 1      |                 | 
|mvm         | gen_olanes[123].u_mat_mem/mem_array_reg | 512 x 64(READ_FIRST)   | W |   | 512 x 64(WRITE_FIRST)  |   | R | Port A and B     | 0      | 1      |                 | 
|mvm         | gen_olanes[124].u_mat_mem/mem_array_reg | 512 x 64(READ_FIRST)   | W |   | 512 x 64(WRITE_FIRST)  |   | R | Port A and B     | 0      | 1      |                 | 
|mvm         | gen_olanes[125].u_mat_mem/mem_array_reg | 512 x 64(READ_FIRST)   | W |   | 512 x 64(WRITE_FIRST)  |   | R | Port A and B     | 0      | 1      |                 | 
|mvm         | gen_olanes[126].u_mat_mem/mem_array_reg | 512 x 64(READ_FIRST)   | W |   | 512 x 64(WRITE_FIRST)  |   | R | Port A and B     | 0      | 1      |                 | 
|mvm         | gen_olanes[127].u_mat_mem/mem_array_reg | 512 x 64(READ_FIRST)   | W |   | 512 x 64(WRITE_FIRST)  |   | R | Port A and B     | 0      | 1      |                 | 
|mvm         | gen_olanes[51].u_mat_mem/mem_array_reg  | 512 x 64(READ_FIRST)   | W |   | 512 x 64(WRITE_FIRST)  |   | R | Port A and B     | 0      | 1      |                 | 
|mvm         | gen_olanes[50].u_mat_mem/mem_array_reg  | 512 x 64(READ_FIRST)   | W |   | 512 x 64(WRITE_FIRST)  |   | R | Port A and B     | 0      | 1      |                 | 
|mvm         | gen_olanes[49].u_mat_mem/mem_array_reg  | 512 x 64(READ_FIRST)   | W |   | 512 x 64(WRITE_FIRST)  |   | R | Port A and B     | 0      | 1      |                 | 
|mvm         | gen_olanes[48].u_mat_mem/mem_array_reg  | 512 x 64(READ_FIRST)   | W |   | 512 x 64(WRITE_FIRST)  |   | R | Port A and B     | 0      | 1      |                 | 
|mvm         | gen_olanes[47].u_mat_mem/mem_array_reg  | 512 x 64(READ_FIRST)   | W |   | 512 x 64(WRITE_FIRST)  |   | R | Port A and B     | 0      | 1      |                 | 
|mvm         | gen_olanes[45].u_mat_mem/mem_array_reg  | 512 x 64(READ_FIRST)   | W |   | 512 x 64(WRITE_FIRST)  |   | R | Port A and B     | 0      | 1      |                 | 
|mvm         | gen_olanes[43].u_mat_mem/mem_array_reg  | 512 x 64(READ_FIRST)   | W |   | 512 x 64(WRITE_FIRST)  |   | R | Port A and B     | 0      | 1      |                 | 
|mvm         | gen_olanes[40].u_mat_mem/mem_array_reg  | 512 x 64(READ_FIRST)   | W |   | 512 x 64(WRITE_FIRST)  |   | R | Port A and B     | 0      | 1      |                 | 
|mvm         | gen_olanes[39].u_mat_mem/mem_array_reg  | 512 x 64(READ_FIRST)   | W |   | 512 x 64(WRITE_FIRST)  |   | R | Port A and B     | 0      | 1      |                 | 
|mvm         | gen_olanes[38].u_mat_mem/mem_array_reg  | 512 x 64(READ_FIRST)   | W |   | 512 x 64(WRITE_FIRST)  |   | R | Port A and B     | 0      | 1      |                 | 
|mvm         | gen_olanes[37].u_mat_mem/mem_array_reg  | 512 x 64(READ_FIRST)   | W |   | 512 x 64(WRITE_FIRST)  |   | R | Port A and B     | 0      | 1      |                 | 
|mvm         | gen_olanes[36].u_mat_mem/mem_array_reg  | 512 x 64(READ_FIRST)   | W |   | 512 x 64(WRITE_FIRST)  |   | R | Port A and B     | 0      | 1      |                 | 
|mvm         | gen_olanes[35].u_mat_mem/mem_array_reg  | 512 x 64(READ_FIRST)   | W |   | 512 x 64(WRITE_FIRST)  |   | R | Port A and B     | 0      | 1      |                 | 
|mvm         | gen_olanes[34].u_mat_mem/mem_array_reg  | 512 x 64(READ_FIRST)   | W |   | 512 x 64(WRITE_FIRST)  |   | R | Port A and B     | 0      | 1      |                 | 
|mvm         | gen_olanes[33].u_mat_mem/mem_array_reg  | 512 x 64(READ_FIRST)   | W |   | 512 x 64(WRITE_FIRST)  |   | R | Port A and B     | 0      | 1      |                 | 
|mvm         | gen_olanes[32].u_mat_mem/mem_array_reg  | 512 x 64(READ_FIRST)   | W |   | 512 x 64(WRITE_FIRST)  |   | R | Port A and B     | 0      | 1      |                 | 
|mvm         | gen_olanes[31].u_mat_mem/mem_array_reg  | 512 x 64(READ_FIRST)   | W |   | 512 x 64(WRITE_FIRST)  |   | R | Port A and B     | 0      | 1      |                 | 
|mvm         | gen_olanes[30].u_mat_mem/mem_array_reg  | 512 x 64(READ_FIRST)   | W |   | 512 x 64(WRITE_FIRST)  |   | R | Port A and B     | 0      | 1      |                 | 
|mvm         | gen_olanes[29].u_mat_mem/mem_array_reg  | 512 x 64(READ_FIRST)   | W |   | 512 x 64(WRITE_FIRST)  |   | R | Port A and B     | 0      | 1      |                 | 
|mvm         | gen_olanes[28].u_mat_mem/mem_array_reg  | 512 x 64(READ_FIRST)   | W |   | 512 x 64(WRITE_FIRST)  |   | R | Port A and B     | 0      | 1      |                 | 
|mvm         | gen_olanes[27].u_mat_mem/mem_array_reg  | 512 x 64(READ_FIRST)   | W |   | 512 x 64(WRITE_FIRST)  |   | R | Port A and B     | 0      | 1      |                 | 
|mvm         | gen_olanes[26].u_mat_mem/mem_array_reg  | 512 x 64(READ_FIRST)   | W |   | 512 x 64(WRITE_FIRST)  |   | R | Port A and B     | 0      | 1      |                 | 
|mvm         | gen_olanes[25].u_mat_mem/mem_array_reg  | 512 x 64(READ_FIRST)   | W |   | 512 x 64(WRITE_FIRST)  |   | R | Port A and B     | 0      | 1      |                 | 
|mvm         | gen_olanes[24].u_mat_mem/mem_array_reg  | 512 x 64(READ_FIRST)   | W |   | 512 x 64(WRITE_FIRST)  |   | R | Port A and B     | 0      | 1      |                 | 
|mvm         | gen_olanes[21].u_mat_mem/mem_array_reg  | 512 x 64(READ_FIRST)   | W |   | 512 x 64(WRITE_FIRST)  |   | R | Port A and B     | 0      | 1      |                 | 
|mvm         | gen_olanes[20].u_mat_mem/mem_array_reg  | 512 x 64(READ_FIRST)   | W |   | 512 x 64(WRITE_FIRST)  |   | R | Port A and B     | 0      | 1      |                 | 
|mvm         | gen_olanes[18].u_mat_mem/mem_array_reg  | 512 x 64(READ_FIRST)   | W |   | 512 x 64(WRITE_FIRST)  |   | R | Port A and B     | 0      | 1      |                 | 
|mvm         | gen_olanes[16].u_mat_mem/mem_array_reg  | 512 x 64(READ_FIRST)   | W |   | 512 x 64(WRITE_FIRST)  |   | R | Port A and B     | 0      | 1      |                 | 
|mvm         | gen_olanes[15].u_mat_mem/mem_array_reg  | 512 x 64(READ_FIRST)   | W |   | 512 x 64(WRITE_FIRST)  |   | R | Port A and B     | 0      | 1      |                 | 
|mvm         | gen_olanes[11].u_mat_mem/mem_array_reg  | 512 x 64(READ_FIRST)   | W |   | 512 x 64(WRITE_FIRST)  |   | R | Port A and B     | 0      | 1      |                 | 
|mvm         | gen_olanes[10].u_mat_mem/mem_array_reg  | 512 x 64(READ_FIRST)   | W |   | 512 x 64(WRITE_FIRST)  |   | R | Port A and B     | 0      | 1      |                 | 
|mvm         | gen_olanes[9].u_mat_mem/mem_array_reg   | 512 x 64(READ_FIRST)   | W |   | 512 x 64(WRITE_FIRST)  |   | R | Port A and B     | 0      | 1      |                 | 
|mvm         | gen_olanes[8].u_mat_mem/mem_array_reg   | 512 x 64(READ_FIRST)   | W |   | 512 x 64(WRITE_FIRST)  |   | R | Port A and B     | 0      | 1      |                 | 
|mvm         | gen_olanes[7].u_mat_mem/mem_array_reg   | 512 x 64(READ_FIRST)   | W |   | 512 x 64(WRITE_FIRST)  |   | R | Port A and B     | 0      | 1      |                 | 
|mvm         | gen_olanes[6].u_mat_mem/mem_array_reg   | 512 x 64(READ_FIRST)   | W |   | 512 x 64(WRITE_FIRST)  |   | R | Port A and B     | 0      | 1      |                 | 
|mvm         | gen_olanes[2].u_mat_mem/mem_array_reg   | 512 x 64(READ_FIRST)   | W |   | 512 x 64(WRITE_FIRST)  |   | R | Port A and B     | 0      | 1      |                 | 
|mvm         | gen_olanes[0].u_mat_mem/mem_array_reg   | 512 x 64(READ_FIRST)   | W |   | 512 x 64(WRITE_FIRST)  |   | R | Port A and B     | 0      | 1      |                 | 
|mvm         | u_vec_mem/mem_array_reg                 | 256 x 64(READ_FIRST)   | W |   | 256 x 64(WRITE_FIRST)  |   | R | Port A and B     | 0      | 1      |                 | 
|mvm         | gen_olanes[87].u_mat_mem/mem_array_reg  | 512 x 64(READ_FIRST)   | W |   | 512 x 64(WRITE_FIRST)  |   | R | Port A and B     | 0      | 1      |                 | 
|mvm         | gen_olanes[85].u_mat_mem/mem_array_reg  | 512 x 64(READ_FIRST)   | W |   | 512 x 64(WRITE_FIRST)  |   | R | Port A and B     | 0      | 1      |                 | 
|mvm         | gen_olanes[83].u_mat_mem/mem_array_reg  | 512 x 64(READ_FIRST)   | W |   | 512 x 64(WRITE_FIRST)  |   | R | Port A and B     | 0      | 1      |                 | 
|mvm         | gen_olanes[82].u_mat_mem/mem_array_reg  | 512 x 64(READ_FIRST)   | W |   | 512 x 64(WRITE_FIRST)  |   | R | Port A and B     | 0      | 1      |                 | 
|mvm         | gen_olanes[80].u_mat_mem/mem_array_reg  | 512 x 64(READ_FIRST)   | W |   | 512 x 64(WRITE_FIRST)  |   | R | Port A and B     | 0      | 1      |                 | 
|mvm         | gen_olanes[67].u_mat_mem/mem_array_reg  | 512 x 64(READ_FIRST)   | W |   | 512 x 64(WRITE_FIRST)  |   | R | Port A and B     | 0      | 1      |                 | 
|mvm         | gen_olanes[66].u_mat_mem/mem_array_reg  | 512 x 64(READ_FIRST)   | W |   | 512 x 64(WRITE_FIRST)  |   | R | Port A and B     | 0      | 1      |                 | 
|mvm         | gen_olanes[65].u_mat_mem/mem_array_reg  | 512 x 64(READ_FIRST)   | W |   | 512 x 64(WRITE_FIRST)  |   | R | Port A and B     | 0      | 1      |                 | 
|mvm         | gen_olanes[64].u_mat_mem/mem_array_reg  | 512 x 64(READ_FIRST)   | W |   | 512 x 64(WRITE_FIRST)  |   | R | Port A and B     | 0      | 1      |                 | 
|mvm         | gen_olanes[63].u_mat_mem/mem_array_reg  | 512 x 64(READ_FIRST)   | W |   | 512 x 64(WRITE_FIRST)  |   | R | Port A and B     | 0      | 1      |                 | 
|mvm         | gen_olanes[62].u_mat_mem/mem_array_reg  | 512 x 64(READ_FIRST)   | W |   | 512 x 64(WRITE_FIRST)  |   | R | Port A and B     | 0      | 1      |                 | 
|mvm         | gen_olanes[57].u_mat_mem/mem_array_reg  | 512 x 64(READ_FIRST)   | W |   | 512 x 64(WRITE_FIRST)  |   | R | Port A and B     | 0      | 1      |                 | 
|mvm         | gen_olanes[56].u_mat_mem/mem_array_reg  | 512 x 64(READ_FIRST)   | W |   | 512 x 64(WRITE_FIRST)  |   | R | Port A and B     | 0      | 1      |                 | 
|mvm         | gen_olanes[46].u_mat_mem/mem_array_reg  | 512 x 64(READ_FIRST)   | W |   | 512 x 64(WRITE_FIRST)  |   | R | Port A and B     | 0      | 1      |                 | 
|mvm         | gen_olanes[44].u_mat_mem/mem_array_reg  | 512 x 64(READ_FIRST)   | W |   | 512 x 64(WRITE_FIRST)  |   | R | Port A and B     | 0      | 1      |                 | 
|mvm         | gen_olanes[42].u_mat_mem/mem_array_reg  | 512 x 64(READ_FIRST)   | W |   | 512 x 64(WRITE_FIRST)  |   | R | Port A and B     | 0      | 1      |                 | 
|mvm         | gen_olanes[41].u_mat_mem/mem_array_reg  | 512 x 64(READ_FIRST)   | W |   | 512 x 64(WRITE_FIRST)  |   | R | Port A and B     | 0      | 1      |                 | 
|mvm         | gen_olanes[23].u_mat_mem/mem_array_reg  | 512 x 64(READ_FIRST)   | W |   | 512 x 64(WRITE_FIRST)  |   | R | Port A and B     | 0      | 1      |                 | 
|mvm         | gen_olanes[22].u_mat_mem/mem_array_reg  | 512 x 64(READ_FIRST)   | W |   | 512 x 64(WRITE_FIRST)  |   | R | Port A and B     | 0      | 1      |                 | 
|mvm         | gen_olanes[19].u_mat_mem/mem_array_reg  | 512 x 64(READ_FIRST)   | W |   | 512 x 64(WRITE_FIRST)  |   | R | Port A and B     | 0      | 1      |                 | 
|mvm         | gen_olanes[17].u_mat_mem/mem_array_reg  | 512 x 64(READ_FIRST)   | W |   | 512 x 64(WRITE_FIRST)  |   | R | Port A and B     | 0      | 1      |                 | 
|mvm         | gen_olanes[14].u_mat_mem/mem_array_reg  | 512 x 64(READ_FIRST)   | W |   | 512 x 64(WRITE_FIRST)  |   | R | Port A and B     | 0      | 1      |                 | 
|mvm         | gen_olanes[13].u_mat_mem/mem_array_reg  | 512 x 64(READ_FIRST)   | W |   | 512 x 64(WRITE_FIRST)  |   | R | Port A and B     | 0      | 1      |                 | 
|mvm         | gen_olanes[12].u_mat_mem/mem_array_reg  | 512 x 64(READ_FIRST)   | W |   | 512 x 64(WRITE_FIRST)  |   | R | Port A and B     | 0      | 1      |                 | 
|mvm         | gen_olanes[5].u_mat_mem/mem_array_reg   | 512 x 64(READ_FIRST)   | W |   | 512 x 64(WRITE_FIRST)  |   | R | Port A and B     | 0      | 1      |                 | 
|mvm         | gen_olanes[4].u_mat_mem/mem_array_reg   | 512 x 64(READ_FIRST)   | W |   | 512 x 64(WRITE_FIRST)  |   | R | Port A and B     | 0      | 1      |                 | 
|mvm         | gen_olanes[3].u_mat_mem/mem_array_reg   | 512 x 64(READ_FIRST)   | W |   | 512 x 64(WRITE_FIRST)  |   | R | Port A and B     | 0      | 1      |                 | 
|mvm         | gen_olanes[1].u_mat_mem/mem_array_reg   | 512 x 64(READ_FIRST)   | W |   | 512 x 64(WRITE_FIRST)  |   | R | Port A and B     | 0      | 1      |                 | 
+------------+-----------------------------------------+------------------------+---+---+------------------------+---+---+------------------+--------+--------+-----------------+

Note: The table above is a preliminary report that shows the Block RAMs at the current stage of the synthesis flow. Some Block RAMs may be reimplemented as non Block RAM primitives later in the synthesis flow. Multiple instantiated Block RAMs are reported only once. 
---------------------------------------------------------------------------------
Finished ROM, RAM, DSP, Shift Register and Retiming Reporting
---------------------------------------------------------------------------------
---------------------------------------------------------------------------------
Start Applying XDC Timing Constraints
---------------------------------------------------------------------------------
---------------------------------------------------------------------------------
Finished Applying XDC Timing Constraints : Time (s): cpu = 00:01:06 ; elapsed = 00:01:03 . Memory (MB): peak = 3454.176 ; gain = 1785.969
---------------------------------------------------------------------------------
---------------------------------------------------------------------------------
Start Timing Optimization
---------------------------------------------------------------------------------
---------------------------------------------------------------------------------
Finished Timing Optimization : Time (s): cpu = 00:03:11 ; elapsed = 00:03:10 . Memory (MB): peak = 3871.297 ; gain = 2203.090
---------------------------------------------------------------------------------
---------------------------------------------------------------------------------
Start ROM, RAM, DSP, Shift Register and Retiming Reporting
---------------------------------------------------------------------------------

Block RAM: Final Mapping Report
+------------+-----------------------------------------+------------------------+---+---+------------------------+---+---+------------------+--------+--------+-----------------+
|Module Name | RTL Object                              | PORT A (Depth x Width) | W | R | PORT B (Depth x Width) | W | R | Ports driving FF | RAMB18 | RAMB36 | Cascade Heights | 
+------------+-----------------------------------------+------------------------+---+---+------------------------+---+---+------------------+--------+--------+-----------------+
|mvm         | gen_olanes[72].u_mat_mem/mem_array_reg  | 512 x 64(READ_FIRST)   | W |   | 512 x 64(WRITE_FIRST)  |   | R | Port A and B     | 0      | 1      |                 | 
|mvm         | gen_olanes[71].u_mat_mem/mem_array_reg  | 512 x 64(READ_FIRST)   | W |   | 512 x 64(WRITE_FIRST)  |   | R | Port A and B     | 0      | 1      |                 | 
|mvm         | gen_olanes[70].u_mat_mem/mem_array_reg  | 512 x 64(READ_FIRST)   | W |   | 512 x 64(WRITE_FIRST)  |   | R | Port A and B     | 0      | 1      |                 | 
|mvm         | gen_olanes[69].u_mat_mem/mem_array_reg  | 512 x 64(READ_FIRST)   | W |   | 512 x 64(WRITE_FIRST)  |   | R | Port A and B     | 0      | 1      |                 | 
|mvm         | gen_olanes[68].u_mat_mem/mem_array_reg  | 512 x 64(READ_FIRST)   | W |   | 512 x 64(WRITE_FIRST)  |   | R | Port A and B     | 0      | 1      |                 | 
|mvm         | gen_olanes[79].u_mat_mem/mem_array_reg  | 512 x 64(READ_FIRST)   | W |   | 512 x 64(WRITE_FIRST)  |   | R | Port A and B     | 0      | 1      |                 | 
|mvm         | gen_olanes[78].u_mat_mem/mem_array_reg  | 512 x 64(READ_FIRST)   | W |   | 512 x 64(WRITE_FIRST)  |   | R | Port A and B     | 0      | 1      |                 | 
|mvm         | gen_olanes[77].u_mat_mem/mem_array_reg  | 512 x 64(READ_FIRST)   | W |   | 512 x 64(WRITE_FIRST)  |   | R | Port A and B     | 0      | 1      |                 | 
|mvm         | gen_olanes[76].u_mat_mem/mem_array_reg  | 512 x 64(READ_FIRST)   | W |   | 512 x 64(WRITE_FIRST)  |   | R | Port A and B     | 0      | 1      |                 | 
|mvm         | gen_olanes[75].u_mat_mem/mem_array_reg  | 512 x 64(READ_FIRST)   | W |   | 512 x 64(WRITE_FIRST)  |   | R | Port A and B     | 0      | 1      |                 | 
|mvm         | gen_olanes[61].u_mat_mem/mem_array_reg  | 512 x 64(READ_FIRST)   | W |   | 512 x 64(WRITE_FIRST)  |   | R | Port A and B     | 0      | 1      |                 | 
|mvm         | gen_olanes[60].u_mat_mem/mem_array_reg  | 512 x 64(READ_FIRST)   | W |   | 512 x 64(WRITE_FIRST)  |   | R | Port A and B     | 0      | 1      |                 | 
|mvm         | gen_olanes[103].u_mat_mem/mem_array_reg | 512 x 64(READ_FIRST)   | W |   | 512 x 64(WRITE_FIRST)  |   | R | Port A and B     | 0      | 1      |                 | 
|mvm         | gen_olanes[102].u_mat_mem/mem_array_reg | 512 x 64(READ_FIRST)   | W |   | 512 x 64(WRITE_FIRST)  |   | R | Port A and B     | 0      | 1      |                 | 
|mvm         | gen_olanes[101].u_mat_mem/mem_array_reg | 512 x 64(READ_FIRST)   | W |   | 512 x 64(WRITE_FIRST)  |   | R | Port A and B     | 0      | 1      |                 | 
|mvm         | gen_olanes[100].u_mat_mem/mem_array_reg | 512 x 64(READ_FIRST)   | W |   | 512 x 64(WRITE_FIRST)  |   | R | Port A and B     | 0      | 1      |                 | 
|mvm         | gen_olanes[99].u_mat_mem/mem_array_reg  | 512 x 64(READ_FIRST)   | W |   | 512 x 64(WRITE_FIRST)  |   | R | Port A and B     | 0      | 1      |                 | 
|mvm         | gen_olanes[59].u_mat_mem/mem_array_reg  | 512 x 64(READ_FIRST)   | W |   | 512 x 64(WRITE_FIRST)  |   | R | Port A and B     | 0      | 1      |                 | 
|mvm         | gen_olanes[98].u_mat_mem/mem_array_reg  | 512 x 64(READ_FIRST)   | W |   | 512 x 64(WRITE_FIRST)  |   | R | Port A and B     | 0      | 1      |                 | 
|mvm         | gen_olanes[97].u_mat_mem/mem_array_reg  | 512 x 64(READ_FIRST)   | W |   | 512 x 64(WRITE_FIRST)  |   | R | Port A and B     | 0      | 1      |                 | 
|mvm         | gen_olanes[96].u_mat_mem/mem_array_reg  | 512 x 64(READ_FIRST)   | W |   | 512 x 64(WRITE_FIRST)  |   | R | Port A and B     | 0      | 1      |                 | 
|mvm         | gen_olanes[95].u_mat_mem/mem_array_reg  | 512 x 64(READ_FIRST)   | W |   | 512 x 64(WRITE_FIRST)  |   | R | Port A and B     | 0      | 1      |                 | 
|mvm         | gen_olanes[118].u_mat_mem/mem_array_reg | 512 x 64(READ_FIRST)   | W |   | 512 x 64(WRITE_FIRST)  |   | R | Port A and B     | 0      | 1      |                 | 
|mvm         | gen_olanes[117].u_mat_mem/mem_array_reg | 512 x 64(READ_FIRST)   | W |   | 512 x 64(WRITE_FIRST)  |   | R | Port A and B     | 0      | 1      |                 | 
|mvm         | gen_olanes[94].u_mat_mem/mem_array_reg  | 512 x 64(READ_FIRST)   | W |   | 512 x 64(WRITE_FIRST)  |   | R | Port A and B     | 0      | 1      |                 | 
|mvm         | gen_olanes[74].u_mat_mem/mem_array_reg  | 512 x 64(READ_FIRST)   | W |   | 512 x 64(WRITE_FIRST)  |   | R | Port A and B     | 0      | 1      |                 | 
|mvm         | gen_olanes[58].u_mat_mem/mem_array_reg  | 512 x 64(READ_FIRST)   | W |   | 512 x 64(WRITE_FIRST)  |   | R | Port A and B     | 0      | 1      |                 | 
|mvm         | gen_olanes[93].u_mat_mem/mem_array_reg  | 512 x 64(READ_FIRST)   | W |   | 512 x 64(WRITE_FIRST)  |   | R | Port A and B     | 0      | 1      |                 | 
|mvm         | gen_olanes[92].u_mat_mem/mem_array_reg  | 512 x 64(READ_FIRST)   | W |   | 512 x 64(WRITE_FIRST)  |   | R | Port A and B     | 0      | 1      |                 | 
|mvm         | gen_olanes[73].u_mat_mem/mem_array_reg  | 512 x 64(READ_FIRST)   | W |   | 512 x 64(WRITE_FIRST)  |   | R | Port A and B     | 0      | 1      |                 | 
|mvm         | gen_olanes[91].u_mat_mem/mem_array_reg  | 512 x 64(READ_FIRST)   | W |   | 512 x 64(WRITE_FIRST)  |   | R | Port A and B     | 0      | 1      |                 | 
|mvm         | gen_olanes[104].u_mat_mem/mem_array_reg | 512 x 64(READ_FIRST)   | W |   | 512 x 64(WRITE_FIRST)  |   | R | Port A and B     | 0      | 1      |                 | 
|mvm         | gen_olanes[105].u_mat_mem/mem_array_reg | 512 x 64(READ_FIRST)   | W |   | 512 x 64(WRITE_FIRST)  |   | R | Port A and B     | 0      | 1      |                 | 
|mvm         | gen_olanes[81].u_mat_mem/mem_array_reg  | 512 x 64(READ_FIRST)   | W |   | 512 x 64(WRITE_FIRST)  |   | R | Port A and B     | 0      | 1      |                 | 
|mvm         | gen_olanes[84].u_mat_mem/mem_array_reg  | 512 x 64(READ_FIRST)   | W |   | 512 x 64(WRITE_FIRST)  |   | R | Port A and B     | 0      | 1      |                 | 
|mvm         | gen_olanes[86].u_mat_mem/mem_array_reg  | 512 x 64(READ_FIRST)   | W |   | 512 x 64(WRITE_FIRST)  |   | R | Port A and B     | 0      | 1      |                 | 
|mvm         | gen_olanes[88].u_mat_mem/mem_array_reg  | 512 x 64(READ_FIRST)   | W |   | 512 x 64(WRITE_FIRST)  |   | R | Port A and B     | 0      | 1      |                 | 
|mvm         | gen_olanes[89].u_mat_mem/mem_array_reg  | 512 x 64(READ_FIRST)   | W |   | 512 x 64(WRITE_FIRST)  |   | R | Port A and B     | 0      | 1      |                 | 
|mvm         | gen_olanes[90].u_mat_mem/mem_array_reg  | 512 x 64(READ_FIRST)   | W |   | 512 x 64(WRITE_FIRST)  |   | R | Port A and B     | 0      | 1      |                 | 
|mvm         | gen_olanes[115].u_mat_mem/mem_array_reg | 512 x 64(READ_FIRST)   | W |   | 512 x 64(WRITE_FIRST)  |   | R | Port A and B     | 0      | 1      |                 | 
|mvm         | gen_olanes[116].u_mat_mem/mem_array_reg | 512 x 64(READ_FIRST)   | W |   | 512 x 64(WRITE_FIRST)  |   | R | Port A and B     | 0      | 1      |                 | 
|mvm         | gen_olanes[106].u_mat_mem/mem_array_reg | 512 x 64(READ_FIRST)   | W |   | 512 x 64(WRITE_FIRST)  |   | R | Port A and B     | 0      | 1      |                 | 
|mvm         | gen_olanes[107].u_mat_mem/mem_array_reg | 512 x 64(READ_FIRST)   | W |   | 512 x 64(WRITE_FIRST)  |   | R | Port A and B     | 0      | 1      |                 | 
|mvm         | gen_olanes[108].u_mat_mem/mem_array_reg | 512 x 64(READ_FIRST)   | W |   | 512 x 64(WRITE_FIRST)  |   | R | Port A and B     | 0      | 1      |                 | 
|mvm         | gen_olanes[109].u_mat_mem/mem_array_reg | 512 x 64(READ_FIRST)   | W |   | 512 x 64(WRITE_FIRST)  |   | R | Port A and B     | 0      | 1      |                 | 
|mvm         | gen_olanes[110].u_mat_mem/mem_array_reg | 512 x 64(READ_FIRST)   | W |   | 512 x 64(WRITE_FIRST)  |   | R | Port A and B     | 0      | 1      |                 | 
|mvm         | gen_olanes[111].u_mat_mem/mem_array_reg | 512 x 64(READ_FIRST)   | W |   | 512 x 64(WRITE_FIRST)  |   | R | Port A and B     | 0      | 1      |                 | 
|mvm         | gen_olanes[112].u_mat_mem/mem_array_reg | 512 x 64(READ_FIRST)   | W |   | 512 x 64(WRITE_FIRST)  |   | R | Port A and B     | 0      | 1      |                 | 
|mvm         | gen_olanes[113].u_mat_mem/mem_array_reg | 512 x 64(READ_FIRST)   | W |   | 512 x 64(WRITE_FIRST)  |   | R | Port A and B     | 0      | 1      |                 | 
|mvm         | gen_olanes[114].u_mat_mem/mem_array_reg | 512 x 64(READ_FIRST)   | W |   | 512 x 64(WRITE_FIRST)  |   | R | Port A and B     | 0      | 1      |                 | 
|mvm         | gen_olanes[55].u_mat_mem/mem_array_reg  | 512 x 64(READ_FIRST)   | W |   | 512 x 64(WRITE_FIRST)  |   | R | Port A and B     | 0      | 1      |                 | 
|mvm         | gen_olanes[54].u_mat_mem/mem_array_reg  | 512 x 64(READ_FIRST)   | W |   | 512 x 64(WRITE_FIRST)  |   | R | Port A and B     | 0      | 1      |                 | 
|mvm         | gen_olanes[53].u_mat_mem/mem_array_reg  | 512 x 64(READ_FIRST)   | W |   | 512 x 64(WRITE_FIRST)  |   | R | Port A and B     | 0      | 1      |                 | 
|mvm         | gen_olanes[52].u_mat_mem/mem_array_reg  | 512 x 64(READ_FIRST)   | W |   | 512 x 64(WRITE_FIRST)  |   | R | Port A and B     | 0      | 1      |                 | 
|mvm         | gen_olanes[119].u_mat_mem/mem_array_reg | 512 x 64(READ_FIRST)   | W |   | 512 x 64(WRITE_FIRST)  |   | R | Port A and B     | 0      | 1      |                 | 
|mvm         | gen_olanes[120].u_mat_mem/mem_array_reg | 512 x 64(READ_FIRST)   | W |   | 512 x 64(WRITE_FIRST)  |   | R | Port A and B     | 0      | 1      |                 | 
|mvm         | gen_olanes[121].u_mat_mem/mem_array_reg | 512 x 64(READ_FIRST)   | W |   | 512 x 64(WRITE_FIRST)  |   | R | Port A and B     | 0      | 1      |                 | 
|mvm         | gen_olanes[122].u_mat_mem/mem_array_reg | 512 x 64(READ_FIRST)   | W |   | 512 x 64(WRITE_FIRST)  |   | R | Port A and B     | 0      | 1      |                 | 
|mvm         | gen_olanes[123].u_mat_mem/mem_array_reg | 512 x 64(READ_FIRST)   | W |   | 512 x 64(WRITE_FIRST)  |   | R | Port A and B     | 0      | 1      |                 | 
|mvm         | gen_olanes[124].u_mat_mem/mem_array_reg | 512 x 64(READ_FIRST)   | W |   | 512 x 64(WRITE_FIRST)  |   | R | Port A and B     | 0      | 1      |                 | 
|mvm         | gen_olanes[125].u_mat_mem/mem_array_reg | 512 x 64(READ_FIRST)   | W |   | 512 x 64(WRITE_FIRST)  |   | R | Port A and B     | 0      | 1      |                 | 
|mvm         | gen_olanes[126].u_mat_mem/mem_array_reg | 512 x 64(READ_FIRST)   | W |   | 512 x 64(WRITE_FIRST)  |   | R | Port A and B     | 0      | 1      |                 | 
|mvm         | gen_olanes[127].u_mat_mem/mem_array_reg | 512 x 64(READ_FIRST)   | W |   | 512 x 64(WRITE_FIRST)  |   | R | Port A and B     | 0      | 1      |                 | 
|mvm         | gen_olanes[51].u_mat_mem/mem_array_reg  | 512 x 64(READ_FIRST)   | W |   | 512 x 64(WRITE_FIRST)  |   | R | Port A and B     | 0      | 1      |                 | 
|mvm         | gen_olanes[50].u_mat_mem/mem_array_reg  | 512 x 64(READ_FIRST)   | W |   | 512 x 64(WRITE_FIRST)  |   | R | Port A and B     | 0      | 1      |                 | 
|mvm         | gen_olanes[49].u_mat_mem/mem_array_reg  | 512 x 64(READ_FIRST)   | W |   | 512 x 64(WRITE_FIRST)  |   | R | Port A and B     | 0      | 1      |                 | 
|mvm         | gen_olanes[48].u_mat_mem/mem_array_reg  | 512 x 64(READ_FIRST)   | W |   | 512 x 64(WRITE_FIRST)  |   | R | Port A and B     | 0      | 1      |                 | 
|mvm         | gen_olanes[47].u_mat_mem/mem_array_reg  | 512 x 64(READ_FIRST)   | W |   | 512 x 64(WRITE_FIRST)  |   | R | Port A and B     | 0      | 1      |                 | 
|mvm         | gen_olanes[45].u_mat_mem/mem_array_reg  | 512 x 64(READ_FIRST)   | W |   | 512 x 64(WRITE_FIRST)  |   | R | Port A and B     | 0      | 1      |                 | 
|mvm         | gen_olanes[43].u_mat_mem/mem_array_reg  | 512 x 64(READ_FIRST)   | W |   | 512 x 64(WRITE_FIRST)  |   | R | Port A and B     | 0      | 1      |                 | 
|mvm         | gen_olanes[40].u_mat_mem/mem_array_reg  | 512 x 64(READ_FIRST)   | W |   | 512 x 64(WRITE_FIRST)  |   | R | Port A and B     | 0      | 1      |                 | 
|mvm         | gen_olanes[39].u_mat_mem/mem_array_reg  | 512 x 64(READ_FIRST)   | W |   | 512 x 64(WRITE_FIRST)  |   | R | Port A and B     | 0      | 1      |                 | 
|mvm         | gen_olanes[38].u_mat_mem/mem_array_reg  | 512 x 64(READ_FIRST)   | W |   | 512 x 64(WRITE_FIRST)  |   | R | Port A and B     | 0      | 1      |                 | 
|mvm         | gen_olanes[37].u_mat_mem/mem_array_reg  | 512 x 64(READ_FIRST)   | W |   | 512 x 64(WRITE_FIRST)  |   | R | Port A and B     | 0      | 1      |                 | 
|mvm         | gen_olanes[36].u_mat_mem/mem_array_reg  | 512 x 64(READ_FIRST)   | W |   | 512 x 64(WRITE_FIRST)  |   | R | Port A and B     | 0      | 1      |                 | 
|mvm         | gen_olanes[35].u_mat_mem/mem_array_reg  | 512 x 64(READ_FIRST)   | W |   | 512 x 64(WRITE_FIRST)  |   | R | Port A and B     | 0      | 1      |                 | 
|mvm         | gen_olanes[34].u_mat_mem/mem_array_reg  | 512 x 64(READ_FIRST)   | W |   | 512 x 64(WRITE_FIRST)  |   | R | Port A and B     | 0      | 1      |                 | 
|mvm         | gen_olanes[33].u_mat_mem/mem_array_reg  | 512 x 64(READ_FIRST)   | W |   | 512 x 64(WRITE_FIRST)  |   | R | Port A and B     | 0      | 1      |                 | 
|mvm         | gen_olanes[32].u_mat_mem/mem_array_reg  | 512 x 64(READ_FIRST)   | W |   | 512 x 64(WRITE_FIRST)  |   | R | Port A and B     | 0      | 1      |                 | 
|mvm         | gen_olanes[31].u_mat_mem/mem_array_reg  | 512 x 64(READ_FIRST)   | W |   | 512 x 64(WRITE_FIRST)  |   | R | Port A and B     | 0      | 1      |                 | 
|mvm         | gen_olanes[30].u_mat_mem/mem_array_reg  | 512 x 64(READ_FIRST)   | W |   | 512 x 64(WRITE_FIRST)  |   | R | Port A and B     | 0      | 1      |                 | 
|mvm         | gen_olanes[29].u_mat_mem/mem_array_reg  | 512 x 64(READ_FIRST)   | W |   | 512 x 64(WRITE_FIRST)  |   | R | Port A and B     | 0      | 1      |                 | 
|mvm         | gen_olanes[28].u_mat_mem/mem_array_reg  | 512 x 64(READ_FIRST)   | W |   | 512 x 64(WRITE_FIRST)  |   | R | Port A and B     | 0      | 1      |                 | 
|mvm         | gen_olanes[27].u_mat_mem/mem_array_reg  | 512 x 64(READ_FIRST)   | W |   | 512 x 64(WRITE_FIRST)  |   | R | Port A and B     | 0      | 1      |                 | 
|mvm         | gen_olanes[26].u_mat_mem/mem_array_reg  | 512 x 64(READ_FIRST)   | W |   | 512 x 64(WRITE_FIRST)  |   | R | Port A and B     | 0      | 1      |                 | 
|mvm         | gen_olanes[25].u_mat_mem/mem_array_reg  | 512 x 64(READ_FIRST)   | W |   | 512 x 64(WRITE_FIRST)  |   | R | Port A and B     | 0      | 1      |                 | 
|mvm         | gen_olanes[24].u_mat_mem/mem_array_reg  | 512 x 64(READ_FIRST)   | W |   | 512 x 64(WRITE_FIRST)  |   | R | Port A and B     | 0      | 1      |                 | 
|mvm         | gen_olanes[21].u_mat_mem/mem_array_reg  | 512 x 64(READ_FIRST)   | W |   | 512 x 64(WRITE_FIRST)  |   | R | Port A and B     | 0      | 1      |                 | 
|mvm         | gen_olanes[20].u_mat_mem/mem_array_reg  | 512 x 64(READ_FIRST)   | W |   | 512 x 64(WRITE_FIRST)  |   | R | Port A and B     | 0      | 1      |                 | 
|mvm         | gen_olanes[18].u_mat_mem/mem_array_reg  | 512 x 64(READ_FIRST)   | W |   | 512 x 64(WRITE_FIRST)  |   | R | Port A and B     | 0      | 1      |                 | 
|mvm         | gen_olanes[16].u_mat_mem/mem_array_reg  | 512 x 64(READ_FIRST)   | W |   | 512 x 64(WRITE_FIRST)  |   | R | Port A and B     | 0      | 1      |                 | 
|mvm         | gen_olanes[15].u_mat_mem/mem_array_reg  | 512 x 64(READ_FIRST)   | W |   | 512 x 64(WRITE_FIRST)  |   | R | Port A and B     | 0      | 1      |                 | 
|mvm         | gen_olanes[11].u_mat_mem/mem_array_reg  | 512 x 64(READ_FIRST)   | W |   | 512 x 64(WRITE_FIRST)  |   | R | Port A and B     | 0      | 1      |                 | 
|mvm         | gen_olanes[10].u_mat_mem/mem_array_reg  | 512 x 64(READ_FIRST)   | W |   | 512 x 64(WRITE_FIRST)  |   | R | Port A and B     | 0      | 1      |                 | 
|mvm         | gen_olanes[9].u_mat_mem/mem_array_reg   | 512 x 64(READ_FIRST)   | W |   | 512 x 64(WRITE_FIRST)  |   | R | Port A and B     | 0      | 1      |                 | 
|mvm         | gen_olanes[8].u_mat_mem/mem_array_reg   | 512 x 64(READ_FIRST)   | W |   | 512 x 64(WRITE_FIRST)  |   | R | Port A and B     | 0      | 1      |                 | 
|mvm         | gen_olanes[7].u_mat_mem/mem_array_reg   | 512 x 64(READ_FIRST)   | W |   | 512 x 64(WRITE_FIRST)  |   | R | Port A and B     | 0      | 1      |                 | 
|mvm         | gen_olanes[6].u_mat_mem/mem_array_reg   | 512 x 64(READ_FIRST)   | W |   | 512 x 64(WRITE_FIRST)  |   | R | Port A and B     | 0      | 1      |                 | 
|mvm         | gen_olanes[2].u_mat_mem/mem_array_reg   | 512 x 64(READ_FIRST)   | W |   | 512 x 64(WRITE_FIRST)  |   | R | Port A and B     | 0      | 1      |                 | 
|mvm         | gen_olanes[0].u_mat_mem/mem_array_reg   | 512 x 64(READ_FIRST)   | W |   | 512 x 64(WRITE_FIRST)  |   | R | Port A and B     | 0      | 1      |                 | 
|mvm         | u_vec_mem/mem_array_reg                 | 256 x 64(READ_FIRST)   | W |   | 256 x 64(WRITE_FIRST)  |   | R | Port A and B     | 0      | 1      |                 | 
|mvm         | gen_olanes[87].u_mat_mem/mem_array_reg  | 512 x 64(READ_FIRST)   | W |   | 512 x 64(WRITE_FIRST)  |   | R | Port A and B     | 0      | 1      |                 | 
|mvm         | gen_olanes[85].u_mat_mem/mem_array_reg  | 512 x 64(READ_FIRST)   | W |   | 512 x 64(WRITE_FIRST)  |   | R | Port A and B     | 0      | 1      |                 | 
|mvm         | gen_olanes[83].u_mat_mem/mem_array_reg  | 512 x 64(READ_FIRST)   | W |   | 512 x 64(WRITE_FIRST)  |   | R | Port A and B     | 0      | 1      |                 | 
|mvm         | gen_olanes[82].u_mat_mem/mem_array_reg  | 512 x 64(READ_FIRST)   | W |   | 512 x 64(WRITE_FIRST)  |   | R | Port A and B     | 0      | 1      |                 | 
|mvm         | gen_olanes[80].u_mat_mem/mem_array_reg  | 512 x 64(READ_FIRST)   | W |   | 512 x 64(WRITE_FIRST)  |   | R | Port A and B     | 0      | 1      |                 | 
|mvm         | gen_olanes[67].u_mat_mem/mem_array_reg  | 512 x 64(READ_FIRST)   | W |   | 512 x 64(WRITE_FIRST)  |   | R | Port A and B     | 0      | 1      |                 | 
|mvm         | gen_olanes[66].u_mat_mem/mem_array_reg  | 512 x 64(READ_FIRST)   | W |   | 512 x 64(WRITE_FIRST)  |   | R | Port A and B     | 0      | 1      |                 | 
|mvm         | gen_olanes[65].u_mat_mem/mem_array_reg  | 512 x 64(READ_FIRST)   | W |   | 512 x 64(WRITE_FIRST)  |   | R | Port A and B     | 0      | 1      |                 | 
|mvm         | gen_olanes[64].u_mat_mem/mem_array_reg  | 512 x 64(READ_FIRST)   | W |   | 512 x 64(WRITE_FIRST)  |   | R | Port A and B     | 0      | 1      |                 | 
|mvm         | gen_olanes[63].u_mat_mem/mem_array_reg  | 512 x 64(READ_FIRST)   | W |   | 512 x 64(WRITE_FIRST)  |   | R | Port A and B     | 0      | 1      |                 | 
|mvm         | gen_olanes[62].u_mat_mem/mem_array_reg  | 512 x 64(READ_FIRST)   | W |   | 512 x 64(WRITE_FIRST)  |   | R | Port A and B     | 0      | 1      |                 | 
|mvm         | gen_olanes[57].u_mat_mem/mem_array_reg  | 512 x 64(READ_FIRST)   | W |   | 512 x 64(WRITE_FIRST)  |   | R | Port A and B     | 0      | 1      |                 | 
|mvm         | gen_olanes[56].u_mat_mem/mem_array_reg  | 512 x 64(READ_FIRST)   | W |   | 512 x 64(WRITE_FIRST)  |   | R | Port A and B     | 0      | 1      |                 | 
|mvm         | gen_olanes[46].u_mat_mem/mem_array_reg  | 512 x 64(READ_FIRST)   | W |   | 512 x 64(WRITE_FIRST)  |   | R | Port A and B     | 0      | 1      |                 | 
|mvm         | gen_olanes[44].u_mat_mem/mem_array_reg  | 512 x 64(READ_FIRST)   | W |   | 512 x 64(WRITE_FIRST)  |   | R | Port A and B     | 0      | 1      |                 | 
|mvm         | gen_olanes[42].u_mat_mem/mem_array_reg  | 512 x 64(READ_FIRST)   | W |   | 512 x 64(WRITE_FIRST)  |   | R | Port A and B     | 0      | 1      |                 | 
|mvm         | gen_olanes[41].u_mat_mem/mem_array_reg  | 512 x 64(READ_FIRST)   | W |   | 512 x 64(WRITE_FIRST)  |   | R | Port A and B     | 0      | 1      |                 | 
|mvm         | gen_olanes[23].u_mat_mem/mem_array_reg  | 512 x 64(READ_FIRST)   | W |   | 512 x 64(WRITE_FIRST)  |   | R | Port A and B     | 0      | 1      |                 | 
|mvm         | gen_olanes[22].u_mat_mem/mem_array_reg  | 512 x 64(READ_FIRST)   | W |   | 512 x 64(WRITE_FIRST)  |   | R | Port A and B     | 0      | 1      |                 | 
|mvm         | gen_olanes[19].u_mat_mem/mem_array_reg  | 512 x 64(READ_FIRST)   | W |   | 512 x 64(WRITE_FIRST)  |   | R | Port A and B     | 0      | 1      |                 | 
|mvm         | gen_olanes[17].u_mat_mem/mem_array_reg  | 512 x 64(READ_FIRST)   | W |   | 512 x 64(WRITE_FIRST)  |   | R | Port A and B     | 0      | 1      |                 | 
|mvm         | gen_olanes[14].u_mat_mem/mem_array_reg  | 512 x 64(READ_FIRST)   | W |   | 512 x 64(WRITE_FIRST)  |   | R | Port A and B     | 0      | 1      |                 | 
|mvm         | gen_olanes[13].u_mat_mem/mem_array_reg  | 512 x 64(READ_FIRST)   | W |   | 512 x 64(WRITE_FIRST)  |   | R | Port A and B     | 0      | 1      |                 | 
|mvm         | gen_olanes[12].u_mat_mem/mem_array_reg  | 512 x 64(READ_FIRST)   | W |   | 512 x 64(WRITE_FIRST)  |   | R | Port A and B     | 0      | 1      |                 | 
|mvm         | gen_olanes[5].u_mat_mem/mem_array_reg   | 512 x 64(READ_FIRST)   | W |   | 512 x 64(WRITE_FIRST)  |   | R | Port A and B     | 0      | 1      |                 | 
|mvm         | gen_olanes[4].u_mat_mem/mem_array_reg   | 512 x 64(READ_FIRST)   | W |   | 512 x 64(WRITE_FIRST)  |   | R | Port A and B     | 0      | 1      |                 | 
|mvm         | gen_olanes[3].u_mat_mem/mem_array_reg   | 512 x 64(READ_FIRST)   | W |   | 512 x 64(WRITE_FIRST)  |   | R | Port A and B     | 0      | 1      |                 | 
|mvm         | gen_olanes[1].u_mat_mem/mem_array_reg   | 512 x 64(READ_FIRST)   | W |   | 512 x 64(WRITE_FIRST)  |   | R | Port A and B     | 0      | 1      |                 | 
+------------+-----------------------------------------+------------------------+---+---+------------------------+---+---+------------------+--------+--------+-----------------+

---------------------------------------------------------------------------------
Finished ROM, RAM, DSP, Shift Register and Retiming Reporting
---------------------------------------------------------------------------------
---------------------------------------------------------------------------------
Start Technology Mapping
---------------------------------------------------------------------------------
---------------------------------------------------------------------------------
Finished Technology Mapping : Time (s): cpu = 00:04:06 ; elapsed = 00:04:07 . Memory (MB): peak = 3896.898 ; gain = 2228.691
---------------------------------------------------------------------------------
---------------------------------------------------------------------------------
Start IO Insertion
---------------------------------------------------------------------------------
---------------------------------------------------------------------------------
Start Flattening Before IO Insertion
---------------------------------------------------------------------------------
---------------------------------------------------------------------------------
Finished Flattening Before IO Insertion
---------------------------------------------------------------------------------
---------------------------------------------------------------------------------
Start Final Netlist Cleanup
---------------------------------------------------------------------------------
---------------------------------------------------------------------------------
Finished Final Netlist Cleanup
---------------------------------------------------------------------------------
---------------------------------------------------------------------------------
Finished IO Insertion : Time (s): cpu = 00:04:11 ; elapsed = 00:04:12 . Memory (MB): peak = 3936.641 ; gain = 2268.434
---------------------------------------------------------------------------------
---------------------------------------------------------------------------------
Start Renaming Generated Instances
---------------------------------------------------------------------------------
---------------------------------------------------------------------------------
Finished Renaming Generated Instances : Time (s): cpu = 00:04:11 ; elapsed = 00:04:12 . Memory (MB): peak = 3936.641 ; gain = 2268.434
---------------------------------------------------------------------------------
---------------------------------------------------------------------------------
Start Rebuilding User Hierarchy
---------------------------------------------------------------------------------
---------------------------------------------------------------------------------
Finished Rebuilding User Hierarchy : Time (s): cpu = 00:04:33 ; elapsed = 00:04:35 . Memory (MB): peak = 3943.570 ; gain = 2275.363
---------------------------------------------------------------------------------
---------------------------------------------------------------------------------
Start Renaming Generated Ports
---------------------------------------------------------------------------------
---------------------------------------------------------------------------------
Finished Renaming Generated Ports : Time (s): cpu = 00:04:34 ; elapsed = 00:04:36 . Memory (MB): peak = 3943.570 ; gain = 2275.363
---------------------------------------------------------------------------------
---------------------------------------------------------------------------------
Start Handling Custom Attributes
---------------------------------------------------------------------------------
---------------------------------------------------------------------------------
Finished Handling Custom Attributes : Time (s): cpu = 00:04:34 ; elapsed = 00:04:36 . Memory (MB): peak = 3943.648 ; gain = 2275.441
---------------------------------------------------------------------------------
---------------------------------------------------------------------------------
Start Renaming Generated Nets
---------------------------------------------------------------------------------
---------------------------------------------------------------------------------
Finished Renaming Generated Nets : Time (s): cpu = 00:04:35 ; elapsed = 00:04:37 . Memory (MB): peak = 3943.648 ; gain = 2275.441
---------------------------------------------------------------------------------
---------------------------------------------------------------------------------
Start ROM, RAM, DSP, Shift Register and Retiming Reporting
---------------------------------------------------------------------------------

Static Shift Register Report:
+------------+-------------------+--------+-------+--------------+--------------------+-------------------+--------+---------+
|Module Name | RTL Name          | Length | Width | Reset Signal | Pull out first Reg | Pull out last Reg | SRL16E | SRLC32E | 
+------------+-------------------+--------+-------+--------------+--------------------+-------------------+--------+---------+
|mvm         | lane_valid_reg[0] | 4      | 1     | YES          | NO                 | YES               | 1      | 0       | 
|mvm         | lane_last_reg[0]  | 4      | 1     | YES          | NO                 | YES               | 1      | 0       | 
|mvm         | lane_first_reg[0] | 4      | 1     | YES          | NO                 | YES               | 1      | 0       | 
+------------+-------------------+--------+-------+--------------+--------------------+-------------------+--------+---------+

---------------------------------------------------------------------------------
Finished ROM, RAM, DSP, Shift Register and Retiming Reporting
---------------------------------------------------------------------------------
---------------------------------------------------------------------------------
Start Writing Synthesis Report
---------------------------------------------------------------------------------

DSP Final Report (the ' indicates corresponding REG is set)
+---------------------------+-----------------+--------+--------+--------+--------+--------+------+------+------+------+-------+------+------+
|Module Name                | DSP Mapping     | A Size | B Size | C Size | D Size | P Size | AREG | BREG | CREG | DREG | ADREG | MREG | PREG | 
+---------------------------+-----------------+--------+--------+--------+--------+--------+------+------+------+------+-------+------+------+
|accum                      | Dynamic         | -      | -      | -      | -      | 32     | -    | -    | -    | -    | -     | 0    | 1    | 
|dsp_signed_mult_pipe__633  | (C+(A''*B'')')' | 30     | 18     | 0      | -      | 16     | 2    | 2    | 0    | -    | -     | 1    | 1    | 
|dsp_signed_mult_pipe__634  | (C+(A''*B'')')' | 30     | 18     | 0      | -      | 16     | 2    | 2    | 0    | -    | -     | 1    | 1    | 
|dsp_signed_mult_pipe__635  | (C+(A''*B'')')' | 30     | 18     | 0      | -      | 16     | 2    | 2    | 0    | -    | -     | 1    | 1    | 
|dsp_signed_mult_pipe__636  | (C+(A''*B'')')' | 30     | 18     | 0      | -      | 16     | 2    | 2    | 0    | -    | -     | 1    | 1    | 
|dsp_signed_mult_pipe__637  | (C+(A''*B'')')' | 30     | 18     | 0      | -      | 16     | 2    | 2    | 0    | -    | -     | 1    | 1    | 
|dsp_signed_mult_pipe__638  | (C+(A''*B'')')' | 30     | 18     | 0      | -      | 16     | 2    | 2    | 0    | -    | -     | 1    | 1    | 
|dsp_signed_mult_pipe__639  | (C+(A''*B'')')' | 30     | 18     | 0      | -      | 16     | 2    | 2    | 0    | -    | -     | 1    | 1    | 
|dsp_signed_mult_pipe__800  | (C+(A''*B'')')' | 30     | 18     | 0      | -      | 16     | 2    | 2    | 0    | -    | -     | 1    | 1    | 
|accum_0                    | Dynamic         | -      | -      | -      | -      | 32     | -    | -    | -    | -    | -     | 0    | 1    | 
|dsp_signed_mult_pipe__143  | (C+(A''*B'')')' | 30     | 18     | 0      | -      | 16     | 2    | 2    | 0    | -    | -     | 1    | 1    | 
|dsp_signed_mult_pipe__142  | (C+(A''*B'')')' | 30     | 18     | 0      | -      | 16     | 2    | 2    | 0    | -    | -     | 1    | 1    | 
|dsp_signed_mult_pipe__141  | (C+(A''*B'')')' | 30     | 18     | 0      | -      | 16     | 2    | 2    | 0    | -    | -     | 1    | 1    | 
|dsp_signed_mult_pipe__140  | (C+(A''*B'')')' | 30     | 18     | 0      | -      | 16     | 2    | 2    | 0    | -    | -     | 1    | 1    | 
|dsp_signed_mult_pipe__139  | (C+(A''*B'')')' | 30     | 18     | 0      | -      | 16     | 2    | 2    | 0    | -    | -     | 1    | 1    | 
|dsp_signed_mult_pipe__138  | (C+(A''*B'')')' | 30     | 18     | 0      | -      | 16     | 2    | 2    | 0    | -    | -     | 1    | 1    | 
|dsp_signed_mult_pipe__137  | (C+(A''*B'')')' | 30     | 18     | 0      | -      | 16     | 2    | 2    | 0    | -    | -     | 1    | 1    | 
|dsp_signed_mult_pipe__136  | (C+(A''*B'')')' | 30     | 18     | 0      | -      | 16     | 2    | 2    | 0    | -    | -     | 1    | 1    | 
|accum_3                    | Dynamic         | -      | -      | -      | -      | 32     | -    | -    | -    | -    | -     | 0    | 1    | 
|dsp_signed_mult_pipe__135  | (C+(A''*B'')')' | 30     | 18     | 0      | -      | 16     | 2    | 2    | 0    | -    | -     | 1    | 1    | 
|dsp_signed_mult_pipe__134  | (C+(A''*B'')')' | 30     | 18     | 0      | -      | 16     | 2    | 2    | 0    | -    | -     | 1    | 1    | 
|dsp_signed_mult_pipe__133  | (C+(A''*B'')')' | 30     | 18     | 0      | -      | 16     | 2    | 2    | 0    | -    | -     | 1    | 1    | 
|dsp_signed_mult_pipe__132  | (C+(A''*B'')')' | 30     | 18     | 0      | -      | 16     | 2    | 2    | 0    | -    | -     | 1    | 1    | 
|dsp_signed_mult_pipe__131  | (C+(A''*B'')')' | 30     | 18     | 0      | -      | 16     | 2    | 2    | 0    | -    | -     | 1    | 1    | 
|dsp_signed_mult_pipe__130  | (C+(A''*B'')')' | 30     | 18     | 0      | -      | 16     | 2    | 2    | 0    | -    | -     | 1    | 1    | 
|dsp_signed_mult_pipe__129  | (C+(A''*B'')')' | 30     | 18     | 0      | -      | 16     | 2    | 2    | 0    | -    | -     | 1    | 1    | 
|dsp_signed_mult_pipe__128  | (C+(A''*B'')')' | 30     | 18     | 0      | -      | 16     | 2    | 2    | 0    | -    | -     | 1    | 1    | 
|accum_6                    | Dynamic         | -      | -      | -      | -      | 32     | -    | -    | -    | -    | -     | 0    | 1    | 
|dsp_signed_mult_pipe__127  | (C+(A''*B'')')' | 30     | 18     | 0      | -      | 16     | 2    | 2    | 0    | -    | -     | 1    | 1    | 
|dsp_signed_mult_pipe__126  | (C+(A''*B'')')' | 30     | 18     | 0      | -      | 16     | 2    | 2    | 0    | -    | -     | 1    | 1    | 
|dsp_signed_mult_pipe__125  | (C+(A''*B'')')' | 30     | 18     | 0      | -      | 16     | 2    | 2    | 0    | -    | -     | 1    | 1    | 
|dsp_signed_mult_pipe__124  | (C+(A''*B'')')' | 30     | 18     | 0      | -      | 16     | 2    | 2    | 0    | -    | -     | 1    | 1    | 
|dsp_signed_mult_pipe__123  | (C+(A''*B'')')' | 30     | 18     | 0      | -      | 16     | 2    | 2    | 0    | -    | -     | 1    | 1    | 
|dsp_signed_mult_pipe__122  | (C+(A''*B'')')' | 30     | 18     | 0      | -      | 16     | 2    | 2    | 0    | -    | -     | 1    | 1    | 
|dsp_signed_mult_pipe__121  | (C+(A''*B'')')' | 30     | 18     | 0      | -      | 16     | 2    | 2    | 0    | -    | -     | 1    | 1    | 
|dsp_signed_mult_pipe__120  | (C+(A''*B'')')' | 30     | 18     | 0      | -      | 16     | 2    | 2    | 0    | -    | -     | 1    | 1    | 
|accum_9                    | Dynamic         | -      | -      | -      | -      | 32     | -    | -    | -    | -    | -     | 0    | 1    | 
|dsp_signed_mult_pipe__119  | (C+(A''*B'')')' | 30     | 18     | 0      | -      | 16     | 2    | 2    | 0    | -    | -     | 1    | 1    | 
|dsp_signed_mult_pipe__118  | (C+(A''*B'')')' | 30     | 18     | 0      | -      | 16     | 2    | 2    | 0    | -    | -     | 1    | 1    | 
|dsp_signed_mult_pipe__117  | (C+(A''*B'')')' | 30     | 18     | 0      | -      | 16     | 2    | 2    | 0    | -    | -     | 1    | 1    | 
|dsp_signed_mult_pipe__116  | (C+(A''*B'')')' | 30     | 18     | 0      | -      | 16     | 2    | 2    | 0    | -    | -     | 1    | 1    | 
|dsp_signed_mult_pipe__115  | (C+(A''*B'')')' | 30     | 18     | 0      | -      | 16     | 2    | 2    | 0    | -    | -     | 1    | 1    | 
|dsp_signed_mult_pipe__114  | (C+(A''*B'')')' | 30     | 18     | 0      | -      | 16     | 2    | 2    | 0    | -    | -     | 1    | 1    | 
|dsp_signed_mult_pipe__113  | (C+(A''*B'')')' | 30     | 18     | 0      | -      | 16     | 2    | 2    | 0    | -    | -     | 1    | 1    | 
|dsp_signed_mult_pipe__112  | (C+(A''*B'')')' | 30     | 18     | 0      | -      | 16     | 2    | 2    | 0    | -    | -     | 1    | 1    | 
|accum_12                   | Dynamic         | -      | -      | -      | -      | 32     | -    | -    | -    | -    | -     | 0    | 1    | 
|dsp_signed_mult_pipe__263  | (C+(A''*B'')')' | 30     | 18     | 0      | -      | 16     | 2    | 2    | 0    | -    | -     | 1    | 1    | 
|dsp_signed_mult_pipe__262  | (C+(A''*B'')')' | 30     | 18     | 0      | -      | 16     | 2    | 2    | 0    | -    | -     | 1    | 1    | 
|dsp_signed_mult_pipe__261  | (C+(A''*B'')')' | 30     | 18     | 0      | -      | 16     | 2    | 2    | 0    | -    | -     | 1    | 1    | 
|dsp_signed_mult_pipe__260  | (C+(A''*B'')')' | 30     | 18     | 0      | -      | 16     | 2    | 2    | 0    | -    | -     | 1    | 1    | 
|dsp_signed_mult_pipe__259  | (C+(A''*B'')')' | 30     | 18     | 0      | -      | 16     | 2    | 2    | 0    | -    | -     | 1    | 1    | 
|dsp_signed_mult_pipe__258  | (C+(A''*B'')')' | 30     | 18     | 0      | -      | 16     | 2    | 2    | 0    | -    | -     | 1    | 1    | 
|dsp_signed_mult_pipe__257  | (C+(A''*B'')')' | 30     | 18     | 0      | -      | 16     | 2    | 2    | 0    | -    | -     | 1    | 1    | 
|dsp_signed_mult_pipe__256  | (C+(A''*B'')')' | 30     | 18     | 0      | -      | 16     | 2    | 2    | 0    | -    | -     | 1    | 1    | 
|accum_15                   | Dynamic         | -      | -      | -      | -      | 32     | -    | -    | -    | -    | -     | 0    | 1    | 
|dsp_signed_mult_pipe__271  | (C+(A''*B'')')' | 30     | 18     | 0      | -      | 16     | 2    | 2    | 0    | -    | -     | 1    | 1    | 
|dsp_signed_mult_pipe__270  | (C+(A''*B'')')' | 30     | 18     | 0      | -      | 16     | 2    | 2    | 0    | -    | -     | 1    | 1    | 
|dsp_signed_mult_pipe__269  | (C+(A''*B'')')' | 30     | 18     | 0      | -      | 16     | 2    | 2    | 0    | -    | -     | 1    | 1    | 
|dsp_signed_mult_pipe__268  | (C+(A''*B'')')' | 30     | 18     | 0      | -      | 16     | 2    | 2    | 0    | -    | -     | 1    | 1    | 
|dsp_signed_mult_pipe__267  | (C+(A''*B'')')' | 30     | 18     | 0      | -      | 16     | 2    | 2    | 0    | -    | -     | 1    | 1    | 
|dsp_signed_mult_pipe__266  | (C+(A''*B'')')' | 30     | 18     | 0      | -      | 16     | 2    | 2    | 0    | -    | -     | 1    | 1    | 
|dsp_signed_mult_pipe__265  | (C+(A''*B'')')' | 30     | 18     | 0      | -      | 16     | 2    | 2    | 0    | -    | -     | 1    | 1    | 
|dsp_signed_mult_pipe__264  | (C+(A''*B'')')' | 30     | 18     | 0      | -      | 16     | 2    | 2    | 0    | -    | -     | 1    | 1    | 
|accum_18                   | Dynamic         | -      | -      | -      | -      | 32     | -    | -    | -    | -    | -     | 0    | 1    | 
|dsp_signed_mult_pipe__343  | (C+(A''*B'')')' | 30     | 18     | 0      | -      | 16     | 2    | 2    | 0    | -    | -     | 1    | 1    | 
|dsp_signed_mult_pipe__342  | (C+(A''*B'')')' | 30     | 18     | 0      | -      | 16     | 2    | 2    | 0    | -    | -     | 1    | 1    | 
|dsp_signed_mult_pipe__341  | (C+(A''*B'')')' | 30     | 18     | 0      | -      | 16     | 2    | 2    | 0    | -    | -     | 1    | 1    | 
|dsp_signed_mult_pipe__340  | (C+(A''*B'')')' | 30     | 18     | 0      | -      | 16     | 2    | 2    | 0    | -    | -     | 1    | 1    | 
|dsp_signed_mult_pipe__339  | (C+(A''*B'')')' | 30     | 18     | 0      | -      | 16     | 2    | 2    | 0    | -    | -     | 1    | 1    | 
|dsp_signed_mult_pipe__338  | (C+(A''*B'')')' | 30     | 18     | 0      | -      | 16     | 2    | 2    | 0    | -    | -     | 1    | 1    | 
|dsp_signed_mult_pipe__337  | (C+(A''*B'')')' | 30     | 18     | 0      | -      | 16     | 2    | 2    | 0    | -    | -     | 1    | 1    | 
|dsp_signed_mult_pipe__336  | (C+(A''*B'')')' | 30     | 18     | 0      | -      | 16     | 2    | 2    | 0    | -    | -     | 1    | 1    | 
|accum_21                   | Dynamic         | -      | -      | -      | -      | 32     | -    | -    | -    | -    | -     | 0    | 1    | 
|dsp_signed_mult_pipe__351  | (C+(A''*B'')')' | 30     | 18     | 0      | -      | 16     | 2    | 2    | 0    | -    | -     | 1    | 1    | 
|dsp_signed_mult_pipe__350  | (C+(A''*B'')')' | 30     | 18     | 0      | -      | 16     | 2    | 2    | 0    | -    | -     | 1    | 1    | 
|dsp_signed_mult_pipe__349  | (C+(A''*B'')')' | 30     | 18     | 0      | -      | 16     | 2    | 2    | 0    | -    | -     | 1    | 1    | 
|dsp_signed_mult_pipe__348  | (C+(A''*B'')')' | 30     | 18     | 0      | -      | 16     | 2    | 2    | 0    | -    | -     | 1    | 1    | 
|dsp_signed_mult_pipe__347  | (C+(A''*B'')')' | 30     | 18     | 0      | -      | 16     | 2    | 2    | 0    | -    | -     | 1    | 1    | 
|dsp_signed_mult_pipe__346  | (C+(A''*B'')')' | 30     | 18     | 0      | -      | 16     | 2    | 2    | 0    | -    | -     | 1    | 1    | 
|dsp_signed_mult_pipe__345  | (C+(A''*B'')')' | 30     | 18     | 0      | -      | 16     | 2    | 2    | 0    | -    | -     | 1    | 1    | 
|dsp_signed_mult_pipe__344  | (C+(A''*B'')')' | 30     | 18     | 0      | -      | 16     | 2    | 2    | 0    | -    | -     | 1    | 1    | 
|accum_24                   | Dynamic         | -      | -      | -      | -      | 32     | -    | -    | -    | -    | -     | 0    | 1    | 
|dsp_signed_mult_pipe__359  | (C+(A''*B'')')' | 30     | 18     | 0      | -      | 16     | 2    | 2    | 0    | -    | -     | 1    | 1    | 
|dsp_signed_mult_pipe__358  | (C+(A''*B'')')' | 30     | 18     | 0      | -      | 16     | 2    | 2    | 0    | -    | -     | 1    | 1    | 
|dsp_signed_mult_pipe__357  | (C+(A''*B'')')' | 30     | 18     | 0      | -      | 16     | 2    | 2    | 0    | -    | -     | 1    | 1    | 
|dsp_signed_mult_pipe__356  | (C+(A''*B'')')' | 30     | 18     | 0      | -      | 16     | 2    | 2    | 0    | -    | -     | 1    | 1    | 
|dsp_signed_mult_pipe__355  | (C+(A''*B'')')' | 30     | 18     | 0      | -      | 16     | 2    | 2    | 0    | -    | -     | 1    | 1    | 
|dsp_signed_mult_pipe__354  | (C+(A''*B'')')' | 30     | 18     | 0      | -      | 16     | 2    | 2    | 0    | -    | -     | 1    | 1    | 
|dsp_signed_mult_pipe__353  | (C+(A''*B'')')' | 30     | 18     | 0      | -      | 16     | 2    | 2    | 0    | -    | -     | 1    | 1    | 
|dsp_signed_mult_pipe__352  | (C+(A''*B'')')' | 30     | 18     | 0      | -      | 16     | 2    | 2    | 0    | -    | -     | 1    | 1    | 
|accum_27                   | Dynamic         | -      | -      | -      | -      | 32     | -    | -    | -    | -    | -     | 0    | 1    | 
|dsp_signed_mult_pipe__367  | (C+(A''*B'')')' | 30     | 18     | 0      | -      | 16     | 2    | 2    | 0    | -    | -     | 1    | 1    | 
|dsp_signed_mult_pipe__366  | (C+(A''*B'')')' | 30     | 18     | 0      | -      | 16     | 2    | 2    | 0    | -    | -     | 1    | 1    | 
|dsp_signed_mult_pipe__365  | (C+(A''*B'')')' | 30     | 18     | 0      | -      | 16     | 2    | 2    | 0    | -    | -     | 1    | 1    | 
|dsp_signed_mult_pipe__364  | (C+(A''*B'')')' | 30     | 18     | 0      | -      | 16     | 2    | 2    | 0    | -    | -     | 1    | 1    | 
|dsp_signed_mult_pipe__363  | (C+(A''*B'')')' | 30     | 18     | 0      | -      | 16     | 2    | 2    | 0    | -    | -     | 1    | 1    | 
|dsp_signed_mult_pipe__362  | (C+(A''*B'')')' | 30     | 18     | 0      | -      | 16     | 2    | 2    | 0    | -    | -     | 1    | 1    | 
|dsp_signed_mult_pipe__361  | (C+(A''*B'')')' | 30     | 18     | 0      | -      | 16     | 2    | 2    | 0    | -    | -     | 1    | 1    | 
|dsp_signed_mult_pipe__360  | (C+(A''*B'')')' | 30     | 18     | 0      | -      | 16     | 2    | 2    | 0    | -    | -     | 1    | 1    | 
|accum_30                   | Dynamic         | -      | -      | -      | -      | 32     | -    | -    | -    | -    | -     | 0    | 1    | 
|dsp_signed_mult_pipe__759  | (C+(A''*B'')')' | 30     | 18     | 0      | -      | 16     | 2    | 2    | 0    | -    | -     | 1    | 1    | 
|dsp_signed_mult_pipe__758  | (C+(A''*B'')')' | 30     | 18     | 0      | -      | 16     | 2    | 2    | 0    | -    | -     | 1    | 1    | 
|dsp_signed_mult_pipe__757  | (C+(A''*B'')')' | 30     | 18     | 0      | -      | 16     | 2    | 2    | 0    | -    | -     | 1    | 1    | 
|dsp_signed_mult_pipe__756  | (C+(A''*B'')')' | 30     | 18     | 0      | -      | 16     | 2    | 2    | 0    | -    | -     | 1    | 1    | 
|dsp_signed_mult_pipe__755  | (C+(A''*B'')')' | 30     | 18     | 0      | -      | 16     | 2    | 2    | 0    | -    | -     | 1    | 1    | 
|dsp_signed_mult_pipe__754  | (C+(A''*B'')')' | 30     | 18     | 0      | -      | 16     | 2    | 2    | 0    | -    | -     | 1    | 1    | 
|dsp_signed_mult_pipe__753  | (C+(A''*B'')')' | 30     | 18     | 0      | -      | 16     | 2    | 2    | 0    | -    | -     | 1    | 1    | 
|dsp_signed_mult_pipe__752  | (C+(A''*B'')')' | 30     | 18     | 0      | -      | 16     | 2    | 2    | 0    | -    | -     | 1    | 1    | 
|accum_33                   | Dynamic         | -      | -      | -      | -      | 32     | -    | -    | -    | -    | -     | 0    | 1    | 
|dsp_signed_mult_pipe__375  | (C+(A''*B'')')' | 30     | 18     | 0      | -      | 16     | 2    | 2    | 0    | -    | -     | 1    | 1    | 
|dsp_signed_mult_pipe__374  | (C+(A''*B'')')' | 30     | 18     | 0      | -      | 16     | 2    | 2    | 0    | -    | -     | 1    | 1    | 
|dsp_signed_mult_pipe__373  | (C+(A''*B'')')' | 30     | 18     | 0      | -      | 16     | 2    | 2    | 0    | -    | -     | 1    | 1    | 
|dsp_signed_mult_pipe__372  | (C+(A''*B'')')' | 30     | 18     | 0      | -      | 16     | 2    | 2    | 0    | -    | -     | 1    | 1    | 
|dsp_signed_mult_pipe__371  | (C+(A''*B'')')' | 30     | 18     | 0      | -      | 16     | 2    | 2    | 0    | -    | -     | 1    | 1    | 
|dsp_signed_mult_pipe__370  | (C+(A''*B'')')' | 30     | 18     | 0      | -      | 16     | 2    | 2    | 0    | -    | -     | 1    | 1    | 
|dsp_signed_mult_pipe__369  | (C+(A''*B'')')' | 30     | 18     | 0      | -      | 16     | 2    | 2    | 0    | -    | -     | 1    | 1    | 
|dsp_signed_mult_pipe__368  | (C+(A''*B'')')' | 30     | 18     | 0      | -      | 16     | 2    | 2    | 0    | -    | -     | 1    | 1    | 
|accum_36                   | Dynamic         | -      | -      | -      | -      | 32     | -    | -    | -    | -    | -     | 0    | 1    | 
|dsp_signed_mult_pipe__383  | (C+(A''*B'')')' | 30     | 18     | 0      | -      | 16     | 2    | 2    | 0    | -    | -     | 1    | 1    | 
|dsp_signed_mult_pipe__382  | (C+(A''*B'')')' | 30     | 18     | 0      | -      | 16     | 2    | 2    | 0    | -    | -     | 1    | 1    | 
|dsp_signed_mult_pipe__381  | (C+(A''*B'')')' | 30     | 18     | 0      | -      | 16     | 2    | 2    | 0    | -    | -     | 1    | 1    | 
|dsp_signed_mult_pipe__380  | (C+(A''*B'')')' | 30     | 18     | 0      | -      | 16     | 2    | 2    | 0    | -    | -     | 1    | 1    | 
|dsp_signed_mult_pipe__379  | (C+(A''*B'')')' | 30     | 18     | 0      | -      | 16     | 2    | 2    | 0    | -    | -     | 1    | 1    | 
|dsp_signed_mult_pipe__378  | (C+(A''*B'')')' | 30     | 18     | 0      | -      | 16     | 2    | 2    | 0    | -    | -     | 1    | 1    | 
|dsp_signed_mult_pipe__377  | (C+(A''*B'')')' | 30     | 18     | 0      | -      | 16     | 2    | 2    | 0    | -    | -     | 1    | 1    | 
|dsp_signed_mult_pipe__376  | (C+(A''*B'')')' | 30     | 18     | 0      | -      | 16     | 2    | 2    | 0    | -    | -     | 1    | 1    | 
|accum_39                   | Dynamic         | -      | -      | -      | -      | 32     | -    | -    | -    | -    | -     | 0    | 1    | 
|dsp_signed_mult_pipe__391  | (C+(A''*B'')')' | 30     | 18     | 0      | -      | 16     | 2    | 2    | 0    | -    | -     | 1    | 1    | 
|dsp_signed_mult_pipe__390  | (C+(A''*B'')')' | 30     | 18     | 0      | -      | 16     | 2    | 2    | 0    | -    | -     | 1    | 1    | 
|dsp_signed_mult_pipe__389  | (C+(A''*B'')')' | 30     | 18     | 0      | -      | 16     | 2    | 2    | 0    | -    | -     | 1    | 1    | 
|dsp_signed_mult_pipe__388  | (C+(A''*B'')')' | 30     | 18     | 0      | -      | 16     | 2    | 2    | 0    | -    | -     | 1    | 1    | 
|dsp_signed_mult_pipe__387  | (C+(A''*B'')')' | 30     | 18     | 0      | -      | 16     | 2    | 2    | 0    | -    | -     | 1    | 1    | 
|dsp_signed_mult_pipe__386  | (C+(A''*B'')')' | 30     | 18     | 0      | -      | 16     | 2    | 2    | 0    | -    | -     | 1    | 1    | 
|dsp_signed_mult_pipe__385  | (C+(A''*B'')')' | 30     | 18     | 0      | -      | 16     | 2    | 2    | 0    | -    | -     | 1    | 1    | 
|dsp_signed_mult_pipe__384  | (C+(A''*B'')')' | 30     | 18     | 0      | -      | 16     | 2    | 2    | 0    | -    | -     | 1    | 1    | 
|accum_42                   | Dynamic         | -      | -      | -      | -      | 32     | -    | -    | -    | -    | -     | 0    | 1    | 
|dsp_signed_mult_pipe__399  | (C+(A''*B'')')' | 30     | 18     | 0      | -      | 16     | 2    | 2    | 0    | -    | -     | 1    | 1    | 
|dsp_signed_mult_pipe__398  | (C+(A''*B'')')' | 30     | 18     | 0      | -      | 16     | 2    | 2    | 0    | -    | -     | 1    | 1    | 
|dsp_signed_mult_pipe__397  | (C+(A''*B'')')' | 30     | 18     | 0      | -      | 16     | 2    | 2    | 0    | -    | -     | 1    | 1    | 
|dsp_signed_mult_pipe__396  | (C+(A''*B'')')' | 30     | 18     | 0      | -      | 16     | 2    | 2    | 0    | -    | -     | 1    | 1    | 
|dsp_signed_mult_pipe__395  | (C+(A''*B'')')' | 30     | 18     | 0      | -      | 16     | 2    | 2    | 0    | -    | -     | 1    | 1    | 
|dsp_signed_mult_pipe__394  | (C+(A''*B'')')' | 30     | 18     | 0      | -      | 16     | 2    | 2    | 0    | -    | -     | 1    | 1    | 
|dsp_signed_mult_pipe__393  | (C+(A''*B'')')' | 30     | 18     | 0      | -      | 16     | 2    | 2    | 0    | -    | -     | 1    | 1    | 
|dsp_signed_mult_pipe__392  | (C+(A''*B'')')' | 30     | 18     | 0      | -      | 16     | 2    | 2    | 0    | -    | -     | 1    | 1    | 
|accum_45                   | Dynamic         | -      | -      | -      | -      | 32     | -    | -    | -    | -    | -     | 0    | 1    | 
|dsp_signed_mult_pipe__313  | (C+(A''*B'')')' | 30     | 18     | 0      | -      | 16     | 2    | 2    | 0    | -    | -     | 1    | 1    | 
|dsp_signed_mult_pipe__314  | (C+(A''*B'')')' | 30     | 18     | 0      | -      | 16     | 2    | 2    | 0    | -    | -     | 1    | 1    | 
|dsp_signed_mult_pipe__315  | (C+(A''*B'')')' | 30     | 18     | 0      | -      | 16     | 2    | 2    | 0    | -    | -     | 1    | 1    | 
|dsp_signed_mult_pipe__316  | (C+(A''*B'')')' | 30     | 18     | 0      | -      | 16     | 2    | 2    | 0    | -    | -     | 1    | 1    | 
|dsp_signed_mult_pipe__317  | (C+(A''*B'')')' | 30     | 18     | 0      | -      | 16     | 2    | 2    | 0    | -    | -     | 1    | 1    | 
|dsp_signed_mult_pipe__318  | (C+(A''*B'')')' | 30     | 18     | 0      | -      | 16     | 2    | 2    | 0    | -    | -     | 1    | 1    | 
|dsp_signed_mult_pipe__319  | (C+(A''*B'')')' | 30     | 18     | 0      | -      | 16     | 2    | 2    | 0    | -    | -     | 1    | 1    | 
|dsp_signed_mult_pipe__400  | (C+(A''*B'')')' | 30     | 18     | 0      | -      | 16     | 2    | 2    | 0    | -    | -     | 1    | 1    | 
|accum_48                   | Dynamic         | -      | -      | -      | -      | 32     | -    | -    | -    | -    | -     | 0    | 1    | 
|dsp_signed_mult_pipe__327  | (C+(A''*B'')')' | 30     | 18     | 0      | -      | 16     | 2    | 2    | 0    | -    | -     | 1    | 1    | 
|dsp_signed_mult_pipe__326  | (C+(A''*B'')')' | 30     | 18     | 0      | -      | 16     | 2    | 2    | 0    | -    | -     | 1    | 1    | 
|dsp_signed_mult_pipe__325  | (C+(A''*B'')')' | 30     | 18     | 0      | -      | 16     | 2    | 2    | 0    | -    | -     | 1    | 1    | 
|dsp_signed_mult_pipe__324  | (C+(A''*B'')')' | 30     | 18     | 0      | -      | 16     | 2    | 2    | 0    | -    | -     | 1    | 1    | 
|dsp_signed_mult_pipe__323  | (C+(A''*B'')')' | 30     | 18     | 0      | -      | 16     | 2    | 2    | 0    | -    | -     | 1    | 1    | 
|dsp_signed_mult_pipe__322  | (C+(A''*B'')')' | 30     | 18     | 0      | -      | 16     | 2    | 2    | 0    | -    | -     | 1    | 1    | 
|dsp_signed_mult_pipe__321  | (C+(A''*B'')')' | 30     | 18     | 0      | -      | 16     | 2    | 2    | 0    | -    | -     | 1    | 1    | 
|dsp_signed_mult_pipe__320  | (C+(A''*B'')')' | 30     | 18     | 0      | -      | 16     | 2    | 2    | 0    | -    | -     | 1    | 1    | 
|accum_51                   | Dynamic         | -      | -      | -      | -      | 32     | -    | -    | -    | -    | -     | 0    | 1    | 
|dsp_signed_mult_pipe__335  | (C+(A''*B'')')' | 30     | 18     | 0      | -      | 16     | 2    | 2    | 0    | -    | -     | 1    | 1    | 
|dsp_signed_mult_pipe__334  | (C+(A''*B'')')' | 30     | 18     | 0      | -      | 16     | 2    | 2    | 0    | -    | -     | 1    | 1    | 
|dsp_signed_mult_pipe__333  | (C+(A''*B'')')' | 30     | 18     | 0      | -      | 16     | 2    | 2    | 0    | -    | -     | 1    | 1    | 
|dsp_signed_mult_pipe__332  | (C+(A''*B'')')' | 30     | 18     | 0      | -      | 16     | 2    | 2    | 0    | -    | -     | 1    | 1    | 
|dsp_signed_mult_pipe__331  | (C+(A''*B'')')' | 30     | 18     | 0      | -      | 16     | 2    | 2    | 0    | -    | -     | 1    | 1    | 
|dsp_signed_mult_pipe__330  | (C+(A''*B'')')' | 30     | 18     | 0      | -      | 16     | 2    | 2    | 0    | -    | -     | 1    | 1    | 
|dsp_signed_mult_pipe__329  | (C+(A''*B'')')' | 30     | 18     | 0      | -      | 16     | 2    | 2    | 0    | -    | -     | 1    | 1    | 
|dsp_signed_mult_pipe__328  | (C+(A''*B'')')' | 30     | 18     | 0      | -      | 16     | 2    | 2    | 0    | -    | -     | 1    | 1    | 
|accum_54                   | Dynamic         | -      | -      | -      | -      | 32     | -    | -    | -    | -    | -     | 0    | 1    | 
|dsp_signed_mult_pipe__223  | (C+(A''*B'')')' | 30     | 18     | 0      | -      | 16     | 2    | 2    | 0    | -    | -     | 1    | 1    | 
|dsp_signed_mult_pipe__222  | (C+(A''*B'')')' | 30     | 18     | 0      | -      | 16     | 2    | 2    | 0    | -    | -     | 1    | 1    | 
|dsp_signed_mult_pipe__221  | (C+(A''*B'')')' | 30     | 18     | 0      | -      | 16     | 2    | 2    | 0    | -    | -     | 1    | 1    | 
|dsp_signed_mult_pipe__220  | (C+(A''*B'')')' | 30     | 18     | 0      | -      | 16     | 2    | 2    | 0    | -    | -     | 1    | 1    | 
|dsp_signed_mult_pipe__219  | (C+(A''*B'')')' | 30     | 18     | 0      | -      | 16     | 2    | 2    | 0    | -    | -     | 1    | 1    | 
|dsp_signed_mult_pipe__218  | (C+(A''*B'')')' | 30     | 18     | 0      | -      | 16     | 2    | 2    | 0    | -    | -     | 1    | 1    | 
|dsp_signed_mult_pipe__217  | (C+(A''*B'')')' | 30     | 18     | 0      | -      | 16     | 2    | 2    | 0    | -    | -     | 1    | 1    | 
|dsp_signed_mult_pipe__216  | (C+(A''*B'')')' | 30     | 18     | 0      | -      | 16     | 2    | 2    | 0    | -    | -     | 1    | 1    | 
|accum_57                   | Dynamic         | -      | -      | -      | -      | 32     | -    | -    | -    | -    | -     | 0    | 1    | 
|dsp_signed_mult_pipe__215  | (C+(A''*B'')')' | 30     | 18     | 0      | -      | 16     | 2    | 2    | 0    | -    | -     | 1    | 1    | 
|dsp_signed_mult_pipe__214  | (C+(A''*B'')')' | 30     | 18     | 0      | -      | 16     | 2    | 2    | 0    | -    | -     | 1    | 1    | 
|dsp_signed_mult_pipe__213  | (C+(A''*B'')')' | 30     | 18     | 0      | -      | 16     | 2    | 2    | 0    | -    | -     | 1    | 1    | 
|dsp_signed_mult_pipe__212  | (C+(A''*B'')')' | 30     | 18     | 0      | -      | 16     | 2    | 2    | 0    | -    | -     | 1    | 1    | 
|dsp_signed_mult_pipe__211  | (C+(A''*B'')')' | 30     | 18     | 0      | -      | 16     | 2    | 2    | 0    | -    | -     | 1    | 1    | 
|dsp_signed_mult_pipe__210  | (C+(A''*B'')')' | 30     | 18     | 0      | -      | 16     | 2    | 2    | 0    | -    | -     | 1    | 1    | 
|dsp_signed_mult_pipe__209  | (C+(A''*B'')')' | 30     | 18     | 0      | -      | 16     | 2    | 2    | 0    | -    | -     | 1    | 1    | 
|dsp_signed_mult_pipe__208  | (C+(A''*B'')')' | 30     | 18     | 0      | -      | 16     | 2    | 2    | 0    | -    | -     | 1    | 1    | 
|accum_60                   | Dynamic         | -      | -      | -      | -      | 32     | -    | -    | -    | -    | -     | 0    | 1    | 
|dsp_signed_mult_pipe__447  | (C+(A''*B'')')' | 30     | 18     | 0      | -      | 16     | 2    | 2    | 0    | -    | -     | 1    | 1    | 
|dsp_signed_mult_pipe__446  | (C+(A''*B'')')' | 30     | 18     | 0      | -      | 16     | 2    | 2    | 0    | -    | -     | 1    | 1    | 
|dsp_signed_mult_pipe__445  | (C+(A''*B'')')' | 30     | 18     | 0      | -      | 16     | 2    | 2    | 0    | -    | -     | 1    | 1    | 
|dsp_signed_mult_pipe__444  | (C+(A''*B'')')' | 30     | 18     | 0      | -      | 16     | 2    | 2    | 0    | -    | -     | 1    | 1    | 
|dsp_signed_mult_pipe__443  | (C+(A''*B'')')' | 30     | 18     | 0      | -      | 16     | 2    | 2    | 0    | -    | -     | 1    | 1    | 
|dsp_signed_mult_pipe__442  | (C+(A''*B'')')' | 30     | 18     | 0      | -      | 16     | 2    | 2    | 0    | -    | -     | 1    | 1    | 
|dsp_signed_mult_pipe__441  | (C+(A''*B'')')' | 30     | 18     | 0      | -      | 16     | 2    | 2    | 0    | -    | -     | 1    | 1    | 
|dsp_signed_mult_pipe__440  | (C+(A''*B'')')' | 30     | 18     | 0      | -      | 16     | 2    | 2    | 0    | -    | -     | 1    | 1    | 
|accum_63                   | Dynamic         | -      | -      | -      | -      | 32     | -    | -    | -    | -    | -     | 0    | 1    | 
|dsp_signed_mult_pipe__751  | (C+(A''*B'')')' | 30     | 18     | 0      | -      | 16     | 2    | 2    | 0    | -    | -     | 1    | 1    | 
|dsp_signed_mult_pipe__750  | (C+(A''*B'')')' | 30     | 18     | 0      | -      | 16     | 2    | 2    | 0    | -    | -     | 1    | 1    | 
|dsp_signed_mult_pipe__749  | (C+(A''*B'')')' | 30     | 18     | 0      | -      | 16     | 2    | 2    | 0    | -    | -     | 1    | 1    | 
|dsp_signed_mult_pipe__748  | (C+(A''*B'')')' | 30     | 18     | 0      | -      | 16     | 2    | 2    | 0    | -    | -     | 1    | 1    | 
|dsp_signed_mult_pipe__747  | (C+(A''*B'')')' | 30     | 18     | 0      | -      | 16     | 2    | 2    | 0    | -    | -     | 1    | 1    | 
|dsp_signed_mult_pipe__746  | (C+(A''*B'')')' | 30     | 18     | 0      | -      | 16     | 2    | 2    | 0    | -    | -     | 1    | 1    | 
|dsp_signed_mult_pipe__745  | (C+(A''*B'')')' | 30     | 18     | 0      | -      | 16     | 2    | 2    | 0    | -    | -     | 1    | 1    | 
|dsp_signed_mult_pipe__744  | (C+(A''*B'')')' | 30     | 18     | 0      | -      | 16     | 2    | 2    | 0    | -    | -     | 1    | 1    | 
|accum_66                   | Dynamic         | -      | -      | -      | -      | 32     | -    | -    | -    | -    | -     | 0    | 1    | 
|dsp_signed_mult_pipe__455  | (C+(A''*B'')')' | 30     | 18     | 0      | -      | 16     | 2    | 2    | 0    | -    | -     | 1    | 1    | 
|dsp_signed_mult_pipe__454  | (C+(A''*B'')')' | 30     | 18     | 0      | -      | 16     | 2    | 2    | 0    | -    | -     | 1    | 1    | 
|dsp_signed_mult_pipe__453  | (C+(A''*B'')')' | 30     | 18     | 0      | -      | 16     | 2    | 2    | 0    | -    | -     | 1    | 1    | 
|dsp_signed_mult_pipe__452  | (C+(A''*B'')')' | 30     | 18     | 0      | -      | 16     | 2    | 2    | 0    | -    | -     | 1    | 1    | 
|dsp_signed_mult_pipe__451  | (C+(A''*B'')')' | 30     | 18     | 0      | -      | 16     | 2    | 2    | 0    | -    | -     | 1    | 1    | 
|dsp_signed_mult_pipe__450  | (C+(A''*B'')')' | 30     | 18     | 0      | -      | 16     | 2    | 2    | 0    | -    | -     | 1    | 1    | 
|dsp_signed_mult_pipe__449  | (C+(A''*B'')')' | 30     | 18     | 0      | -      | 16     | 2    | 2    | 0    | -    | -     | 1    | 1    | 
|dsp_signed_mult_pipe__448  | (C+(A''*B'')')' | 30     | 18     | 0      | -      | 16     | 2    | 2    | 0    | -    | -     | 1    | 1    | 
|accum_69                   | Dynamic         | -      | -      | -      | -      | 32     | -    | -    | -    | -    | -     | 0    | 1    | 
|dsp_signed_mult_pipe__463  | (C+(A''*B'')')' | 30     | 18     | 0      | -      | 16     | 2    | 2    | 0    | -    | -     | 1    | 1    | 
|dsp_signed_mult_pipe__462  | (C+(A''*B'')')' | 30     | 18     | 0      | -      | 16     | 2    | 2    | 0    | -    | -     | 1    | 1    | 
|dsp_signed_mult_pipe__461  | (C+(A''*B'')')' | 30     | 18     | 0      | -      | 16     | 2    | 2    | 0    | -    | -     | 1    | 1    | 
|dsp_signed_mult_pipe__460  | (C+(A''*B'')')' | 30     | 18     | 0      | -      | 16     | 2    | 2    | 0    | -    | -     | 1    | 1    | 
|dsp_signed_mult_pipe__459  | (C+(A''*B'')')' | 30     | 18     | 0      | -      | 16     | 2    | 2    | 0    | -    | -     | 1    | 1    | 
|dsp_signed_mult_pipe__458  | (C+(A''*B'')')' | 30     | 18     | 0      | -      | 16     | 2    | 2    | 0    | -    | -     | 1    | 1    | 
|dsp_signed_mult_pipe__457  | (C+(A''*B'')')' | 30     | 18     | 0      | -      | 16     | 2    | 2    | 0    | -    | -     | 1    | 1    | 
|dsp_signed_mult_pipe__456  | (C+(A''*B'')')' | 30     | 18     | 0      | -      | 16     | 2    | 2    | 0    | -    | -     | 1    | 1    | 
|accum_72                   | Dynamic         | -      | -      | -      | -      | 32     | -    | -    | -    | -    | -     | 0    | 1    | 
|dsp_signed_mult_pipe__471  | (C+(A''*B'')')' | 30     | 18     | 0      | -      | 16     | 2    | 2    | 0    | -    | -     | 1    | 1    | 
|dsp_signed_mult_pipe__470  | (C+(A''*B'')')' | 30     | 18     | 0      | -      | 16     | 2    | 2    | 0    | -    | -     | 1    | 1    | 
|dsp_signed_mult_pipe__469  | (C+(A''*B'')')' | 30     | 18     | 0      | -      | 16     | 2    | 2    | 0    | -    | -     | 1    | 1    | 
|dsp_signed_mult_pipe__468  | (C+(A''*B'')')' | 30     | 18     | 0      | -      | 16     | 2    | 2    | 0    | -    | -     | 1    | 1    | 
|dsp_signed_mult_pipe__467  | (C+(A''*B'')')' | 30     | 18     | 0      | -      | 16     | 2    | 2    | 0    | -    | -     | 1    | 1    | 
|dsp_signed_mult_pipe__466  | (C+(A''*B'')')' | 30     | 18     | 0      | -      | 16     | 2    | 2    | 0    | -    | -     | 1    | 1    | 
|dsp_signed_mult_pipe__465  | (C+(A''*B'')')' | 30     | 18     | 0      | -      | 16     | 2    | 2    | 0    | -    | -     | 1    | 1    | 
|dsp_signed_mult_pipe__464  | (C+(A''*B'')')' | 30     | 18     | 0      | -      | 16     | 2    | 2    | 0    | -    | -     | 1    | 1    | 
|accum_75                   | Dynamic         | -      | -      | -      | -      | 32     | -    | -    | -    | -    | -     | 0    | 1    | 
|dsp_signed_mult_pipe__479  | (C+(A''*B'')')' | 30     | 18     | 0      | -      | 16     | 2    | 2    | 0    | -    | -     | 1    | 1    | 
|dsp_signed_mult_pipe__478  | (C+(A''*B'')')' | 30     | 18     | 0      | -      | 16     | 2    | 2    | 0    | -    | -     | 1    | 1    | 
|dsp_signed_mult_pipe__477  | (C+(A''*B'')')' | 30     | 18     | 0      | -      | 16     | 2    | 2    | 0    | -    | -     | 1    | 1    | 
|dsp_signed_mult_pipe__476  | (C+(A''*B'')')' | 30     | 18     | 0      | -      | 16     | 2    | 2    | 0    | -    | -     | 1    | 1    | 
|dsp_signed_mult_pipe__475  | (C+(A''*B'')')' | 30     | 18     | 0      | -      | 16     | 2    | 2    | 0    | -    | -     | 1    | 1    | 
|dsp_signed_mult_pipe__474  | (C+(A''*B'')')' | 30     | 18     | 0      | -      | 16     | 2    | 2    | 0    | -    | -     | 1    | 1    | 
|dsp_signed_mult_pipe__473  | (C+(A''*B'')')' | 30     | 18     | 0      | -      | 16     | 2    | 2    | 0    | -    | -     | 1    | 1    | 
|dsp_signed_mult_pipe__472  | (C+(A''*B'')')' | 30     | 18     | 0      | -      | 16     | 2    | 2    | 0    | -    | -     | 1    | 1    | 
|accum_78                   | Dynamic         | -      | -      | -      | -      | 32     | -    | -    | -    | -    | -     | 0    | 1    | 
|dsp_signed_mult_pipe__487  | (C+(A''*B'')')' | 30     | 18     | 0      | -      | 16     | 2    | 2    | 0    | -    | -     | 1    | 1    | 
|dsp_signed_mult_pipe__486  | (C+(A''*B'')')' | 30     | 18     | 0      | -      | 16     | 2    | 2    | 0    | -    | -     | 1    | 1    | 
|dsp_signed_mult_pipe__485  | (C+(A''*B'')')' | 30     | 18     | 0      | -      | 16     | 2    | 2    | 0    | -    | -     | 1    | 1    | 
|dsp_signed_mult_pipe__484  | (C+(A''*B'')')' | 30     | 18     | 0      | -      | 16     | 2    | 2    | 0    | -    | -     | 1    | 1    | 
|dsp_signed_mult_pipe__483  | (C+(A''*B'')')' | 30     | 18     | 0      | -      | 16     | 2    | 2    | 0    | -    | -     | 1    | 1    | 
|dsp_signed_mult_pipe__482  | (C+(A''*B'')')' | 30     | 18     | 0      | -      | 16     | 2    | 2    | 0    | -    | -     | 1    | 1    | 
|dsp_signed_mult_pipe__481  | (C+(A''*B'')')' | 30     | 18     | 0      | -      | 16     | 2    | 2    | 0    | -    | -     | 1    | 1    | 
|dsp_signed_mult_pipe__480  | (C+(A''*B'')')' | 30     | 18     | 0      | -      | 16     | 2    | 2    | 0    | -    | -     | 1    | 1    | 
|accum_81                   | Dynamic         | -      | -      | -      | -      | 32     | -    | -    | -    | -    | -     | 0    | 1    | 
|dsp_signed_mult_pipe__495  | (C+(A''*B'')')' | 30     | 18     | 0      | -      | 16     | 2    | 2    | 0    | -    | -     | 1    | 1    | 
|dsp_signed_mult_pipe__494  | (C+(A''*B'')')' | 30     | 18     | 0      | -      | 16     | 2    | 2    | 0    | -    | -     | 1    | 1    | 
|dsp_signed_mult_pipe__493  | (C+(A''*B'')')' | 30     | 18     | 0      | -      | 16     | 2    | 2    | 0    | -    | -     | 1    | 1    | 
|dsp_signed_mult_pipe__492  | (C+(A''*B'')')' | 30     | 18     | 0      | -      | 16     | 2    | 2    | 0    | -    | -     | 1    | 1    | 
|dsp_signed_mult_pipe__491  | (C+(A''*B'')')' | 30     | 18     | 0      | -      | 16     | 2    | 2    | 0    | -    | -     | 1    | 1    | 
|dsp_signed_mult_pipe__490  | (C+(A''*B'')')' | 30     | 18     | 0      | -      | 16     | 2    | 2    | 0    | -    | -     | 1    | 1    | 
|dsp_signed_mult_pipe__489  | (C+(A''*B'')')' | 30     | 18     | 0      | -      | 16     | 2    | 2    | 0    | -    | -     | 1    | 1    | 
|dsp_signed_mult_pipe__488  | (C+(A''*B'')')' | 30     | 18     | 0      | -      | 16     | 2    | 2    | 0    | -    | -     | 1    | 1    | 
|accum_84                   | Dynamic         | -      | -      | -      | -      | 32     | -    | -    | -    | -    | -     | 0    | 1    | 
|dsp_signed_mult_pipe__503  | (C+(A''*B'')')' | 30     | 18     | 0      | -      | 16     | 2    | 2    | 0    | -    | -     | 1    | 1    | 
|dsp_signed_mult_pipe__502  | (C+(A''*B'')')' | 30     | 18     | 0      | -      | 16     | 2    | 2    | 0    | -    | -     | 1    | 1    | 
|dsp_signed_mult_pipe__501  | (C+(A''*B'')')' | 30     | 18     | 0      | -      | 16     | 2    | 2    | 0    | -    | -     | 1    | 1    | 
|dsp_signed_mult_pipe__500  | (C+(A''*B'')')' | 30     | 18     | 0      | -      | 16     | 2    | 2    | 0    | -    | -     | 1    | 1    | 
|dsp_signed_mult_pipe__499  | (C+(A''*B'')')' | 30     | 18     | 0      | -      | 16     | 2    | 2    | 0    | -    | -     | 1    | 1    | 
|dsp_signed_mult_pipe__498  | (C+(A''*B'')')' | 30     | 18     | 0      | -      | 16     | 2    | 2    | 0    | -    | -     | 1    | 1    | 
|dsp_signed_mult_pipe__497  | (C+(A''*B'')')' | 30     | 18     | 0      | -      | 16     | 2    | 2    | 0    | -    | -     | 1    | 1    | 
|dsp_signed_mult_pipe__496  | (C+(A''*B'')')' | 30     | 18     | 0      | -      | 16     | 2    | 2    | 0    | -    | -     | 1    | 1    | 
|accum_87                   | Dynamic         | -      | -      | -      | -      | 32     | -    | -    | -    | -    | -     | 0    | 1    | 
|dsp_signed_mult_pipe__401  | (C+(A''*B'')')' | 30     | 18     | 0      | -      | 16     | 2    | 2    | 0    | -    | -     | 1    | 1    | 
|dsp_signed_mult_pipe__402  | (C+(A''*B'')')' | 30     | 18     | 0      | -      | 16     | 2    | 2    | 0    | -    | -     | 1    | 1    | 
|dsp_signed_mult_pipe__403  | (C+(A''*B'')')' | 30     | 18     | 0      | -      | 16     | 2    | 2    | 0    | -    | -     | 1    | 1    | 
|dsp_signed_mult_pipe__404  | (C+(A''*B'')')' | 30     | 18     | 0      | -      | 16     | 2    | 2    | 0    | -    | -     | 1    | 1    | 
|dsp_signed_mult_pipe__405  | (C+(A''*B'')')' | 30     | 18     | 0      | -      | 16     | 2    | 2    | 0    | -    | -     | 1    | 1    | 
|dsp_signed_mult_pipe__406  | (C+(A''*B'')')' | 30     | 18     | 0      | -      | 16     | 2    | 2    | 0    | -    | -     | 1    | 1    | 
|dsp_signed_mult_pipe__407  | (C+(A''*B'')')' | 30     | 18     | 0      | -      | 16     | 2    | 2    | 0    | -    | -     | 1    | 1    | 
|dsp_signed_mult_pipe__504  | (C+(A''*B'')')' | 30     | 18     | 0      | -      | 16     | 2    | 2    | 0    | -    | -     | 1    | 1    | 
|accum_90                   | Dynamic         | -      | -      | -      | -      | 32     | -    | -    | -    | -    | -     | 0    | 1    | 
|dsp_signed_mult_pipe__999  | (C+(A''*B'')')' | 30     | 18     | 0      | -      | 16     | 2    | 2    | 0    | -    | -     | 1    | 1    | 
|dsp_signed_mult_pipe__998  | (C+(A''*B'')')' | 30     | 18     | 0      | -      | 16     | 2    | 2    | 0    | -    | -     | 1    | 1    | 
|dsp_signed_mult_pipe__997  | (C+(A''*B'')')' | 30     | 18     | 0      | -      | 16     | 2    | 2    | 0    | -    | -     | 1    | 1    | 
|dsp_signed_mult_pipe__996  | (C+(A''*B'')')' | 30     | 18     | 0      | -      | 16     | 2    | 2    | 0    | -    | -     | 1    | 1    | 
|dsp_signed_mult_pipe__995  | (C+(A''*B'')')' | 30     | 18     | 0      | -      | 16     | 2    | 2    | 0    | -    | -     | 1    | 1    | 
|dsp_signed_mult_pipe__994  | (C+(A''*B'')')' | 30     | 18     | 0      | -      | 16     | 2    | 2    | 0    | -    | -     | 1    | 1    | 
|dsp_signed_mult_pipe__993  | (C+(A''*B'')')' | 30     | 18     | 0      | -      | 16     | 2    | 2    | 0    | -    | -     | 1    | 1    | 
|dsp_signed_mult_pipe__992  | (C+(A''*B'')')' | 30     | 18     | 0      | -      | 16     | 2    | 2    | 0    | -    | -     | 1    | 1    | 
|accum_93                   | Dynamic         | -      | -      | -      | -      | 32     | -    | -    | -    | -    | -     | 0    | 1    | 
|dsp_signed_mult_pipe__991  | (C+(A''*B'')')' | 30     | 18     | 0      | -      | 16     | 2    | 2    | 0    | -    | -     | 1    | 1    | 
|dsp_signed_mult_pipe__990  | (C+(A''*B'')')' | 30     | 18     | 0      | -      | 16     | 2    | 2    | 0    | -    | -     | 1    | 1    | 
|dsp_signed_mult_pipe__989  | (C+(A''*B'')')' | 30     | 18     | 0      | -      | 16     | 2    | 2    | 0    | -    | -     | 1    | 1    | 
|dsp_signed_mult_pipe__988  | (C+(A''*B'')')' | 30     | 18     | 0      | -      | 16     | 2    | 2    | 0    | -    | -     | 1    | 1    | 
|dsp_signed_mult_pipe__987  | (C+(A''*B'')')' | 30     | 18     | 0      | -      | 16     | 2    | 2    | 0    | -    | -     | 1    | 1    | 
|dsp_signed_mult_pipe__986  | (C+(A''*B'')')' | 30     | 18     | 0      | -      | 16     | 2    | 2    | 0    | -    | -     | 1    | 1    | 
|dsp_signed_mult_pipe__985  | (C+(A''*B'')')' | 30     | 18     | 0      | -      | 16     | 2    | 2    | 0    | -    | -     | 1    | 1    | 
|dsp_signed_mult_pipe__984  | (C+(A''*B'')')' | 30     | 18     | 0      | -      | 16     | 2    | 2    | 0    | -    | -     | 1    | 1    | 
|accum_96                   | Dynamic         | -      | -      | -      | -      | 32     | -    | -    | -    | -    | -     | 0    | 1    | 
|dsp_signed_mult_pipe__983  | (C+(A''*B'')')' | 30     | 18     | 0      | -      | 16     | 2    | 2    | 0    | -    | -     | 1    | 1    | 
|dsp_signed_mult_pipe__982  | (C+(A''*B'')')' | 30     | 18     | 0      | -      | 16     | 2    | 2    | 0    | -    | -     | 1    | 1    | 
|dsp_signed_mult_pipe__981  | (C+(A''*B'')')' | 30     | 18     | 0      | -      | 16     | 2    | 2    | 0    | -    | -     | 1    | 1    | 
|dsp_signed_mult_pipe__980  | (C+(A''*B'')')' | 30     | 18     | 0      | -      | 16     | 2    | 2    | 0    | -    | -     | 1    | 1    | 
|dsp_signed_mult_pipe__979  | (C+(A''*B'')')' | 30     | 18     | 0      | -      | 16     | 2    | 2    | 0    | -    | -     | 1    | 1    | 
|dsp_signed_mult_pipe__978  | (C+(A''*B'')')' | 30     | 18     | 0      | -      | 16     | 2    | 2    | 0    | -    | -     | 1    | 1    | 
|dsp_signed_mult_pipe__977  | (C+(A''*B'')')' | 30     | 18     | 0      | -      | 16     | 2    | 2    | 0    | -    | -     | 1    | 1    | 
|dsp_signed_mult_pipe__976  | (C+(A''*B'')')' | 30     | 18     | 0      | -      | 16     | 2    | 2    | 0    | -    | -     | 1    | 1    | 
|accum_99                   | Dynamic         | -      | -      | -      | -      | 32     | -    | -    | -    | -    | -     | 0    | 1    | 
|dsp_signed_mult_pipe__743  | (C+(A''*B'')')' | 30     | 18     | 0      | -      | 16     | 2    | 2    | 0    | -    | -     | 1    | 1    | 
|dsp_signed_mult_pipe__742  | (C+(A''*B'')')' | 30     | 18     | 0      | -      | 16     | 2    | 2    | 0    | -    | -     | 1    | 1    | 
|dsp_signed_mult_pipe__741  | (C+(A''*B'')')' | 30     | 18     | 0      | -      | 16     | 2    | 2    | 0    | -    | -     | 1    | 1    | 
|dsp_signed_mult_pipe__740  | (C+(A''*B'')')' | 30     | 18     | 0      | -      | 16     | 2    | 2    | 0    | -    | -     | 1    | 1    | 
|dsp_signed_mult_pipe__739  | (C+(A''*B'')')' | 30     | 18     | 0      | -      | 16     | 2    | 2    | 0    | -    | -     | 1    | 1    | 
|dsp_signed_mult_pipe__738  | (C+(A''*B'')')' | 30     | 18     | 0      | -      | 16     | 2    | 2    | 0    | -    | -     | 1    | 1    | 
|dsp_signed_mult_pipe__737  | (C+(A''*B'')')' | 30     | 18     | 0      | -      | 16     | 2    | 2    | 0    | -    | -     | 1    | 1    | 
|dsp_signed_mult_pipe__736  | (C+(A''*B'')')' | 30     | 18     | 0      | -      | 16     | 2    | 2    | 0    | -    | -     | 1    | 1    | 
|accum_102                  | Dynamic         | -      | -      | -      | -      | 32     | -    | -    | -    | -    | -     | 0    | 1    | 
|dsp_signed_mult_pipe__735  | (C+(A''*B'')')' | 30     | 18     | 0      | -      | 16     | 2    | 2    | 0    | -    | -     | 1    | 1    | 
|dsp_signed_mult_pipe__734  | (C+(A''*B'')')' | 30     | 18     | 0      | -      | 16     | 2    | 2    | 0    | -    | -     | 1    | 1    | 
|dsp_signed_mult_pipe__733  | (C+(A''*B'')')' | 30     | 18     | 0      | -      | 16     | 2    | 2    | 0    | -    | -     | 1    | 1    | 
|dsp_signed_mult_pipe__732  | (C+(A''*B'')')' | 30     | 18     | 0      | -      | 16     | 2    | 2    | 0    | -    | -     | 1    | 1    | 
|dsp_signed_mult_pipe__731  | (C+(A''*B'')')' | 30     | 18     | 0      | -      | 16     | 2    | 2    | 0    | -    | -     | 1    | 1    | 
|dsp_signed_mult_pipe__730  | (C+(A''*B'')')' | 30     | 18     | 0      | -      | 16     | 2    | 2    | 0    | -    | -     | 1    | 1    | 
|dsp_signed_mult_pipe__729  | (C+(A''*B'')')' | 30     | 18     | 0      | -      | 16     | 2    | 2    | 0    | -    | -     | 1    | 1    | 
|dsp_signed_mult_pipe__728  | (C+(A''*B'')')' | 30     | 18     | 0      | -      | 16     | 2    | 2    | 0    | -    | -     | 1    | 1    | 
|accum_105                  | Dynamic         | -      | -      | -      | -      | 32     | -    | -    | -    | -    | -     | 0    | 1    | 
|dsp_signed_mult_pipe__975  | (C+(A''*B'')')' | 30     | 18     | 0      | -      | 16     | 2    | 2    | 0    | -    | -     | 1    | 1    | 
|dsp_signed_mult_pipe__974  | (C+(A''*B'')')' | 30     | 18     | 0      | -      | 16     | 2    | 2    | 0    | -    | -     | 1    | 1    | 
|dsp_signed_mult_pipe__973  | (C+(A''*B'')')' | 30     | 18     | 0      | -      | 16     | 2    | 2    | 0    | -    | -     | 1    | 1    | 
|dsp_signed_mult_pipe__972  | (C+(A''*B'')')' | 30     | 18     | 0      | -      | 16     | 2    | 2    | 0    | -    | -     | 1    | 1    | 
|dsp_signed_mult_pipe__971  | (C+(A''*B'')')' | 30     | 18     | 0      | -      | 16     | 2    | 2    | 0    | -    | -     | 1    | 1    | 
|dsp_signed_mult_pipe__970  | (C+(A''*B'')')' | 30     | 18     | 0      | -      | 16     | 2    | 2    | 0    | -    | -     | 1    | 1    | 
|dsp_signed_mult_pipe__969  | (C+(A''*B'')')' | 30     | 18     | 0      | -      | 16     | 2    | 2    | 0    | -    | -     | 1    | 1    | 
|dsp_signed_mult_pipe__968  | (C+(A''*B'')')' | 30     | 18     | 0      | -      | 16     | 2    | 2    | 0    | -    | -     | 1    | 1    | 
|accum_108                  | Dynamic         | -      | -      | -      | -      | 32     | -    | -    | -    | -    | -     | 0    | 1    | 
|dsp_signed_mult_pipe__727  | (C+(A''*B'')')' | 30     | 18     | 0      | -      | 16     | 2    | 2    | 0    | -    | -     | 1    | 1    | 
|dsp_signed_mult_pipe__726  | (C+(A''*B'')')' | 30     | 18     | 0      | -      | 16     | 2    | 2    | 0    | -    | -     | 1    | 1    | 
|dsp_signed_mult_pipe__725  | (C+(A''*B'')')' | 30     | 18     | 0      | -      | 16     | 2    | 2    | 0    | -    | -     | 1    | 1    | 
|dsp_signed_mult_pipe__724  | (C+(A''*B'')')' | 30     | 18     | 0      | -      | 16     | 2    | 2    | 0    | -    | -     | 1    | 1    | 
|dsp_signed_mult_pipe__723  | (C+(A''*B'')')' | 30     | 18     | 0      | -      | 16     | 2    | 2    | 0    | -    | -     | 1    | 1    | 
|dsp_signed_mult_pipe__722  | (C+(A''*B'')')' | 30     | 18     | 0      | -      | 16     | 2    | 2    | 0    | -    | -     | 1    | 1    | 
|dsp_signed_mult_pipe__721  | (C+(A''*B'')')' | 30     | 18     | 0      | -      | 16     | 2    | 2    | 0    | -    | -     | 1    | 1    | 
|dsp_signed_mult_pipe__720  | (C+(A''*B'')')' | 30     | 18     | 0      | -      | 16     | 2    | 2    | 0    | -    | -     | 1    | 1    | 
|accum_111                  | Dynamic         | -      | -      | -      | -      | 32     | -    | -    | -    | -    | -     | 0    | 1    | 
|dsp_signed_mult_pipe__967  | (C+(A''*B'')')' | 30     | 18     | 0      | -      | 16     | 2    | 2    | 0    | -    | -     | 1    | 1    | 
|dsp_signed_mult_pipe__966  | (C+(A''*B'')')' | 30     | 18     | 0      | -      | 16     | 2    | 2    | 0    | -    | -     | 1    | 1    | 
|dsp_signed_mult_pipe__965  | (C+(A''*B'')')' | 30     | 18     | 0      | -      | 16     | 2    | 2    | 0    | -    | -     | 1    | 1    | 
|dsp_signed_mult_pipe__964  | (C+(A''*B'')')' | 30     | 18     | 0      | -      | 16     | 2    | 2    | 0    | -    | -     | 1    | 1    | 
|dsp_signed_mult_pipe__963  | (C+(A''*B'')')' | 30     | 18     | 0      | -      | 16     | 2    | 2    | 0    | -    | -     | 1    | 1    | 
|dsp_signed_mult_pipe__962  | (C+(A''*B'')')' | 30     | 18     | 0      | -      | 16     | 2    | 2    | 0    | -    | -     | 1    | 1    | 
|dsp_signed_mult_pipe__961  | (C+(A''*B'')')' | 30     | 18     | 0      | -      | 16     | 2    | 2    | 0    | -    | -     | 1    | 1    | 
|dsp_signed_mult_pipe__960  | (C+(A''*B'')')' | 30     | 18     | 0      | -      | 16     | 2    | 2    | 0    | -    | -     | 1    | 1    | 
|accum_114                  | Dynamic         | -      | -      | -      | -      | 32     | -    | -    | -    | -    | -     | 0    | 1    | 
|dsp_signed_mult_pipe__801  | (C+(A''*B'')')' | 30     | 18     | 0      | -      | 16     | 2    | 2    | 0    | -    | -     | 1    | 1    | 
|dsp_signed_mult_pipe__802  | (C+(A''*B'')')' | 30     | 18     | 0      | -      | 16     | 2    | 2    | 0    | -    | -     | 1    | 1    | 
|dsp_signed_mult_pipe__803  | (C+(A''*B'')')' | 30     | 18     | 0      | -      | 16     | 2    | 2    | 0    | -    | -     | 1    | 1    | 
|dsp_signed_mult_pipe__804  | (C+(A''*B'')')' | 30     | 18     | 0      | -      | 16     | 2    | 2    | 0    | -    | -     | 1    | 1    | 
|dsp_signed_mult_pipe__805  | (C+(A''*B'')')' | 30     | 18     | 0      | -      | 16     | 2    | 2    | 0    | -    | -     | 1    | 1    | 
|dsp_signed_mult_pipe__806  | (C+(A''*B'')')' | 30     | 18     | 0      | -      | 16     | 2    | 2    | 0    | -    | -     | 1    | 1    | 
|dsp_signed_mult_pipe__807  | (C+(A''*B'')')' | 30     | 18     | 0      | -      | 16     | 2    | 2    | 0    | -    | -     | 1    | 1    | 
|dsp_signed_mult_pipe       | (C+(A''*B'')')' | 30     | 18     | 0      | -      | 16     | 2    | 2    | 0    | -    | -     | 1    | 1    | 
|accum_117                  | Dynamic         | -      | -      | -      | -      | 32     | -    | -    | -    | -    | -     | 0    | 1    | 
|dsp_signed_mult_pipe__719  | (C+(A''*B'')')' | 30     | 18     | 0      | -      | 16     | 2    | 2    | 0    | -    | -     | 1    | 1    | 
|dsp_signed_mult_pipe__718  | (C+(A''*B'')')' | 30     | 18     | 0      | -      | 16     | 2    | 2    | 0    | -    | -     | 1    | 1    | 
|dsp_signed_mult_pipe__717  | (C+(A''*B'')')' | 30     | 18     | 0      | -      | 16     | 2    | 2    | 0    | -    | -     | 1    | 1    | 
|dsp_signed_mult_pipe__716  | (C+(A''*B'')')' | 30     | 18     | 0      | -      | 16     | 2    | 2    | 0    | -    | -     | 1    | 1    | 
|dsp_signed_mult_pipe__715  | (C+(A''*B'')')' | 30     | 18     | 0      | -      | 16     | 2    | 2    | 0    | -    | -     | 1    | 1    | 
|dsp_signed_mult_pipe__714  | (C+(A''*B'')')' | 30     | 18     | 0      | -      | 16     | 2    | 2    | 0    | -    | -     | 1    | 1    | 
|dsp_signed_mult_pipe__713  | (C+(A''*B'')')' | 30     | 18     | 0      | -      | 16     | 2    | 2    | 0    | -    | -     | 1    | 1    | 
|dsp_signed_mult_pipe__712  | (C+(A''*B'')')' | 30     | 18     | 0      | -      | 16     | 2    | 2    | 0    | -    | -     | 1    | 1    | 
|accum_120                  | Dynamic         | -      | -      | -      | -      | 32     | -    | -    | -    | -    | -     | 0    | 1    | 
|dsp_signed_mult_pipe__711  | (C+(A''*B'')')' | 30     | 18     | 0      | -      | 16     | 2    | 2    | 0    | -    | -     | 1    | 1    | 
|dsp_signed_mult_pipe__710  | (C+(A''*B'')')' | 30     | 18     | 0      | -      | 16     | 2    | 2    | 0    | -    | -     | 1    | 1    | 
|dsp_signed_mult_pipe__709  | (C+(A''*B'')')' | 30     | 18     | 0      | -      | 16     | 2    | 2    | 0    | -    | -     | 1    | 1    | 
|dsp_signed_mult_pipe__708  | (C+(A''*B'')')' | 30     | 18     | 0      | -      | 16     | 2    | 2    | 0    | -    | -     | 1    | 1    | 
|dsp_signed_mult_pipe__707  | (C+(A''*B'')')' | 30     | 18     | 0      | -      | 16     | 2    | 2    | 0    | -    | -     | 1    | 1    | 
|dsp_signed_mult_pipe__706  | (C+(A''*B'')')' | 30     | 18     | 0      | -      | 16     | 2    | 2    | 0    | -    | -     | 1    | 1    | 
|dsp_signed_mult_pipe__705  | (C+(A''*B'')')' | 30     | 18     | 0      | -      | 16     | 2    | 2    | 0    | -    | -     | 1    | 1    | 
|dsp_signed_mult_pipe__704  | (C+(A''*B'')')' | 30     | 18     | 0      | -      | 16     | 2    | 2    | 0    | -    | -     | 1    | 1    | 
|accum_123                  | Dynamic         | -      | -      | -      | -      | 32     | -    | -    | -    | -    | -     | 0    | 1    | 
|dsp_signed_mult_pipe__959  | (C+(A''*B'')')' | 30     | 18     | 0      | -      | 16     | 2    | 2    | 0    | -    | -     | 1    | 1    | 
|dsp_signed_mult_pipe__958  | (C+(A''*B'')')' | 30     | 18     | 0      | -      | 16     | 2    | 2    | 0    | -    | -     | 1    | 1    | 
|dsp_signed_mult_pipe__957  | (C+(A''*B'')')' | 30     | 18     | 0      | -      | 16     | 2    | 2    | 0    | -    | -     | 1    | 1    | 
|dsp_signed_mult_pipe__956  | (C+(A''*B'')')' | 30     | 18     | 0      | -      | 16     | 2    | 2    | 0    | -    | -     | 1    | 1    | 
|dsp_signed_mult_pipe__955  | (C+(A''*B'')')' | 30     | 18     | 0      | -      | 16     | 2    | 2    | 0    | -    | -     | 1    | 1    | 
|dsp_signed_mult_pipe__954  | (C+(A''*B'')')' | 30     | 18     | 0      | -      | 16     | 2    | 2    | 0    | -    | -     | 1    | 1    | 
|dsp_signed_mult_pipe__953  | (C+(A''*B'')')' | 30     | 18     | 0      | -      | 16     | 2    | 2    | 0    | -    | -     | 1    | 1    | 
|dsp_signed_mult_pipe__952  | (C+(A''*B'')')' | 30     | 18     | 0      | -      | 16     | 2    | 2    | 0    | -    | -     | 1    | 1    | 
|accum_126                  | Dynamic         | -      | -      | -      | -      | 32     | -    | -    | -    | -    | -     | 0    | 1    | 
|dsp_signed_mult_pipe__951  | (C+(A''*B'')')' | 30     | 18     | 0      | -      | 16     | 2    | 2    | 0    | -    | -     | 1    | 1    | 
|dsp_signed_mult_pipe__950  | (C+(A''*B'')')' | 30     | 18     | 0      | -      | 16     | 2    | 2    | 0    | -    | -     | 1    | 1    | 
|dsp_signed_mult_pipe__949  | (C+(A''*B'')')' | 30     | 18     | 0      | -      | 16     | 2    | 2    | 0    | -    | -     | 1    | 1    | 
|dsp_signed_mult_pipe__948  | (C+(A''*B'')')' | 30     | 18     | 0      | -      | 16     | 2    | 2    | 0    | -    | -     | 1    | 1    | 
|dsp_signed_mult_pipe__947  | (C+(A''*B'')')' | 30     | 18     | 0      | -      | 16     | 2    | 2    | 0    | -    | -     | 1    | 1    | 
|dsp_signed_mult_pipe__946  | (C+(A''*B'')')' | 30     | 18     | 0      | -      | 16     | 2    | 2    | 0    | -    | -     | 1    | 1    | 
|dsp_signed_mult_pipe__945  | (C+(A''*B'')')' | 30     | 18     | 0      | -      | 16     | 2    | 2    | 0    | -    | -     | 1    | 1    | 
|dsp_signed_mult_pipe__944  | (C+(A''*B'')')' | 30     | 18     | 0      | -      | 16     | 2    | 2    | 0    | -    | -     | 1    | 1    | 
|accum_129                  | Dynamic         | -      | -      | -      | -      | 32     | -    | -    | -    | -    | -     | 0    | 1    | 
|dsp_signed_mult_pipe__703  | (C+(A''*B'')')' | 30     | 18     | 0      | -      | 16     | 2    | 2    | 0    | -    | -     | 1    | 1    | 
|dsp_signed_mult_pipe__702  | (C+(A''*B'')')' | 30     | 18     | 0      | -      | 16     | 2    | 2    | 0    | -    | -     | 1    | 1    | 
|dsp_signed_mult_pipe__701  | (C+(A''*B'')')' | 30     | 18     | 0      | -      | 16     | 2    | 2    | 0    | -    | -     | 1    | 1    | 
|dsp_signed_mult_pipe__700  | (C+(A''*B'')')' | 30     | 18     | 0      | -      | 16     | 2    | 2    | 0    | -    | -     | 1    | 1    | 
|dsp_signed_mult_pipe__699  | (C+(A''*B'')')' | 30     | 18     | 0      | -      | 16     | 2    | 2    | 0    | -    | -     | 1    | 1    | 
|dsp_signed_mult_pipe__698  | (C+(A''*B'')')' | 30     | 18     | 0      | -      | 16     | 2    | 2    | 0    | -    | -     | 1    | 1    | 
|dsp_signed_mult_pipe__697  | (C+(A''*B'')')' | 30     | 18     | 0      | -      | 16     | 2    | 2    | 0    | -    | -     | 1    | 1    | 
|dsp_signed_mult_pipe__696  | (C+(A''*B'')')' | 30     | 18     | 0      | -      | 16     | 2    | 2    | 0    | -    | -     | 1    | 1    | 
|accum_132                  | Dynamic         | -      | -      | -      | -      | 32     | -    | -    | -    | -    | -     | 0    | 1    | 
|dsp_signed_mult_pipe__695  | (C+(A''*B'')')' | 30     | 18     | 0      | -      | 16     | 2    | 2    | 0    | -    | -     | 1    | 1    | 
|dsp_signed_mult_pipe__694  | (C+(A''*B'')')' | 30     | 18     | 0      | -      | 16     | 2    | 2    | 0    | -    | -     | 1    | 1    | 
|dsp_signed_mult_pipe__693  | (C+(A''*B'')')' | 30     | 18     | 0      | -      | 16     | 2    | 2    | 0    | -    | -     | 1    | 1    | 
|dsp_signed_mult_pipe__692  | (C+(A''*B'')')' | 30     | 18     | 0      | -      | 16     | 2    | 2    | 0    | -    | -     | 1    | 1    | 
|dsp_signed_mult_pipe__691  | (C+(A''*B'')')' | 30     | 18     | 0      | -      | 16     | 2    | 2    | 0    | -    | -     | 1    | 1    | 
|dsp_signed_mult_pipe__690  | (C+(A''*B'')')' | 30     | 18     | 0      | -      | 16     | 2    | 2    | 0    | -    | -     | 1    | 1    | 
|dsp_signed_mult_pipe__689  | (C+(A''*B'')')' | 30     | 18     | 0      | -      | 16     | 2    | 2    | 0    | -    | -     | 1    | 1    | 
|dsp_signed_mult_pipe__688  | (C+(A''*B'')')' | 30     | 18     | 0      | -      | 16     | 2    | 2    | 0    | -    | -     | 1    | 1    | 
|accum_135                  | Dynamic         | -      | -      | -      | -      | 32     | -    | -    | -    | -    | -     | 0    | 1    | 
|dsp_signed_mult_pipe__687  | (C+(A''*B'')')' | 30     | 18     | 0      | -      | 16     | 2    | 2    | 0    | -    | -     | 1    | 1    | 
|dsp_signed_mult_pipe__686  | (C+(A''*B'')')' | 30     | 18     | 0      | -      | 16     | 2    | 2    | 0    | -    | -     | 1    | 1    | 
|dsp_signed_mult_pipe__685  | (C+(A''*B'')')' | 30     | 18     | 0      | -      | 16     | 2    | 2    | 0    | -    | -     | 1    | 1    | 
|dsp_signed_mult_pipe__684  | (C+(A''*B'')')' | 30     | 18     | 0      | -      | 16     | 2    | 2    | 0    | -    | -     | 1    | 1    | 
|dsp_signed_mult_pipe__683  | (C+(A''*B'')')' | 30     | 18     | 0      | -      | 16     | 2    | 2    | 0    | -    | -     | 1    | 1    | 
|dsp_signed_mult_pipe__682  | (C+(A''*B'')')' | 30     | 18     | 0      | -      | 16     | 2    | 2    | 0    | -    | -     | 1    | 1    | 
|dsp_signed_mult_pipe__681  | (C+(A''*B'')')' | 30     | 18     | 0      | -      | 16     | 2    | 2    | 0    | -    | -     | 1    | 1    | 
|dsp_signed_mult_pipe__680  | (C+(A''*B'')')' | 30     | 18     | 0      | -      | 16     | 2    | 2    | 0    | -    | -     | 1    | 1    | 
|accum_138                  | Dynamic         | -      | -      | -      | -      | 32     | -    | -    | -    | -    | -     | 0    | 1    | 
|dsp_signed_mult_pipe__679  | (C+(A''*B'')')' | 30     | 18     | 0      | -      | 16     | 2    | 2    | 0    | -    | -     | 1    | 1    | 
|dsp_signed_mult_pipe__678  | (C+(A''*B'')')' | 30     | 18     | 0      | -      | 16     | 2    | 2    | 0    | -    | -     | 1    | 1    | 
|dsp_signed_mult_pipe__677  | (C+(A''*B'')')' | 30     | 18     | 0      | -      | 16     | 2    | 2    | 0    | -    | -     | 1    | 1    | 
|dsp_signed_mult_pipe__676  | (C+(A''*B'')')' | 30     | 18     | 0      | -      | 16     | 2    | 2    | 0    | -    | -     | 1    | 1    | 
|dsp_signed_mult_pipe__675  | (C+(A''*B'')')' | 30     | 18     | 0      | -      | 16     | 2    | 2    | 0    | -    | -     | 1    | 1    | 
|dsp_signed_mult_pipe__674  | (C+(A''*B'')')' | 30     | 18     | 0      | -      | 16     | 2    | 2    | 0    | -    | -     | 1    | 1    | 
|dsp_signed_mult_pipe__673  | (C+(A''*B'')')' | 30     | 18     | 0      | -      | 16     | 2    | 2    | 0    | -    | -     | 1    | 1    | 
|dsp_signed_mult_pipe__672  | (C+(A''*B'')')' | 30     | 18     | 0      | -      | 16     | 2    | 2    | 0    | -    | -     | 1    | 1    | 
|accum_141                  | Dynamic         | -      | -      | -      | -      | 32     | -    | -    | -    | -    | -     | 0    | 1    | 
|dsp_signed_mult_pipe__671  | (C+(A''*B'')')' | 30     | 18     | 0      | -      | 16     | 2    | 2    | 0    | -    | -     | 1    | 1    | 
|dsp_signed_mult_pipe__670  | (C+(A''*B'')')' | 30     | 18     | 0      | -      | 16     | 2    | 2    | 0    | -    | -     | 1    | 1    | 
|dsp_signed_mult_pipe__669  | (C+(A''*B'')')' | 30     | 18     | 0      | -      | 16     | 2    | 2    | 0    | -    | -     | 1    | 1    | 
|dsp_signed_mult_pipe__668  | (C+(A''*B'')')' | 30     | 18     | 0      | -      | 16     | 2    | 2    | 0    | -    | -     | 1    | 1    | 
|dsp_signed_mult_pipe__667  | (C+(A''*B'')')' | 30     | 18     | 0      | -      | 16     | 2    | 2    | 0    | -    | -     | 1    | 1    | 
|dsp_signed_mult_pipe__666  | (C+(A''*B'')')' | 30     | 18     | 0      | -      | 16     | 2    | 2    | 0    | -    | -     | 1    | 1    | 
|dsp_signed_mult_pipe__665  | (C+(A''*B'')')' | 30     | 18     | 0      | -      | 16     | 2    | 2    | 0    | -    | -     | 1    | 1    | 
|dsp_signed_mult_pipe__664  | (C+(A''*B'')')' | 30     | 18     | 0      | -      | 16     | 2    | 2    | 0    | -    | -     | 1    | 1    | 
|accum_144                  | Dynamic         | -      | -      | -      | -      | 32     | -    | -    | -    | -    | -     | 0    | 1    | 
|dsp_signed_mult_pipe__663  | (C+(A''*B'')')' | 30     | 18     | 0      | -      | 16     | 2    | 2    | 0    | -    | -     | 1    | 1    | 
|dsp_signed_mult_pipe__662  | (C+(A''*B'')')' | 30     | 18     | 0      | -      | 16     | 2    | 2    | 0    | -    | -     | 1    | 1    | 
|dsp_signed_mult_pipe__661  | (C+(A''*B'')')' | 30     | 18     | 0      | -      | 16     | 2    | 2    | 0    | -    | -     | 1    | 1    | 
|dsp_signed_mult_pipe__660  | (C+(A''*B'')')' | 30     | 18     | 0      | -      | 16     | 2    | 2    | 0    | -    | -     | 1    | 1    | 
|dsp_signed_mult_pipe__659  | (C+(A''*B'')')' | 30     | 18     | 0      | -      | 16     | 2    | 2    | 0    | -    | -     | 1    | 1    | 
|dsp_signed_mult_pipe__658  | (C+(A''*B'')')' | 30     | 18     | 0      | -      | 16     | 2    | 2    | 0    | -    | -     | 1    | 1    | 
|dsp_signed_mult_pipe__657  | (C+(A''*B'')')' | 30     | 18     | 0      | -      | 16     | 2    | 2    | 0    | -    | -     | 1    | 1    | 
|dsp_signed_mult_pipe__656  | (C+(A''*B'')')' | 30     | 18     | 0      | -      | 16     | 2    | 2    | 0    | -    | -     | 1    | 1    | 
|accum_147                  | Dynamic         | -      | -      | -      | -      | 32     | -    | -    | -    | -    | -     | 0    | 1    | 
|dsp_signed_mult_pipe__799  | (C+(A''*B'')')' | 30     | 18     | 0      | -      | 16     | 2    | 2    | 0    | -    | -     | 1    | 1    | 
|dsp_signed_mult_pipe__798  | (C+(A''*B'')')' | 30     | 18     | 0      | -      | 16     | 2    | 2    | 0    | -    | -     | 1    | 1    | 
|dsp_signed_mult_pipe__797  | (C+(A''*B'')')' | 30     | 18     | 0      | -      | 16     | 2    | 2    | 0    | -    | -     | 1    | 1    | 
|dsp_signed_mult_pipe__796  | (C+(A''*B'')')' | 30     | 18     | 0      | -      | 16     | 2    | 2    | 0    | -    | -     | 1    | 1    | 
|dsp_signed_mult_pipe__795  | (C+(A''*B'')')' | 30     | 18     | 0      | -      | 16     | 2    | 2    | 0    | -    | -     | 1    | 1    | 
|dsp_signed_mult_pipe__794  | (C+(A''*B'')')' | 30     | 18     | 0      | -      | 16     | 2    | 2    | 0    | -    | -     | 1    | 1    | 
|dsp_signed_mult_pipe__793  | (C+(A''*B'')')' | 30     | 18     | 0      | -      | 16     | 2    | 2    | 0    | -    | -     | 1    | 1    | 
|dsp_signed_mult_pipe__792  | (C+(A''*B'')')' | 30     | 18     | 0      | -      | 16     | 2    | 2    | 0    | -    | -     | 1    | 1    | 
|accum_150                  | Dynamic         | -      | -      | -      | -      | 32     | -    | -    | -    | -    | -     | 0    | 1    | 
|dsp_signed_mult_pipe__655  | (C+(A''*B'')')' | 30     | 18     | 0      | -      | 16     | 2    | 2    | 0    | -    | -     | 1    | 1    | 
|dsp_signed_mult_pipe__654  | (C+(A''*B'')')' | 30     | 18     | 0      | -      | 16     | 2    | 2    | 0    | -    | -     | 1    | 1    | 
|dsp_signed_mult_pipe__653  | (C+(A''*B'')')' | 30     | 18     | 0      | -      | 16     | 2    | 2    | 0    | -    | -     | 1    | 1    | 
|dsp_signed_mult_pipe__652  | (C+(A''*B'')')' | 30     | 18     | 0      | -      | 16     | 2    | 2    | 0    | -    | -     | 1    | 1    | 
|dsp_signed_mult_pipe__651  | (C+(A''*B'')')' | 30     | 18     | 0      | -      | 16     | 2    | 2    | 0    | -    | -     | 1    | 1    | 
|dsp_signed_mult_pipe__650  | (C+(A''*B'')')' | 30     | 18     | 0      | -      | 16     | 2    | 2    | 0    | -    | -     | 1    | 1    | 
|dsp_signed_mult_pipe__649  | (C+(A''*B'')')' | 30     | 18     | 0      | -      | 16     | 2    | 2    | 0    | -    | -     | 1    | 1    | 
|dsp_signed_mult_pipe__648  | (C+(A''*B'')')' | 30     | 18     | 0      | -      | 16     | 2    | 2    | 0    | -    | -     | 1    | 1    | 
|accum_153                  | Dynamic         | -      | -      | -      | -      | 32     | -    | -    | -    | -    | -     | 0    | 1    | 
|dsp_signed_mult_pipe__647  | (C+(A''*B'')')' | 30     | 18     | 0      | -      | 16     | 2    | 2    | 0    | -    | -     | 1    | 1    | 
|dsp_signed_mult_pipe__646  | (C+(A''*B'')')' | 30     | 18     | 0      | -      | 16     | 2    | 2    | 0    | -    | -     | 1    | 1    | 
|dsp_signed_mult_pipe__645  | (C+(A''*B'')')' | 30     | 18     | 0      | -      | 16     | 2    | 2    | 0    | -    | -     | 1    | 1    | 
|dsp_signed_mult_pipe__644  | (C+(A''*B'')')' | 30     | 18     | 0      | -      | 16     | 2    | 2    | 0    | -    | -     | 1    | 1    | 
|dsp_signed_mult_pipe__643  | (C+(A''*B'')')' | 30     | 18     | 0      | -      | 16     | 2    | 2    | 0    | -    | -     | 1    | 1    | 
|dsp_signed_mult_pipe__642  | (C+(A''*B'')')' | 30     | 18     | 0      | -      | 16     | 2    | 2    | 0    | -    | -     | 1    | 1    | 
|dsp_signed_mult_pipe__641  | (C+(A''*B'')')' | 30     | 18     | 0      | -      | 16     | 2    | 2    | 0    | -    | -     | 1    | 1    | 
|dsp_signed_mult_pipe__640  | (C+(A''*B'')')' | 30     | 18     | 0      | -      | 16     | 2    | 2    | 0    | -    | -     | 1    | 1    | 
|accum_156                  | Dynamic         | -      | -      | -      | -      | 32     | -    | -    | -    | -    | -     | 0    | 1    | 
|dsp_signed_mult_pipe__505  | (C+(A''*B'')')' | 30     | 18     | 0      | -      | 16     | 2    | 2    | 0    | -    | -     | 1    | 1    | 
|dsp_signed_mult_pipe__506  | (C+(A''*B'')')' | 30     | 18     | 0      | -      | 16     | 2    | 2    | 0    | -    | -     | 1    | 1    | 
|dsp_signed_mult_pipe__507  | (C+(A''*B'')')' | 30     | 18     | 0      | -      | 16     | 2    | 2    | 0    | -    | -     | 1    | 1    | 
|dsp_signed_mult_pipe__508  | (C+(A''*B'')')' | 30     | 18     | 0      | -      | 16     | 2    | 2    | 0    | -    | -     | 1    | 1    | 
|dsp_signed_mult_pipe__509  | (C+(A''*B'')')' | 30     | 18     | 0      | -      | 16     | 2    | 2    | 0    | -    | -     | 1    | 1    | 
|dsp_signed_mult_pipe__510  | (C+(A''*B'')')' | 30     | 18     | 0      | -      | 16     | 2    | 2    | 0    | -    | -     | 1    | 1    | 
|dsp_signed_mult_pipe__511  | (C+(A''*B'')')' | 30     | 18     | 0      | -      | 16     | 2    | 2    | 0    | -    | -     | 1    | 1    | 
|dsp_signed_mult_pipe__632  | (C+(A''*B'')')' | 30     | 18     | 0      | -      | 16     | 2    | 2    | 0    | -    | -     | 1    | 1    | 
|accum_159                  | Dynamic         | -      | -      | -      | -      | 32     | -    | -    | -    | -    | -     | 0    | 1    | 
|dsp_signed_mult_pipe__631  | (C+(A''*B'')')' | 30     | 18     | 0      | -      | 16     | 2    | 2    | 0    | -    | -     | 1    | 1    | 
|dsp_signed_mult_pipe__630  | (C+(A''*B'')')' | 30     | 18     | 0      | -      | 16     | 2    | 2    | 0    | -    | -     | 1    | 1    | 
|dsp_signed_mult_pipe__629  | (C+(A''*B'')')' | 30     | 18     | 0      | -      | 16     | 2    | 2    | 0    | -    | -     | 1    | 1    | 
|dsp_signed_mult_pipe__628  | (C+(A''*B'')')' | 30     | 18     | 0      | -      | 16     | 2    | 2    | 0    | -    | -     | 1    | 1    | 
|dsp_signed_mult_pipe__627  | (C+(A''*B'')')' | 30     | 18     | 0      | -      | 16     | 2    | 2    | 0    | -    | -     | 1    | 1    | 
|dsp_signed_mult_pipe__626  | (C+(A''*B'')')' | 30     | 18     | 0      | -      | 16     | 2    | 2    | 0    | -    | -     | 1    | 1    | 
|dsp_signed_mult_pipe__625  | (C+(A''*B'')')' | 30     | 18     | 0      | -      | 16     | 2    | 2    | 0    | -    | -     | 1    | 1    | 
|dsp_signed_mult_pipe__624  | (C+(A''*B'')')' | 30     | 18     | 0      | -      | 16     | 2    | 2    | 0    | -    | -     | 1    | 1    | 
|accum_162                  | Dynamic         | -      | -      | -      | -      | 32     | -    | -    | -    | -    | -     | 0    | 1    | 
|dsp_signed_mult_pipe__623  | (C+(A''*B'')')' | 30     | 18     | 0      | -      | 16     | 2    | 2    | 0    | -    | -     | 1    | 1    | 
|dsp_signed_mult_pipe__622  | (C+(A''*B'')')' | 30     | 18     | 0      | -      | 16     | 2    | 2    | 0    | -    | -     | 1    | 1    | 
|dsp_signed_mult_pipe__621  | (C+(A''*B'')')' | 30     | 18     | 0      | -      | 16     | 2    | 2    | 0    | -    | -     | 1    | 1    | 
|dsp_signed_mult_pipe__620  | (C+(A''*B'')')' | 30     | 18     | 0      | -      | 16     | 2    | 2    | 0    | -    | -     | 1    | 1    | 
|dsp_signed_mult_pipe__619  | (C+(A''*B'')')' | 30     | 18     | 0      | -      | 16     | 2    | 2    | 0    | -    | -     | 1    | 1    | 
|dsp_signed_mult_pipe__618  | (C+(A''*B'')')' | 30     | 18     | 0      | -      | 16     | 2    | 2    | 0    | -    | -     | 1    | 1    | 
|dsp_signed_mult_pipe__617  | (C+(A''*B'')')' | 30     | 18     | 0      | -      | 16     | 2    | 2    | 0    | -    | -     | 1    | 1    | 
|dsp_signed_mult_pipe__616  | (C+(A''*B'')')' | 30     | 18     | 0      | -      | 16     | 2    | 2    | 0    | -    | -     | 1    | 1    | 
|accum_165                  | Dynamic         | -      | -      | -      | -      | 32     | -    | -    | -    | -    | -     | 0    | 1    | 
|dsp_signed_mult_pipe__615  | (C+(A''*B'')')' | 30     | 18     | 0      | -      | 16     | 2    | 2    | 0    | -    | -     | 1    | 1    | 
|dsp_signed_mult_pipe__614  | (C+(A''*B'')')' | 30     | 18     | 0      | -      | 16     | 2    | 2    | 0    | -    | -     | 1    | 1    | 
|dsp_signed_mult_pipe__613  | (C+(A''*B'')')' | 30     | 18     | 0      | -      | 16     | 2    | 2    | 0    | -    | -     | 1    | 1    | 
|dsp_signed_mult_pipe__612  | (C+(A''*B'')')' | 30     | 18     | 0      | -      | 16     | 2    | 2    | 0    | -    | -     | 1    | 1    | 
|dsp_signed_mult_pipe__611  | (C+(A''*B'')')' | 30     | 18     | 0      | -      | 16     | 2    | 2    | 0    | -    | -     | 1    | 1    | 
|dsp_signed_mult_pipe__610  | (C+(A''*B'')')' | 30     | 18     | 0      | -      | 16     | 2    | 2    | 0    | -    | -     | 1    | 1    | 
|dsp_signed_mult_pipe__609  | (C+(A''*B'')')' | 30     | 18     | 0      | -      | 16     | 2    | 2    | 0    | -    | -     | 1    | 1    | 
|dsp_signed_mult_pipe__608  | (C+(A''*B'')')' | 30     | 18     | 0      | -      | 16     | 2    | 2    | 0    | -    | -     | 1    | 1    | 
|accum_168                  | Dynamic         | -      | -      | -      | -      | 32     | -    | -    | -    | -    | -     | 0    | 1    | 
|dsp_signed_mult_pipe__607  | (C+(A''*B'')')' | 30     | 18     | 0      | -      | 16     | 2    | 2    | 0    | -    | -     | 1    | 1    | 
|dsp_signed_mult_pipe__606  | (C+(A''*B'')')' | 30     | 18     | 0      | -      | 16     | 2    | 2    | 0    | -    | -     | 1    | 1    | 
|dsp_signed_mult_pipe__605  | (C+(A''*B'')')' | 30     | 18     | 0      | -      | 16     | 2    | 2    | 0    | -    | -     | 1    | 1    | 
|dsp_signed_mult_pipe__604  | (C+(A''*B'')')' | 30     | 18     | 0      | -      | 16     | 2    | 2    | 0    | -    | -     | 1    | 1    | 
|dsp_signed_mult_pipe__603  | (C+(A''*B'')')' | 30     | 18     | 0      | -      | 16     | 2    | 2    | 0    | -    | -     | 1    | 1    | 
|dsp_signed_mult_pipe__602  | (C+(A''*B'')')' | 30     | 18     | 0      | -      | 16     | 2    | 2    | 0    | -    | -     | 1    | 1    | 
|dsp_signed_mult_pipe__601  | (C+(A''*B'')')' | 30     | 18     | 0      | -      | 16     | 2    | 2    | 0    | -    | -     | 1    | 1    | 
|dsp_signed_mult_pipe__600  | (C+(A''*B'')')' | 30     | 18     | 0      | -      | 16     | 2    | 2    | 0    | -    | -     | 1    | 1    | 
|accum_171                  | Dynamic         | -      | -      | -      | -      | 32     | -    | -    | -    | -    | -     | 0    | 1    | 
|dsp_signed_mult_pipe__599  | (C+(A''*B'')')' | 30     | 18     | 0      | -      | 16     | 2    | 2    | 0    | -    | -     | 1    | 1    | 
|dsp_signed_mult_pipe__598  | (C+(A''*B'')')' | 30     | 18     | 0      | -      | 16     | 2    | 2    | 0    | -    | -     | 1    | 1    | 
|dsp_signed_mult_pipe__597  | (C+(A''*B'')')' | 30     | 18     | 0      | -      | 16     | 2    | 2    | 0    | -    | -     | 1    | 1    | 
|dsp_signed_mult_pipe__596  | (C+(A''*B'')')' | 30     | 18     | 0      | -      | 16     | 2    | 2    | 0    | -    | -     | 1    | 1    | 
|dsp_signed_mult_pipe__595  | (C+(A''*B'')')' | 30     | 18     | 0      | -      | 16     | 2    | 2    | 0    | -    | -     | 1    | 1    | 
|dsp_signed_mult_pipe__594  | (C+(A''*B'')')' | 30     | 18     | 0      | -      | 16     | 2    | 2    | 0    | -    | -     | 1    | 1    | 
|dsp_signed_mult_pipe__593  | (C+(A''*B'')')' | 30     | 18     | 0      | -      | 16     | 2    | 2    | 0    | -    | -     | 1    | 1    | 
|dsp_signed_mult_pipe__592  | (C+(A''*B'')')' | 30     | 18     | 0      | -      | 16     | 2    | 2    | 0    | -    | -     | 1    | 1    | 
|accum_174                  | Dynamic         | -      | -      | -      | -      | 32     | -    | -    | -    | -    | -     | 0    | 1    | 
|dsp_signed_mult_pipe__591  | (C+(A''*B'')')' | 30     | 18     | 0      | -      | 16     | 2    | 2    | 0    | -    | -     | 1    | 1    | 
|dsp_signed_mult_pipe__590  | (C+(A''*B'')')' | 30     | 18     | 0      | -      | 16     | 2    | 2    | 0    | -    | -     | 1    | 1    | 
|dsp_signed_mult_pipe__589  | (C+(A''*B'')')' | 30     | 18     | 0      | -      | 16     | 2    | 2    | 0    | -    | -     | 1    | 1    | 
|dsp_signed_mult_pipe__588  | (C+(A''*B'')')' | 30     | 18     | 0      | -      | 16     | 2    | 2    | 0    | -    | -     | 1    | 1    | 
|dsp_signed_mult_pipe__587  | (C+(A''*B'')')' | 30     | 18     | 0      | -      | 16     | 2    | 2    | 0    | -    | -     | 1    | 1    | 
|dsp_signed_mult_pipe__586  | (C+(A''*B'')')' | 30     | 18     | 0      | -      | 16     | 2    | 2    | 0    | -    | -     | 1    | 1    | 
|dsp_signed_mult_pipe__585  | (C+(A''*B'')')' | 30     | 18     | 0      | -      | 16     | 2    | 2    | 0    | -    | -     | 1    | 1    | 
|dsp_signed_mult_pipe__584  | (C+(A''*B'')')' | 30     | 18     | 0      | -      | 16     | 2    | 2    | 0    | -    | -     | 1    | 1    | 
|accum_177                  | Dynamic         | -      | -      | -      | -      | 32     | -    | -    | -    | -    | -     | 0    | 1    | 
|dsp_signed_mult_pipe__583  | (C+(A''*B'')')' | 30     | 18     | 0      | -      | 16     | 2    | 2    | 0    | -    | -     | 1    | 1    | 
|dsp_signed_mult_pipe__582  | (C+(A''*B'')')' | 30     | 18     | 0      | -      | 16     | 2    | 2    | 0    | -    | -     | 1    | 1    | 
|dsp_signed_mult_pipe__581  | (C+(A''*B'')')' | 30     | 18     | 0      | -      | 16     | 2    | 2    | 0    | -    | -     | 1    | 1    | 
|dsp_signed_mult_pipe__580  | (C+(A''*B'')')' | 30     | 18     | 0      | -      | 16     | 2    | 2    | 0    | -    | -     | 1    | 1    | 
|dsp_signed_mult_pipe__579  | (C+(A''*B'')')' | 30     | 18     | 0      | -      | 16     | 2    | 2    | 0    | -    | -     | 1    | 1    | 
|dsp_signed_mult_pipe__578  | (C+(A''*B'')')' | 30     | 18     | 0      | -      | 16     | 2    | 2    | 0    | -    | -     | 1    | 1    | 
|dsp_signed_mult_pipe__577  | (C+(A''*B'')')' | 30     | 18     | 0      | -      | 16     | 2    | 2    | 0    | -    | -     | 1    | 1    | 
|dsp_signed_mult_pipe__576  | (C+(A''*B'')')' | 30     | 18     | 0      | -      | 16     | 2    | 2    | 0    | -    | -     | 1    | 1    | 
|accum_180                  | Dynamic         | -      | -      | -      | -      | 32     | -    | -    | -    | -    | -     | 0    | 1    | 
|dsp_signed_mult_pipe__1023 | (C+(A''*B'')')' | 30     | 18     | 0      | -      | 16     | 2    | 2    | 0    | -    | -     | 1    | 1    | 
|dsp_signed_mult_pipe__1022 | (C+(A''*B'')')' | 30     | 18     | 0      | -      | 16     | 2    | 2    | 0    | -    | -     | 1    | 1    | 
|dsp_signed_mult_pipe__1021 | (C+(A''*B'')')' | 30     | 18     | 0      | -      | 16     | 2    | 2    | 0    | -    | -     | 1    | 1    | 
|dsp_signed_mult_pipe__1020 | (C+(A''*B'')')' | 30     | 18     | 0      | -      | 16     | 2    | 2    | 0    | -    | -     | 1    | 1    | 
|dsp_signed_mult_pipe__1019 | (C+(A''*B'')')' | 30     | 18     | 0      | -      | 16     | 2    | 2    | 0    | -    | -     | 1    | 1    | 
|dsp_signed_mult_pipe__1018 | (C+(A''*B'')')' | 30     | 18     | 0      | -      | 16     | 2    | 2    | 0    | -    | -     | 1    | 1    | 
|dsp_signed_mult_pipe__1017 | (C+(A''*B'')')' | 30     | 18     | 0      | -      | 16     | 2    | 2    | 0    | -    | -     | 1    | 1    | 
|dsp_signed_mult_pipe__1016 | (C+(A''*B'')')' | 30     | 18     | 0      | -      | 16     | 2    | 2    | 0    | -    | -     | 1    | 1    | 
|accum_183                  | Dynamic         | -      | -      | -      | -      | 32     | -    | -    | -    | -    | -     | 0    | 1    | 
|dsp_signed_mult_pipe__575  | (C+(A''*B'')')' | 30     | 18     | 0      | -      | 16     | 2    | 2    | 0    | -    | -     | 1    | 1    | 
|dsp_signed_mult_pipe__574  | (C+(A''*B'')')' | 30     | 18     | 0      | -      | 16     | 2    | 2    | 0    | -    | -     | 1    | 1    | 
|dsp_signed_mult_pipe__573  | (C+(A''*B'')')' | 30     | 18     | 0      | -      | 16     | 2    | 2    | 0    | -    | -     | 1    | 1    | 
|dsp_signed_mult_pipe__572  | (C+(A''*B'')')' | 30     | 18     | 0      | -      | 16     | 2    | 2    | 0    | -    | -     | 1    | 1    | 
|dsp_signed_mult_pipe__571  | (C+(A''*B'')')' | 30     | 18     | 0      | -      | 16     | 2    | 2    | 0    | -    | -     | 1    | 1    | 
|dsp_signed_mult_pipe__570  | (C+(A''*B'')')' | 30     | 18     | 0      | -      | 16     | 2    | 2    | 0    | -    | -     | 1    | 1    | 
|dsp_signed_mult_pipe__569  | (C+(A''*B'')')' | 30     | 18     | 0      | -      | 16     | 2    | 2    | 0    | -    | -     | 1    | 1    | 
|dsp_signed_mult_pipe__568  | (C+(A''*B'')')' | 30     | 18     | 0      | -      | 16     | 2    | 2    | 0    | -    | -     | 1    | 1    | 
|accum_186                  | Dynamic         | -      | -      | -      | -      | 32     | -    | -    | -    | -    | -     | 0    | 1    | 
|dsp_signed_mult_pipe__943  | (C+(A''*B'')')' | 30     | 18     | 0      | -      | 16     | 2    | 2    | 0    | -    | -     | 1    | 1    | 
|dsp_signed_mult_pipe__942  | (C+(A''*B'')')' | 30     | 18     | 0      | -      | 16     | 2    | 2    | 0    | -    | -     | 1    | 1    | 
|dsp_signed_mult_pipe__941  | (C+(A''*B'')')' | 30     | 18     | 0      | -      | 16     | 2    | 2    | 0    | -    | -     | 1    | 1    | 
|dsp_signed_mult_pipe__940  | (C+(A''*B'')')' | 30     | 18     | 0      | -      | 16     | 2    | 2    | 0    | -    | -     | 1    | 1    | 
|dsp_signed_mult_pipe__939  | (C+(A''*B'')')' | 30     | 18     | 0      | -      | 16     | 2    | 2    | 0    | -    | -     | 1    | 1    | 
|dsp_signed_mult_pipe__938  | (C+(A''*B'')')' | 30     | 18     | 0      | -      | 16     | 2    | 2    | 0    | -    | -     | 1    | 1    | 
|dsp_signed_mult_pipe__937  | (C+(A''*B'')')' | 30     | 18     | 0      | -      | 16     | 2    | 2    | 0    | -    | -     | 1    | 1    | 
|dsp_signed_mult_pipe__936  | (C+(A''*B'')')' | 30     | 18     | 0      | -      | 16     | 2    | 2    | 0    | -    | -     | 1    | 1    | 
|accum_189                  | Dynamic         | -      | -      | -      | -      | 32     | -    | -    | -    | -    | -     | 0    | 1    | 
|dsp_signed_mult_pipe__935  | (C+(A''*B'')')' | 30     | 18     | 0      | -      | 16     | 2    | 2    | 0    | -    | -     | 1    | 1    | 
|dsp_signed_mult_pipe__934  | (C+(A''*B'')')' | 30     | 18     | 0      | -      | 16     | 2    | 2    | 0    | -    | -     | 1    | 1    | 
|dsp_signed_mult_pipe__933  | (C+(A''*B'')')' | 30     | 18     | 0      | -      | 16     | 2    | 2    | 0    | -    | -     | 1    | 1    | 
|dsp_signed_mult_pipe__932  | (C+(A''*B'')')' | 30     | 18     | 0      | -      | 16     | 2    | 2    | 0    | -    | -     | 1    | 1    | 
|dsp_signed_mult_pipe__931  | (C+(A''*B'')')' | 30     | 18     | 0      | -      | 16     | 2    | 2    | 0    | -    | -     | 1    | 1    | 
|dsp_signed_mult_pipe__930  | (C+(A''*B'')')' | 30     | 18     | 0      | -      | 16     | 2    | 2    | 0    | -    | -     | 1    | 1    | 
|dsp_signed_mult_pipe__929  | (C+(A''*B'')')' | 30     | 18     | 0      | -      | 16     | 2    | 2    | 0    | -    | -     | 1    | 1    | 
|dsp_signed_mult_pipe__928  | (C+(A''*B'')')' | 30     | 18     | 0      | -      | 16     | 2    | 2    | 0    | -    | -     | 1    | 1    | 
|accum_192                  | Dynamic         | -      | -      | -      | -      | 32     | -    | -    | -    | -    | -     | 0    | 1    | 
|dsp_signed_mult_pipe__567  | (C+(A''*B'')')' | 30     | 18     | 0      | -      | 16     | 2    | 2    | 0    | -    | -     | 1    | 1    | 
|dsp_signed_mult_pipe__566  | (C+(A''*B'')')' | 30     | 18     | 0      | -      | 16     | 2    | 2    | 0    | -    | -     | 1    | 1    | 
|dsp_signed_mult_pipe__565  | (C+(A''*B'')')' | 30     | 18     | 0      | -      | 16     | 2    | 2    | 0    | -    | -     | 1    | 1    | 
|dsp_signed_mult_pipe__564  | (C+(A''*B'')')' | 30     | 18     | 0      | -      | 16     | 2    | 2    | 0    | -    | -     | 1    | 1    | 
|dsp_signed_mult_pipe__563  | (C+(A''*B'')')' | 30     | 18     | 0      | -      | 16     | 2    | 2    | 0    | -    | -     | 1    | 1    | 
|dsp_signed_mult_pipe__562  | (C+(A''*B'')')' | 30     | 18     | 0      | -      | 16     | 2    | 2    | 0    | -    | -     | 1    | 1    | 
|dsp_signed_mult_pipe__561  | (C+(A''*B'')')' | 30     | 18     | 0      | -      | 16     | 2    | 2    | 0    | -    | -     | 1    | 1    | 
|dsp_signed_mult_pipe__560  | (C+(A''*B'')')' | 30     | 18     | 0      | -      | 16     | 2    | 2    | 0    | -    | -     | 1    | 1    | 
|accum_195                  | Dynamic         | -      | -      | -      | -      | 32     | -    | -    | -    | -    | -     | 0    | 1    | 
|dsp_signed_mult_pipe__927  | (C+(A''*B'')')' | 30     | 18     | 0      | -      | 16     | 2    | 2    | 0    | -    | -     | 1    | 1    | 
|dsp_signed_mult_pipe__926  | (C+(A''*B'')')' | 30     | 18     | 0      | -      | 16     | 2    | 2    | 0    | -    | -     | 1    | 1    | 
|dsp_signed_mult_pipe__925  | (C+(A''*B'')')' | 30     | 18     | 0      | -      | 16     | 2    | 2    | 0    | -    | -     | 1    | 1    | 
|dsp_signed_mult_pipe__924  | (C+(A''*B'')')' | 30     | 18     | 0      | -      | 16     | 2    | 2    | 0    | -    | -     | 1    | 1    | 
|dsp_signed_mult_pipe__923  | (C+(A''*B'')')' | 30     | 18     | 0      | -      | 16     | 2    | 2    | 0    | -    | -     | 1    | 1    | 
|dsp_signed_mult_pipe__922  | (C+(A''*B'')')' | 30     | 18     | 0      | -      | 16     | 2    | 2    | 0    | -    | -     | 1    | 1    | 
|dsp_signed_mult_pipe__921  | (C+(A''*B'')')' | 30     | 18     | 0      | -      | 16     | 2    | 2    | 0    | -    | -     | 1    | 1    | 
|dsp_signed_mult_pipe__920  | (C+(A''*B'')')' | 30     | 18     | 0      | -      | 16     | 2    | 2    | 0    | -    | -     | 1    | 1    | 
|accum_198                  | Dynamic         | -      | -      | -      | -      | 32     | -    | -    | -    | -    | -     | 0    | 1    | 
|dsp_signed_mult_pipe__559  | (C+(A''*B'')')' | 30     | 18     | 0      | -      | 16     | 2    | 2    | 0    | -    | -     | 1    | 1    | 
|dsp_signed_mult_pipe__558  | (C+(A''*B'')')' | 30     | 18     | 0      | -      | 16     | 2    | 2    | 0    | -    | -     | 1    | 1    | 
|dsp_signed_mult_pipe__557  | (C+(A''*B'')')' | 30     | 18     | 0      | -      | 16     | 2    | 2    | 0    | -    | -     | 1    | 1    | 
|dsp_signed_mult_pipe__556  | (C+(A''*B'')')' | 30     | 18     | 0      | -      | 16     | 2    | 2    | 0    | -    | -     | 1    | 1    | 
|dsp_signed_mult_pipe__555  | (C+(A''*B'')')' | 30     | 18     | 0      | -      | 16     | 2    | 2    | 0    | -    | -     | 1    | 1    | 
|dsp_signed_mult_pipe__554  | (C+(A''*B'')')' | 30     | 18     | 0      | -      | 16     | 2    | 2    | 0    | -    | -     | 1    | 1    | 
|dsp_signed_mult_pipe__553  | (C+(A''*B'')')' | 30     | 18     | 0      | -      | 16     | 2    | 2    | 0    | -    | -     | 1    | 1    | 
|dsp_signed_mult_pipe__552  | (C+(A''*B'')')' | 30     | 18     | 0      | -      | 16     | 2    | 2    | 0    | -    | -     | 1    | 1    | 
|accum_201                  | Dynamic         | -      | -      | -      | -      | 32     | -    | -    | -    | -    | -     | 0    | 1    | 
|dsp_signed_mult_pipe__919  | (C+(A''*B'')')' | 30     | 18     | 0      | -      | 16     | 2    | 2    | 0    | -    | -     | 1    | 1    | 
|dsp_signed_mult_pipe__918  | (C+(A''*B'')')' | 30     | 18     | 0      | -      | 16     | 2    | 2    | 0    | -    | -     | 1    | 1    | 
|dsp_signed_mult_pipe__917  | (C+(A''*B'')')' | 30     | 18     | 0      | -      | 16     | 2    | 2    | 0    | -    | -     | 1    | 1    | 
|dsp_signed_mult_pipe__916  | (C+(A''*B'')')' | 30     | 18     | 0      | -      | 16     | 2    | 2    | 0    | -    | -     | 1    | 1    | 
|dsp_signed_mult_pipe__915  | (C+(A''*B'')')' | 30     | 18     | 0      | -      | 16     | 2    | 2    | 0    | -    | -     | 1    | 1    | 
|dsp_signed_mult_pipe__914  | (C+(A''*B'')')' | 30     | 18     | 0      | -      | 16     | 2    | 2    | 0    | -    | -     | 1    | 1    | 
|dsp_signed_mult_pipe__913  | (C+(A''*B'')')' | 30     | 18     | 0      | -      | 16     | 2    | 2    | 0    | -    | -     | 1    | 1    | 
|dsp_signed_mult_pipe__912  | (C+(A''*B'')')' | 30     | 18     | 0      | -      | 16     | 2    | 2    | 0    | -    | -     | 1    | 1    | 
|accum_204                  | Dynamic         | -      | -      | -      | -      | 32     | -    | -    | -    | -    | -     | 0    | 1    | 
|dsp_signed_mult_pipe__551  | (C+(A''*B'')')' | 30     | 18     | 0      | -      | 16     | 2    | 2    | 0    | -    | -     | 1    | 1    | 
|dsp_signed_mult_pipe__550  | (C+(A''*B'')')' | 30     | 18     | 0      | -      | 16     | 2    | 2    | 0    | -    | -     | 1    | 1    | 
|dsp_signed_mult_pipe__549  | (C+(A''*B'')')' | 30     | 18     | 0      | -      | 16     | 2    | 2    | 0    | -    | -     | 1    | 1    | 
|dsp_signed_mult_pipe__548  | (C+(A''*B'')')' | 30     | 18     | 0      | -      | 16     | 2    | 2    | 0    | -    | -     | 1    | 1    | 
|dsp_signed_mult_pipe__547  | (C+(A''*B'')')' | 30     | 18     | 0      | -      | 16     | 2    | 2    | 0    | -    | -     | 1    | 1    | 
|dsp_signed_mult_pipe__546  | (C+(A''*B'')')' | 30     | 18     | 0      | -      | 16     | 2    | 2    | 0    | -    | -     | 1    | 1    | 
|dsp_signed_mult_pipe__545  | (C+(A''*B'')')' | 30     | 18     | 0      | -      | 16     | 2    | 2    | 0    | -    | -     | 1    | 1    | 
|dsp_signed_mult_pipe__544  | (C+(A''*B'')')' | 30     | 18     | 0      | -      | 16     | 2    | 2    | 0    | -    | -     | 1    | 1    | 
|accum_207                  | Dynamic         | -      | -      | -      | -      | 32     | -    | -    | -    | -    | -     | 0    | 1    | 
|dsp_signed_mult_pipe__543  | (C+(A''*B'')')' | 30     | 18     | 0      | -      | 16     | 2    | 2    | 0    | -    | -     | 1    | 1    | 
|dsp_signed_mult_pipe__542  | (C+(A''*B'')')' | 30     | 18     | 0      | -      | 16     | 2    | 2    | 0    | -    | -     | 1    | 1    | 
|dsp_signed_mult_pipe__541  | (C+(A''*B'')')' | 30     | 18     | 0      | -      | 16     | 2    | 2    | 0    | -    | -     | 1    | 1    | 
|dsp_signed_mult_pipe__540  | (C+(A''*B'')')' | 30     | 18     | 0      | -      | 16     | 2    | 2    | 0    | -    | -     | 1    | 1    | 
|dsp_signed_mult_pipe__539  | (C+(A''*B'')')' | 30     | 18     | 0      | -      | 16     | 2    | 2    | 0    | -    | -     | 1    | 1    | 
|dsp_signed_mult_pipe__538  | (C+(A''*B'')')' | 30     | 18     | 0      | -      | 16     | 2    | 2    | 0    | -    | -     | 1    | 1    | 
|dsp_signed_mult_pipe__537  | (C+(A''*B'')')' | 30     | 18     | 0      | -      | 16     | 2    | 2    | 0    | -    | -     | 1    | 1    | 
|dsp_signed_mult_pipe__536  | (C+(A''*B'')')' | 30     | 18     | 0      | -      | 16     | 2    | 2    | 0    | -    | -     | 1    | 1    | 
|accum_210                  | Dynamic         | -      | -      | -      | -      | 32     | -    | -    | -    | -    | -     | 0    | 1    | 
|dsp_signed_mult_pipe__535  | (C+(A''*B'')')' | 30     | 18     | 0      | -      | 16     | 2    | 2    | 0    | -    | -     | 1    | 1    | 
|dsp_signed_mult_pipe__534  | (C+(A''*B'')')' | 30     | 18     | 0      | -      | 16     | 2    | 2    | 0    | -    | -     | 1    | 1    | 
|dsp_signed_mult_pipe__533  | (C+(A''*B'')')' | 30     | 18     | 0      | -      | 16     | 2    | 2    | 0    | -    | -     | 1    | 1    | 
|dsp_signed_mult_pipe__532  | (C+(A''*B'')')' | 30     | 18     | 0      | -      | 16     | 2    | 2    | 0    | -    | -     | 1    | 1    | 
|dsp_signed_mult_pipe__531  | (C+(A''*B'')')' | 30     | 18     | 0      | -      | 16     | 2    | 2    | 0    | -    | -     | 1    | 1    | 
|dsp_signed_mult_pipe__530  | (C+(A''*B'')')' | 30     | 18     | 0      | -      | 16     | 2    | 2    | 0    | -    | -     | 1    | 1    | 
|dsp_signed_mult_pipe__529  | (C+(A''*B'')')' | 30     | 18     | 0      | -      | 16     | 2    | 2    | 0    | -    | -     | 1    | 1    | 
|dsp_signed_mult_pipe__528  | (C+(A''*B'')')' | 30     | 18     | 0      | -      | 16     | 2    | 2    | 0    | -    | -     | 1    | 1    | 
|accum_213                  | Dynamic         | -      | -      | -      | -      | 32     | -    | -    | -    | -    | -     | 0    | 1    | 
|dsp_signed_mult_pipe__1015 | (C+(A''*B'')')' | 30     | 18     | 0      | -      | 16     | 2    | 2    | 0    | -    | -     | 1    | 1    | 
|dsp_signed_mult_pipe__1014 | (C+(A''*B'')')' | 30     | 18     | 0      | -      | 16     | 2    | 2    | 0    | -    | -     | 1    | 1    | 
|dsp_signed_mult_pipe__1013 | (C+(A''*B'')')' | 30     | 18     | 0      | -      | 16     | 2    | 2    | 0    | -    | -     | 1    | 1    | 
|dsp_signed_mult_pipe__1012 | (C+(A''*B'')')' | 30     | 18     | 0      | -      | 16     | 2    | 2    | 0    | -    | -     | 1    | 1    | 
|dsp_signed_mult_pipe__1011 | (C+(A''*B'')')' | 30     | 18     | 0      | -      | 16     | 2    | 2    | 0    | -    | -     | 1    | 1    | 
|dsp_signed_mult_pipe__1010 | (C+(A''*B'')')' | 30     | 18     | 0      | -      | 16     | 2    | 2    | 0    | -    | -     | 1    | 1    | 
|dsp_signed_mult_pipe__1009 | (C+(A''*B'')')' | 30     | 18     | 0      | -      | 16     | 2    | 2    | 0    | -    | -     | 1    | 1    | 
|dsp_signed_mult_pipe__1008 | (C+(A''*B'')')' | 30     | 18     | 0      | -      | 16     | 2    | 2    | 0    | -    | -     | 1    | 1    | 
|accum_216                  | Dynamic         | -      | -      | -      | -      | 32     | -    | -    | -    | -    | -     | 0    | 1    | 
|dsp_signed_mult_pipe__527  | (C+(A''*B'')')' | 30     | 18     | 0      | -      | 16     | 2    | 2    | 0    | -    | -     | 1    | 1    | 
|dsp_signed_mult_pipe__526  | (C+(A''*B'')')' | 30     | 18     | 0      | -      | 16     | 2    | 2    | 0    | -    | -     | 1    | 1    | 
|dsp_signed_mult_pipe__525  | (C+(A''*B'')')' | 30     | 18     | 0      | -      | 16     | 2    | 2    | 0    | -    | -     | 1    | 1    | 
|dsp_signed_mult_pipe__524  | (C+(A''*B'')')' | 30     | 18     | 0      | -      | 16     | 2    | 2    | 0    | -    | -     | 1    | 1    | 
|dsp_signed_mult_pipe__523  | (C+(A''*B'')')' | 30     | 18     | 0      | -      | 16     | 2    | 2    | 0    | -    | -     | 1    | 1    | 
|dsp_signed_mult_pipe__522  | (C+(A''*B'')')' | 30     | 18     | 0      | -      | 16     | 2    | 2    | 0    | -    | -     | 1    | 1    | 
|dsp_signed_mult_pipe__521  | (C+(A''*B'')')' | 30     | 18     | 0      | -      | 16     | 2    | 2    | 0    | -    | -     | 1    | 1    | 
|dsp_signed_mult_pipe__520  | (C+(A''*B'')')' | 30     | 18     | 0      | -      | 16     | 2    | 2    | 0    | -    | -     | 1    | 1    | 
|accum_219                  | Dynamic         | -      | -      | -      | -      | 32     | -    | -    | -    | -    | -     | 0    | 1    | 
|dsp_signed_mult_pipe__519  | (C+(A''*B'')')' | 30     | 18     | 0      | -      | 16     | 2    | 2    | 0    | -    | -     | 1    | 1    | 
|dsp_signed_mult_pipe__518  | (C+(A''*B'')')' | 30     | 18     | 0      | -      | 16     | 2    | 2    | 0    | -    | -     | 1    | 1    | 
|dsp_signed_mult_pipe__517  | (C+(A''*B'')')' | 30     | 18     | 0      | -      | 16     | 2    | 2    | 0    | -    | -     | 1    | 1    | 
|dsp_signed_mult_pipe__516  | (C+(A''*B'')')' | 30     | 18     | 0      | -      | 16     | 2    | 2    | 0    | -    | -     | 1    | 1    | 
|dsp_signed_mult_pipe__515  | (C+(A''*B'')')' | 30     | 18     | 0      | -      | 16     | 2    | 2    | 0    | -    | -     | 1    | 1    | 
|dsp_signed_mult_pipe__514  | (C+(A''*B'')')' | 30     | 18     | 0      | -      | 16     | 2    | 2    | 0    | -    | -     | 1    | 1    | 
|dsp_signed_mult_pipe__513  | (C+(A''*B'')')' | 30     | 18     | 0      | -      | 16     | 2    | 2    | 0    | -    | -     | 1    | 1    | 
|dsp_signed_mult_pipe__512  | (C+(A''*B'')')' | 30     | 18     | 0      | -      | 16     | 2    | 2    | 0    | -    | -     | 1    | 1    | 
|accum_222                  | Dynamic         | -      | -      | -      | -      | 32     | -    | -    | -    | -    | -     | 0    | 1    | 
|dsp_signed_mult_pipe__439  | (C+(A''*B'')')' | 30     | 18     | 0      | -      | 16     | 2    | 2    | 0    | -    | -     | 1    | 1    | 
|dsp_signed_mult_pipe__438  | (C+(A''*B'')')' | 30     | 18     | 0      | -      | 16     | 2    | 2    | 0    | -    | -     | 1    | 1    | 
|dsp_signed_mult_pipe__437  | (C+(A''*B'')')' | 30     | 18     | 0      | -      | 16     | 2    | 2    | 0    | -    | -     | 1    | 1    | 
|dsp_signed_mult_pipe__436  | (C+(A''*B'')')' | 30     | 18     | 0      | -      | 16     | 2    | 2    | 0    | -    | -     | 1    | 1    | 
|dsp_signed_mult_pipe__435  | (C+(A''*B'')')' | 30     | 18     | 0      | -      | 16     | 2    | 2    | 0    | -    | -     | 1    | 1    | 
|dsp_signed_mult_pipe__434  | (C+(A''*B'')')' | 30     | 18     | 0      | -      | 16     | 2    | 2    | 0    | -    | -     | 1    | 1    | 
|dsp_signed_mult_pipe__433  | (C+(A''*B'')')' | 30     | 18     | 0      | -      | 16     | 2    | 2    | 0    | -    | -     | 1    | 1    | 
|dsp_signed_mult_pipe__432  | (C+(A''*B'')')' | 30     | 18     | 0      | -      | 16     | 2    | 2    | 0    | -    | -     | 1    | 1    | 
|accum_225                  | Dynamic         | -      | -      | -      | -      | 32     | -    | -    | -    | -    | -     | 0    | 1    | 
|dsp_signed_mult_pipe__431  | (C+(A''*B'')')' | 30     | 18     | 0      | -      | 16     | 2    | 2    | 0    | -    | -     | 1    | 1    | 
|dsp_signed_mult_pipe__430  | (C+(A''*B'')')' | 30     | 18     | 0      | -      | 16     | 2    | 2    | 0    | -    | -     | 1    | 1    | 
|dsp_signed_mult_pipe__429  | (C+(A''*B'')')' | 30     | 18     | 0      | -      | 16     | 2    | 2    | 0    | -    | -     | 1    | 1    | 
|dsp_signed_mult_pipe__428  | (C+(A''*B'')')' | 30     | 18     | 0      | -      | 16     | 2    | 2    | 0    | -    | -     | 1    | 1    | 
|dsp_signed_mult_pipe__427  | (C+(A''*B'')')' | 30     | 18     | 0      | -      | 16     | 2    | 2    | 0    | -    | -     | 1    | 1    | 
|dsp_signed_mult_pipe__426  | (C+(A''*B'')')' | 30     | 18     | 0      | -      | 16     | 2    | 2    | 0    | -    | -     | 1    | 1    | 
|dsp_signed_mult_pipe__425  | (C+(A''*B'')')' | 30     | 18     | 0      | -      | 16     | 2    | 2    | 0    | -    | -     | 1    | 1    | 
|dsp_signed_mult_pipe__424  | (C+(A''*B'')')' | 30     | 18     | 0      | -      | 16     | 2    | 2    | 0    | -    | -     | 1    | 1    | 
|accum_228                  | Dynamic         | -      | -      | -      | -      | 32     | -    | -    | -    | -    | -     | 0    | 1    | 
|dsp_signed_mult_pipe__423  | (C+(A''*B'')')' | 30     | 18     | 0      | -      | 16     | 2    | 2    | 0    | -    | -     | 1    | 1    | 
|dsp_signed_mult_pipe__422  | (C+(A''*B'')')' | 30     | 18     | 0      | -      | 16     | 2    | 2    | 0    | -    | -     | 1    | 1    | 
|dsp_signed_mult_pipe__421  | (C+(A''*B'')')' | 30     | 18     | 0      | -      | 16     | 2    | 2    | 0    | -    | -     | 1    | 1    | 
|dsp_signed_mult_pipe__420  | (C+(A''*B'')')' | 30     | 18     | 0      | -      | 16     | 2    | 2    | 0    | -    | -     | 1    | 1    | 
|dsp_signed_mult_pipe__419  | (C+(A''*B'')')' | 30     | 18     | 0      | -      | 16     | 2    | 2    | 0    | -    | -     | 1    | 1    | 
|dsp_signed_mult_pipe__418  | (C+(A''*B'')')' | 30     | 18     | 0      | -      | 16     | 2    | 2    | 0    | -    | -     | 1    | 1    | 
|dsp_signed_mult_pipe__417  | (C+(A''*B'')')' | 30     | 18     | 0      | -      | 16     | 2    | 2    | 0    | -    | -     | 1    | 1    | 
|dsp_signed_mult_pipe__416  | (C+(A''*B'')')' | 30     | 18     | 0      | -      | 16     | 2    | 2    | 0    | -    | -     | 1    | 1    | 
|accum_231                  | Dynamic         | -      | -      | -      | -      | 32     | -    | -    | -    | -    | -     | 0    | 1    | 
|dsp_signed_mult_pipe__415  | (C+(A''*B'')')' | 30     | 18     | 0      | -      | 16     | 2    | 2    | 0    | -    | -     | 1    | 1    | 
|dsp_signed_mult_pipe__414  | (C+(A''*B'')')' | 30     | 18     | 0      | -      | 16     | 2    | 2    | 0    | -    | -     | 1    | 1    | 
|dsp_signed_mult_pipe__413  | (C+(A''*B'')')' | 30     | 18     | 0      | -      | 16     | 2    | 2    | 0    | -    | -     | 1    | 1    | 
|dsp_signed_mult_pipe__412  | (C+(A''*B'')')' | 30     | 18     | 0      | -      | 16     | 2    | 2    | 0    | -    | -     | 1    | 1    | 
|dsp_signed_mult_pipe__411  | (C+(A''*B'')')' | 30     | 18     | 0      | -      | 16     | 2    | 2    | 0    | -    | -     | 1    | 1    | 
|dsp_signed_mult_pipe__410  | (C+(A''*B'')')' | 30     | 18     | 0      | -      | 16     | 2    | 2    | 0    | -    | -     | 1    | 1    | 
|dsp_signed_mult_pipe__409  | (C+(A''*B'')')' | 30     | 18     | 0      | -      | 16     | 2    | 2    | 0    | -    | -     | 1    | 1    | 
|dsp_signed_mult_pipe__408  | (C+(A''*B'')')' | 30     | 18     | 0      | -      | 16     | 2    | 2    | 0    | -    | -     | 1    | 1    | 
|accum_234                  | Dynamic         | -      | -      | -      | -      | 32     | -    | -    | -    | -    | -     | 0    | 1    | 
|dsp_signed_mult_pipe__911  | (C+(A''*B'')')' | 30     | 18     | 0      | -      | 16     | 2    | 2    | 0    | -    | -     | 1    | 1    | 
|dsp_signed_mult_pipe__910  | (C+(A''*B'')')' | 30     | 18     | 0      | -      | 16     | 2    | 2    | 0    | -    | -     | 1    | 1    | 
|dsp_signed_mult_pipe__909  | (C+(A''*B'')')' | 30     | 18     | 0      | -      | 16     | 2    | 2    | 0    | -    | -     | 1    | 1    | 
|dsp_signed_mult_pipe__908  | (C+(A''*B'')')' | 30     | 18     | 0      | -      | 16     | 2    | 2    | 0    | -    | -     | 1    | 1    | 
|dsp_signed_mult_pipe__907  | (C+(A''*B'')')' | 30     | 18     | 0      | -      | 16     | 2    | 2    | 0    | -    | -     | 1    | 1    | 
|dsp_signed_mult_pipe__906  | (C+(A''*B'')')' | 30     | 18     | 0      | -      | 16     | 2    | 2    | 0    | -    | -     | 1    | 1    | 
|dsp_signed_mult_pipe__905  | (C+(A''*B'')')' | 30     | 18     | 0      | -      | 16     | 2    | 2    | 0    | -    | -     | 1    | 1    | 
|dsp_signed_mult_pipe__904  | (C+(A''*B'')')' | 30     | 18     | 0      | -      | 16     | 2    | 2    | 0    | -    | -     | 1    | 1    | 
|accum_237                  | Dynamic         | -      | -      | -      | -      | 32     | -    | -    | -    | -    | -     | 0    | 1    | 
|dsp_signed_mult_pipe__903  | (C+(A''*B'')')' | 30     | 18     | 0      | -      | 16     | 2    | 2    | 0    | -    | -     | 1    | 1    | 
|dsp_signed_mult_pipe__902  | (C+(A''*B'')')' | 30     | 18     | 0      | -      | 16     | 2    | 2    | 0    | -    | -     | 1    | 1    | 
|dsp_signed_mult_pipe__901  | (C+(A''*B'')')' | 30     | 18     | 0      | -      | 16     | 2    | 2    | 0    | -    | -     | 1    | 1    | 
|dsp_signed_mult_pipe__900  | (C+(A''*B'')')' | 30     | 18     | 0      | -      | 16     | 2    | 2    | 0    | -    | -     | 1    | 1    | 
|dsp_signed_mult_pipe__899  | (C+(A''*B'')')' | 30     | 18     | 0      | -      | 16     | 2    | 2    | 0    | -    | -     | 1    | 1    | 
|dsp_signed_mult_pipe__898  | (C+(A''*B'')')' | 30     | 18     | 0      | -      | 16     | 2    | 2    | 0    | -    | -     | 1    | 1    | 
|dsp_signed_mult_pipe__897  | (C+(A''*B'')')' | 30     | 18     | 0      | -      | 16     | 2    | 2    | 0    | -    | -     | 1    | 1    | 
|dsp_signed_mult_pipe__896  | (C+(A''*B'')')' | 30     | 18     | 0      | -      | 16     | 2    | 2    | 0    | -    | -     | 1    | 1    | 
|accum_240                  | Dynamic         | -      | -      | -      | -      | 32     | -    | -    | -    | -    | -     | 0    | 1    | 
|dsp_signed_mult_pipe__199  | (C+(A''*B'')')' | 30     | 18     | 0      | -      | 16     | 2    | 2    | 0    | -    | -     | 1    | 1    | 
|dsp_signed_mult_pipe__198  | (C+(A''*B'')')' | 30     | 18     | 0      | -      | 16     | 2    | 2    | 0    | -    | -     | 1    | 1    | 
|dsp_signed_mult_pipe__197  | (C+(A''*B'')')' | 30     | 18     | 0      | -      | 16     | 2    | 2    | 0    | -    | -     | 1    | 1    | 
|dsp_signed_mult_pipe__196  | (C+(A''*B'')')' | 30     | 18     | 0      | -      | 16     | 2    | 2    | 0    | -    | -     | 1    | 1    | 
|dsp_signed_mult_pipe__195  | (C+(A''*B'')')' | 30     | 18     | 0      | -      | 16     | 2    | 2    | 0    | -    | -     | 1    | 1    | 
|dsp_signed_mult_pipe__194  | (C+(A''*B'')')' | 30     | 18     | 0      | -      | 16     | 2    | 2    | 0    | -    | -     | 1    | 1    | 
|dsp_signed_mult_pipe__193  | (C+(A''*B'')')' | 30     | 18     | 0      | -      | 16     | 2    | 2    | 0    | -    | -     | 1    | 1    | 
|dsp_signed_mult_pipe__192  | (C+(A''*B'')')' | 30     | 18     | 0      | -      | 16     | 2    | 2    | 0    | -    | -     | 1    | 1    | 
|accum_243                  | Dynamic         | -      | -      | -      | -      | 32     | -    | -    | -    | -    | -     | 0    | 1    | 
|dsp_signed_mult_pipe__167  | (C+(A''*B'')')' | 30     | 18     | 0      | -      | 16     | 2    | 2    | 0    | -    | -     | 1    | 1    | 
|dsp_signed_mult_pipe__166  | (C+(A''*B'')')' | 30     | 18     | 0      | -      | 16     | 2    | 2    | 0    | -    | -     | 1    | 1    | 
|dsp_signed_mult_pipe__165  | (C+(A''*B'')')' | 30     | 18     | 0      | -      | 16     | 2    | 2    | 0    | -    | -     | 1    | 1    | 
|dsp_signed_mult_pipe__164  | (C+(A''*B'')')' | 30     | 18     | 0      | -      | 16     | 2    | 2    | 0    | -    | -     | 1    | 1    | 
|dsp_signed_mult_pipe__163  | (C+(A''*B'')')' | 30     | 18     | 0      | -      | 16     | 2    | 2    | 0    | -    | -     | 1    | 1    | 
|dsp_signed_mult_pipe__162  | (C+(A''*B'')')' | 30     | 18     | 0      | -      | 16     | 2    | 2    | 0    | -    | -     | 1    | 1    | 
|dsp_signed_mult_pipe__161  | (C+(A''*B'')')' | 30     | 18     | 0      | -      | 16     | 2    | 2    | 0    | -    | -     | 1    | 1    | 
|dsp_signed_mult_pipe__160  | (C+(A''*B'')')' | 30     | 18     | 0      | -      | 16     | 2    | 2    | 0    | -    | -     | 1    | 1    | 
|accum_246                  | Dynamic         | -      | -      | -      | -      | 32     | -    | -    | -    | -    | -     | 0    | 1    | 
|dsp_signed_mult_pipe__1007 | (C+(A''*B'')')' | 30     | 18     | 0      | -      | 16     | 2    | 2    | 0    | -    | -     | 1    | 1    | 
|dsp_signed_mult_pipe__1006 | (C+(A''*B'')')' | 30     | 18     | 0      | -      | 16     | 2    | 2    | 0    | -    | -     | 1    | 1    | 
|dsp_signed_mult_pipe__1005 | (C+(A''*B'')')' | 30     | 18     | 0      | -      | 16     | 2    | 2    | 0    | -    | -     | 1    | 1    | 
|dsp_signed_mult_pipe__1004 | (C+(A''*B'')')' | 30     | 18     | 0      | -      | 16     | 2    | 2    | 0    | -    | -     | 1    | 1    | 
|dsp_signed_mult_pipe__1003 | (C+(A''*B'')')' | 30     | 18     | 0      | -      | 16     | 2    | 2    | 0    | -    | -     | 1    | 1    | 
|dsp_signed_mult_pipe__1002 | (C+(A''*B'')')' | 30     | 18     | 0      | -      | 16     | 2    | 2    | 0    | -    | -     | 1    | 1    | 
|dsp_signed_mult_pipe__1001 | (C+(A''*B'')')' | 30     | 18     | 0      | -      | 16     | 2    | 2    | 0    | -    | -     | 1    | 1    | 
|dsp_signed_mult_pipe__1000 | (C+(A''*B'')')' | 30     | 18     | 0      | -      | 16     | 2    | 2    | 0    | -    | -     | 1    | 1    | 
|accum_249                  | Dynamic         | -      | -      | -      | -      | 32     | -    | -    | -    | -    | -     | 0    | 1    | 
|dsp_signed_mult_pipe__103  | (C+(A''*B'')')' | 30     | 18     | 0      | -      | 16     | 2    | 2    | 0    | -    | -     | 1    | 1    | 
|dsp_signed_mult_pipe__102  | (C+(A''*B'')')' | 30     | 18     | 0      | -      | 16     | 2    | 2    | 0    | -    | -     | 1    | 1    | 
|dsp_signed_mult_pipe__101  | (C+(A''*B'')')' | 30     | 18     | 0      | -      | 16     | 2    | 2    | 0    | -    | -     | 1    | 1    | 
|dsp_signed_mult_pipe__100  | (C+(A''*B'')')' | 30     | 18     | 0      | -      | 16     | 2    | 2    | 0    | -    | -     | 1    | 1    | 
|dsp_signed_mult_pipe__99   | (C+(A''*B'')')' | 30     | 18     | 0      | -      | 16     | 2    | 2    | 0    | -    | -     | 1    | 1    | 
|dsp_signed_mult_pipe__98   | (C+(A''*B'')')' | 30     | 18     | 0      | -      | 16     | 2    | 2    | 0    | -    | -     | 1    | 1    | 
|dsp_signed_mult_pipe__97   | (C+(A''*B'')')' | 30     | 18     | 0      | -      | 16     | 2    | 2    | 0    | -    | -     | 1    | 1    | 
|dsp_signed_mult_pipe__96   | (C+(A''*B'')')' | 30     | 18     | 0      | -      | 16     | 2    | 2    | 0    | -    | -     | 1    | 1    | 
|accum_252                  | Dynamic         | -      | -      | -      | -      | 32     | -    | -    | -    | -    | -     | 0    | 1    | 
|dsp_signed_mult_pipe__55   | (C+(A''*B'')')' | 30     | 18     | 0      | -      | 16     | 2    | 2    | 0    | -    | -     | 1    | 1    | 
|dsp_signed_mult_pipe__54   | (C+(A''*B'')')' | 30     | 18     | 0      | -      | 16     | 2    | 2    | 0    | -    | -     | 1    | 1    | 
|dsp_signed_mult_pipe__53   | (C+(A''*B'')')' | 30     | 18     | 0      | -      | 16     | 2    | 2    | 0    | -    | -     | 1    | 1    | 
|dsp_signed_mult_pipe__52   | (C+(A''*B'')')' | 30     | 18     | 0      | -      | 16     | 2    | 2    | 0    | -    | -     | 1    | 1    | 
|dsp_signed_mult_pipe__51   | (C+(A''*B'')')' | 30     | 18     | 0      | -      | 16     | 2    | 2    | 0    | -    | -     | 1    | 1    | 
|dsp_signed_mult_pipe__50   | (C+(A''*B'')')' | 30     | 18     | 0      | -      | 16     | 2    | 2    | 0    | -    | -     | 1    | 1    | 
|dsp_signed_mult_pipe__49   | (C+(A''*B'')')' | 30     | 18     | 0      | -      | 16     | 2    | 2    | 0    | -    | -     | 1    | 1    | 
|dsp_signed_mult_pipe__48   | (C+(A''*B'')')' | 30     | 18     | 0      | -      | 16     | 2    | 2    | 0    | -    | -     | 1    | 1    | 
|accum_255                  | Dynamic         | -      | -      | -      | -      | 32     | -    | -    | -    | -    | -     | 0    | 1    | 
|dsp_signed_mult_pipe__895  | (C+(A''*B'')')' | 30     | 18     | 0      | -      | 16     | 2    | 2    | 0    | -    | -     | 1    | 1    | 
|dsp_signed_mult_pipe__894  | (C+(A''*B'')')' | 30     | 18     | 0      | -      | 16     | 2    | 2    | 0    | -    | -     | 1    | 1    | 
|dsp_signed_mult_pipe__893  | (C+(A''*B'')')' | 30     | 18     | 0      | -      | 16     | 2    | 2    | 0    | -    | -     | 1    | 1    | 
|dsp_signed_mult_pipe__892  | (C+(A''*B'')')' | 30     | 18     | 0      | -      | 16     | 2    | 2    | 0    | -    | -     | 1    | 1    | 
|dsp_signed_mult_pipe__891  | (C+(A''*B'')')' | 30     | 18     | 0      | -      | 16     | 2    | 2    | 0    | -    | -     | 1    | 1    | 
|dsp_signed_mult_pipe__890  | (C+(A''*B'')')' | 30     | 18     | 0      | -      | 16     | 2    | 2    | 0    | -    | -     | 1    | 1    | 
|dsp_signed_mult_pipe__889  | (C+(A''*B'')')' | 30     | 18     | 0      | -      | 16     | 2    | 2    | 0    | -    | -     | 1    | 1    | 
|dsp_signed_mult_pipe__888  | (C+(A''*B'')')' | 30     | 18     | 0      | -      | 16     | 2    | 2    | 0    | -    | -     | 1    | 1    | 
|accum_258                  | Dynamic         | -      | -      | -      | -      | 32     | -    | -    | -    | -    | -     | 0    | 1    | 
|dsp_signed_mult_pipe__887  | (C+(A''*B'')')' | 30     | 18     | 0      | -      | 16     | 2    | 2    | 0    | -    | -     | 1    | 1    | 
|dsp_signed_mult_pipe__886  | (C+(A''*B'')')' | 30     | 18     | 0      | -      | 16     | 2    | 2    | 0    | -    | -     | 1    | 1    | 
|dsp_signed_mult_pipe__885  | (C+(A''*B'')')' | 30     | 18     | 0      | -      | 16     | 2    | 2    | 0    | -    | -     | 1    | 1    | 
|dsp_signed_mult_pipe__884  | (C+(A''*B'')')' | 30     | 18     | 0      | -      | 16     | 2    | 2    | 0    | -    | -     | 1    | 1    | 
|dsp_signed_mult_pipe__883  | (C+(A''*B'')')' | 30     | 18     | 0      | -      | 16     | 2    | 2    | 0    | -    | -     | 1    | 1    | 
|dsp_signed_mult_pipe__882  | (C+(A''*B'')')' | 30     | 18     | 0      | -      | 16     | 2    | 2    | 0    | -    | -     | 1    | 1    | 
|dsp_signed_mult_pipe__881  | (C+(A''*B'')')' | 30     | 18     | 0      | -      | 16     | 2    | 2    | 0    | -    | -     | 1    | 1    | 
|dsp_signed_mult_pipe__880  | (C+(A''*B'')')' | 30     | 18     | 0      | -      | 16     | 2    | 2    | 0    | -    | -     | 1    | 1    | 
|accum_261                  | Dynamic         | -      | -      | -      | -      | 32     | -    | -    | -    | -    | -     | 0    | 1    | 
|dsp_signed_mult_pipe__879  | (C+(A''*B'')')' | 30     | 18     | 0      | -      | 16     | 2    | 2    | 0    | -    | -     | 1    | 1    | 
|dsp_signed_mult_pipe__878  | (C+(A''*B'')')' | 30     | 18     | 0      | -      | 16     | 2    | 2    | 0    | -    | -     | 1    | 1    | 
|dsp_signed_mult_pipe__877  | (C+(A''*B'')')' | 30     | 18     | 0      | -      | 16     | 2    | 2    | 0    | -    | -     | 1    | 1    | 
|dsp_signed_mult_pipe__876  | (C+(A''*B'')')' | 30     | 18     | 0      | -      | 16     | 2    | 2    | 0    | -    | -     | 1    | 1    | 
|dsp_signed_mult_pipe__875  | (C+(A''*B'')')' | 30     | 18     | 0      | -      | 16     | 2    | 2    | 0    | -    | -     | 1    | 1    | 
|dsp_signed_mult_pipe__874  | (C+(A''*B'')')' | 30     | 18     | 0      | -      | 16     | 2    | 2    | 0    | -    | -     | 1    | 1    | 
|dsp_signed_mult_pipe__873  | (C+(A''*B'')')' | 30     | 18     | 0      | -      | 16     | 2    | 2    | 0    | -    | -     | 1    | 1    | 
|dsp_signed_mult_pipe__872  | (C+(A''*B'')')' | 30     | 18     | 0      | -      | 16     | 2    | 2    | 0    | -    | -     | 1    | 1    | 
|accum_264                  | Dynamic         | -      | -      | -      | -      | 32     | -    | -    | -    | -    | -     | 0    | 1    | 
|dsp_signed_mult_pipe__871  | (C+(A''*B'')')' | 30     | 18     | 0      | -      | 16     | 2    | 2    | 0    | -    | -     | 1    | 1    | 
|dsp_signed_mult_pipe__870  | (C+(A''*B'')')' | 30     | 18     | 0      | -      | 16     | 2    | 2    | 0    | -    | -     | 1    | 1    | 
|dsp_signed_mult_pipe__869  | (C+(A''*B'')')' | 30     | 18     | 0      | -      | 16     | 2    | 2    | 0    | -    | -     | 1    | 1    | 
|dsp_signed_mult_pipe__868  | (C+(A''*B'')')' | 30     | 18     | 0      | -      | 16     | 2    | 2    | 0    | -    | -     | 1    | 1    | 
|dsp_signed_mult_pipe__867  | (C+(A''*B'')')' | 30     | 18     | 0      | -      | 16     | 2    | 2    | 0    | -    | -     | 1    | 1    | 
|dsp_signed_mult_pipe__866  | (C+(A''*B'')')' | 30     | 18     | 0      | -      | 16     | 2    | 2    | 0    | -    | -     | 1    | 1    | 
|dsp_signed_mult_pipe__865  | (C+(A''*B'')')' | 30     | 18     | 0      | -      | 16     | 2    | 2    | 0    | -    | -     | 1    | 1    | 
|dsp_signed_mult_pipe__864  | (C+(A''*B'')')' | 30     | 18     | 0      | -      | 16     | 2    | 2    | 0    | -    | -     | 1    | 1    | 
|accum_267                  | Dynamic         | -      | -      | -      | -      | 32     | -    | -    | -    | -    | -     | 0    | 1    | 
|dsp_signed_mult_pipe__863  | (C+(A''*B'')')' | 30     | 18     | 0      | -      | 16     | 2    | 2    | 0    | -    | -     | 1    | 1    | 
|dsp_signed_mult_pipe__862  | (C+(A''*B'')')' | 30     | 18     | 0      | -      | 16     | 2    | 2    | 0    | -    | -     | 1    | 1    | 
|dsp_signed_mult_pipe__861  | (C+(A''*B'')')' | 30     | 18     | 0      | -      | 16     | 2    | 2    | 0    | -    | -     | 1    | 1    | 
|dsp_signed_mult_pipe__860  | (C+(A''*B'')')' | 30     | 18     | 0      | -      | 16     | 2    | 2    | 0    | -    | -     | 1    | 1    | 
|dsp_signed_mult_pipe__859  | (C+(A''*B'')')' | 30     | 18     | 0      | -      | 16     | 2    | 2    | 0    | -    | -     | 1    | 1    | 
|dsp_signed_mult_pipe__858  | (C+(A''*B'')')' | 30     | 18     | 0      | -      | 16     | 2    | 2    | 0    | -    | -     | 1    | 1    | 
|dsp_signed_mult_pipe__857  | (C+(A''*B'')')' | 30     | 18     | 0      | -      | 16     | 2    | 2    | 0    | -    | -     | 1    | 1    | 
|dsp_signed_mult_pipe__856  | (C+(A''*B'')')' | 30     | 18     | 0      | -      | 16     | 2    | 2    | 0    | -    | -     | 1    | 1    | 
|accum_270                  | Dynamic         | -      | -      | -      | -      | 32     | -    | -    | -    | -    | -     | 0    | 1    | 
|dsp_signed_mult_pipe__855  | (C+(A''*B'')')' | 30     | 18     | 0      | -      | 16     | 2    | 2    | 0    | -    | -     | 1    | 1    | 
|dsp_signed_mult_pipe__854  | (C+(A''*B'')')' | 30     | 18     | 0      | -      | 16     | 2    | 2    | 0    | -    | -     | 1    | 1    | 
|dsp_signed_mult_pipe__853  | (C+(A''*B'')')' | 30     | 18     | 0      | -      | 16     | 2    | 2    | 0    | -    | -     | 1    | 1    | 
|dsp_signed_mult_pipe__852  | (C+(A''*B'')')' | 30     | 18     | 0      | -      | 16     | 2    | 2    | 0    | -    | -     | 1    | 1    | 
|dsp_signed_mult_pipe__851  | (C+(A''*B'')')' | 30     | 18     | 0      | -      | 16     | 2    | 2    | 0    | -    | -     | 1    | 1    | 
|dsp_signed_mult_pipe__850  | (C+(A''*B'')')' | 30     | 18     | 0      | -      | 16     | 2    | 2    | 0    | -    | -     | 1    | 1    | 
|dsp_signed_mult_pipe__849  | (C+(A''*B'')')' | 30     | 18     | 0      | -      | 16     | 2    | 2    | 0    | -    | -     | 1    | 1    | 
|dsp_signed_mult_pipe__848  | (C+(A''*B'')')' | 30     | 18     | 0      | -      | 16     | 2    | 2    | 0    | -    | -     | 1    | 1    | 
|accum_273                  | Dynamic         | -      | -      | -      | -      | 32     | -    | -    | -    | -    | -     | 0    | 1    | 
|dsp_signed_mult_pipe__47   | (C+(A''*B'')')' | 30     | 18     | 0      | -      | 16     | 2    | 2    | 0    | -    | -     | 1    | 1    | 
|dsp_signed_mult_pipe__46   | (C+(A''*B'')')' | 30     | 18     | 0      | -      | 16     | 2    | 2    | 0    | -    | -     | 1    | 1    | 
|dsp_signed_mult_pipe__45   | (C+(A''*B'')')' | 30     | 18     | 0      | -      | 16     | 2    | 2    | 0    | -    | -     | 1    | 1    | 
|dsp_signed_mult_pipe__44   | (C+(A''*B'')')' | 30     | 18     | 0      | -      | 16     | 2    | 2    | 0    | -    | -     | 1    | 1    | 
|dsp_signed_mult_pipe__43   | (C+(A''*B'')')' | 30     | 18     | 0      | -      | 16     | 2    | 2    | 0    | -    | -     | 1    | 1    | 
|dsp_signed_mult_pipe__42   | (C+(A''*B'')')' | 30     | 18     | 0      | -      | 16     | 2    | 2    | 0    | -    | -     | 1    | 1    | 
|dsp_signed_mult_pipe__41   | (C+(A''*B'')')' | 30     | 18     | 0      | -      | 16     | 2    | 2    | 0    | -    | -     | 1    | 1    | 
|dsp_signed_mult_pipe__40   | (C+(A''*B'')')' | 30     | 18     | 0      | -      | 16     | 2    | 2    | 0    | -    | -     | 1    | 1    | 
|accum_276                  | Dynamic         | -      | -      | -      | -      | 32     | -    | -    | -    | -    | -     | 0    | 1    | 
|dsp_signed_mult_pipe__39   | (C+(A''*B'')')' | 30     | 18     | 0      | -      | 16     | 2    | 2    | 0    | -    | -     | 1    | 1    | 
|dsp_signed_mult_pipe__38   | (C+(A''*B'')')' | 30     | 18     | 0      | -      | 16     | 2    | 2    | 0    | -    | -     | 1    | 1    | 
|dsp_signed_mult_pipe__37   | (C+(A''*B'')')' | 30     | 18     | 0      | -      | 16     | 2    | 2    | 0    | -    | -     | 1    | 1    | 
|dsp_signed_mult_pipe__36   | (C+(A''*B'')')' | 30     | 18     | 0      | -      | 16     | 2    | 2    | 0    | -    | -     | 1    | 1    | 
|dsp_signed_mult_pipe__35   | (C+(A''*B'')')' | 30     | 18     | 0      | -      | 16     | 2    | 2    | 0    | -    | -     | 1    | 1    | 
|dsp_signed_mult_pipe__34   | (C+(A''*B'')')' | 30     | 18     | 0      | -      | 16     | 2    | 2    | 0    | -    | -     | 1    | 1    | 
|dsp_signed_mult_pipe__33   | (C+(A''*B'')')' | 30     | 18     | 0      | -      | 16     | 2    | 2    | 0    | -    | -     | 1    | 1    | 
|dsp_signed_mult_pipe__32   | (C+(A''*B'')')' | 30     | 18     | 0      | -      | 16     | 2    | 2    | 0    | -    | -     | 1    | 1    | 
|accum_279                  | Dynamic         | -      | -      | -      | -      | 32     | -    | -    | -    | -    | -     | 0    | 1    | 
|dsp_signed_mult_pipe__791  | (C+(A''*B'')')' | 30     | 18     | 0      | -      | 16     | 2    | 2    | 0    | -    | -     | 1    | 1    | 
|dsp_signed_mult_pipe__790  | (C+(A''*B'')')' | 30     | 18     | 0      | -      | 16     | 2    | 2    | 0    | -    | -     | 1    | 1    | 
|dsp_signed_mult_pipe__789  | (C+(A''*B'')')' | 30     | 18     | 0      | -      | 16     | 2    | 2    | 0    | -    | -     | 1    | 1    | 
|dsp_signed_mult_pipe__788  | (C+(A''*B'')')' | 30     | 18     | 0      | -      | 16     | 2    | 2    | 0    | -    | -     | 1    | 1    | 
|dsp_signed_mult_pipe__787  | (C+(A''*B'')')' | 30     | 18     | 0      | -      | 16     | 2    | 2    | 0    | -    | -     | 1    | 1    | 
|dsp_signed_mult_pipe__786  | (C+(A''*B'')')' | 30     | 18     | 0      | -      | 16     | 2    | 2    | 0    | -    | -     | 1    | 1    | 
|dsp_signed_mult_pipe__785  | (C+(A''*B'')')' | 30     | 18     | 0      | -      | 16     | 2    | 2    | 0    | -    | -     | 1    | 1    | 
|dsp_signed_mult_pipe__784  | (C+(A''*B'')')' | 30     | 18     | 0      | -      | 16     | 2    | 2    | 0    | -    | -     | 1    | 1    | 
|accum_282                  | Dynamic         | -      | -      | -      | -      | 32     | -    | -    | -    | -    | -     | 0    | 1    | 
|dsp_signed_mult_pipe__31   | (C+(A''*B'')')' | 30     | 18     | 0      | -      | 16     | 2    | 2    | 0    | -    | -     | 1    | 1    | 
|dsp_signed_mult_pipe__30   | (C+(A''*B'')')' | 30     | 18     | 0      | -      | 16     | 2    | 2    | 0    | -    | -     | 1    | 1    | 
|dsp_signed_mult_pipe__29   | (C+(A''*B'')')' | 30     | 18     | 0      | -      | 16     | 2    | 2    | 0    | -    | -     | 1    | 1    | 
|dsp_signed_mult_pipe__28   | (C+(A''*B'')')' | 30     | 18     | 0      | -      | 16     | 2    | 2    | 0    | -    | -     | 1    | 1    | 
|dsp_signed_mult_pipe__27   | (C+(A''*B'')')' | 30     | 18     | 0      | -      | 16     | 2    | 2    | 0    | -    | -     | 1    | 1    | 
|dsp_signed_mult_pipe__26   | (C+(A''*B'')')' | 30     | 18     | 0      | -      | 16     | 2    | 2    | 0    | -    | -     | 1    | 1    | 
|dsp_signed_mult_pipe__25   | (C+(A''*B'')')' | 30     | 18     | 0      | -      | 16     | 2    | 2    | 0    | -    | -     | 1    | 1    | 
|dsp_signed_mult_pipe__24   | (C+(A''*B'')')' | 30     | 18     | 0      | -      | 16     | 2    | 2    | 0    | -    | -     | 1    | 1    | 
|accum_285                  | Dynamic         | -      | -      | -      | -      | 32     | -    | -    | -    | -    | -     | 0    | 1    | 
|dsp_signed_mult_pipe__23   | (C+(A''*B'')')' | 30     | 18     | 0      | -      | 16     | 2    | 2    | 0    | -    | -     | 1    | 1    | 
|dsp_signed_mult_pipe__22   | (C+(A''*B'')')' | 30     | 18     | 0      | -      | 16     | 2    | 2    | 0    | -    | -     | 1    | 1    | 
|dsp_signed_mult_pipe__21   | (C+(A''*B'')')' | 30     | 18     | 0      | -      | 16     | 2    | 2    | 0    | -    | -     | 1    | 1    | 
|dsp_signed_mult_pipe__20   | (C+(A''*B'')')' | 30     | 18     | 0      | -      | 16     | 2    | 2    | 0    | -    | -     | 1    | 1    | 
|dsp_signed_mult_pipe__19   | (C+(A''*B'')')' | 30     | 18     | 0      | -      | 16     | 2    | 2    | 0    | -    | -     | 1    | 1    | 
|dsp_signed_mult_pipe__18   | (C+(A''*B'')')' | 30     | 18     | 0      | -      | 16     | 2    | 2    | 0    | -    | -     | 1    | 1    | 
|dsp_signed_mult_pipe__17   | (C+(A''*B'')')' | 30     | 18     | 0      | -      | 16     | 2    | 2    | 0    | -    | -     | 1    | 1    | 
|dsp_signed_mult_pipe__16   | (C+(A''*B'')')' | 30     | 18     | 0      | -      | 16     | 2    | 2    | 0    | -    | -     | 1    | 1    | 
|accum_288                  | Dynamic         | -      | -      | -      | -      | 32     | -    | -    | -    | -    | -     | 0    | 1    | 
|dsp_signed_mult_pipe__15   | (C+(A''*B'')')' | 30     | 18     | 0      | -      | 16     | 2    | 2    | 0    | -    | -     | 1    | 1    | 
|dsp_signed_mult_pipe__14   | (C+(A''*B'')')' | 30     | 18     | 0      | -      | 16     | 2    | 2    | 0    | -    | -     | 1    | 1    | 
|dsp_signed_mult_pipe__13   | (C+(A''*B'')')' | 30     | 18     | 0      | -      | 16     | 2    | 2    | 0    | -    | -     | 1    | 1    | 
|dsp_signed_mult_pipe__12   | (C+(A''*B'')')' | 30     | 18     | 0      | -      | 16     | 2    | 2    | 0    | -    | -     | 1    | 1    | 
|dsp_signed_mult_pipe__11   | (C+(A''*B'')')' | 30     | 18     | 0      | -      | 16     | 2    | 2    | 0    | -    | -     | 1    | 1    | 
|dsp_signed_mult_pipe__10   | (C+(A''*B'')')' | 30     | 18     | 0      | -      | 16     | 2    | 2    | 0    | -    | -     | 1    | 1    | 
|dsp_signed_mult_pipe__9    | (C+(A''*B'')')' | 30     | 18     | 0      | -      | 16     | 2    | 2    | 0    | -    | -     | 1    | 1    | 
|dsp_signed_mult_pipe__8    | (C+(A''*B'')')' | 30     | 18     | 0      | -      | 16     | 2    | 2    | 0    | -    | -     | 1    | 1    | 
|accum_291                  | Dynamic         | -      | -      | -      | -      | 32     | -    | -    | -    | -    | -     | 0    | 1    | 
|dsp_signed_mult_pipe__247  | (C+(A''*B'')')' | 30     | 18     | 0      | -      | 16     | 2    | 2    | 0    | -    | -     | 1    | 1    | 
|dsp_signed_mult_pipe__246  | (C+(A''*B'')')' | 30     | 18     | 0      | -      | 16     | 2    | 2    | 0    | -    | -     | 1    | 1    | 
|dsp_signed_mult_pipe__245  | (C+(A''*B'')')' | 30     | 18     | 0      | -      | 16     | 2    | 2    | 0    | -    | -     | 1    | 1    | 
|dsp_signed_mult_pipe__244  | (C+(A''*B'')')' | 30     | 18     | 0      | -      | 16     | 2    | 2    | 0    | -    | -     | 1    | 1    | 
|dsp_signed_mult_pipe__243  | (C+(A''*B'')')' | 30     | 18     | 0      | -      | 16     | 2    | 2    | 0    | -    | -     | 1    | 1    | 
|dsp_signed_mult_pipe__242  | (C+(A''*B'')')' | 30     | 18     | 0      | -      | 16     | 2    | 2    | 0    | -    | -     | 1    | 1    | 
|dsp_signed_mult_pipe__241  | (C+(A''*B'')')' | 30     | 18     | 0      | -      | 16     | 2    | 2    | 0    | -    | -     | 1    | 1    | 
|dsp_signed_mult_pipe__240  | (C+(A''*B'')')' | 30     | 18     | 0      | -      | 16     | 2    | 2    | 0    | -    | -     | 1    | 1    | 
|accum_294                  | Dynamic         | -      | -      | -      | -      | 32     | -    | -    | -    | -    | -     | 0    | 1    | 
|dsp_signed_mult_pipe__111  | (C+(A''*B'')')' | 30     | 18     | 0      | -      | 16     | 2    | 2    | 0    | -    | -     | 1    | 1    | 
|dsp_signed_mult_pipe__110  | (C+(A''*B'')')' | 30     | 18     | 0      | -      | 16     | 2    | 2    | 0    | -    | -     | 1    | 1    | 
|dsp_signed_mult_pipe__109  | (C+(A''*B'')')' | 30     | 18     | 0      | -      | 16     | 2    | 2    | 0    | -    | -     | 1    | 1    | 
|dsp_signed_mult_pipe__108  | (C+(A''*B'')')' | 30     | 18     | 0      | -      | 16     | 2    | 2    | 0    | -    | -     | 1    | 1    | 
|dsp_signed_mult_pipe__107  | (C+(A''*B'')')' | 30     | 18     | 0      | -      | 16     | 2    | 2    | 0    | -    | -     | 1    | 1    | 
|dsp_signed_mult_pipe__106  | (C+(A''*B'')')' | 30     | 18     | 0      | -      | 16     | 2    | 2    | 0    | -    | -     | 1    | 1    | 
|dsp_signed_mult_pipe__105  | (C+(A''*B'')')' | 30     | 18     | 0      | -      | 16     | 2    | 2    | 0    | -    | -     | 1    | 1    | 
|dsp_signed_mult_pipe__104  | (C+(A''*B'')')' | 30     | 18     | 0      | -      | 16     | 2    | 2    | 0    | -    | -     | 1    | 1    | 
|accum_297                  | Dynamic         | -      | -      | -      | -      | 32     | -    | -    | -    | -    | -     | 0    | 1    | 
|dsp_signed_mult_pipe__95   | (C+(A''*B'')')' | 30     | 18     | 0      | -      | 16     | 2    | 2    | 0    | -    | -     | 1    | 1    | 
|dsp_signed_mult_pipe__94   | (C+(A''*B'')')' | 30     | 18     | 0      | -      | 16     | 2    | 2    | 0    | -    | -     | 1    | 1    | 
|dsp_signed_mult_pipe__93   | (C+(A''*B'')')' | 30     | 18     | 0      | -      | 16     | 2    | 2    | 0    | -    | -     | 1    | 1    | 
|dsp_signed_mult_pipe__92   | (C+(A''*B'')')' | 30     | 18     | 0      | -      | 16     | 2    | 2    | 0    | -    | -     | 1    | 1    | 
|dsp_signed_mult_pipe__91   | (C+(A''*B'')')' | 30     | 18     | 0      | -      | 16     | 2    | 2    | 0    | -    | -     | 1    | 1    | 
|dsp_signed_mult_pipe__90   | (C+(A''*B'')')' | 30     | 18     | 0      | -      | 16     | 2    | 2    | 0    | -    | -     | 1    | 1    | 
|dsp_signed_mult_pipe__89   | (C+(A''*B'')')' | 30     | 18     | 0      | -      | 16     | 2    | 2    | 0    | -    | -     | 1    | 1    | 
|dsp_signed_mult_pipe__88   | (C+(A''*B'')')' | 30     | 18     | 0      | -      | 16     | 2    | 2    | 0    | -    | -     | 1    | 1    | 
|accum_300                  | Dynamic         | -      | -      | -      | -      | 32     | -    | -    | -    | -    | -     | 0    | 1    | 
|dsp_signed_mult_pipe__87   | (C+(A''*B'')')' | 30     | 18     | 0      | -      | 16     | 2    | 2    | 0    | -    | -     | 1    | 1    | 
|dsp_signed_mult_pipe__86   | (C+(A''*B'')')' | 30     | 18     | 0      | -      | 16     | 2    | 2    | 0    | -    | -     | 1    | 1    | 
|dsp_signed_mult_pipe__85   | (C+(A''*B'')')' | 30     | 18     | 0      | -      | 16     | 2    | 2    | 0    | -    | -     | 1    | 1    | 
|dsp_signed_mult_pipe__84   | (C+(A''*B'')')' | 30     | 18     | 0      | -      | 16     | 2    | 2    | 0    | -    | -     | 1    | 1    | 
|dsp_signed_mult_pipe__83   | (C+(A''*B'')')' | 30     | 18     | 0      | -      | 16     | 2    | 2    | 0    | -    | -     | 1    | 1    | 
|dsp_signed_mult_pipe__82   | (C+(A''*B'')')' | 30     | 18     | 0      | -      | 16     | 2    | 2    | 0    | -    | -     | 1    | 1    | 
|dsp_signed_mult_pipe__81   | (C+(A''*B'')')' | 30     | 18     | 0      | -      | 16     | 2    | 2    | 0    | -    | -     | 1    | 1    | 
|dsp_signed_mult_pipe__80   | (C+(A''*B'')')' | 30     | 18     | 0      | -      | 16     | 2    | 2    | 0    | -    | -     | 1    | 1    | 
|accum_303                  | Dynamic         | -      | -      | -      | -      | 32     | -    | -    | -    | -    | -     | 0    | 1    | 
|dsp_signed_mult_pipe__79   | (C+(A''*B'')')' | 30     | 18     | 0      | -      | 16     | 2    | 2    | 0    | -    | -     | 1    | 1    | 
|dsp_signed_mult_pipe__78   | (C+(A''*B'')')' | 30     | 18     | 0      | -      | 16     | 2    | 2    | 0    | -    | -     | 1    | 1    | 
|dsp_signed_mult_pipe__77   | (C+(A''*B'')')' | 30     | 18     | 0      | -      | 16     | 2    | 2    | 0    | -    | -     | 1    | 1    | 
|dsp_signed_mult_pipe__76   | (C+(A''*B'')')' | 30     | 18     | 0      | -      | 16     | 2    | 2    | 0    | -    | -     | 1    | 1    | 
|dsp_signed_mult_pipe__75   | (C+(A''*B'')')' | 30     | 18     | 0      | -      | 16     | 2    | 2    | 0    | -    | -     | 1    | 1    | 
|dsp_signed_mult_pipe__74   | (C+(A''*B'')')' | 30     | 18     | 0      | -      | 16     | 2    | 2    | 0    | -    | -     | 1    | 1    | 
|dsp_signed_mult_pipe__73   | (C+(A''*B'')')' | 30     | 18     | 0      | -      | 16     | 2    | 2    | 0    | -    | -     | 1    | 1    | 
|dsp_signed_mult_pipe__72   | (C+(A''*B'')')' | 30     | 18     | 0      | -      | 16     | 2    | 2    | 0    | -    | -     | 1    | 1    | 
|accum_306                  | Dynamic         | -      | -      | -      | -      | 32     | -    | -    | -    | -    | -     | 0    | 1    | 
|dsp_signed_mult_pipe__71   | (C+(A''*B'')')' | 30     | 18     | 0      | -      | 16     | 2    | 2    | 0    | -    | -     | 1    | 1    | 
|dsp_signed_mult_pipe__70   | (C+(A''*B'')')' | 30     | 18     | 0      | -      | 16     | 2    | 2    | 0    | -    | -     | 1    | 1    | 
|dsp_signed_mult_pipe__69   | (C+(A''*B'')')' | 30     | 18     | 0      | -      | 16     | 2    | 2    | 0    | -    | -     | 1    | 1    | 
|dsp_signed_mult_pipe__68   | (C+(A''*B'')')' | 30     | 18     | 0      | -      | 16     | 2    | 2    | 0    | -    | -     | 1    | 1    | 
|dsp_signed_mult_pipe__67   | (C+(A''*B'')')' | 30     | 18     | 0      | -      | 16     | 2    | 2    | 0    | -    | -     | 1    | 1    | 
|dsp_signed_mult_pipe__66   | (C+(A''*B'')')' | 30     | 18     | 0      | -      | 16     | 2    | 2    | 0    | -    | -     | 1    | 1    | 
|dsp_signed_mult_pipe__65   | (C+(A''*B'')')' | 30     | 18     | 0      | -      | 16     | 2    | 2    | 0    | -    | -     | 1    | 1    | 
|dsp_signed_mult_pipe__64   | (C+(A''*B'')')' | 30     | 18     | 0      | -      | 16     | 2    | 2    | 0    | -    | -     | 1    | 1    | 
|accum_309                  | Dynamic         | -      | -      | -      | -      | 32     | -    | -    | -    | -    | -     | 0    | 1    | 
|dsp_signed_mult_pipe__63   | (C+(A''*B'')')' | 30     | 18     | 0      | -      | 16     | 2    | 2    | 0    | -    | -     | 1    | 1    | 
|dsp_signed_mult_pipe__62   | (C+(A''*B'')')' | 30     | 18     | 0      | -      | 16     | 2    | 2    | 0    | -    | -     | 1    | 1    | 
|dsp_signed_mult_pipe__61   | (C+(A''*B'')')' | 30     | 18     | 0      | -      | 16     | 2    | 2    | 0    | -    | -     | 1    | 1    | 
|dsp_signed_mult_pipe__60   | (C+(A''*B'')')' | 30     | 18     | 0      | -      | 16     | 2    | 2    | 0    | -    | -     | 1    | 1    | 
|dsp_signed_mult_pipe__59   | (C+(A''*B'')')' | 30     | 18     | 0      | -      | 16     | 2    | 2    | 0    | -    | -     | 1    | 1    | 
|dsp_signed_mult_pipe__58   | (C+(A''*B'')')' | 30     | 18     | 0      | -      | 16     | 2    | 2    | 0    | -    | -     | 1    | 1    | 
|dsp_signed_mult_pipe__57   | (C+(A''*B'')')' | 30     | 18     | 0      | -      | 16     | 2    | 2    | 0    | -    | -     | 1    | 1    | 
|dsp_signed_mult_pipe__56   | (C+(A''*B'')')' | 30     | 18     | 0      | -      | 16     | 2    | 2    | 0    | -    | -     | 1    | 1    | 
|accum_312                  | Dynamic         | -      | -      | -      | -      | 32     | -    | -    | -    | -    | -     | 0    | 1    | 
|dsp_signed_mult_pipe__783  | (C+(A''*B'')')' | 30     | 18     | 0      | -      | 16     | 2    | 2    | 0    | -    | -     | 1    | 1    | 
|dsp_signed_mult_pipe__782  | (C+(A''*B'')')' | 30     | 18     | 0      | -      | 16     | 2    | 2    | 0    | -    | -     | 1    | 1    | 
|dsp_signed_mult_pipe__781  | (C+(A''*B'')')' | 30     | 18     | 0      | -      | 16     | 2    | 2    | 0    | -    | -     | 1    | 1    | 
|dsp_signed_mult_pipe__780  | (C+(A''*B'')')' | 30     | 18     | 0      | -      | 16     | 2    | 2    | 0    | -    | -     | 1    | 1    | 
|dsp_signed_mult_pipe__779  | (C+(A''*B'')')' | 30     | 18     | 0      | -      | 16     | 2    | 2    | 0    | -    | -     | 1    | 1    | 
|dsp_signed_mult_pipe__778  | (C+(A''*B'')')' | 30     | 18     | 0      | -      | 16     | 2    | 2    | 0    | -    | -     | 1    | 1    | 
|dsp_signed_mult_pipe__777  | (C+(A''*B'')')' | 30     | 18     | 0      | -      | 16     | 2    | 2    | 0    | -    | -     | 1    | 1    | 
|dsp_signed_mult_pipe__776  | (C+(A''*B'')')' | 30     | 18     | 0      | -      | 16     | 2    | 2    | 0    | -    | -     | 1    | 1    | 
|accum_315                  | Dynamic         | -      | -      | -      | -      | 32     | -    | -    | -    | -    | -     | 0    | 1    | 
|dsp_signed_mult_pipe__847  | (C+(A''*B'')')' | 30     | 18     | 0      | -      | 16     | 2    | 2    | 0    | -    | -     | 1    | 1    | 
|dsp_signed_mult_pipe__846  | (C+(A''*B'')')' | 30     | 18     | 0      | -      | 16     | 2    | 2    | 0    | -    | -     | 1    | 1    | 
|dsp_signed_mult_pipe__845  | (C+(A''*B'')')' | 30     | 18     | 0      | -      | 16     | 2    | 2    | 0    | -    | -     | 1    | 1    | 
|dsp_signed_mult_pipe__844  | (C+(A''*B'')')' | 30     | 18     | 0      | -      | 16     | 2    | 2    | 0    | -    | -     | 1    | 1    | 
|dsp_signed_mult_pipe__843  | (C+(A''*B'')')' | 30     | 18     | 0      | -      | 16     | 2    | 2    | 0    | -    | -     | 1    | 1    | 
|dsp_signed_mult_pipe__842  | (C+(A''*B'')')' | 30     | 18     | 0      | -      | 16     | 2    | 2    | 0    | -    | -     | 1    | 1    | 
|dsp_signed_mult_pipe__841  | (C+(A''*B'')')' | 30     | 18     | 0      | -      | 16     | 2    | 2    | 0    | -    | -     | 1    | 1    | 
|dsp_signed_mult_pipe__840  | (C+(A''*B'')')' | 30     | 18     | 0      | -      | 16     | 2    | 2    | 0    | -    | -     | 1    | 1    | 
|accum_318                  | Dynamic         | -      | -      | -      | -      | 32     | -    | -    | -    | -    | -     | 0    | 1    | 
|dsp_signed_mult_pipe__279  | (C+(A''*B'')')' | 30     | 18     | 0      | -      | 16     | 2    | 2    | 0    | -    | -     | 1    | 1    | 
|dsp_signed_mult_pipe__278  | (C+(A''*B'')')' | 30     | 18     | 0      | -      | 16     | 2    | 2    | 0    | -    | -     | 1    | 1    | 
|dsp_signed_mult_pipe__277  | (C+(A''*B'')')' | 30     | 18     | 0      | -      | 16     | 2    | 2    | 0    | -    | -     | 1    | 1    | 
|dsp_signed_mult_pipe__276  | (C+(A''*B'')')' | 30     | 18     | 0      | -      | 16     | 2    | 2    | 0    | -    | -     | 1    | 1    | 
|dsp_signed_mult_pipe__275  | (C+(A''*B'')')' | 30     | 18     | 0      | -      | 16     | 2    | 2    | 0    | -    | -     | 1    | 1    | 
|dsp_signed_mult_pipe__274  | (C+(A''*B'')')' | 30     | 18     | 0      | -      | 16     | 2    | 2    | 0    | -    | -     | 1    | 1    | 
|dsp_signed_mult_pipe__273  | (C+(A''*B'')')' | 30     | 18     | 0      | -      | 16     | 2    | 2    | 0    | -    | -     | 1    | 1    | 
|dsp_signed_mult_pipe__272  | (C+(A''*B'')')' | 30     | 18     | 0      | -      | 16     | 2    | 2    | 0    | -    | -     | 1    | 1    | 
|accum_321                  | Dynamic         | -      | -      | -      | -      | 32     | -    | -    | -    | -    | -     | 0    | 1    | 
|dsp_signed_mult_pipe__839  | (C+(A''*B'')')' | 30     | 18     | 0      | -      | 16     | 2    | 2    | 0    | -    | -     | 1    | 1    | 
|dsp_signed_mult_pipe__838  | (C+(A''*B'')')' | 30     | 18     | 0      | -      | 16     | 2    | 2    | 0    | -    | -     | 1    | 1    | 
|dsp_signed_mult_pipe__837  | (C+(A''*B'')')' | 30     | 18     | 0      | -      | 16     | 2    | 2    | 0    | -    | -     | 1    | 1    | 
|dsp_signed_mult_pipe__836  | (C+(A''*B'')')' | 30     | 18     | 0      | -      | 16     | 2    | 2    | 0    | -    | -     | 1    | 1    | 
|dsp_signed_mult_pipe__835  | (C+(A''*B'')')' | 30     | 18     | 0      | -      | 16     | 2    | 2    | 0    | -    | -     | 1    | 1    | 
|dsp_signed_mult_pipe__834  | (C+(A''*B'')')' | 30     | 18     | 0      | -      | 16     | 2    | 2    | 0    | -    | -     | 1    | 1    | 
|dsp_signed_mult_pipe__833  | (C+(A''*B'')')' | 30     | 18     | 0      | -      | 16     | 2    | 2    | 0    | -    | -     | 1    | 1    | 
|dsp_signed_mult_pipe__832  | (C+(A''*B'')')' | 30     | 18     | 0      | -      | 16     | 2    | 2    | 0    | -    | -     | 1    | 1    | 
|accum_324                  | Dynamic         | -      | -      | -      | -      | 32     | -    | -    | -    | -    | -     | 0    | 1    | 
|dsp_signed_mult_pipe__831  | (C+(A''*B'')')' | 30     | 18     | 0      | -      | 16     | 2    | 2    | 0    | -    | -     | 1    | 1    | 
|dsp_signed_mult_pipe__830  | (C+(A''*B'')')' | 30     | 18     | 0      | -      | 16     | 2    | 2    | 0    | -    | -     | 1    | 1    | 
|dsp_signed_mult_pipe__829  | (C+(A''*B'')')' | 30     | 18     | 0      | -      | 16     | 2    | 2    | 0    | -    | -     | 1    | 1    | 
|dsp_signed_mult_pipe__828  | (C+(A''*B'')')' | 30     | 18     | 0      | -      | 16     | 2    | 2    | 0    | -    | -     | 1    | 1    | 
|dsp_signed_mult_pipe__827  | (C+(A''*B'')')' | 30     | 18     | 0      | -      | 16     | 2    | 2    | 0    | -    | -     | 1    | 1    | 
|dsp_signed_mult_pipe__826  | (C+(A''*B'')')' | 30     | 18     | 0      | -      | 16     | 2    | 2    | 0    | -    | -     | 1    | 1    | 
|dsp_signed_mult_pipe__825  | (C+(A''*B'')')' | 30     | 18     | 0      | -      | 16     | 2    | 2    | 0    | -    | -     | 1    | 1    | 
|dsp_signed_mult_pipe__824  | (C+(A''*B'')')' | 30     | 18     | 0      | -      | 16     | 2    | 2    | 0    | -    | -     | 1    | 1    | 
|accum_327                  | Dynamic         | -      | -      | -      | -      | 32     | -    | -    | -    | -    | -     | 0    | 1    | 
|dsp_signed_mult_pipe__287  | (C+(A''*B'')')' | 30     | 18     | 0      | -      | 16     | 2    | 2    | 0    | -    | -     | 1    | 1    | 
|dsp_signed_mult_pipe__286  | (C+(A''*B'')')' | 30     | 18     | 0      | -      | 16     | 2    | 2    | 0    | -    | -     | 1    | 1    | 
|dsp_signed_mult_pipe__285  | (C+(A''*B'')')' | 30     | 18     | 0      | -      | 16     | 2    | 2    | 0    | -    | -     | 1    | 1    | 
|dsp_signed_mult_pipe__284  | (C+(A''*B'')')' | 30     | 18     | 0      | -      | 16     | 2    | 2    | 0    | -    | -     | 1    | 1    | 
|dsp_signed_mult_pipe__283  | (C+(A''*B'')')' | 30     | 18     | 0      | -      | 16     | 2    | 2    | 0    | -    | -     | 1    | 1    | 
|dsp_signed_mult_pipe__282  | (C+(A''*B'')')' | 30     | 18     | 0      | -      | 16     | 2    | 2    | 0    | -    | -     | 1    | 1    | 
|dsp_signed_mult_pipe__281  | (C+(A''*B'')')' | 30     | 18     | 0      | -      | 16     | 2    | 2    | 0    | -    | -     | 1    | 1    | 
|dsp_signed_mult_pipe__280  | (C+(A''*B'')')' | 30     | 18     | 0      | -      | 16     | 2    | 2    | 0    | -    | -     | 1    | 1    | 
|accum_330                  | Dynamic         | -      | -      | -      | -      | 32     | -    | -    | -    | -    | -     | 0    | 1    | 
|dsp_signed_mult_pipe__823  | (C+(A''*B'')')' | 30     | 18     | 0      | -      | 16     | 2    | 2    | 0    | -    | -     | 1    | 1    | 
|dsp_signed_mult_pipe__822  | (C+(A''*B'')')' | 30     | 18     | 0      | -      | 16     | 2    | 2    | 0    | -    | -     | 1    | 1    | 
|dsp_signed_mult_pipe__821  | (C+(A''*B'')')' | 30     | 18     | 0      | -      | 16     | 2    | 2    | 0    | -    | -     | 1    | 1    | 
|dsp_signed_mult_pipe__820  | (C+(A''*B'')')' | 30     | 18     | 0      | -      | 16     | 2    | 2    | 0    | -    | -     | 1    | 1    | 
|dsp_signed_mult_pipe__819  | (C+(A''*B'')')' | 30     | 18     | 0      | -      | 16     | 2    | 2    | 0    | -    | -     | 1    | 1    | 
|dsp_signed_mult_pipe__818  | (C+(A''*B'')')' | 30     | 18     | 0      | -      | 16     | 2    | 2    | 0    | -    | -     | 1    | 1    | 
|dsp_signed_mult_pipe__817  | (C+(A''*B'')')' | 30     | 18     | 0      | -      | 16     | 2    | 2    | 0    | -    | -     | 1    | 1    | 
|dsp_signed_mult_pipe__816  | (C+(A''*B'')')' | 30     | 18     | 0      | -      | 16     | 2    | 2    | 0    | -    | -     | 1    | 1    | 
|accum_333                  | Dynamic         | -      | -      | -      | -      | 32     | -    | -    | -    | -    | -     | 0    | 1    | 
|dsp_signed_mult_pipe__295  | (C+(A''*B'')')' | 30     | 18     | 0      | -      | 16     | 2    | 2    | 0    | -    | -     | 1    | 1    | 
|dsp_signed_mult_pipe__294  | (C+(A''*B'')')' | 30     | 18     | 0      | -      | 16     | 2    | 2    | 0    | -    | -     | 1    | 1    | 
|dsp_signed_mult_pipe__293  | (C+(A''*B'')')' | 30     | 18     | 0      | -      | 16     | 2    | 2    | 0    | -    | -     | 1    | 1    | 
|dsp_signed_mult_pipe__292  | (C+(A''*B'')')' | 30     | 18     | 0      | -      | 16     | 2    | 2    | 0    | -    | -     | 1    | 1    | 
|dsp_signed_mult_pipe__291  | (C+(A''*B'')')' | 30     | 18     | 0      | -      | 16     | 2    | 2    | 0    | -    | -     | 1    | 1    | 
|dsp_signed_mult_pipe__290  | (C+(A''*B'')')' | 30     | 18     | 0      | -      | 16     | 2    | 2    | 0    | -    | -     | 1    | 1    | 
|dsp_signed_mult_pipe__289  | (C+(A''*B'')')' | 30     | 18     | 0      | -      | 16     | 2    | 2    | 0    | -    | -     | 1    | 1    | 
|dsp_signed_mult_pipe__288  | (C+(A''*B'')')' | 30     | 18     | 0      | -      | 16     | 2    | 2    | 0    | -    | -     | 1    | 1    | 
|accum_336                  | Dynamic         | -      | -      | -      | -      | 32     | -    | -    | -    | -    | -     | 0    | 1    | 
|dsp_signed_mult_pipe__815  | (C+(A''*B'')')' | 30     | 18     | 0      | -      | 16     | 2    | 2    | 0    | -    | -     | 1    | 1    | 
|dsp_signed_mult_pipe__814  | (C+(A''*B'')')' | 30     | 18     | 0      | -      | 16     | 2    | 2    | 0    | -    | -     | 1    | 1    | 
|dsp_signed_mult_pipe__813  | (C+(A''*B'')')' | 30     | 18     | 0      | -      | 16     | 2    | 2    | 0    | -    | -     | 1    | 1    | 
|dsp_signed_mult_pipe__812  | (C+(A''*B'')')' | 30     | 18     | 0      | -      | 16     | 2    | 2    | 0    | -    | -     | 1    | 1    | 
|dsp_signed_mult_pipe__811  | (C+(A''*B'')')' | 30     | 18     | 0      | -      | 16     | 2    | 2    | 0    | -    | -     | 1    | 1    | 
|dsp_signed_mult_pipe__810  | (C+(A''*B'')')' | 30     | 18     | 0      | -      | 16     | 2    | 2    | 0    | -    | -     | 1    | 1    | 
|dsp_signed_mult_pipe__809  | (C+(A''*B'')')' | 30     | 18     | 0      | -      | 16     | 2    | 2    | 0    | -    | -     | 1    | 1    | 
|dsp_signed_mult_pipe__808  | (C+(A''*B'')')' | 30     | 18     | 0      | -      | 16     | 2    | 2    | 0    | -    | -     | 1    | 1    | 
|accum_339                  | Dynamic         | -      | -      | -      | -      | 32     | -    | -    | -    | -    | -     | 0    | 1    | 
|dsp_signed_mult_pipe__303  | (C+(A''*B'')')' | 30     | 18     | 0      | -      | 16     | 2    | 2    | 0    | -    | -     | 1    | 1    | 
|dsp_signed_mult_pipe__302  | (C+(A''*B'')')' | 30     | 18     | 0      | -      | 16     | 2    | 2    | 0    | -    | -     | 1    | 1    | 
|dsp_signed_mult_pipe__301  | (C+(A''*B'')')' | 30     | 18     | 0      | -      | 16     | 2    | 2    | 0    | -    | -     | 1    | 1    | 
|dsp_signed_mult_pipe__300  | (C+(A''*B'')')' | 30     | 18     | 0      | -      | 16     | 2    | 2    | 0    | -    | -     | 1    | 1    | 
|dsp_signed_mult_pipe__299  | (C+(A''*B'')')' | 30     | 18     | 0      | -      | 16     | 2    | 2    | 0    | -    | -     | 1    | 1    | 
|dsp_signed_mult_pipe__298  | (C+(A''*B'')')' | 30     | 18     | 0      | -      | 16     | 2    | 2    | 0    | -    | -     | 1    | 1    | 
|dsp_signed_mult_pipe__297  | (C+(A''*B'')')' | 30     | 18     | 0      | -      | 16     | 2    | 2    | 0    | -    | -     | 1    | 1    | 
|dsp_signed_mult_pipe__296  | (C+(A''*B'')')' | 30     | 18     | 0      | -      | 16     | 2    | 2    | 0    | -    | -     | 1    | 1    | 
|accum_342                  | Dynamic         | -      | -      | -      | -      | 32     | -    | -    | -    | -    | -     | 0    | 1    | 
|dsp_signed_mult_pipe__311  | (C+(A''*B'')')' | 30     | 18     | 0      | -      | 16     | 2    | 2    | 0    | -    | -     | 1    | 1    | 
|dsp_signed_mult_pipe__310  | (C+(A''*B'')')' | 30     | 18     | 0      | -      | 16     | 2    | 2    | 0    | -    | -     | 1    | 1    | 
|dsp_signed_mult_pipe__309  | (C+(A''*B'')')' | 30     | 18     | 0      | -      | 16     | 2    | 2    | 0    | -    | -     | 1    | 1    | 
|dsp_signed_mult_pipe__308  | (C+(A''*B'')')' | 30     | 18     | 0      | -      | 16     | 2    | 2    | 0    | -    | -     | 1    | 1    | 
|dsp_signed_mult_pipe__307  | (C+(A''*B'')')' | 30     | 18     | 0      | -      | 16     | 2    | 2    | 0    | -    | -     | 1    | 1    | 
|dsp_signed_mult_pipe__306  | (C+(A''*B'')')' | 30     | 18     | 0      | -      | 16     | 2    | 2    | 0    | -    | -     | 1    | 1    | 
|dsp_signed_mult_pipe__305  | (C+(A''*B'')')' | 30     | 18     | 0      | -      | 16     | 2    | 2    | 0    | -    | -     | 1    | 1    | 
|dsp_signed_mult_pipe__304  | (C+(A''*B'')')' | 30     | 18     | 0      | -      | 16     | 2    | 2    | 0    | -    | -     | 1    | 1    | 
|accum_345                  | Dynamic         | -      | -      | -      | -      | 32     | -    | -    | -    | -    | -     | 0    | 1    | 
|dsp_signed_mult_pipe__775  | (C+(A''*B'')')' | 30     | 18     | 0      | -      | 16     | 2    | 2    | 0    | -    | -     | 1    | 1    | 
|dsp_signed_mult_pipe__774  | (C+(A''*B'')')' | 30     | 18     | 0      | -      | 16     | 2    | 2    | 0    | -    | -     | 1    | 1    | 
|dsp_signed_mult_pipe__773  | (C+(A''*B'')')' | 30     | 18     | 0      | -      | 16     | 2    | 2    | 0    | -    | -     | 1    | 1    | 
|dsp_signed_mult_pipe__772  | (C+(A''*B'')')' | 30     | 18     | 0      | -      | 16     | 2    | 2    | 0    | -    | -     | 1    | 1    | 
|dsp_signed_mult_pipe__771  | (C+(A''*B'')')' | 30     | 18     | 0      | -      | 16     | 2    | 2    | 0    | -    | -     | 1    | 1    | 
|dsp_signed_mult_pipe__770  | (C+(A''*B'')')' | 30     | 18     | 0      | -      | 16     | 2    | 2    | 0    | -    | -     | 1    | 1    | 
|dsp_signed_mult_pipe__769  | (C+(A''*B'')')' | 30     | 18     | 0      | -      | 16     | 2    | 2    | 0    | -    | -     | 1    | 1    | 
|dsp_signed_mult_pipe__768  | (C+(A''*B'')')' | 30     | 18     | 0      | -      | 16     | 2    | 2    | 0    | -    | -     | 1    | 1    | 
|accum_348                  | Dynamic         | -      | -      | -      | -      | 32     | -    | -    | -    | -    | -     | 0    | 1    | 
|dsp_signed_mult_pipe__249  | (C+(A''*B'')')' | 30     | 18     | 0      | -      | 16     | 2    | 2    | 0    | -    | -     | 1    | 1    | 
|dsp_signed_mult_pipe__250  | (C+(A''*B'')')' | 30     | 18     | 0      | -      | 16     | 2    | 2    | 0    | -    | -     | 1    | 1    | 
|dsp_signed_mult_pipe__251  | (C+(A''*B'')')' | 30     | 18     | 0      | -      | 16     | 2    | 2    | 0    | -    | -     | 1    | 1    | 
|dsp_signed_mult_pipe__252  | (C+(A''*B'')')' | 30     | 18     | 0      | -      | 16     | 2    | 2    | 0    | -    | -     | 1    | 1    | 
|dsp_signed_mult_pipe__253  | (C+(A''*B'')')' | 30     | 18     | 0      | -      | 16     | 2    | 2    | 0    | -    | -     | 1    | 1    | 
|dsp_signed_mult_pipe__254  | (C+(A''*B'')')' | 30     | 18     | 0      | -      | 16     | 2    | 2    | 0    | -    | -     | 1    | 1    | 
|dsp_signed_mult_pipe__255  | (C+(A''*B'')')' | 30     | 18     | 0      | -      | 16     | 2    | 2    | 0    | -    | -     | 1    | 1    | 
|dsp_signed_mult_pipe__312  | (C+(A''*B'')')' | 30     | 18     | 0      | -      | 16     | 2    | 2    | 0    | -    | -     | 1    | 1    | 
|accum_351                  | Dynamic         | -      | -      | -      | -      | 32     | -    | -    | -    | -    | -     | 0    | 1    | 
|dsp_signed_mult_pipe__1    | (C+(A''*B'')')' | 30     | 18     | 0      | -      | 16     | 2    | 2    | 0    | -    | -     | 1    | 1    | 
|dsp_signed_mult_pipe__2    | (C+(A''*B'')')' | 30     | 18     | 0      | -      | 16     | 2    | 2    | 0    | -    | -     | 1    | 1    | 
|dsp_signed_mult_pipe__3    | (C+(A''*B'')')' | 30     | 18     | 0      | -      | 16     | 2    | 2    | 0    | -    | -     | 1    | 1    | 
|dsp_signed_mult_pipe__4    | (C+(A''*B'')')' | 30     | 18     | 0      | -      | 16     | 2    | 2    | 0    | -    | -     | 1    | 1    | 
|dsp_signed_mult_pipe__5    | (C+(A''*B'')')' | 30     | 18     | 0      | -      | 16     | 2    | 2    | 0    | -    | -     | 1    | 1    | 
|dsp_signed_mult_pipe__6    | (C+(A''*B'')')' | 30     | 18     | 0      | -      | 16     | 2    | 2    | 0    | -    | -     | 1    | 1    | 
|dsp_signed_mult_pipe__7    | (C+(A''*B'')')' | 30     | 18     | 0      | -      | 16     | 2    | 2    | 0    | -    | -     | 1    | 1    | 
|dsp_signed_mult_pipe__248  | (C+(A''*B'')')' | 30     | 18     | 0      | -      | 16     | 2    | 2    | 0    | -    | -     | 1    | 1    | 
|accum_354                  | Dynamic         | -      | -      | -      | -      | 32     | -    | -    | -    | -    | -     | 0    | 1    | 
|dsp_signed_mult_pipe__239  | (C+(A''*B'')')' | 30     | 18     | 0      | -      | 16     | 2    | 2    | 0    | -    | -     | 1    | 1    | 
|dsp_signed_mult_pipe__238  | (C+(A''*B'')')' | 30     | 18     | 0      | -      | 16     | 2    | 2    | 0    | -    | -     | 1    | 1    | 
|dsp_signed_mult_pipe__237  | (C+(A''*B'')')' | 30     | 18     | 0      | -      | 16     | 2    | 2    | 0    | -    | -     | 1    | 1    | 
|dsp_signed_mult_pipe__236  | (C+(A''*B'')')' | 30     | 18     | 0      | -      | 16     | 2    | 2    | 0    | -    | -     | 1    | 1    | 
|dsp_signed_mult_pipe__235  | (C+(A''*B'')')' | 30     | 18     | 0      | -      | 16     | 2    | 2    | 0    | -    | -     | 1    | 1    | 
|dsp_signed_mult_pipe__234  | (C+(A''*B'')')' | 30     | 18     | 0      | -      | 16     | 2    | 2    | 0    | -    | -     | 1    | 1    | 
|dsp_signed_mult_pipe__233  | (C+(A''*B'')')' | 30     | 18     | 0      | -      | 16     | 2    | 2    | 0    | -    | -     | 1    | 1    | 
|dsp_signed_mult_pipe__232  | (C+(A''*B'')')' | 30     | 18     | 0      | -      | 16     | 2    | 2    | 0    | -    | -     | 1    | 1    | 
|accum_357                  | Dynamic         | -      | -      | -      | -      | 32     | -    | -    | -    | -    | -     | 0    | 1    | 
|dsp_signed_mult_pipe__231  | (C+(A''*B'')')' | 30     | 18     | 0      | -      | 16     | 2    | 2    | 0    | -    | -     | 1    | 1    | 
|dsp_signed_mult_pipe__230  | (C+(A''*B'')')' | 30     | 18     | 0      | -      | 16     | 2    | 2    | 0    | -    | -     | 1    | 1    | 
|dsp_signed_mult_pipe__229  | (C+(A''*B'')')' | 30     | 18     | 0      | -      | 16     | 2    | 2    | 0    | -    | -     | 1    | 1    | 
|dsp_signed_mult_pipe__228  | (C+(A''*B'')')' | 30     | 18     | 0      | -      | 16     | 2    | 2    | 0    | -    | -     | 1    | 1    | 
|dsp_signed_mult_pipe__227  | (C+(A''*B'')')' | 30     | 18     | 0      | -      | 16     | 2    | 2    | 0    | -    | -     | 1    | 1    | 
|dsp_signed_mult_pipe__226  | (C+(A''*B'')')' | 30     | 18     | 0      | -      | 16     | 2    | 2    | 0    | -    | -     | 1    | 1    | 
|dsp_signed_mult_pipe__225  | (C+(A''*B'')')' | 30     | 18     | 0      | -      | 16     | 2    | 2    | 0    | -    | -     | 1    | 1    | 
|dsp_signed_mult_pipe__224  | (C+(A''*B'')')' | 30     | 18     | 0      | -      | 16     | 2    | 2    | 0    | -    | -     | 1    | 1    | 
|accum_360                  | Dynamic         | -      | -      | -      | -      | 32     | -    | -    | -    | -    | -     | 0    | 1    | 
|dsp_signed_mult_pipe__207  | (C+(A''*B'')')' | 30     | 18     | 0      | -      | 16     | 2    | 2    | 0    | -    | -     | 1    | 1    | 
|dsp_signed_mult_pipe__206  | (C+(A''*B'')')' | 30     | 18     | 0      | -      | 16     | 2    | 2    | 0    | -    | -     | 1    | 1    | 
|dsp_signed_mult_pipe__205  | (C+(A''*B'')')' | 30     | 18     | 0      | -      | 16     | 2    | 2    | 0    | -    | -     | 1    | 1    | 
|dsp_signed_mult_pipe__204  | (C+(A''*B'')')' | 30     | 18     | 0      | -      | 16     | 2    | 2    | 0    | -    | -     | 1    | 1    | 
|dsp_signed_mult_pipe__203  | (C+(A''*B'')')' | 30     | 18     | 0      | -      | 16     | 2    | 2    | 0    | -    | -     | 1    | 1    | 
|dsp_signed_mult_pipe__202  | (C+(A''*B'')')' | 30     | 18     | 0      | -      | 16     | 2    | 2    | 0    | -    | -     | 1    | 1    | 
|dsp_signed_mult_pipe__201  | (C+(A''*B'')')' | 30     | 18     | 0      | -      | 16     | 2    | 2    | 0    | -    | -     | 1    | 1    | 
|dsp_signed_mult_pipe__200  | (C+(A''*B'')')' | 30     | 18     | 0      | -      | 16     | 2    | 2    | 0    | -    | -     | 1    | 1    | 
|accum_363                  | Dynamic         | -      | -      | -      | -      | 32     | -    | -    | -    | -    | -     | 0    | 1    | 
|dsp_signed_mult_pipe__191  | (C+(A''*B'')')' | 30     | 18     | 0      | -      | 16     | 2    | 2    | 0    | -    | -     | 1    | 1    | 
|dsp_signed_mult_pipe__190  | (C+(A''*B'')')' | 30     | 18     | 0      | -      | 16     | 2    | 2    | 0    | -    | -     | 1    | 1    | 
|dsp_signed_mult_pipe__189  | (C+(A''*B'')')' | 30     | 18     | 0      | -      | 16     | 2    | 2    | 0    | -    | -     | 1    | 1    | 
|dsp_signed_mult_pipe__188  | (C+(A''*B'')')' | 30     | 18     | 0      | -      | 16     | 2    | 2    | 0    | -    | -     | 1    | 1    | 
|dsp_signed_mult_pipe__187  | (C+(A''*B'')')' | 30     | 18     | 0      | -      | 16     | 2    | 2    | 0    | -    | -     | 1    | 1    | 
|dsp_signed_mult_pipe__186  | (C+(A''*B'')')' | 30     | 18     | 0      | -      | 16     | 2    | 2    | 0    | -    | -     | 1    | 1    | 
|dsp_signed_mult_pipe__185  | (C+(A''*B'')')' | 30     | 18     | 0      | -      | 16     | 2    | 2    | 0    | -    | -     | 1    | 1    | 
|dsp_signed_mult_pipe__184  | (C+(A''*B'')')' | 30     | 18     | 0      | -      | 16     | 2    | 2    | 0    | -    | -     | 1    | 1    | 
|accum_366                  | Dynamic         | -      | -      | -      | -      | 32     | -    | -    | -    | -    | -     | 0    | 1    | 
|dsp_signed_mult_pipe__183  | (C+(A''*B'')')' | 30     | 18     | 0      | -      | 16     | 2    | 2    | 0    | -    | -     | 1    | 1    | 
|dsp_signed_mult_pipe__182  | (C+(A''*B'')')' | 30     | 18     | 0      | -      | 16     | 2    | 2    | 0    | -    | -     | 1    | 1    | 
|dsp_signed_mult_pipe__181  | (C+(A''*B'')')' | 30     | 18     | 0      | -      | 16     | 2    | 2    | 0    | -    | -     | 1    | 1    | 
|dsp_signed_mult_pipe__180  | (C+(A''*B'')')' | 30     | 18     | 0      | -      | 16     | 2    | 2    | 0    | -    | -     | 1    | 1    | 
|dsp_signed_mult_pipe__179  | (C+(A''*B'')')' | 30     | 18     | 0      | -      | 16     | 2    | 2    | 0    | -    | -     | 1    | 1    | 
|dsp_signed_mult_pipe__178  | (C+(A''*B'')')' | 30     | 18     | 0      | -      | 16     | 2    | 2    | 0    | -    | -     | 1    | 1    | 
|dsp_signed_mult_pipe__177  | (C+(A''*B'')')' | 30     | 18     | 0      | -      | 16     | 2    | 2    | 0    | -    | -     | 1    | 1    | 
|dsp_signed_mult_pipe__176  | (C+(A''*B'')')' | 30     | 18     | 0      | -      | 16     | 2    | 2    | 0    | -    | -     | 1    | 1    | 
|accum_369                  | Dynamic         | -      | -      | -      | -      | 32     | -    | -    | -    | -    | -     | 0    | 1    | 
|dsp_signed_mult_pipe__175  | (C+(A''*B'')')' | 30     | 18     | 0      | -      | 16     | 2    | 2    | 0    | -    | -     | 1    | 1    | 
|dsp_signed_mult_pipe__174  | (C+(A''*B'')')' | 30     | 18     | 0      | -      | 16     | 2    | 2    | 0    | -    | -     | 1    | 1    | 
|dsp_signed_mult_pipe__173  | (C+(A''*B'')')' | 30     | 18     | 0      | -      | 16     | 2    | 2    | 0    | -    | -     | 1    | 1    | 
|dsp_signed_mult_pipe__172  | (C+(A''*B'')')' | 30     | 18     | 0      | -      | 16     | 2    | 2    | 0    | -    | -     | 1    | 1    | 
|dsp_signed_mult_pipe__171  | (C+(A''*B'')')' | 30     | 18     | 0      | -      | 16     | 2    | 2    | 0    | -    | -     | 1    | 1    | 
|dsp_signed_mult_pipe__170  | (C+(A''*B'')')' | 30     | 18     | 0      | -      | 16     | 2    | 2    | 0    | -    | -     | 1    | 1    | 
|dsp_signed_mult_pipe__169  | (C+(A''*B'')')' | 30     | 18     | 0      | -      | 16     | 2    | 2    | 0    | -    | -     | 1    | 1    | 
|dsp_signed_mult_pipe__168  | (C+(A''*B'')')' | 30     | 18     | 0      | -      | 16     | 2    | 2    | 0    | -    | -     | 1    | 1    | 
|accum_372                  | Dynamic         | -      | -      | -      | -      | 32     | -    | -    | -    | -    | -     | 0    | 1    | 
|dsp_signed_mult_pipe__159  | (C+(A''*B'')')' | 30     | 18     | 0      | -      | 16     | 2    | 2    | 0    | -    | -     | 1    | 1    | 
|dsp_signed_mult_pipe__158  | (C+(A''*B'')')' | 30     | 18     | 0      | -      | 16     | 2    | 2    | 0    | -    | -     | 1    | 1    | 
|dsp_signed_mult_pipe__157  | (C+(A''*B'')')' | 30     | 18     | 0      | -      | 16     | 2    | 2    | 0    | -    | -     | 1    | 1    | 
|dsp_signed_mult_pipe__156  | (C+(A''*B'')')' | 30     | 18     | 0      | -      | 16     | 2    | 2    | 0    | -    | -     | 1    | 1    | 
|dsp_signed_mult_pipe__155  | (C+(A''*B'')')' | 30     | 18     | 0      | -      | 16     | 2    | 2    | 0    | -    | -     | 1    | 1    | 
|dsp_signed_mult_pipe__154  | (C+(A''*B'')')' | 30     | 18     | 0      | -      | 16     | 2    | 2    | 0    | -    | -     | 1    | 1    | 
|dsp_signed_mult_pipe__153  | (C+(A''*B'')')' | 30     | 18     | 0      | -      | 16     | 2    | 2    | 0    | -    | -     | 1    | 1    | 
|dsp_signed_mult_pipe__152  | (C+(A''*B'')')' | 30     | 18     | 0      | -      | 16     | 2    | 2    | 0    | -    | -     | 1    | 1    | 
|accum_375                  | Dynamic         | -      | -      | -      | -      | 32     | -    | -    | -    | -    | -     | 0    | 1    | 
|dsp_signed_mult_pipe__151  | (C+(A''*B'')')' | 30     | 18     | 0      | -      | 16     | 2    | 2    | 0    | -    | -     | 1    | 1    | 
|dsp_signed_mult_pipe__150  | (C+(A''*B'')')' | 30     | 18     | 0      | -      | 16     | 2    | 2    | 0    | -    | -     | 1    | 1    | 
|dsp_signed_mult_pipe__149  | (C+(A''*B'')')' | 30     | 18     | 0      | -      | 16     | 2    | 2    | 0    | -    | -     | 1    | 1    | 
|dsp_signed_mult_pipe__148  | (C+(A''*B'')')' | 30     | 18     | 0      | -      | 16     | 2    | 2    | 0    | -    | -     | 1    | 1    | 
|dsp_signed_mult_pipe__147  | (C+(A''*B'')')' | 30     | 18     | 0      | -      | 16     | 2    | 2    | 0    | -    | -     | 1    | 1    | 
|dsp_signed_mult_pipe__146  | (C+(A''*B'')')' | 30     | 18     | 0      | -      | 16     | 2    | 2    | 0    | -    | -     | 1    | 1    | 
|dsp_signed_mult_pipe__145  | (C+(A''*B'')')' | 30     | 18     | 0      | -      | 16     | 2    | 2    | 0    | -    | -     | 1    | 1    | 
|dsp_signed_mult_pipe__144  | (C+(A''*B'')')' | 30     | 18     | 0      | -      | 16     | 2    | 2    | 0    | -    | -     | 1    | 1    | 
|accum_378                  | Dynamic         | -      | -      | -      | -      | 32     | -    | -    | -    | -    | -     | 0    | 1    | 
|dsp_signed_mult_pipe__767  | (C+(A''*B'')')' | 30     | 18     | 0      | -      | 16     | 2    | 2    | 0    | -    | -     | 1    | 1    | 
|dsp_signed_mult_pipe__766  | (C+(A''*B'')')' | 30     | 18     | 0      | -      | 16     | 2    | 2    | 0    | -    | -     | 1    | 1    | 
|dsp_signed_mult_pipe__765  | (C+(A''*B'')')' | 30     | 18     | 0      | -      | 16     | 2    | 2    | 0    | -    | -     | 1    | 1    | 
|dsp_signed_mult_pipe__764  | (C+(A''*B'')')' | 30     | 18     | 0      | -      | 16     | 2    | 2    | 0    | -    | -     | 1    | 1    | 
|dsp_signed_mult_pipe__763  | (C+(A''*B'')')' | 30     | 18     | 0      | -      | 16     | 2    | 2    | 0    | -    | -     | 1    | 1    | 
|dsp_signed_mult_pipe__762  | (C+(A''*B'')')' | 30     | 18     | 0      | -      | 16     | 2    | 2    | 0    | -    | -     | 1    | 1    | 
|dsp_signed_mult_pipe__761  | (C+(A''*B'')')' | 30     | 18     | 0      | -      | 16     | 2    | 2    | 0    | -    | -     | 1    | 1    | 
|dsp_signed_mult_pipe__760  | (C+(A''*B'')')' | 30     | 18     | 0      | -      | 16     | 2    | 2    | 0    | -    | -     | 1    | 1    | 
+---------------------------+-----------------+--------+--------+--------+--------+--------+------+------+------+------+-------+------+------+


Report BlackBoxes: 
+-+--------------+----------+
| |BlackBox name |Instances |
+-+--------------+----------+
+-+--------------+----------+

Report Cell Usage: 
+------+----------------+------+
|      |Cell            |Count |
+------+----------------+------+
|1     |CARRY8          |  2688|
|2     |DSP_ALU         |  1152|
|4     |DSP_A_B_DATA    |  1152|
|6     |DSP_C_DATA      |  1152|
|8     |DSP_MULTIPLIER  |  1152|
|10    |DSP_M_DATA      |  1152|
|12    |DSP_OUTPUT      |  1152|
|13    |DSP_PREADD      |  1152|
|14    |DSP_PREADD_DATA |  1152|
|16    |LUT1            |   923|
|17    |LUT2            | 14858|
|18    |LUT3            |     9|
|19    |LUT4            |    24|
|20    |LUT5            |    20|
|21    |LUT6            |    33|
|22    |RAMB36E2        |   129|
|23    |SRL16E          |     3|
|24    |FDRE            | 25311|
+------+----------------+------+
---------------------------------------------------------------------------------
Finished Writing Synthesis Report : Time (s): cpu = 00:04:35 ; elapsed = 00:04:37 . Memory (MB): peak = 3943.648 ; gain = 2275.441
---------------------------------------------------------------------------------
Synthesis finished with 0 errors, 0 critical warnings and 1 warnings.
Synthesis Optimization Runtime : Time (s): cpu = 00:03:53 ; elapsed = 00:04:07 . Memory (MB): peak = 3943.648 ; gain = 804.117
Synthesis Optimization Complete : Time (s): cpu = 00:04:35 ; elapsed = 00:04:37 . Memory (MB): peak = 3943.648 ; gain = 2275.441
INFO: [Project 1-571] Translating synthesized netlist
Netlist sorting complete. Time (s): cpu = 00:00:00 ; elapsed = 00:00:00.562 . Memory (MB): peak = 3943.648 ; gain = 0.000
INFO: [Netlist 29-17] Analyzing 3840 Unisim elements for replacement
INFO: [Netlist 29-28] Unisim Transformation completed in 7 CPU seconds
INFO: [Project 1-570] Preparing netlist for logic optimization
INFO: [Opt 31-138] Pushed 0 inverter(s) to 0 load pin(s).
Netlist sorting complete. Time (s): cpu = 00:00:00 ; elapsed = 00:00:00.013 . Memory (MB): peak = 3943.648 ; gain = 0.000
INFO: [Project 1-111] Unisim Transformation Summary:
  A total of 1152 instances were transformed.
  DSP48E2 => DSP48E2 (DSP_ALU, DSP_A_B_DATA, DSP_C_DATA, DSP_MULTIPLIER, DSP_M_DATA, DSP_OUTPUT, DSP_PREADD, DSP_PREADD_DATA): 1152 instances

Synth Design complete | Checksum: e9facdfd
INFO: [Common 17-83] Releasing license: Synthesis
45 Infos, 102 Warnings, 0 Critical Warnings and 0 Errors encountered.
synth_design completed successfully
synth_design: Time (s): cpu = 00:05:00 ; elapsed = 00:05:05 . Memory (MB): peak = 3943.648 ; gain = 3311.551
Write ShapeDB Complete: Time (s): cpu = 00:00:00 ; elapsed = 00:00:00.105 . Memory (MB): peak = 3943.648 ; gain = 0.000
INFO: [Common 17-1381] The checkpoint 'C:/Users/g55wang/lab4/lab4.runs/synth_1/mvm.dcp' has been generated.
INFO: [Vivado 12-24828] Executing command : report_utilization -file mvm_utilization_synth.rpt -pb mvm_utilization_synth.pb
INFO: [Common 17-206] Exiting Vivado at Sun Jul 26 15:02:02 2026...
